episode,los_id,los_dist,los_qdr
0,"((1, 9),)","(np.float64(0.02768723514846083),)","(np.float64(218.73071788537231),)"
1,"((6, 14), (10, 13))","(np.float64(0.05824142071474573), np.float64(0.09545837726743549))","(np.float64(147.6100100654657), np.float64(265.1919607737927))"
2,"((3, 19), (10, 15))","(np.float64(0.14198893723756303), np.float64(0.10171814115099641))","(np.float64(100.6325606542074), np.float64(-83.22252480006597))"
3,"((5, 14),)","(np.float64(0.1277677537316188),)","(np.float64(-147.8825807029177),)"
4,"((0, 8), (0, 9), (2, 12), (5, 13), (8, 9), (10, 16), (5, 10))","(np.float64(0.10306653957560731), np.float64(0.13903176132535802), np.float64(0.08770053318257016), np.float64(0.1123252776000701), np.float64(0.06188670651771716), np.float64(0.1456206180953877), np.float64(0.14133616505301386))","(np.float64(204.93331894435835), np.float64(-121.23431698882035), np.float64(225.13993418118076), np.float64(243.51473341897025), np.float64(-326.1676359331787), np.float64(-121.31203674804414), np.float64(324.50855943420726))"
5,"((1, 13), (3, 6), (4, 17))","(np.float64(0.13046721332299524), np.float64(0.13157330440419204), np.float64(0.12928374625169706))","(np.float64(165.01273937185607), np.float64(-2.29051971945222), np.float64(105.95730456305375))"
6,"((1, 17), (8, 19), (8, 10))","(np.float64(0.11448722572519135), np.float64(0.1475494952040762), np.float64(0.1368342042296084))","(np.float64(100.16668021357918), np.float64(-107.53857156920583), np.float64(165.28163959460795))"
7,"((11, 18),)","(np.float64(0.14772490330534294),)","(np.float64(-241.72461835234208),)"
8,"((8, 12), (8, 16), (7, 17))","(np.float64(0.049546834419618546), np.float64(0.1280433244536245), np.float64(0.14438289820993777))","(np.float64(260.97249220076856), np.float64(186.9936970737441), np.float64(199.73137595508268))"
9,"((0, 3), (2, 14), (2, 17), (4, 16))","(np.float64(0.10521993336673277), np.float64(0.14002878640002608), np.float64(0.13450864820306652), np.float64(0.122731578184529))","(np.float64(74.52342844309752), np.float64(106.5951545506237), np.float64(-18.112673117386862), np.float64(-134.8001539652302))"
10,"((15, 16), (18, 19))","(np.float64(0.11982557717681763), np.float64(0.09023752859926562))","(np.float64(-117.98872257530252), np.float64(-46.20718881667767))"
11,"((10, 14), (10, 16), (14, 16))","(np.float64(0.12469879589950716), np.float64(0.07928387421792524), np.float64(0.1130681743171914))","(np.float64(-90.912799304783), np.float64(-109.7070378224904), np.float64(-18.794238517707413))"
12,"((11, 19), (15, 18))","(np.float64(0.1280974745746889), np.float64(0.10980740853738934))","(np.float64(-89.7249718010122), np.float64(-86.84998471614165))"
13,"((1, 4), (5, 18))","(np.float64(0.031886097087846656), np.float64(0.11375159670416272))","(np.float64(-83.30966886753652), np.float64(110.04953425883772))"
14,"((2, 11), (15, 17))","(np.float64(0.10969425703546434), np.float64(0.08798782311724275))","(np.float64(238.20083754325793), np.float64(66.99578479876482))"
15,"((3, 12), (7, 9))","(np.float64(0.11559546037076783), np.float64(0.03565370833888897))","(np.float64(-163.830820414774), np.float64(-65.21120239782942))"
16,"((7, 17),)","(np.float64(0.08658539830638222),)","(np.float64(233.5131451858519),)"
17,"((17, 18),)","(np.float64(0.14177174265027595),)","(np.float64(-55.93896709958855),)"
18,"((1, 2), (2, 13), (11, 12))","(np.float64(0.06716492002709551), np.float64(0.10230348310101973), np.float64(0.126779144495477))","(np.float64(-53.05974048680159), np.float64(184.3849213667258), np.float64(41.97045852996541))"
20,"((5, 18), (5, 17))","(np.float64(0.14530788161359207), np.float64(0.10499190267207367))","(np.float64(-186.31481270503193), np.float64(-93.28551618122708))"
21,"((3, 6), (5, 10))","(np.float64(0.11067993568733592), np.float64(0.09738445858278985))","(np.float64(13.12963413360933), np.float64(318.6128836518568))"
22,"((1, 4), (2, 7), (1, 16))","(np.float64(0.0741634818485553), np.float64(0.11277906782789708), np.float64(0.1429236496974023))","(np.float64(-63.206690802930495), np.float64(-69.01248564623933), np.float64(144.63455022683934))"
23,"((0, 1), (5, 12))","(np.float64(0.14949331501352453), np.float64(0.08774940032043382))","(np.float64(-6.531655341633609), np.float64(-92.78273525475595))"
24,"((4, 15), (14, 19))","(np.float64(0.05300565941417415), np.float64(0.14777441164735616))","(np.float64(154.29724929852108), np.float64(-32.55331385062277))"
26,"((12, 14),)","(np.float64(0.14078755066348658),)","(np.float64(22.729396419314867),)"
27,"((4, 16),)","(np.float64(0.1226617059111658),)","(np.float64(149.79723208105582),)"
29,"((0, 1), (1, 7), (3, 19), (6, 19), (8, 16), (11, 18))","(np.float64(0.07124232731369604), np.float64(0.14821450650996412), np.float64(0.1484620933017519), np.float64(0.10873402273839576), np.float64(0.14150788529341082), np.float64(0.12423761223730964))","(np.float64(-6.358321831931221), np.float64(228.8816132118041), np.float64(33.465800577813525), np.float64(124.94534534786374), np.float64(-232.10824176770552), np.float64(-91.08583321465753))"
32,"((0, 13),)","(np.float64(0.12430714160389883),)","(np.float64(140.18691553822802),)"
33,"((13, 18), (1, 3))","(np.float64(0.034276805989079354), np.float64(0.10684605369158957))","(np.float64(-112.85945556818476), np.float64(56.49619930061053))"
34,"((4, 11), (6, 8))","(np.float64(0.13844278513697625), np.float64(0.12920225292072948))","(np.float64(-155.95897103498922), np.float64(257.8920662505885))"
35,"((5, 18), (8, 9), (10, 17), (13, 15), (0, 13))","(np.float64(0.06519962900605447), np.float64(0.032467899441282394), np.float64(0.11235828282694232), np.float64(0.10981934524106578), np.float64(0.1445751834691622))","(np.float64(-189.3180281894991), np.float64(-0.5936535483695593), np.float64(-181.58547393787796), np.float64(-105.93252777748921), np.float64(178.7069455822848))"
37,"((3, 17),)","(np.float64(0.007354834247664504),)","(np.float64(-134.5307554508614),)"
38,"((10, 19), (7, 19))","(np.float64(0.14884046523853292), np.float64(0.10882156355083009))","(np.float64(-119.75446773092006), np.float64(-196.53982063624568))"
39,"((5, 13),)","(np.float64(0.1332409446808332),)","(np.float64(145.00977982920983),)"
40,"((0, 14), (2, 5), (5, 13), (5, 12))","(np.float64(0.08202976265519996), np.float64(0.13496688129696433), np.float64(0.1387222205644186), np.float64(0.1398924775696126))","(np.float64(142.05384143062415), np.float64(-58.78241544079356), np.float64(195.3356392694132), np.float64(46.245875901668796))"
41,"((0, 18),)","(np.float64(0.07881085316794241),)","(np.float64(62.63661043481511),)"
42,"((1, 15), (3, 11), (3, 13), (4, 12), (6, 18), (8, 13), (11, 13))","(np.float64(0.06749526682309348), np.float64(0.14756642589796135), np.float64(0.1216668298102006), np.float64(0.14843598547373701), np.float64(0.13824886147543275), np.float64(0.10932476697853871), np.float64(0.13491123818964906))","(np.float64(-63.74812544515066), np.float64(239.72687523954102), np.float64(239.60340337163854), np.float64(251.1955000414058), np.float64(-250.02604021180485), np.float64(1.476760658742137), np.float64(-0.12347186790248088))"
43,"((1, 3), (3, 10), (7, 15))","(np.float64(0.13567933934611556), np.float64(0.056401778773970866), np.float64(0.12546362449665374))","(np.float64(-36.03494617658964), np.float64(-95.22005252335236), np.float64(-25.876978714351765))"
44,"((1, 11), (2, 15), (7, 12))","(np.float64(0.14878215477862988), np.float64(0.067615592570214), np.float64(0.12312445919146457))","(np.float64(62.413332661657165), np.float64(101.44845817047934), np.float64(-166.1471011045972))"
45,"((10, 13), (0, 5), (2, 10), (3, 12))","(np.float64(0.06412327159411431), np.float64(0.14951739174360718), np.float64(0.14352691869802114), np.float64(0.142756785489384))","(np.float64(-77.00872740435676), np.float64(85.82553395947434), np.float64(157.9982896390349), np.float64(43.1557000041831))"
46,"((1, 9), (10, 18))","(np.float64(0.13802855305585235), np.float64(0.14363824171243456))","(np.float64(-25.017560872413185), np.float64(-151.74892314879793))"
47,"((2, 3), (13, 15))","(np.float64(0.11783224017289197), np.float64(0.07178867462891417))","(np.float64(-59.51861698259478), np.float64(-100.07631731695079))"
48,"((7, 14),)","(np.float64(0.0865009088043355),)","(np.float64(184.72008550946202),)"
49,"((2, 6), (11, 15))","(np.float64(0.13488328030414012), np.float64(0.07929747133014631))","(np.float64(293.4539190793995), np.float64(-221.39611521320762))"
50,"((2, 8), (5, 14), (5, 16), (10, 18), (11, 15), (14, 16), (2, 13))","(np.float64(0.1371724830372568), np.float64(0.030864327461166137), np.float64(0.0864972819250221), np.float64(0.044363973643769934), np.float64(0.06340823988087052), np.float64(0.08134117411131454), np.float64(0.08295672850755204))","(np.float64(-138.0650587570007), np.float64(-40.48847887483686), np.float64(107.81150442178361), np.float64(-161.81951044233853), np.float64(-211.6563824967905), np.float64(104.7127049305316), np.float64(184.34348150869948))"
51,"((0, 15),)","(np.float64(0.1298659288094589),)","(np.float64(70.02046505707654),)"
52,"((2, 14), (8, 15), (3, 13), (7, 13))","(np.float64(0.1318733697798657), np.float64(0.08191614527929414), np.float64(0.11819265541690183), np.float64(0.12857652336406927))","(np.float64(169.2947271526226), np.float64(-63.83150795544299), np.float64(183.30203932703125), np.float64(-105.6879941460204))"
53,"((3, 7),)","(np.float64(0.07155794644052031),)","(np.float64(200.72046375464816),)"
54,"((4, 6),)","(np.float64(0.06825493727793498),)","(np.float64(-70.06203006132881),)"
55,"((0, 10), (8, 19), (10, 14))","(np.float64(0.08201682115231529), np.float64(0.10173703794315109), np.float64(0.13554177079878937))","(np.float64(180.29163275963668), np.float64(-123.53013435377142), np.float64(-93.72425879257301))"
57,"((5, 9),)","(np.float64(0.13814875341248536),)","(np.float64(-151.49150713867192),)"
58,"((2, 4), (16, 18))","(np.float64(0.12847442301668566), np.float64(0.12767004158054443))","(np.float64(-78.86205821428803), np.float64(-15.670804208827917))"
60,"((1, 18), (2, 12))","(np.float64(0.1409298262073114), np.float64(0.12293875691170095))","(np.float64(155.42935065377333), np.float64(197.57786630188815))"
61,"((2, 16), (10, 13))","(np.float64(0.09197500637720325), np.float64(0.13447653922975059))","(np.float64(97.23317869338277), np.float64(10.3424755426596))"
62,"((1, 6), (1, 10), (2, 4), (3, 5), (6, 10), (1, 12))","(np.float64(0.0810419101073371), np.float64(0.13972830422290597), np.float64(0.146481531842246), np.float64(0.08688903315838031), np.float64(0.06980946004532038), np.float64(0.14622820026261008))","(np.float64(-71.43967015345123), np.float64(227.19948412974577), np.float64(41.633346087639666), np.float64(-61.03400050249377), np.float64(298.639154283197), np.float64(196.52337264919413))"
63,"((1, 14), (12, 16))","(np.float64(0.10411719241105982), np.float64(0.14765213855693277))","(np.float64(327.4932155856289), np.float64(-16.520410788546656))"
64,"((2, 7), (6, 19))","(np.float64(0.11430148087061572), np.float64(0.1083280505080723))","(np.float64(248.26194504684258), np.float64(-172.16856846902596))"
65,"((10, 15),)","(np.float64(0.14506585330810287),)","(np.float64(254.81322767166643),)"
66,"((6, 15), (12, 18), (2, 9))","(np.float64(0.08636982500955309), np.float64(0.13593380218863557), np.float64(0.13366859655691302))","(np.float64(175.41908940928408), np.float64(-121.21664096495724), np.float64(316.1013540801138))"
68,"((2, 3),)","(np.float64(0.09070159551042274),)","(np.float64(-316.3339739238809),)"
69,"((0, 7), (12, 19))","(np.float64(0.03929015880714071), np.float64(0.11177360625997183))","(np.float64(142.82246081129256), np.float64(-137.5283054781832))"
70,"((1, 9), (2, 3), (12, 17), (13, 15), (2, 15), (5, 17))","(np.float64(0.10812016608566499), np.float64(0.08804325603439318), np.float64(0.13656602039505514), np.float64(0.09428440482336961), np.float64(0.07578456763658922), np.float64(0.14899987017313013))","(np.float64(-179.9967484593618), np.float64(-57.733368068977654), np.float64(-54.44247919935708), np.float64(-0.12193245943018383), np.float64(126.14439768094417), np.float64(171.06552499560007))"
71,"((6, 7), (12, 14), (8, 15))","(np.float64(0.042238472482927565), np.float64(0.05330704471784538), np.float64(0.1401372795206051))","(np.float64(-91.33305936568104), np.float64(-62.28207616586968), np.float64(-138.7676446551314))"
73,"((2, 4), (2, 8))","(np.float64(0.14212013870026174), np.float64(0.1279386379489372))","(np.float64(-60.230806888070674), np.float64(223.24633229253192))"
75,"((16, 18),)","(np.float64(0.13626619508499696),)","(np.float64(29.495406717677895),)"
76,"((7, 11), (15, 19))","(np.float64(0.0954390664559723), np.float64(0.1491754549024156))","(np.float64(253.2290045785071), np.float64(-100.1420677890467))"
77,"((0, 19), (9, 11))","(np.float64(0.14817980900399097), np.float64(0.039564518746644135))","(np.float64(45.39334205446053), np.float64(-60.01065717823849))"
78,"((2, 14), (15, 19))","(np.float64(0.0763392942718549), np.float64(0.14928036675347617))","(np.float64(205.87242787759754), np.float64(-225.61315629241096))"
79,"((3, 8),)","(np.float64(0.1413003010729843),)","(np.float64(-107.76485663006866),)"
81,"((6, 13),)","(np.float64(0.11528111854482617),)","(np.float64(253.0350484894459),)"
82,"((4, 13),)","(np.float64(0.13494335609878177),)","(np.float64(259.763408593798),)"
84,"((7, 19), (3, 13), (2, 13))","(np.float64(0.1044707244687888), np.float64(0.1414861357665405), np.float64(0.1352279314017815))","(np.float64(-227.67141155197805), np.float64(319.4236133094684), np.float64(300.5288398621938))"
85,"((2, 14), (8, 17), (8, 18))","(np.float64(0.127735016631942), np.float64(0.1484287405838836), np.float64(0.13626088355749524))","(np.float64(217.3858441656738), np.float64(-146.7638357161826), np.float64(-192.28714403858714))"
87,"((0, 8), (2, 11), (13, 16), (11, 18))","(np.float64(0.10165772094646951), np.float64(0.12514144762628207), np.float64(0.07935460075481439), np.float64(0.1474822314475652))","(np.float64(-121.19666483508763), np.float64(-55.75050505965373), np.float64(194.21034154282756), np.float64(181.72176330646883))"
88,"((1, 6),)","(np.float64(0.04789875659937682),)","(np.float64(209.42999825248285),)"
89,"((0, 1),)","(np.float64(0.11432149931327876),)","(np.float64(-45.95899361847228),)"
90,"((7, 18), (14, 16))","(np.float64(0.14302281037144376), np.float64(0.12494065659255232))","(np.float64(-227.04408393025813), np.float64(-263.4138314963276))"
91,"((0, 5), (0, 18), (0, 6), (2, 4))","(np.float64(0.09830374854338991), np.float64(0.12137039623901338), np.float64(0.09202746270124021), np.float64(0.1423882945060768))","(np.float64(141.61114894957285), np.float64(-20.208698504471926), np.float64(140.92638129191096), np.float64(133.82854915553455))"
93,"((2, 12), (2, 10), (1, 11))","(np.float64(0.07130882880405726), np.float64(0.1301967308649145), np.float64(0.13927237653328625))","(np.float64(182.07169266175543), np.float64(140.73581034228317), np.float64(179.39627440421998))"
94,"((2, 12), (7, 9))","(np.float64(0.03123442061636582), np.float64(0.14561920734670353))","(np.float64(209.64462162420853), np.float64(41.95524878271988))"
95,"((6, 7), (9, 14))","(np.float64(0.11585479229691018), np.float64(0.1433981891958836))","(np.float64(-101.62720605164361), np.float64(251.2457847954269))"
98,"((3, 8), (7, 12), (12, 14))","(np.float64(0.12255892878857001), np.float64(0.12834176545282958), np.float64(0.14155232575332216))","(np.float64(281.3266460625104), np.float64(-17.962043890587722), np.float64(-127.97695802714117))"
100,"((3, 18),)","(np.float64(0.12458717085856592),)","(np.float64(151.52565249306537),)"
101,"((8, 16), (4, 18))","(np.float64(0.1272107731858865), np.float64(0.1202672334587657))","(np.float64(-82.26086440591189), np.float64(143.94638993593512))"
102,"((3, 6),)","(np.float64(0.10864785871191117),)","(np.float64(-61.7624641359817),)"
103,"((0, 5), (0, 11), (2, 5), (3, 15), (5, 12), (5, 14), (2, 14), (8, 13))","(np.float64(0.0887581099682471), np.float64(0.1142047225931747), np.float64(0.11513354562665179), np.float64(0.09450359917165244), np.float64(0.09564855542318049), np.float64(0.09846931435320648), np.float64(0.132816356306859), np.float64(0.13263440569062354))","(np.float64(195.24484939928385), np.float64(295.0835036292426), np.float64(-41.60925180378342), np.float64(-250.3230222758853), np.float64(46.518782412126086), np.float64(-179.10651504197125), np.float64(-253.17404217880159), np.float64(-274.4502903954819))"
105,"((0, 7), (2, 10), (3, 17))","(np.float64(0.09988890076946816), np.float64(0.10532626210344238), np.float64(0.058547294620612485))","(np.float64(252.15191963163272), np.float64(-10.622905032159622), np.float64(-124.43119355213855))"
106,"((2, 3), (6, 15), (14, 18), (0, 18), (0, 8), (3, 18))","(np.float64(0.14149895873565985), np.float64(0.14153465360159195), np.float64(0.13987767585518357), np.float64(0.14235655796154156), np.float64(0.1394085424122668), np.float64(0.13950732598489365))","(np.float64(-65.12021487047309), np.float64(218.22430503874034), np.float64(180.36579844600703), np.float64(60.673429674698866), np.float64(-127.52612861961512), np.float64(184.59691549110158))"
107,"((1, 9),)","(np.float64(0.13530092717215766),)","(np.float64(-32.942391630872294),)"
108,"((3, 7), (9, 15))","(np.float64(0.07616222153508212), np.float64(0.07988424811995012))","(np.float64(162.77012052670574), np.float64(-160.61593138512484))"
109,"((1, 12), (10, 16), (7, 16), (1, 8), (1, 2))","(np.float64(0.11252596443282384), np.float64(0.1273771923387781), np.float64(0.10727580788850717), np.float64(0.147797671090322), np.float64(0.09406216177865256))","(np.float64(204.03615493912832), np.float64(-142.75942042781105), np.float64(-13.119389452410928), np.float64(175.8407483167943), np.float64(151.8763039438591))"
110,"((6, 15), (4, 12), (3, 12))","(np.float64(0.1071074973104017), np.float64(0.13274573146261176), np.float64(0.08657883007994838))","(np.float64(44.045606666104646), np.float64(48.05196158326612), np.float64(159.91624920698894))"
111,"((5, 15), (11, 12))","(np.float64(0.08020573357151445), np.float64(0.11813193305663115))","(np.float64(-119.12352951690127), np.float64(43.89361720858187))"
112,"((11, 15),)","(np.float64(0.14638967107825443),)","(np.float64(-41.28833490533981),)"
113,"((0, 17), (9, 15), (11, 15), (16, 19))","(np.float64(0.015411193836249415), np.float64(0.12986381321798124), np.float64(0.12147118405563931), np.float64(0.12056127377157724))","(np.float64(30.932586476103495), np.float64(-119.55560731475475), np.float64(-57.7311644178277), np.float64(-100.15079035857462))"
115,"((8, 17), (9, 12))","(np.float64(0.11450056837566137), np.float64(0.1419626842190264))","(np.float64(127.99661248185365), np.float64(283.60416419364486))"
116,"((2, 3), (12, 13), (16, 17))","(np.float64(0.09789808625881918), np.float64(0.13546501615013615), np.float64(0.13536784735867635))","(np.float64(294.393443214891), np.float64(83.8757455455405), np.float64(3.8888949955359635))"
117,"((1, 16), (4, 5), (6, 14))","(np.float64(0.12372239180288702), np.float64(0.06141738942393346), np.float64(0.13924767968819307))","(np.float64(138.0874001406197), np.float64(-66.38269803061036), np.float64(168.94899331005053))"
118,"((2, 16), (16, 19), (11, 17))","(np.float64(0.11894045792572283), np.float64(0.13743013563701567), np.float64(0.13422585368869933))","(np.float64(203.91591381155797), np.float64(-248.7676422548347), np.float64(-22.623836627288085))"
120,"((17, 19),)","(np.float64(0.047901075406614944),)","(np.float64(-83.64452790676143),)"
121,"((7, 16), (2, 14))","(np.float64(0.1483004296611231), np.float64(0.13161448552862076))","(np.float64(170.34279772568544), np.float64(150.9780731802948))"
122,"((4, 14), (11, 13), (8, 18))","(np.float64(0.13085100060812024), np.float64(0.0704332473117537), np.float64(0.1431983680562496))","(np.float64(198.20258372844086), np.float64(-62.82706429301868), np.float64(-157.2354095163883))"
123,"((0, 3), (4, 11), (7, 14), (2, 11))","(np.float64(0.1439573497905134), np.float64(0.08955949619650234), np.float64(0.037075802285927315), np.float64(0.11077514398240895))","(np.float64(-66.69065548964423), np.float64(202.80392965086017), np.float64(227.5242980019338), np.float64(-185.50187611889518))"
124,"((7, 18),)","(np.float64(0.07146917463129339),)","(np.float64(-166.27926564708645),)"
125,"((2, 19),)","(np.float64(0.08888770817697902),)","(np.float64(162.58898197613843),)"
126,"((4, 14), (7, 9), (7, 13))","(np.float64(0.13642277400696035), np.float64(0.10001477735021949), np.float64(0.1366674437084948))","(np.float64(249.8971709487151), np.float64(-9.736770950317919), np.float64(-48.06936217210853))"
127,"((2, 3), (6, 9), (16, 18))","(np.float64(0.10797323359919607), np.float64(0.10374760153700548), np.float64(0.13384309688306972))","(np.float64(-34.358632257499266), np.float64(-50.78589083398924), np.float64(25.36000846520659))"
128,"((2, 17), (5, 9), (14, 16), (5, 16))","(np.float64(0.14816896034775626), np.float64(0.11699960363671835), np.float64(0.1343396630926233), np.float64(0.04265463832352606))","(np.float64(31.87951577706076), np.float64(26.575365512024973), np.float64(-59.28835027334526), np.float64(-167.4863098716457))"
129,"((5, 19), (7, 14))","(np.float64(0.12609539488903446), np.float64(0.14927435660775717))","(np.float64(-232.43736332819552), np.float64(-196.9161351819477))"
130,"((9, 10),)","(np.float64(0.07517968244557036),)","(np.float64(43.0493754658134),)"
131,"((3, 14), (9, 17), (14, 19))","(np.float64(0.12141880273972949), np.float64(0.0405020397109482), np.float64(0.1027052957236406))","(np.float64(94.25289437339103), np.float64(177.84059476677857), np.float64(-79.87689026079201))"
132,"((11, 14), (17, 18), (8, 18), (8, 17))","(np.float64(0.11053045199488928), np.float64(0.08500702677681812), np.float64(0.12657814257207112), np.float64(0.11659753690573893))","(np.float64(-198.69314980932683), np.float64(-0.21515338373194481), np.float64(-258.93929001163485), np.float64(-224.58051422952644))"
133,"((0, 10), (0, 15), (7, 16), (10, 14), (10, 15), (1, 14))","(np.float64(0.09269170017453426), np.float64(0.07279898341975252), np.float64(0.06724545505659499), np.float64(0.12289764281163988), np.float64(0.09452098147295385), np.float64(0.13223630822411003))","(np.float64(122.86890766859722), np.float64(110.66037083677907), np.float64(-159.66245080245733), np.float64(-8.459133234287776), np.float64(-12.161072461090612), np.float64(143.05686213464503))"
134,"((3, 12), (5, 8), (6, 16))","(np.float64(0.0800963387800127), np.float64(0.14164793923776808), np.float64(0.14846887177358373))","(np.float64(185.56307419140825), np.float64(289.297976026811), np.float64(-155.44859045298548))"
135,"((15, 18),)","(np.float64(0.08503346812251474),)","(np.float64(-70.1151246677023),)"
136,"((4, 11), (16, 19), (5, 16), (2, 13), (1, 10))","(np.float64(0.05567220039309174), np.float64(0.10480942552083371), np.float64(0.13680664718493407), np.float64(0.14334683908228035), np.float64(0.12038914472332013))","(np.float64(138.23524697805556), np.float64(-72.86212240444317), np.float64(-55.47795377437549), np.float64(143.56287692472563), np.float64(139.61216815822775))"
137,"((0, 10), (9, 11), (2, 11))","(np.float64(0.143538961845799), np.float64(0.08119232912784444), np.float64(0.12345467929879825))","(np.float64(137.4186380439242), np.float64(-49.32337331917529), np.float64(120.55990497912853))"
138,"((14, 19),)","(np.float64(0.1390583610252045),)","(np.float64(150.19409324499728),)"
139,"((4, 8),)","(np.float64(0.026585124017674946),)","(np.float64(-31.073211729092748),)"
140,"((5, 16),)","(np.float64(0.10069729804994364),)","(np.float64(92.07005793680955),)"
142,"((7, 15),)","(np.float64(0.10743454552376257),)","(np.float64(-100.96911908308954),)"
143,"((7, 9), (7, 11), (9, 11), (14, 18))","(np.float64(0.08251569035593843), np.float64(0.1303845513265309), np.float64(0.1386134515052453), np.float64(0.10205914054707216))","(np.float64(-31.059690340840234), np.float64(7.172067559489562), np.float64(38.2317579003298), np.float64(-1.4807823995456602))"
144,"((4, 19), (11, 18))","(np.float64(0.07710687038312707), np.float64(0.12824749561711934))","(np.float64(130.30176429497928), np.float64(-94.36695925675895))"
145,"((11, 18),)","(np.float64(0.11615040648739809),)","(np.float64(119.98456437787232),)"
146,"((4, 16), (13, 19))","(np.float64(0.04838266551776383), np.float64(0.11769520725088288))","(np.float64(108.7697126763997), np.float64(-49.38643008088954))"
147,"((0, 7), (8, 15), (2, 8))","(np.float64(0.13113280108338823), np.float64(0.09896879864472465), np.float64(0.14506388945357143))","(np.float64(179.82759454835676), np.float64(-101.50653757428887), np.float64(241.19302309358767))"
148,"((12, 13), (9, 18))","(np.float64(0.11593829346598639), np.float64(0.13826892321065445))","(np.float64(-79.45373514702635), np.float64(-248.05437835518995))"
149,"((1, 10),)","(np.float64(0.1426328402016369),)","(np.float64(229.41908166970123),)"
150,"((16, 18),)","(np.float64(0.1455006010283243),)","(np.float64(30.52851530057427),)"
151,"((5, 8), (16, 17), (2, 13))","(np.float64(0.13858465660234753), np.float64(0.1131086179015531), np.float64(0.1461094943015783))","(np.float64(-104.76980844529805), np.float64(-81.204266497508), np.float64(-53.318813908630204))"
152,"((0, 11), (4, 6))","(np.float64(0.14667033848297706), np.float64(0.07975870513999152))","(np.float64(170.2207349518727), np.float64(225.9264222155262))"
155,"((6, 19),)","(np.float64(0.1407523589629876),)","(np.float64(120.26647745693481),)"
156,"((10, 14), (11, 15))","(np.float64(0.038683282168796324), np.float64(0.1440177298329538))","(np.float64(-114.69799316811043), np.float64(-76.86503039324333))"
157,"((4, 7), (7, 9), (7, 14), (8, 19))","(np.float64(0.08813634904726837), np.float64(0.13510501321147791), np.float64(0.1454733350723079), np.float64(0.14451463018249475))","(np.float64(283.61526322794464), np.float64(17.376587518111876), np.float64(45.18728498847844), np.float64(-220.86282809572458))"
158,"((3, 7), (11, 17), (8, 18))","(np.float64(0.05283936468265378), np.float64(0.14925374464297034), np.float64(0.14288705748243105))","(np.float64(246.86250468610456), np.float64(-123.18233929151029), np.float64(-176.6540799957727))"
159,"((1, 12), (3, 16))","(np.float64(0.10156793939317785), np.float64(0.08996042170012855))","(np.float64(156.48353598571688), np.float64(113.5354938491003))"
160,"((18, 19),)","(np.float64(0.13507996333868563),)","(np.float64(-62.448884425728664),)"
161,"((2, 6),)","(np.float64(0.14156733339381714),)","(np.float64(158.0074844672415),)"
162,"((3, 11), (10, 11))","(np.float64(0.06146245030731199), np.float64(0.13960808265267763))","(np.float64(-168.00488704629606), np.float64(8.537057987858248))"
163,"((2, 17), (6, 15), (15, 18))","(np.float64(0.059013566353963084), np.float64(0.07768704394319975), np.float64(0.09331108923552286))","(np.float64(98.36438250345827), np.float64(-104.35328335142128), np.float64(-85.56514968082774))"
164,"((2, 16), (9, 19))","(np.float64(0.1244835991931655), np.float64(0.08893856738565056))","(np.float64(109.75470373364982), np.float64(159.16841619575777))"
165,"((3, 16), (6, 17), (9, 19), (4, 14))","(np.float64(0.1471240390559959), np.float64(0.11078783002437184), np.float64(0.057665066279858526), np.float64(0.1325742657841949))","(np.float64(149.3220570077225), np.float64(-185.24515868531284), np.float64(-200.99699059613135), np.float64(190.41722768970322))"
166,"((0, 12), (18, 19))","(np.float64(0.1367378595283358), np.float64(0.1059635228746156))","(np.float64(181.62431531171782), np.float64(44.616877063078334))"
167,"((0, 15), (9, 15))","(np.float64(0.13281355076027593), np.float64(0.10060141359338381))","(np.float64(29.781144067406245), np.float64(-78.28180791327804))"
168,"((16, 17), (13, 19), (0, 10))","(np.float64(0.13717211914998015), np.float64(0.14268227236391767), np.float64(0.14673220321943445))","(np.float64(52.713192565586695), np.float64(-190.92617624233728), np.float64(-55.29225440163282))"
169,"((9, 15), (10, 19), (10, 14), (8, 14), (2, 10))","(np.float64(0.08097366211335932), np.float64(0.1298773685693869), np.float64(0.13161733211171067), np.float64(0.14380950603880746), np.float64(0.08647100986514135))","(np.float64(242.90921076113221), np.float64(176.21071369166626), np.float64(-85.0056064138085), np.float64(-98.56439863189303), np.float64(-88.18762756408131))"
170,"((10, 12), (11, 14), (6, 14), (4, 16))","(np.float64(0.05464662845195812), np.float64(0.10142408652564988), np.float64(0.14748460274906583), np.float64(0.12534125384886502))","(np.float64(164.0032262814109), np.float64(-142.95410697181944), np.float64(189.92899003518312), np.float64(120.10951850986052))"
172,"((7, 18),)","(np.float64(0.12874995011105694),)","(np.float64(-156.7399980279452),)"
173,"((7, 12),)","(np.float64(0.13886259827862596),)","(np.float64(243.53465841083016),)"
174,"((1, 19), (6, 12), (1, 12))","(np.float64(0.10995779693387141), np.float64(0.11574037869827572), np.float64(0.07491222592935054))","(np.float64(3.3375327052208092), np.float64(211.44233085250505), np.float64(183.77472653810602))"
175,"((2, 5), (2, 11), (7, 11), (0, 12))","(np.float64(0.057930944126039316), np.float64(0.1441062654056355), np.float64(0.037840318503631246), np.float64(0.10801977740666849))","(np.float64(-20.138785142664005), np.float64(249.9191864065915), np.float64(337.5838218648531), np.float64(229.98658079671958))"
176,"((3, 12), (6, 16))","(np.float64(0.14884139752206968), np.float64(0.13896246025442702))","(np.float64(146.19331606922123), np.float64(199.1900692186407))"
178,"((0, 12), (4, 6), (10, 13), (12, 14))","(np.float64(0.05196997336911927), np.float64(0.08494894954971197), np.float64(0.1367718654932595), np.float64(0.14953998161075))","(np.float64(170.4043512835487), np.float64(-77.79156820887152), np.float64(-5.955377380223439), np.float64(-154.72459471491538))"
179,"((10, 11),)","(np.float64(0.10830468477650658),)","(np.float64(-0.18775875916549012),)"
180,"((2, 15),)","(np.float64(0.13141589625134853),)","(np.float64(143.90628549222703),)"
181,"((13, 18), (15, 17))","(np.float64(0.14465771377695807), np.float64(0.1473430569738443))","(np.float64(-189.13143605229834), np.float64(-281.6760556961032))"
183,"((10, 19), (3, 18))","(np.float64(0.10079641470194399), np.float64(0.12638590464398303))","(np.float64(-149.74377930351167), np.float64(33.19544958558765))"
184,"((2, 12), (7, 9), (10, 11), (1, 16))","(np.float64(0.09324926264119876), np.float64(0.12147105719262775), np.float64(0.09105538024664185), np.float64(0.14892711566501382))","(np.float64(-127.93262816199768), np.float64(-50.84457949203568), np.float64(-1.5307555766210044), np.float64(-97.9016096110658))"
185,"((10, 11), (13, 15))","(np.float64(0.11807901294352137), np.float64(0.13363505858636837))","(np.float64(-65.62459189881884), np.float64(-245.99965514029992))"
186,"((1, 9), (4, 17), (5, 19))","(np.float64(0.07833229800906538), np.float64(0.08029375352112231), np.float64(0.13381385695503697))","(np.float64(218.23198681891284), np.float64(157.9114921088418), np.float64(178.28310986832122))"
187,"((2, 12),)","(np.float64(0.11305729399209986),)","(np.float64(121.05768671139967),)"
188,"((2, 13), (3, 10), (3, 11), (13, 18))","(np.float64(0.1398980996213136), np.float64(0.14212218923545072), np.float64(0.055226758451262715), np.float64(0.1495269613646942))","(np.float64(157.14221354238282), np.float64(122.91400496950325), np.float64(107.63438929985364), np.float64(-27.718670726529695))"
189,"((0, 12), (5, 19), (7, 18))","(np.float64(0.08613513592186985), np.float64(0.02376527002970123), np.float64(0.0905350788009336))","(np.float64(213.2533992341257), np.float64(-212.2409900679562), np.float64(-218.46068584274934))"
190,"((3, 19), (7, 11))","(np.float64(0.14111985096145613), np.float64(0.14963029132682626))","(np.float64(116.02114133864455), np.float64(198.56508522623852))"
191,"((7, 17), (11, 16), (15, 18), (10, 17))","(np.float64(0.10997315372205346), np.float64(0.09128336143388463), np.float64(0.09659186491283842), np.float64(0.12138394248285506))","(np.float64(100.58208514571282), np.float64(-104.71583292775824), np.float64(-117.45349239434967), np.float64(-158.90834164777544))"
192,"((4, 18), (1, 5), (5, 17))","(np.float64(0.08578426548291342), np.float64(0.04219887398707366), np.float64(0.1387043600391121))","(np.float64(120.0391905886548), np.float64(-93.83164297936759), np.float64(172.94366068940906))"
193,"((2, 7), (13, 19), (12, 14))","(np.float64(0.0986045190690886), np.float64(0.09000995747454035), np.float64(0.14377162738650806))","(np.float64(-46.80044438141914), np.float64(-181.84339986093545), np.float64(-233.89292609814595))"
194,"((3, 11), (3, 18))","(np.float64(0.13562050870204118), np.float64(0.056629639905810915))","(np.float64(144.5187124704055), np.float64(91.53990072567149))"
195,"((1, 16), (0, 1), (0, 9))","(np.float64(0.13404730978925106), np.float64(0.12736804510931263), np.float64(0.13182701513927542))","(np.float64(135.10412858773054), np.float64(-72.55072096540403), np.float64(159.4229410213954))"
196,"((10, 19),)","(np.float64(0.14552261458779894),)","(np.float64(-63.550698774148316),)"
197,"((0, 6), (5, 7), (6, 17))","(np.float64(0.1331727099497888), np.float64(0.14249914893420842), np.float64(0.09172068504899128))","(np.float64(-11.79440033678523), np.float64(-70.18041296977225), np.float64(167.88807495066106))"
199,"((6, 7), (8, 17))","(np.float64(0.10973373179113409), np.float64(0.09803269842380462))","(np.float64(302.64077164080857), np.float64(-16.95772560082048))"
200,"((15, 19), (2, 18))","(np.float64(0.14230656538249975), np.float64(0.14451796648174348))","(np.float64(-174.02990549199524), np.float64(152.95969272233117))"
201,"((3, 5), (3, 7))","(np.float64(0.11374349455546143), np.float64(0.11995757471253259))","(np.float64(291.81000662704696), np.float64(-57.69235873318473))"
202,"((1, 2), (4, 13), (4, 16), (13, 16))","(np.float64(0.10619025683163387), np.float64(0.020422093199781208), np.float64(0.08302095961140776), np.float64(0.06262563690288353))","(np.float64(-0.8918618626981356), np.float64(173.6939312625591), np.float64(131.07892175721435), np.float64(-42.615009505344744))"
203,"((0, 1), (9, 10), (9, 18), (13, 14))","(np.float64(0.13993546285963876), np.float64(0.11337485523587996), np.float64(0.12979267364124572), np.float64(0.14661905143065498))","(np.float64(-20.45324794911906), np.float64(40.94195383273188), np.float64(-133.18083295020796), np.float64(39.07759463543937))"
207,"((1, 12), (15, 17))","(np.float64(0.07290464044987237), np.float64(0.14828450561476994))","(np.float64(215.8238807089682), np.float64(99.69568958917898))"
210,"((7, 14), (7, 12))","(np.float64(0.09168565314173084), np.float64(0.13832722977113518))","(np.float64(169.19231409322106), np.float64(195.31701685665155))"
211,"((0, 17), (8, 11))","(np.float64(0.14934101504804478), np.float64(0.14715128520666673))","(np.float64(97.5793824057406), np.float64(-28.25609195876683))"
213,"((5, 7), (10, 13), (8, 18), (2, 12))","(np.float64(0.04182818655632914), np.float64(0.13566649408298748), np.float64(0.14196845375592484), np.float64(0.13703638510278754))","(np.float64(-25.164511147770042), np.float64(-116.51366895100696), np.float64(-16.551790826955937), np.float64(95.278918816447))"
214,"((6, 13), (6, 17), (13, 17))","(np.float64(0.12028489871114638), np.float64(0.1289608634806565), np.float64(0.09980402691224081))","(np.float64(-72.87270509307518), np.float64(64.35325057340151), np.float64(137.2259556664767))"
215,"((11, 17), (13, 16), (9, 13))","(np.float64(0.09442817508707887), np.float64(0.1142216694271003), np.float64(0.13398176592896946))","(np.float64(-146.63825490341083), np.float64(-39.74919698889167), np.float64(-185.62314486060023))"
216,"((0, 16), (0, 18), (3, 10))","(np.float64(0.0811266581458735), np.float64(0.12016334618347539), np.float64(0.13750318208203477))","(np.float64(59.032888627354396), np.float64(5.787745216454255), np.float64(223.65817321159494))"
217,"((5, 13), (7, 11), (16, 18))","(np.float64(0.07810818343781366), np.float64(0.1294869258367637), np.float64(0.1256889710768345))","(np.float64(-82.82364980347137), np.float64(25.956384732954803), np.float64(-152.02300866556055))"
218,"((16, 18),)","(np.float64(0.11540223570395523),)","(np.float64(-52.210940515758125),)"
219,"((0, 13), (2, 11), (2, 12), (7, 11), (11, 12), (14, 18), (2, 7))","(np.float64(0.09200981075242257), np.float64(0.053316352307602365), np.float64(0.07691142554373583), np.float64(0.13595220222621499), np.float64(0.1365065024043723), np.float64(0.11325816667282777), np.float64(0.1384122208455822))","(np.float64(148.65388624580163), np.float64(121.7941998040738), np.float64(165.8658340446886), np.float64(154.70493036340747), np.float64(44.071632333266166), np.float64(-12.882030028358827), np.float64(-9.026576954826226))"
220,"((0, 7), (1, 2), (7, 8), (7, 11))","(np.float64(0.1387165263922904), np.float64(0.1311243685597762), np.float64(0.11678079857595673), np.float64(0.10948619054555014))","(np.float64(-73.33025040501394), np.float64(-0.3943596572789261), np.float64(36.0983833202676), np.float64(-92.47589009316425))"
221,"((5, 18), (7, 11))","(np.float64(0.14673803822504672), np.float64(0.14299022813864004))","(np.float64(-254.00140394692306), np.float64(-2.246156636838407))"
222,"((0, 19), (3, 6), (10, 17))","(np.float64(0.0881605816363998), np.float64(0.10833512715313998), np.float64(0.12483902823682248))","(np.float64(66.2990686893643), np.float64(15.789942155255972), np.float64(227.98851362898114))"
223,"((4, 16),)","(np.float64(0.0915763297788336),)","(np.float64(-225.38117485199245),)"
224,"((0, 6), (15, 17))","(np.float64(0.09741992470566527), np.float64(0.10929277334462897))","(np.float64(-35.41836947654028), np.float64(-79.38824077653311))"
225,"((4, 19),)","(np.float64(0.1464499548519716),)","(np.float64(169.30617468655953),)"
227,"((9, 12), (10, 16))","(np.float64(0.14017782757158653), np.float64(0.07222025367253138))","(np.float64(-87.15129753742815), np.float64(-94.59426433546139))"
228,"((4, 14), (5, 17), (10, 12), (14, 16))","(np.float64(0.13116701821798793), np.float64(0.11655937736970381), np.float64(0.10531417612759401), np.float64(0.13756225910473308))","(np.float64(109.45806844788808), np.float64(192.66476393979696), np.float64(-52.73509422420392), np.float64(-95.12840873076067))"
229,"((2, 5),)","(np.float64(0.14502148654876362),)","(np.float64(-119.15420817078183),)"
230,"((4, 18), (7, 8), (5, 8))","(np.float64(0.1261119353565426), np.float64(0.06775439335490689), np.float64(0.14313785324177203))","(np.float64(58.36533167330552), np.float64(-2.7519039395684786), np.float64(169.71247775003764))"
231,"((4, 17), (1, 12))","(np.float64(0.10638931027343125), np.float64(0.14879210656424924))","(np.float64(-92.26769615953481), np.float64(186.90756149678333))"
233,"((4, 16), (10, 15))","(np.float64(0.14403582973777704), np.float64(0.13605235666113147))","(np.float64(189.57965048360296), np.float64(-54.49727718593999))"
234,"((7, 12), (11, 19))","(np.float64(0.1467809397919881), np.float64(0.1436518060107242))","(np.float64(265.3709803232389), np.float64(-279.91615365067224))"
236,"((7, 16), (4, 15), (12, 17))","(np.float64(0.14995931792103714), np.float64(0.11207618860064304), np.float64(0.14816484883163483))","(np.float64(-29.3891463025426), np.float64(-104.52961638427968), np.float64(-125.93418684176453))"
237,"((9, 12), (3, 8), (0, 5))","(np.float64(0.10874001114738961), np.float64(0.1451534707132769), np.float64(0.13528383006440078))","(np.float64(-2.101113694632204), np.float64(116.68875581801814), np.float64(87.40771099351673))"
239,"((2, 8), (2, 15), (5, 10), (7, 19))","(np.float64(0.09936969107802328), np.float64(0.08037486756621852), np.float64(0.10600580596146521), np.float64(0.13284377956415974))","(np.float64(221.20422169617876), np.float64(187.1146160146044), np.float64(304.0877325399488), np.float64(145.46209947244054))"
240,"((5, 7), (6, 10))","(np.float64(0.14471322800157574), np.float64(0.14397262118925785))","(np.float64(233.6922192829059), np.float64(221.63406806165307))"
241,"((0, 6), (3, 14))","(np.float64(0.12081187117795607), np.float64(0.06297845192160183))","(np.float64(-27.74944528325068), np.float64(147.5422656020183))"
242,"((9, 19),)","(np.float64(0.10129497345657117),)","(np.float64(140.10798013924364),)"
243,"((2, 10), (4, 7))","(np.float64(0.06810493566209017), np.float64(0.13719198974080504))","(np.float64(38.2855857979514), np.float64(-33.615397410979256))"
244,"((7, 10), (10, 18), (4, 10))","(np.float64(0.06163662160103138), np.float64(0.1453264898243783), np.float64(0.09278858982295642))","(np.float64(-10.146020776673822), np.float64(-136.0755227792265), np.float64(-117.82780489082637))"
245,"((7, 11), (11, 19), (13, 17), (14, 15), (14, 16))","(np.float64(0.1374983917116346), np.float64(0.12658880350057142), np.float64(0.07814942353490695), np.float64(0.14716296216110106), np.float64(0.14556366090675804))","(np.float64(-37.82110937786939), np.float64(180.69698088666257), np.float64(139.55484004423533), np.float64(117.58114972727327), np.float64(166.74570354978584))"
246,"((3, 17),)","(np.float64(0.12611584355819286),)","(np.float64(109.74938093860084),)"
247,"((2, 19),)","(np.float64(0.0741271450211027),)","(np.float64(144.70936763819998),)"
248,"((5, 16),)","(np.float64(0.05250094816764084),)","(np.float64(-137.6135995801639),)"
249,"((1, 14), (2, 5), (11, 15), (2, 12), (2, 13), (4, 17))","(np.float64(0.14949708120234087), np.float64(0.12379638729605012), np.float64(0.12836865697906596), np.float64(0.14636713959180606), np.float64(0.1338382743015257), np.float64(0.1491021415536209))","(np.float64(180.6656408055311), np.float64(295.3585992178512), np.float64(23.054184086008263), np.float64(124.57310113307801), np.float64(-149.41450643427982), np.float64(-195.6737991538781))"
250,"((1, 5), (1, 13), (4, 17), (5, 13), (5, 16), (7, 19), (6, 15))","(np.float64(0.08891029224791043), np.float64(0.04324559922989781), np.float64(0.13201314313778795), np.float64(0.03057282358956692), np.float64(0.13318081301564408), np.float64(0.022270765551621028), np.float64(0.10128197665506443))","(np.float64(-145.7805413830999), np.float64(191.56277034386449), np.float64(154.08239631985765), np.float64(0.05131572476710744), np.float64(285.7599642513358), np.float64(-161.5410216741089), np.float64(217.29637204026665))"
251,"((8, 15), (5, 13), (9, 18))","(np.float64(0.14249597970908848), np.float64(0.13583796791957653), np.float64(0.14760934934119885))","(np.float64(256.0073917864621), np.float64(211.52332565468868), np.float64(-242.29334105449908))"
252,"((0, 8), (11, 14), (4, 18))","(np.float64(0.12059746565564637), np.float64(0.13661098675675193), np.float64(0.09943205101316376))","(np.float64(214.9169005369918), np.float64(-149.93007643764264), np.float64(113.52998218229507))"
253,"((1, 8), (1, 14))","(np.float64(0.08042712682013926), np.float64(0.12144648346229928))","(np.float64(-159.7152281118201), np.float64(-136.9718531227475))"
254,"((2, 9),)","(np.float64(0.06871711039634927),)","(np.float64(-49.513425780228886),)"
258,"((17, 19),)","(np.float64(0.14380632899559015),)","(np.float64(-317.15806865170225),)"
260,"((4, 12), (6, 13))","(np.float64(0.13121730430360573), np.float64(0.12037570803423964))","(np.float64(-132.56704016499776), np.float64(-55.7510592101807))"
261,"((1, 5), (1, 6), (5, 6), (11, 15))","(np.float64(0.0702440680088725), np.float64(0.1264848460908574), np.float64(0.057728517846435116), np.float64(0.11024742993527922))","(np.float64(188.1331685579978), np.float64(141.08952768640586), np.float64(-2.0438182550147985), np.float64(51.30901971113417))"
262,"((4, 16),)","(np.float64(0.1356785472947932),)","(np.float64(55.96728526631773),)"
263,"((1, 14), (5, 9), (5, 13), (9, 13))","(np.float64(0.13334330696375393), np.float64(0.01645303969718407), np.float64(0.1323134510914973), np.float64(0.10710575049393085))","(np.float64(148.25287778218058), np.float64(114.03141597642434), np.float64(163.85020717448725), np.float64(-30.474264336299882))"
264,"((1, 14), (3, 9), (11, 18))","(np.float64(0.09077170105156984), np.float64(0.11773121683217481), np.float64(0.14832216250695288))","(np.float64(198.0501095299088), np.float64(308.6906847401196), np.float64(50.27575897683187))"
265,"((3, 5), (8, 19), (13, 15), (1, 16))","(np.float64(0.09005514181984518), np.float64(0.11352564242454936), np.float64(0.14775400610908992), np.float64(0.14798868854102368))","(np.float64(-76.20435086995752), np.float64(106.56240871954088), np.float64(-0.13425962824243243), np.float64(115.21142133911292))"
266,"((2, 13),)","(np.float64(0.13071321539236583),)","(np.float64(108.4068254060424),)"
267,"((0, 3), (7, 9))","(np.float64(0.07000446830063878), np.float64(0.1445565249841902))","(np.float64(-99.05332979783), np.float64(332.40149764020754))"
268,"((0, 2), (15, 17))","(np.float64(0.009872721348479859), np.float64(0.12938093841177736))","(np.float64(-8.556214913632289), np.float64(-60.23435647344576))"
269,"((0, 2),)","(np.float64(0.14083624514967816),)","(np.float64(297.57448713941614),)"
270,"((7, 14),)","(np.float64(0.12186982013754472),)","(np.float64(-150.03229809208324),)"
271,"((6, 11), (9, 15))","(np.float64(0.056118281620005914), np.float64(0.08931468765424586))","(np.float64(274.0303151960325), np.float64(-154.9306404596864))"
272,"((1, 12), (3, 18), (5, 13))","(np.float64(0.11224239960462477), np.float64(0.1461265994080425), np.float64(0.13970407832494805))","(np.float64(144.5627713299681), np.float64(76.86682078481766), np.float64(60.181332967903415))"
273,"((1, 2), (5, 7), (6, 12), (9, 19), (4, 11))","(np.float64(0.11083654654833307), np.float64(0.11905283131917688), np.float64(0.1322793327890248), np.float64(0.13093684441264936), np.float64(0.1268364066362338))","(np.float64(39.311648920413575), np.float64(-90.81451020153816), np.float64(217.69709270322056), np.float64(153.7438822980005), np.float64(160.70617949286293))"
274,"((5, 18), (16, 17))","(np.float64(0.14433803661698427), np.float64(0.04220723996525409))","(np.float64(145.1114700444852), np.float64(-5.325730665043011))"
275,"((4, 12),)","(np.float64(0.1482507800826334),)","(np.float64(104.87446249461533),)"
276,"((8, 14),)","(np.float64(0.0671889543674494),)","(np.float64(-129.148959874237),)"
278,"((15, 17),)","(np.float64(0.11525666953595136),)","(np.float64(55.590228567933025),)"
279,"((4, 9), (9, 10))","(np.float64(0.1346150736690759), np.float64(0.06377192697278647))","(np.float64(279.67286156378145), np.float64(-12.278591020896556))"
280,"((0, 14),)","(np.float64(0.1390470218676822),)","(np.float64(130.0116307810476),)"
281,"((9, 19),)","(np.float64(0.13981374986715478),)","(np.float64(161.094156328937),)"
282,"((0, 5), (1, 4), (0, 10), (10, 19))","(np.float64(0.14690593275937147), np.float64(0.08880669218955284), np.float64(0.14687361117559547), np.float64(0.13366125760512812))","(np.float64(204.98949004302952), np.float64(-98.16138385268914), np.float64(201.39186501224282), np.float64(-73.163690952958))"
283,"((2, 18), (7, 15), (5, 18))","(np.float64(0.0514390208309481), np.float64(0.11938970495598308), np.float64(0.07284025749064771))","(np.float64(-32.81640274021822), np.float64(-98.96008804944518), np.float64(-185.79063394885844))"
284,"((5, 15),)","(np.float64(0.12943824700940298),)","(np.float64(279.7948438874402),)"
285,"((1, 17), (4, 7), (1, 13), (7, 18), (13, 15), (11, 17))","(np.float64(0.12549140366586803), np.float64(0.11066746899500658), np.float64(0.1414590021340704), np.float64(0.14615633462112312), np.float64(0.1479439807063256), np.float64(0.1382748748897084))","(np.float64(24.500433425324957), np.float64(-92.26226521136238), np.float64(86.12302724583574), np.float64(-106.37824555333597), np.float64(-77.2083105035774), np.float64(-110.07167642981355))"
286,"((11, 17),)","(np.float64(0.09484683481011968),)","(np.float64(-68.57445438058124),)"
287,"((4, 17),)","(np.float64(0.11950611186166875),)","(np.float64(-127.56273922788753),)"
288,"((0, 18), (0, 13), (1, 5), (4, 10), (3, 12), (9, 19))","(np.float64(0.1080827642813766), np.float64(0.14401477500800883), np.float64(0.14279963838704415), np.float64(0.1139042376457953), np.float64(0.012578553485649558), np.float64(0.142067252953644))","(np.float64(-22.998927556587148), np.float64(4.5621405633323775), np.float64(187.99790152242502), np.float64(211.64093033215937), np.float64(149.88681107297145), np.float64(-188.9241185596216))"
289,"((4, 12), (5, 6))","(np.float64(0.11722089276235463), np.float64(0.14680876527937858))","(np.float64(55.19585547129435), np.float64(46.025275796318965))"
290,"((2, 8),)","(np.float64(0.06200397542111919),)","(np.float64(237.5090811433019),)"
291,"((0, 14), (11, 18))","(np.float64(0.1462855551824258), np.float64(0.11598930002127292))","(np.float64(161.48246747035336), np.float64(-250.25303804042323))"
293,"((2, 7), (6, 8))","(np.float64(0.039457886143959536), np.float64(0.09435394820260068))","(np.float64(-40.122090627701255), np.float64(303.20636818685983))"
295,"((10, 11),)","(np.float64(0.09450918121357352),)","(np.float64(1.3386096560149099),)"
296,"((2, 11), (3, 6))","(np.float64(0.07747858129406326), np.float64(0.050528897861522766))","(np.float64(234.44442432236644), np.float64(-31.700003513098295))"
297,"((12, 19),)","(np.float64(0.14378686903017432),)","(np.float64(-107.3524285404394),)"
298,"((0, 11), (7, 17))","(np.float64(0.04709181884335519), np.float64(0.1353361001330922))","(np.float64(-122.72787671491312), np.float64(179.66438976999603))"
299,"((3, 5), (11, 19), (3, 7))","(np.float64(0.10198283839474005), np.float64(0.10971769080676805), np.float64(0.13459023135947948))","(np.float64(-3.4007990150666956), np.float64(-194.24859573636454), np.float64(227.9801426863449))"
300,"((0, 2), (1, 7))","(np.float64(0.09168388829875586), np.float64(0.131100626219652))","(np.float64(-96.96749326770276), np.float64(3.3827677055795675))"
301,"((15, 18),)","(np.float64(0.14173189734802985),)","(np.float64(-204.09809089729458),)"
302,"((3, 5), (13, 17), (13, 19), (3, 19), (17, 19))","(np.float64(0.07134813553732514), np.float64(0.09208961560346658), np.float64(0.14574385265735249), np.float64(0.12427530403069924), np.float64(0.13168562449510912))","(np.float64(-27.855345848955267), np.float64(-113.77214400739257), np.float64(-128.60135501108897), np.float64(-206.51730735312583), np.float64(-70.08164191952892))"
303,"((6, 9), (6, 17))","(np.float64(0.13359418130914347), np.float64(0.12045925298194662))","(np.float64(-76.29634054234123), np.float64(28.695414366998932))"
304,"((8, 11),)","(np.float64(0.04140157706184964),)","(np.float64(-47.30172897227084),)"
305,"((2, 12), (6, 16))","(np.float64(0.12643736213859855), np.float64(0.11535045889216818))","(np.float64(142.19121652771494), np.float64(155.86598412287486))"
306,"((2, 5), (3, 8), (11, 17), (2, 9), (4, 10))","(np.float64(0.13162958762733062), np.float64(0.11246290302189779), np.float64(0.1206679707438404), np.float64(0.14667079740595682), np.float64(0.14995182687063238))","(np.float64(336.5005445940709), np.float64(305.05370865788007), np.float64(-83.07202748003527), np.float64(337.17992539704375), np.float64(299.8493901069176))"
310,"((11, 12),)","(np.float64(0.1370133197693135),)","(np.float64(-58.917259472839135),)"
311,"((3, 9), (13, 16), (11, 18))","(np.float64(0.13877457824412698), np.float64(0.13492505527140372), np.float64(0.141219817679835))","(np.float64(187.18676282184668), np.float64(-69.35779774784083), np.float64(-91.45248320047409))"
312,"((7, 18),)","(np.float64(0.04288807582240134),)","(np.float64(-229.55248669785226),)"
313,"((5, 12),)","(np.float64(0.13068296299249502),)","(np.float64(-167.34506956474087),)"
314,"((5, 15), (5, 8), (5, 13))","(np.float64(0.10333353403308702), np.float64(0.13086999540090444), np.float64(0.06600923754820723))","(np.float64(247.96778302524365), np.float64(-85.28101144692187), np.float64(211.94377578759713))"
315,"((0, 19), (2, 15), (18, 19))","(np.float64(0.1352719294623132), np.float64(0.10594412312874822), np.float64(0.09644838250363093))","(np.float64(12.420177869000895), np.float64(52.54150375601864), np.float64(-44.16428667240018))"
316,"((0, 16), (1, 19))","(np.float64(0.13690528513641173), np.float64(0.14073900282136712))","(np.float64(193.82488055927683), np.float64(85.33220016028639))"
317,"((4, 8), (8, 17), (13, 15))","(np.float64(0.12204549899464093), np.float64(0.1458559021851302), np.float64(0.12875591809380862))","(np.float64(-339.67736871512784), np.float64(-158.0847733266902), np.float64(-67.70818042680423))"
318,"((10, 12),)","(np.float64(0.0846117693900263),)","(np.float64(-53.94394106451199),)"
319,"((1, 7),)","(np.float64(0.13723123094257098),)","(np.float64(253.26281533769009),)"
320,"((12, 15),)","(np.float64(0.01145661948849687),)","(np.float64(-120.53847090827543),)"
321,"((4, 19), (2, 13))","(np.float64(0.01723534801225305), np.float64(0.14606809824875808))","(np.float64(-171.7752586184655), np.float64(-185.79713121317047))"
322,"((1, 4), (2, 8))","(np.float64(0.10051465611075404), np.float64(0.10825960718216192))","(np.float64(209.53236195622156), np.float64(220.72635648727413))"
323,"((0, 6), (13, 19))","(np.float64(0.14059048542963212), np.float64(0.11989392906596016))","(np.float64(-97.93464705855985), np.float64(-241.84168433008415))"
325,"((0, 5), (0, 13), (0, 15), (6, 7), (7, 10), (9, 17), (12, 17), (1, 9))","(np.float64(0.14856951524639614), np.float64(0.12674411234888705), np.float64(0.11402650863527033), np.float64(0.12643840611819024), np.float64(0.11955836577944427), np.float64(0.10536992049110926), np.float64(0.0935449973540477), np.float64(0.14151353056649696))","(np.float64(211.52389762285446), np.float64(101.2739399136608), np.float64(132.47661943949385), np.float64(-322.0695987062166), np.float64(321.9294457409458), np.float64(-40.16240666925944), np.float64(-39.566348272627124), np.float64(-169.69355853139962))"
326,"((2, 19),)","(np.float64(0.1391834148488439),)","(np.float64(111.66357036908045),)"
327,"((0, 10), (6, 18))","(np.float64(0.12870797319942057), np.float64(0.064532580819597))","(np.float64(-172.3577808909017), np.float64(102.41537379244346))"
329,"((10, 14),)","(np.float64(0.1438812161487928),)","(np.float64(28.864004485611986),)"
330,"((5, 7), (5, 14), (17, 19), (5, 16))","(np.float64(0.08891487145860004), np.float64(0.12702663000570466), np.float64(0.08331771819931533), np.float64(0.13300933446302496))","(np.float64(38.328118230306075), np.float64(183.40560264723052), np.float64(-51.226633030074936), np.float64(62.64965169221864))"
331,"((3, 16), (5, 14), (2, 16))","(np.float64(0.07880311662124179), np.float64(0.13169328700945018), np.float64(0.14698708015576806))","(np.float64(-194.36466206245632), np.float64(-162.58050256692155), np.float64(90.84911338465332))"
332,"((2, 12), (4, 12))","(np.float64(0.0947644011412899), np.float64(0.13987377644303534))","(np.float64(223.3627218657419), np.float64(285.63693126067807))"
333,"((1, 11), (1, 14), (5, 7), (11, 14), (11, 19))","(np.float64(0.07928444447849682), np.float64(0.04501613504486995), np.float64(0.13156749164128567), np.float64(0.10036654882616651), np.float64(0.10743625321676728))","(np.float64(-128.4305607875774), np.float64(218.7094649781568), np.float64(-73.84213161913965), np.float64(29.65257421238948), np.float64(-146.1387556720664))"
334,"((3, 13), (7, 18))","(np.float64(0.14491336089720927), np.float64(0.11416240059132667))","(np.float64(163.90340888441995), np.float64(-57.4669720377608))"
335,"((1, 7),)","(np.float64(0.10163090634466804),)","(np.float64(211.679006759213),)"
336,"((0, 16), (4, 9), (4, 6))","(np.float64(0.13499377015813266), np.float64(0.08797594397080805), np.float64(0.1482851542198419))","(np.float64(103.261040506195), np.float64(285.32019730291944), np.float64(1.2564573220099078))"
337,"((1, 10),)","(np.float64(0.07700220001704083),)","(np.float64(196.12163594317246),)"
338,"((2, 13), (8, 11), (4, 11))","(np.float64(0.066488525744671), np.float64(0.1365226732222151), np.float64(0.14941182547487283))","(np.float64(146.3953958749414), np.float64(-64.60174764728526), np.float64(-180.76146068168663))"
339,"((3, 17),)","(np.float64(0.1420247417574852),)","(np.float64(-107.79339623695381),)"
341,"((7, 17),)","(np.float64(0.02685774064040255),)","(np.float64(236.93103779717717),)"
342,"((9, 19),)","(np.float64(0.14710779524567386),)","(np.float64(74.46104481340001),)"
343,"((5, 7), (11, 16), (12, 14))","(np.float64(0.0551083231970552), np.float64(0.09048545572595636), np.float64(0.1498077650599624))","(np.float64(313.04970591318954), np.float64(-10.765786036562076), np.float64(5.036340794441628))"
344,"((3, 9),)","(np.float64(0.10681769395438842),)","(np.float64(228.51359814129347),)"
345,"((2, 9),)","(np.float64(0.1425311060069045),)","(np.float64(277.11265781246135),)"
346,"((3, 16), (10, 18))","(np.float64(0.0991117112666799), np.float64(0.039215662104591556))","(np.float64(154.1853624612333), np.float64(283.9258532600093))"
347,"((0, 13), (2, 17))","(np.float64(0.11967095194404903), np.float64(0.13358301446349705))","(np.float64(130.14685038632183), np.float64(-237.02578763848078))"
349,"((4, 17),)","(np.float64(0.1457601735289908),)","(np.float64(102.1110038067635),)"
350,"((6, 11), (3, 13))","(np.float64(0.14744664885492018), np.float64(0.14805198747372342))","(np.float64(-76.84934247034676), np.float64(212.92640281973985))"
352,"((0, 6), (1, 10), (4, 9), (4, 10))","(np.float64(0.14382806407816653), np.float64(0.09845420997882255), np.float64(0.12776870780961697), np.float64(0.14602218836326228))","(np.float64(-31.718197774260574), np.float64(148.47889553059758), np.float64(124.61691751223765), np.float64(162.37510331810142))"
353,"((2, 5), (5, 10), (6, 19), (0, 14))","(np.float64(0.09162239474801949), np.float64(0.12312979118728758), np.float64(0.1140993918156933), np.float64(0.13106203202218888))","(np.float64(24.179522196780283), np.float64(250.28363947931496), np.float64(23.20672902133714), np.float64(196.02633246429582))"
354,"((5, 19), (5, 14))","(np.float64(0.12366998452750684), np.float64(0.1272477815419043))","(np.float64(96.35918383972853), np.float64(173.11045975482995))"
355,"((0, 4), (3, 4))","(np.float64(0.13588714832302837), np.float64(0.13985107976398087))","(np.float64(-56.88996168607403), np.float64(-44.73967758629516))"
356,"((8, 16),)","(np.float64(0.14144968761694188),)","(np.float64(-188.77149668491265),)"
357,"((0, 6), (4, 9), (16, 17))","(np.float64(0.12227642154557318), np.float64(0.1360937448211236), np.float64(0.12648209827065027))","(np.float64(284.4173958627811), np.float64(254.14035952643906), np.float64(-138.1918133808676))"
358,"((1, 2), (6, 8))","(np.float64(0.10337097328564779), np.float64(0.1300664927459055))","(np.float64(-7.290999395766278), np.float64(17.592038642339787))"
360,"((4, 13),)","(np.float64(0.14418455395707866),)","(np.float64(-86.25749223934451),)"
361,"((13, 18),)","(np.float64(0.09494919644985386),)","(np.float64(-178.8939340932675),)"
363,"((11, 19),)","(np.float64(0.11097060974715421),)","(np.float64(-122.64870770970424),)"
364,"((2, 12), (1, 12), (1, 2))","(np.float64(0.1433579932944858), np.float64(0.12235049358233999), np.float64(0.0822352380715273))","(np.float64(-9.896480649411444), np.float64(261.12695936250014), np.float64(280.0097144927313))"
365,"((0, 15),)","(np.float64(0.12900973908502703),)","(np.float64(222.2057616983106),)"
366,"((3, 11), (9, 12), (13, 17), (0, 11))","(np.float64(0.12138757167701504), np.float64(0.06236379508510086), np.float64(0.11633985775959317), np.float64(0.14913560437700957))","(np.float64(184.70199415770162), np.float64(20.264496476301872), np.float64(-6.7707790972814905), np.float64(-15.689480456186402))"
367,"((0, 14),)","(np.float64(0.13458153379639268),)","(np.float64(151.50908608016042),)"
368,"((11, 14), (11, 17), (10, 13))","(np.float64(0.1498213119267876), np.float64(0.14632820964989976), np.float64(0.14934885930238181))","(np.float64(-159.60826228013718), np.float64(-85.49254415553219), np.float64(-174.0796574192845))"
370,"((2, 10),)","(np.float64(0.05777235106030061),)","(np.float64(179.38084435164413),)"
371,"((0, 16), (5, 19), (9, 14), (2, 9), (10, 19))","(np.float64(0.1352189867299256), np.float64(0.08020102818400666), np.float64(0.13139067357961748), np.float64(0.13412406287415385), np.float64(0.14879016116687555))","(np.float64(50.9276109711426), np.float64(79.5259940158337), np.float64(-154.83045658733892), np.float64(228.5777057411288), np.float64(-170.2545273030205))"
372,"((8, 15), (0, 12))","(np.float64(0.07116902514672346), np.float64(0.07547075954214107))","(np.float64(-245.2147787187145), np.float64(292.619715841872))"
373,"((1, 4),)","(np.float64(0.08869354574352678),)","(np.float64(-17.38594376934654),)"
374,"((3, 14),)","(np.float64(0.12720587614048087),)","(np.float64(-136.23297617479602),)"
375,"((4, 11), (3, 15), (1, 13))","(np.float64(0.14429278938415316), np.float64(0.13992492111931104), np.float64(0.14018655789935325))","(np.float64(284.41203473914294), np.float64(263.67770506693483), np.float64(311.9718529390449))"
376,"((7, 17),)","(np.float64(0.09099148558508793),)","(np.float64(-103.06819986723181),)"
377,"((0, 1), (0, 14))","(np.float64(0.10404509412927107), np.float64(0.14259367318345947))","(np.float64(-46.531672907352345), np.float64(100.09244905722278))"
379,"((6, 13),)","(np.float64(0.11092170858866045),)","(np.float64(-80.68983235282798),)"
380,"((1, 7), (10, 16))","(np.float64(0.13308594114379388), np.float64(0.08843824234472118))","(np.float64(259.66669495274607), np.float64(-9.78680155354806))"
382,"((4, 11),)","(np.float64(0.12251633846546663),)","(np.float64(217.43370844134859),)"
383,"((0, 8), (1, 7), (1, 14), (7, 14))","(np.float64(0.14893513841581943), np.float64(0.09615042264516048), np.float64(0.07652497354246582), np.float64(0.10688030888131388))","(np.float64(-145.22232885458152), np.float64(172.54704170136637), np.float64(274.34799582157086), np.float64(62.53485800509219))"
384,"((7, 15),)","(np.float64(0.042930104282262384),)","(np.float64(171.51666414155767),)"
385,"((4, 18), (6, 14))","(np.float64(0.12452278592639589), np.float64(0.14552058654927527))","(np.float64(-205.65457341265062), np.float64(-137.38687710744415))"
386,"((3, 15), (5, 11), (6, 13), (6, 19), (9, 18), (12, 16), (13, 19), (3, 16))","(np.float64(0.129106784257341), np.float64(0.14808079926318582), np.float64(0.07248848685072681), np.float64(0.09219181410104757), np.float64(0.06174074128307736), np.float64(0.11862516293802068), np.float64(0.07589982425368212), np.float64(0.04516582071584977))","(np.float64(213.27639063066698), np.float64(265.42601016264297), np.float64(-29.350448251984005), np.float64(-213.30661957398837), np.float64(-187.49840237503054), np.float64(28.91697600585877), np.float64(-186.39277105344968), np.float64(260.3507462605329))"
387,"((7, 10), (12, 19))","(np.float64(0.1396338730957499), np.float64(0.14363546748354797))","(np.float64(275.56138542458103), np.float64(-173.84289650193986))"
388,"((3, 14), (11, 18), (11, 16), (11, 14))","(np.float64(0.14796476769959285), np.float64(0.05113685513921268), np.float64(0.1459725874436555), np.float64(0.05494019482417038))","(np.float64(171.6555723192708), np.float64(-170.9519603568347), np.float64(-159.0633680006174), np.float64(232.83884383661336))"
389,"((14, 17), (2, 13))","(np.float64(0.12293833189358847), np.float64(0.14437254426403892))","(np.float64(-99.02641169634384), np.float64(-167.20408775477097))"
391,"((9, 18),)","(np.float64(0.1407575613628138),)","(np.float64(-171.8008134546439),)"
392,"((0, 12), (6, 10))","(np.float64(0.0826477659501237), np.float64(0.10258712743302904))","(np.float64(139.86356034151976), np.float64(285.27514563493406))"
393,"((7, 14),)","(np.float64(0.14868113374129363),)","(np.float64(-158.12721762230046),)"
394,"((6, 10), (16, 19), (1, 5), (5, 17))","(np.float64(0.10172801424463838), np.float64(0.03115577049366805), np.float64(0.1431939178865068), np.float64(0.14283278295882748))","(np.float64(-142.3509680326651), np.float64(-30.689908782525407), np.float64(-51.64895344037194), np.float64(154.70792929816471))"
395,"((0, 3), (2, 14))","(np.float64(0.14485814762557114), np.float64(0.11617290176155394))","(np.float64(27.69332810150314), np.float64(-100.90634255545478))"
396,"((2, 13), (2, 15), (13, 15))","(np.float64(0.09901890006364915), np.float64(0.08252913022821168), np.float64(0.043846658905009744))","(np.float64(183.9496527679787), np.float64(148.50061786469723), np.float64(-35.44903490328147))"
398,"((0, 13), (8, 16), (9, 19), (5, 13))","(np.float64(0.04902266541931639), np.float64(0.1396367464000885), np.float64(0.007981934266493447), np.float64(0.10729778262893858))","(np.float64(203.5279919364221), np.float64(301.35839975287774), np.float64(148.71035240296058), np.float64(-82.44319921200707))"
399,"((1, 16), (3, 15), (3, 11))","(np.float64(0.05423484128860348), np.float64(0.14402935231029051), np.float64(0.13221486869135285))","(np.float64(142.05780330557667), np.float64(29.34771609562779), np.float64(122.74715786193053))"
400,"((9, 13), (15, 18), (4, 11), (3, 14))","(np.float64(0.09747148749986122), np.float64(0.13445621936472088), np.float64(0.14822373307995898), np.float64(0.11769302392706657))","(np.float64(144.0603471028411), np.float64(-119.4611852181385), np.float64(69.74873465333076), np.float64(76.60277193992403))"
401,"((1, 11),)","(np.float64(0.10248116576785155),)","(np.float64(168.6445444179232),)"
403,"((14, 19), (2, 11))","(np.float64(0.08190761027904571), np.float64(0.14008450248465587))","(np.float64(-123.0574059015955), np.float64(98.21746276257682))"
404,"((0, 3), (3, 18), (13, 19))","(np.float64(0.11858504844227512), np.float64(0.14465495997439828), np.float64(0.14555011938967907))","(np.float64(25.890629246474248), np.float64(-2.1499968549858863), np.float64(-195.32062422845536))"
406,"((0, 2), (3, 5))","(np.float64(0.12264370955780382), np.float64(0.1079870872289924))","(np.float64(41.01910754245725), np.float64(33.45064061928184))"
407,"((7, 13), (2, 12))","(np.float64(0.0774245033988417), np.float64(0.12964885991068537))","(np.float64(243.17941618694277), np.float64(254.18999232817765))"
408,"((2, 13), (9, 19), (0, 10))","(np.float64(0.11630185321660627), np.float64(0.14001309219064575), np.float64(0.14633848249565087))","(np.float64(-31.62819125642551), np.float64(-169.51039376914684), np.float64(141.17297492656076))"
409,"((3, 14), (4, 11), (7, 18), (2, 6), (1, 5), (1, 13), (6, 13))","(np.float64(0.10236168573951344), np.float64(0.13683395955968974), np.float64(0.12364198040439286), np.float64(0.13417892662006325), np.float64(0.10688208503361306), np.float64(0.10280636692046047), np.float64(0.13093670074776442))","(np.float64(119.43659315604776), np.float64(-47.61615988234081), np.float64(-149.50522610628408), np.float64(63.612074141568456), np.float64(128.78263320963978), np.float64(79.60386056360974), np.float64(-68.50084727471335))"
410,"((14, 15), (2, 11))","(np.float64(0.13617318588644586), np.float64(0.14326955934972455))","(np.float64(-48.832494529203984), np.float64(121.40169273486265))"
411,"((2, 8), (9, 12), (0, 7))","(np.float64(0.11995027614900422), np.float64(0.145645052508649), np.float64(0.1367219463912882))","(np.float64(283.5248595368722), np.float64(4.764822844215075), np.float64(96.4005518590142))"
413,"((3, 7), (8, 11), (4, 12), (3, 15))","(np.float64(0.1124574733275411), np.float64(0.12747634383375445), np.float64(0.13152270052348872), np.float64(0.10747546900949499))","(np.float64(-90.32274792542711), np.float64(199.42459680086432), np.float64(174.90165186638296), np.float64(99.01794491633689))"
414,"((3, 14),)","(np.float64(0.09100215218493773),)","(np.float64(185.30175784158155),)"
415,"((9, 11),)","(np.float64(0.13257295164062036),)","(np.float64(229.59193139365692),)"
416,"((6, 14),)","(np.float64(0.14134290706092598),)","(np.float64(195.70304510916947),)"
418,"((3, 13), (4, 9), (5, 8), (10, 17), (5, 13))","(np.float64(0.10012683912722092), np.float64(0.13394294513251886), np.float64(0.0685573623780602), np.float64(0.14698627279118923), np.float64(0.12267726292668653))","(np.float64(184.03813392552854), np.float64(-84.73336640183976), np.float64(-19.489818438985765), np.float64(138.3447541255364), np.float64(340.1989233058281))"
419,"((5, 15), (6, 17), (14, 16), (16, 18), (13, 18), (13, 16), (11, 16), (11, 14))","(np.float64(0.11157926535963465), np.float64(0.0846650068362044), np.float64(0.1263407913084222), np.float64(0.12735468712111586), np.float64(0.1379631112524048), np.float64(0.1449433330723357), np.float64(0.09728608823837291), np.float64(0.1490159327423036))","(np.float64(208.90043649428088), np.float64(140.90126811647679), np.float64(-12.99006466828962), np.float64(4.414265598061775), np.float64(228.46467865481713), np.float64(153.0531573738101), np.float64(147.13410661230307), np.float64(111.12944831821324))"
420,"((0, 14), (4, 8), (11, 18), (1, 8), (11, 16))","(np.float64(0.10821391566228541), np.float64(0.12399315289766322), np.float64(0.06853789406622152), np.float64(0.04568286237179019), np.float64(0.14505533733783443))","(np.float64(164.90704780059946), np.float64(151.3063093854355), np.float64(-158.16573429264758), np.float64(151.54596291699863), np.float64(-59.31892753625186))"
421,"((3, 14), (3, 16), (5, 14))","(np.float64(0.04425135130326796), np.float64(0.08805998202569368), np.float64(0.12508190235227498))","(np.float64(-188.61059267759924), np.float64(-231.27844827691717), np.float64(-159.57756376485378))"
422,"((3, 9), (12, 14), (7, 14))","(np.float64(0.1295750781077357), np.float64(0.12595047638648185), np.float64(0.13900366825372992))","(np.float64(234.99432047185212), np.float64(-78.76038965461078), np.float64(-139.2266001756223))"
423,"((2, 18), (6, 12), (12, 16), (1, 11), (0, 7))","(np.float64(0.07862863796184721), np.float64(0.13590044494614584), np.float64(0.13611702902774364), np.float64(0.1339616865470317), np.float64(0.10836219080955214))","(np.float64(-14.804184697273143), np.float64(294.5714794054166), np.float64(-116.30960468270212), np.float64(99.84470066873234), np.float64(189.85418934130303))"
424,"((6, 16), (12, 14), (11, 16))","(np.float64(0.08830718469283726), np.float64(0.13504101634298601), np.float64(0.14078943719076795))","(np.float64(168.34663407027722), np.float64(-64.24604765749183), np.float64(-111.15958705625246))"
425,"((10, 17), (1, 11), (10, 18))","(np.float64(0.13949646019559964), np.float64(0.14778898843285618), np.float64(0.14895017243859474))","(np.float64(165.28611394564285), np.float64(-78.71546084685349), np.float64(20.250787389049094))"
426,"((11, 16),)","(np.float64(0.143115149116613),)","(np.float64(-60.528035164410085),)"
427,"((2, 4),)","(np.float64(0.10160931207912204),)","(np.float64(-59.523189458868444),)"
428,"((11, 13),)","(np.float64(0.08590888863605163),)","(np.float64(244.10542673624673),)"
429,"((5, 11), (7, 13), (15, 19), (8, 16))","(np.float64(0.13169269354168442), np.float64(0.04201918765903382), np.float64(0.13982240979056054), np.float64(0.11675075719526395))","(np.float64(-99.68194343621934), np.float64(-137.51439227530568), np.float64(-53.23696623284769), np.float64(-163.89584845704542))"
430,"((2, 11), (9, 19))","(np.float64(0.12088140124158016), np.float64(0.035544943396752834))","(np.float64(-71.4301261322139), np.float64(-188.2993339699364))"
432,"((1, 19),)","(np.float64(0.13846110569109418),)","(np.float64(19.421926806643853),)"
433,"((9, 15), (1, 13))","(np.float64(0.1428936489949188), np.float64(0.1293975779716996))","(np.float64(-104.46729961368726), np.float64(197.33661005634895))"
435,"((6, 19), (5, 15))","(np.float64(0.10187964031856171), np.float64(0.07242985542851156))","(np.float64(129.93814800073426), np.float64(140.29472216736013))"
436,"((1, 15),)","(np.float64(0.02950468102257445),)","(np.float64(173.58169192853455),)"
437,"((8, 11), (10, 14), (9, 18))","(np.float64(0.10100549834070559), np.float64(0.12585212025720396), np.float64(0.14389655687645578))","(np.float64(-3.279531240247934), np.float64(-73.36848061795524), np.float64(-178.2954834026798))"
438,"((7, 15),)","(np.float64(0.11408383547366267),)","(np.float64(-123.99617762430609),)"
441,"((2, 9),)","(np.float64(0.04250644746781312),)","(np.float64(247.61494096146993),)"
442,"((2, 12),)","(np.float64(0.14014336678364353),)","(np.float64(196.43925846729604),)"
443,"((10, 18),)","(np.float64(0.14135940161035906),)","(np.float64(-88.53948109330679),)"
445,"((4, 16),)","(np.float64(0.13857005769894468),)","(np.float64(110.41706349229594),)"
446,"((14, 16),)","(np.float64(0.1465382923468806),)","(np.float64(-65.28782787109526),)"
447,"((14, 19),)","(np.float64(0.14984127829602362),)","(np.float64(-48.1889375606828),)"
448,"((0, 2), (7, 13))","(np.float64(0.1424633903448433), np.float64(0.11145045113531978))","(np.float64(34.286821560921624), np.float64(-30.47581085761209))"
449,"((1, 18),)","(np.float64(0.11859098972458681),)","(np.float64(36.03289492893123),)"
450,"((7, 19), (3, 7), (1, 12))","(np.float64(0.11216886927600257), np.float64(0.13979903634616273), np.float64(0.02386805549277366))","(np.float64(-231.6322606888288), np.float64(286.32634832153377), np.float64(132.87813269103816))"
451,"((13, 19),)","(np.float64(0.045132284974084814),)","(np.float64(199.8187337037566),)"
452,"((3, 13), (6, 13))","(np.float64(0.11358546440067412), np.float64(0.1403472177462259))","(np.float64(191.43712451455679), np.float64(184.57131545417798))"
453,"((7, 8),)","(np.float64(0.13998022257758688),)","(np.float64(265.4505466741286),)"
455,"((3, 9),)","(np.float64(0.13421322032752692),)","(np.float64(243.732148491077),)"
456,"((3, 11), (8, 15))","(np.float64(0.0173400458461359), np.float64(0.14477488080214926))","(np.float64(200.85997043808845), np.float64(-148.07606204243223))"
458,"((0, 16), (1, 6), (7, 14), (7, 19), (13, 15), (10, 19))","(np.float64(0.14638301065272466), np.float64(0.08589317227352826), np.float64(0.09185618063854072), np.float64(0.13825298805528755), np.float64(0.11689739619453225), np.float64(0.1408962260459849))","(np.float64(-4.962596611515494), np.float64(291.4334998237892), np.float64(-233.56968940284787), np.float64(-263.24652955111003), np.float64(-206.63534829077395), np.float64(-191.99079863775626))"
460,"((3, 15), (11, 18))","(np.float64(0.09258256937298201), np.float64(0.1415630446619729))","(np.float64(-197.10526876959946), np.float64(-78.69536983817466))"
461,"((0, 4), (3, 9), (8, 15))","(np.float64(0.10901283640801974), np.float64(0.07582192622383249), np.float64(0.09781999861326388))","(np.float64(-15.13630927450481), np.float64(142.23294321285607), np.float64(-62.95642185672045))"
462,"((0, 18), (8, 11), (9, 17))","(np.float64(0.14218243974140737), np.float64(0.13033770921081977), np.float64(0.1361133393072591))","(np.float64(-33.71446119088185), np.float64(266.7163386409906), np.float64(-194.82851660906653))"
463,"((8, 13),)","(np.float64(0.08208203752980359),)","(np.float64(290.866836108032),)"
464,"((4, 17), (14, 19))","(np.float64(0.1445584913738687), np.float64(0.05294010107460018))","(np.float64(-252.1860539210764), np.float64(-119.10843872213349))"
465,"((8, 15), (8, 18), (15, 18))","(np.float64(0.04814517773056411), np.float64(0.07896809819692119), np.float64(0.08239719477257018))","(np.float64(297.13345588463375), np.float64(97.25250773015387), np.float64(-199.88094815447988))"
466,"((1, 14), (5, 15))","(np.float64(0.07715262740588914), np.float64(0.10793093589578052))","(np.float64(181.23786356466542), np.float64(224.20071441933584))"
467,"((9, 18),)","(np.float64(0.1406720557592826),)","(np.float64(-29.80961661925906),)"
468,"((1, 10),)","(np.float64(0.12938178231434247),)","(np.float64(216.66391185123229),)"
469,"((2, 19),)","(np.float64(0.1214789819516953),)","(np.float64(35.48257320498732),)"
470,"((11, 17),)","(np.float64(0.09506956179578706),)","(np.float64(182.55891409656505),)"
473,"((5, 7),)","(np.float64(0.032637867450534756),)","(np.float64(-8.683553119936562),)"
474,"((14, 15),)","(np.float64(0.12345097806174511),)","(np.float64(-48.32411768938107),)"
475,"((2, 19), (8, 16), (9, 17), (11, 13))","(np.float64(0.12244652003718587), np.float64(0.12208865090981663), np.float64(0.13587962677238627), np.float64(0.06126880342996763))","(np.float64(-306.15574794458536), np.float64(-67.40396442850425), np.float64(-144.2570195275627), np.float64(-48.417038297609))"
476,"((9, 18), (5, 17))","(np.float64(0.13465530593191655), np.float64(0.1465674496633375))","(np.float64(194.2338712827348), np.float64(177.96918446133793))"
478,"((5, 18), (11, 15), (8, 15))","(np.float64(0.08449768302681779), np.float64(0.07582909721940548), np.float64(0.11041395164715866))","(np.float64(-233.48861305008256), np.float64(-221.1187478292344), np.float64(-216.06479110334897))"
479,"((1, 11),)","(np.float64(0.13730900441323057),)","(np.float64(147.88139638902766),)"
480,"((8, 9),)","(np.float64(0.1481875603583215),)","(np.float64(40.601692220685834),)"
481,"((1, 10), (13, 17))","(np.float64(0.14153625382598345), np.float64(0.13882826845257587))","(np.float64(220.38241185146893), np.float64(-334.811891905564))"
483,"((2, 12), (12, 17), (10, 19))","(np.float64(0.12479848437251699), np.float64(0.12398123618021346), np.float64(0.1329254186366295))","(np.float64(229.69276499968356), np.float64(248.51523567569734), np.float64(185.0569134754294))"
484,"((8, 19), (5, 12))","(np.float64(0.026783066492551445), np.float64(0.14134843691740376))","(np.float64(-130.39986772579186), np.float64(-169.34242315599914))"
485,"((13, 15), (9, 18))","(np.float64(0.06578176325826263), np.float64(0.14948724750979103))","(np.float64(-59.682431813796825), np.float64(-134.76432403428745))"
486,"((1, 9),)","(np.float64(0.060469351671994874),)","(np.float64(192.5244303782752),)"
487,"((2, 12), (6, 18), (6, 10))","(np.float64(0.09471809194173818), np.float64(0.13059461940083855), np.float64(0.1372273828164178))","(np.float64(157.43005727784998), np.float64(137.65511514728996), np.float64(181.20189120672188))"
488,"((0, 1), (3, 13), (5, 10), (5, 19), (10, 19), (8, 13))","(np.float64(0.10775202932887461), np.float64(0.09763951708143268), np.float64(0.12424959809162282), np.float64(0.02462776349596816), np.float64(0.14799798670606396), np.float64(0.11667880605906294))","(np.float64(36.726310887124725), np.float64(113.44035096062154), np.float64(-92.00705626671936), np.float64(61.38802571517087), np.float64(153.39508198189023), np.float64(249.05116777163903))"
489,"((0, 12), (8, 17))","(np.float64(0.07713530172758551), np.float64(0.14850291185682277))","(np.float64(197.11129970767604), np.float64(-129.10630442888072))"
490,"((4, 13),)","(np.float64(0.14264340487778907),)","(np.float64(96.6218707388569),)"
491,"((4, 12), (7, 16), (12, 19))","(np.float64(0.09006692587308943), np.float64(0.11387532897668264), np.float64(0.11399402181036031))","(np.float64(252.84724127654175), np.float64(-56.76417414320099), np.float64(-122.25679946557489))"
492,"((1, 7), (2, 3), (2, 4), (3, 4), (4, 15), (14, 18), (0, 14), (1, 18))","(np.float64(0.1490560369688797), np.float64(0.07951652763547151), np.float64(0.10362708183335641), np.float64(0.09489621586069114), np.float64(0.1486136526331318), np.float64(0.11063563349203258), np.float64(0.13193042569490415), np.float64(0.10193272814428876))","(np.float64(227.5321397097523), np.float64(-28.59396312560625), np.float64(9.1324374527901), np.float64(37.72640057839635), np.float64(204.39958719187433), np.float64(23.662063658459886), np.float64(107.1202750196851), np.float64(274.8097979104387))"
493,"((0, 14),)","(np.float64(0.11259306056211328),)","(np.float64(114.14633374680847),)"
494,"((7, 15), (11, 16))","(np.float64(0.13878156446214313), np.float64(0.1404809552684275))","(np.float64(-158.97756611307585), np.float64(-140.8363298512994))"
495,"((0, 19), (2, 3), (4, 19))","(np.float64(0.09149739784114), np.float64(0.11187928549608461), np.float64(0.13773796879950878))","(np.float64(-38.46592485532574), np.float64(-45.926215271931426), np.float64(86.98048778033305))"
496,"((8, 18), (11, 19), (8, 11))","(np.float64(0.10152103180621798), np.float64(0.10853070535436203), np.float64(0.10064907315470774))","(np.float64(147.4658162111067), np.float64(-154.6128216983234), np.float64(288.8370992146282))"
497,"((0, 10), (9, 19), (15, 19))","(np.float64(0.07597225609651727), np.float64(0.10067784048093796), np.float64(0.14874082061667224))","(np.float64(204.25064080874415), np.float64(-203.98857381772888), np.float64(-63.91066265168416))"
498,"((7, 18), (15, 17))","(np.float64(0.10696380236763309), np.float64(0.10504508892233248))","(np.float64(115.96853620729078), np.float64(-154.30003920516373))"
499,"((0, 3), (0, 16), (2, 3), (2, 16), (3, 16), (5, 6), (7, 15), (6, 15), (3, 13), (2, 12))","(np.float64(0.13209600492153373), np.float64(0.07748607527078026), np.float64(0.0712166525151739), np.float64(0.13308947873362043), np.float64(0.06446459536433345), np.float64(0.10713841247134266), np.float64(0.05772587468714973), np.float64(0.14649669628620246), np.float64(0.12523671808058104), np.float64(0.13483100810142404))","(np.float64(-45.04963280274535), np.float64(152.76164009386883), np.float64(-0.903375741867535), np.float64(196.90789715474665), np.float64(197.81127289661418), np.float64(233.86923532515635), np.float64(-93.02698756834292), np.float64(-66.6202299416313), np.float64(188.0299656792546), np.float64(231.50631892925674))"
500,"((0, 7), (1, 18), (11, 19))","(np.float64(0.09606694596445475), np.float64(0.09738388127206919), np.float64(0.09022616935002632))","(np.float64(244.86875617277713), np.float64(-3.222363832037729), np.float64(-197.96492975610414))"
502,"((0, 14),)","(np.float64(0.13278855946235452),)","(np.float64(165.10359491778127),)"
503,"((0, 12), (7, 15), (14, 18), (0, 14))","(np.float64(0.09020423983404033), np.float64(0.13495084905220348), np.float64(0.042773017699792096), np.float64(0.1137726275006737))","(np.float64(266.3176381951741), np.float64(247.85535420222203), np.float64(-186.0709988149972), np.float64(217.20943960910557))"
504,"((0, 17), (6, 9), (11, 15), (4, 11), (3, 11), (4, 13))","(np.float64(0.13368789523176133), np.float64(0.14815767780027478), np.float64(0.14192240748679452), np.float64(0.13129632946986833), np.float64(0.14559649364651153), np.float64(0.13552897843590517))","(np.float64(36.143997190030376), np.float64(-33.000072580471226), np.float64(9.620197160897249), np.float64(-162.2780549391028), np.float64(-171.77811210223655), np.float64(-61.78142896628526))"
506,"((1, 16), (7, 8))","(np.float64(0.0494043601354599), np.float64(0.12213529275236386))","(np.float64(200.3902574815612), np.float64(-1.8846630299590856))"
507,"((7, 14),)","(np.float64(0.11950068546653235),)","(np.float64(231.58961106685592),)"
508,"((7, 9), (13, 14))","(np.float64(0.10581704710159458), np.float64(0.09911995068410413))","(np.float64(40.78442270472277), np.float64(-46.55648298893999))"
509,"((12, 13), (3, 12))","(np.float64(0.11868799848746231), np.float64(0.14873211352465202))","(np.float64(-45.4103968399761), np.float64(134.63600316596126))"
510,"((7, 18), (8, 12))","(np.float64(0.0009552270647559761), np.float64(0.026046441764082585))","(np.float64(176.04324397614457), np.float64(230.4655491233131))"
512,"((2, 19), (5, 18))","(np.float64(0.034720065730867694), np.float64(0.1284623604752921))","(np.float64(125.41129098177069), np.float64(181.95800559798005))"
513,"((16, 17), (10, 18), (3, 18))","(np.float64(0.1117058640993868), np.float64(0.14594509461431746), np.float64(0.1295777584413146))","(np.float64(-1.9189917980239102), np.float64(176.24242338434232), np.float64(152.42044808189598))"
514,"((5, 8),)","(np.float64(0.1489602558363954),)","(np.float64(275.2462950294456),)"
516,"((11, 12),)","(np.float64(0.11476050073994859),)","(np.float64(42.37699489969651),)"
517,"((16, 17), (2, 16), (0, 7))","(np.float64(0.10835775212977763), np.float64(0.061416327144965546), np.float64(0.12579525312793446))","(np.float64(-0.9660087463839773), np.float64(67.61278026085404), np.float64(160.02262165850408))"
518,"((1, 13), (5, 19))","(np.float64(0.040083603273709), np.float64(0.0579546091349021))","(np.float64(90.0361258446739), np.float64(94.3183555698669))"
519,"((0, 2), (5, 17), (9, 10), (13, 15))","(np.float64(0.13860219801034435), np.float64(0.05349917009446121), np.float64(0.09458546260556107), np.float64(0.1198844986187019))","(np.float64(273.79217245973916), np.float64(-165.59674754202393), np.float64(-54.79839967258897), np.float64(18.192431178799836))"
520,"((2, 8), (2, 19), (8, 19))","(np.float64(0.08682099978364292), np.float64(0.014755678756891308), np.float64(0.03815291023027885))","(np.float64(-41.564793377823435), np.float64(82.94637619501506), np.float64(124.51134504891272))"
521,"((3, 10), (3, 14), (10, 14))","(np.float64(0.05863279759766074), np.float64(0.1252465551810906), np.float64(0.0757346174108607))","(np.float64(-12.492123925341673), np.float64(178.41874478753618), np.float64(190.91086871287786))"
523,"((11, 19), (14, 18))","(np.float64(0.13124509969177447), np.float64(0.09873756858029299))","(np.float64(-172.04949733203824), np.float64(-102.56623446080937))"
524,"((7, 19), (8, 19))","(np.float64(0.12128307391050429), np.float64(0.10846219221585064))","(np.float64(-205.77748084432693), np.float64(-90.13888391031264))"
525,"((1, 17),)","(np.float64(0.08238139235051385),)","(np.float64(124.7206112162113),)"
526,"((1, 2), (1, 8), (2, 8))","(np.float64(0.13704253389252488), np.float64(0.11662242138138856), np.float64(0.08138707001282498))","(np.float64(-80.01886216356468), np.float64(-89.37369231111728), np.float64(-9.354830147552605))"
527,"((2, 19), (3, 9), (11, 13))","(np.float64(0.1395480637482162), np.float64(0.09262551248999185), np.float64(0.1252640494759106))","(np.float64(13.208368687997336), np.float64(-159.04454874375966), np.float64(-99.96074827494422))"
528,"((9, 11),)","(np.float64(0.10153617528027847),)","(np.float64(-67.45247203087422),)"
529,"((5, 18),)","(np.float64(0.020323766647367594),)","(np.float64(119.797428621769),)"
530,"((6, 9),)","(np.float64(0.10541495112874875),)","(np.float64(56.667882562544264),)"
531,"((1, 10),)","(np.float64(0.14516563519510794),)","(np.float64(-28.11554827707539),)"
532,"((1, 8), (2, 19), (3, 14), (5, 16), (6, 17))","(np.float64(0.13810478314357857), np.float64(0.07694265350699085), np.float64(0.10690912199520734), np.float64(0.1219692654168643), np.float64(0.13150297586584003))","(np.float64(177.18617228037513), np.float64(81.90407629140321), np.float64(122.97400669388185), np.float64(-158.08403913051717), np.float64(105.42749633938399))"
534,"((1, 11), (4, 7))","(np.float64(0.12066816441534073), np.float64(0.12762208141448367))","(np.float64(144.68790498946112), np.float64(129.8352341682161))"
535,"((6, 15), (12, 13), (13, 17), (4, 14), (3, 15), (4, 12))","(np.float64(0.10128729610339535), np.float64(0.13974167689140868), np.float64(0.06300426474053536), np.float64(0.11312833175800519), np.float64(0.14808319433949188), np.float64(0.13050028184224924))","(np.float64(106.9766458126164), np.float64(41.35719604268854), np.float64(-80.02646020511145), np.float64(190.04694124988717), np.float64(153.019450698058), np.float64(143.21378522991014))"
538,"((0, 11), (13, 19), (10, 16))","(np.float64(0.05969689516829571), np.float64(0.10157133033818451), np.float64(0.14172941246056292))","(np.float64(86.09094892753205), np.float64(-75.7709199802539), np.float64(50.069143193795924))"
539,"((0, 11),)","(np.float64(0.14794519976535114),)","(np.float64(138.96028750049516),)"
540,"((7, 13),)","(np.float64(0.1365585244994868),)","(np.float64(-28.616302773536518),)"
541,"((3, 6), (11, 18))","(np.float64(0.07324759414642558), np.float64(0.14295038288457088))","(np.float64(-103.24324107268444), np.float64(181.50665000879644))"
542,"((3, 7), (10, 19), (4, 15), (8, 19))","(np.float64(0.05961164232897208), np.float64(0.13190741681482038), np.float64(0.14993473138220664), np.float64(0.1331863681422734))","(np.float64(-55.38862698589753), np.float64(-148.63520363548076), np.float64(-30.263064151175683), np.float64(-145.5871022493037))"
543,"((2, 5), (2, 14), (5, 14), (8, 12), (9, 18), (11, 17))","(np.float64(0.13881279165621624), np.float64(0.13548994524956096), np.float64(0.10660146201837711), np.float64(0.04072286577455951), np.float64(0.08546898426000832), np.float64(0.11189789356458228))","(np.float64(-51.10069160226681), np.float64(127.91850886374067), np.float64(179.01920046600748), np.float64(166.2053414510508), np.float64(122.2287218564432), np.float64(-94.95626923973222))"
545,"((9, 16),)","(np.float64(0.1368881937112687),)","(np.float64(-104.13813483667161),)"
546,"((0, 18), (2, 13), (3, 13))","(np.float64(0.11640430428152937), np.float64(0.0947161083099993), np.float64(0.09500462436355124))","(np.float64(129.8617775600158), np.float64(167.88505804578517), np.float64(-120.0177646531867))"
547,"((6, 13), (8, 15), (10, 14), (13, 19), (1, 8), (3, 13))","(np.float64(0.1226603391654887), np.float64(0.02255715246840674), np.float64(0.034092025778888126), np.float64(0.0991059111755933), np.float64(0.11723949666401406), np.float64(0.1494286472214059))","(np.float64(199.61619217051845), np.float64(193.28259145258608), np.float64(-22.450264736538827), np.float64(-114.51293330849236), np.float64(-55.1733185677997), np.float64(200.4563816201167))"
548,"((0, 7), (16, 19), (15, 18), (14, 16), (0, 15))","(np.float64(0.07146910983506514), np.float64(0.10296949751515017), np.float64(0.149423434337207), np.float64(0.14789398057358535), np.float64(0.13907277495494383))","(np.float64(191.68158092049234), np.float64(42.43322758458078), np.float64(-165.04536780122453), np.float64(-196.58485362297534), np.float64(196.45609706711645))"
549,"((4, 11),)","(np.float64(0.1189072282424405),)","(np.float64(248.48885388822322),)"
550,"((3, 5), (7, 19))","(np.float64(0.07586903839590549), np.float64(0.08228800499101283))","(np.float64(-49.44483305807404), np.float64(126.57088289258022))"
551,"((2, 18),)","(np.float64(0.10503708897049409),)","(np.float64(66.89380144874033),)"
553,"((0, 6), (8, 10), (9, 16), (12, 19))","(np.float64(0.10182559999996448), np.float64(0.14151309903432552), np.float64(0.10868252731113044), np.float64(0.1420963039915421))","(np.float64(-40.613104523674934), np.float64(176.12838638090585), np.float64(-113.30415740614706), np.float64(15.59520369625966))"
555,"((2, 9),)","(np.float64(0.09015464786141009),)","(np.float64(-131.55744237338365),)"
556,"((6, 13),)","(np.float64(0.14792352624519492),)","(np.float64(196.5916065004124),)"
557,"((3, 8), (0, 13), (13, 17), (1, 9), (5, 6))","(np.float64(0.1278791230663949), np.float64(0.12230872867092786), np.float64(0.13304950600883164), np.float64(0.11229525394728186), np.float64(0.14348264556876342))","(np.float64(188.13494010689863), np.float64(149.08235606917313), np.float64(-61.824366103839225), np.float64(109.58556474347509), np.float64(-91.29306521689745))"
558,"((7, 14),)","(np.float64(0.009289332932356583),)","(np.float64(-5.689526974523176),)"
559,"((1, 14), (7, 11), (8, 14))","(np.float64(0.11851554654628589), np.float64(0.09242408196535545), np.float64(0.11167702639681854))","(np.float64(171.83582566445617), np.float64(-84.21668285580341), np.float64(-34.91284476566241))"
560,"((0, 7), (2, 10), (3, 19), (8, 15), (4, 7))","(np.float64(0.04350612258185839), np.float64(0.14432129270112315), np.float64(0.040340143164208184), np.float64(0.14142361463161254), np.float64(0.12809298088234056))","(np.float64(159.70915342899707), np.float64(174.89546805869648), np.float64(47.332586270541924), np.float64(-81.13323137268424), np.float64(45.192489032232885))"
562,"((0, 2), (12, 13))","(np.float64(0.09822333135215694), np.float64(0.1464815774415526))","(np.float64(-87.66443319734628), np.float64(28.12222821058495))"
563,"((2, 6), (3, 16))","(np.float64(0.12831879974828206), np.float64(0.13463688608819135))","(np.float64(-124.72631266690937), np.float64(-171.1844099394973))"
564,"((10, 11),)","(np.float64(0.14005964044548846),)","(np.float64(43.59381946648455),)"
568,"((3, 15), (4, 5), (4, 11))","(np.float64(0.11985568817787881), np.float64(0.14088983843094002), np.float64(0.13798606629188181))","(np.float64(265.27364835212654), np.float64(-12.269474456156843), np.float64(260.938736909081))"
569,"((9, 19),)","(np.float64(0.1355332192451392),)","(np.float64(-217.6363237545703),)"
571,"((8, 9), (10, 15))","(np.float64(0.13947610129411903), np.float64(0.14402501502423462))","(np.float64(-61.4174537446022), np.float64(31.734764945185646))"
573,"((12, 18), (16, 17))","(np.float64(0.13776015509210218), np.float64(0.14296587560890375))","(np.float64(182.6054896234965), np.float64(212.1056286679277))"
574,"((7, 12), (13, 19))","(np.float64(0.10894778832355108), np.float64(0.10482613326368317))","(np.float64(1.8275356931468991), np.float64(-164.79507005496686))"
575,"((12, 17),)","(np.float64(0.09856245765451808),)","(np.float64(-89.48417211850403),)"
576,"((3, 7), (3, 10), (10, 12), (3, 12), (10, 18), (9, 19), (10, 19))","(np.float64(0.14672204926854204), np.float64(0.055404542961451364), np.float64(0.08749292771456477), np.float64(0.1296103456677262), np.float64(0.14859855980079228), np.float64(0.08081913969039604), np.float64(0.11415491284070178))","(np.float64(223.185147739039), np.float64(196.689457039104), np.float64(-69.09771921069682), np.float64(82.60403450504293), np.float64(-132.54589767878042), np.float64(-144.26255619968902), np.float64(-174.6995294291906))"
577,"((1, 4),)","(np.float64(0.017124123052383467),)","(np.float64(-43.27997794463229),)"
578,"((1, 2), (7, 14), (2, 9), (2, 10))","(np.float64(0.12944272976484877), np.float64(0.1147882160246874), np.float64(0.12578660109723344), np.float64(0.11451944566574056))","(np.float64(-40.486323120806276), np.float64(-139.4183104813511), np.float64(-110.40582035106536), np.float64(187.7189121724915))"
579,"((2, 14), (6, 7), (6, 16), (7, 16), (0, 12))","(np.float64(0.12841597227058804), np.float64(0.0722934199833853), np.float64(0.0724062154109118), np.float64(0.0981072831134667), np.float64(0.14793851003950495))","(np.float64(185.32793467166363), np.float64(-57.70315850975294), np.float64(150.3908555652567), np.float64(208.09401407500962), np.float64(139.06363140379742))"
580,"((5, 19), (13, 15), (7, 18), (11, 16))","(np.float64(0.11561089997491138), np.float64(0.07936661774587092), np.float64(0.1491205797839561), np.float64(0.1297062237855325))","(np.float64(-260.0884709297174), np.float64(36.52124543597557), np.float64(-186.96973788330547), np.float64(-86.58611010668886))"
582,"((0, 10), (1, 17), (4, 6), (11, 12))","(np.float64(0.017738907038643104), np.float64(0.11274670849844233), np.float64(0.12750372548914274), np.float64(0.06217415528941229))","(np.float64(176.2995156382828), np.float64(50.736044935501354), np.float64(18.54738049940255), np.float64(40.60593834437975))"
583,"((11, 14), (10, 17))","(np.float64(0.09379720961116254), np.float64(0.13475364922596014))","(np.float64(-154.8445545118927), np.float64(-179.27019085437635))"
584,"((0, 18), (6, 8), (9, 10))","(np.float64(0.1040998129800391), np.float64(0.14013577443601197), np.float64(0.05012040860903287))","(np.float64(68.11893287152739), np.float64(255.9675713205865), np.float64(35.639780116431496))"
585,"((7, 18), (5, 18))","(np.float64(0.0760289501019391), np.float64(0.14813936575697803))","(np.float64(176.82523272403375), np.float64(149.9651447016592))"
586,"((6, 17),)","(np.float64(0.13291762778903707),)","(np.float64(73.1904547056809),)"
588,"((2, 6),)","(np.float64(0.12944818628083038),)","(np.float64(235.49159564633942),)"
589,"((13, 18),)","(np.float64(0.12069637919101536),)","(np.float64(-25.003993717058023),)"
591,"((6, 19), (0, 13))","(np.float64(0.030600961015851816), np.float64(0.1415381550041212))","(np.float64(-217.98813466120447), np.float64(82.0054531707462))"
592,"((1, 19), (2, 15), (3, 19), (12, 16))","(np.float64(0.14094956704131054), np.float64(0.10009316558465443), np.float64(0.10551192870423179), np.float64(0.09961977403209261))","(np.float64(67.25582776211428), np.float64(15.980941564759092), np.float64(68.54920577912588), np.float64(-91.02203161574255))"
593,"((4, 16),)","(np.float64(0.14659538659247387),)","(np.float64(144.99857748611254),)"
594,"((0, 3), (4, 8), (8, 17))","(np.float64(0.07302078687379744), np.float64(0.12319479390776558), np.float64(0.13850880969768617))","(np.float64(23.226695815929133), np.float64(-89.09830408550829), np.float64(231.25788535407128))"
595,"((3, 8), (3, 15), (8, 12), (4, 9))","(np.float64(0.10857028770065143), np.float64(0.11218274534384402), np.float64(0.14944558489786505), np.float64(0.13909360117387837))","(np.float64(229.4003532780456), np.float64(-11.512063943141015), np.float64(-71.26818962351763), np.float64(297.20146914597564))"
596,"((3, 13), (4, 6), (9, 12))","(np.float64(0.07376291915582792), np.float64(0.11326278547390352), np.float64(0.12613284099598351))","(np.float64(190.7591656662338), np.float64(290.9006390259895), np.float64(-107.89531944787814))"
597,"((4, 17), (7, 10), (10, 14))","(np.float64(0.14873215204887583), np.float64(0.08894512035884955), np.float64(0.12552443284404302))","(np.float64(-125.0865877559036), np.float64(-29.27571680399899), np.float64(-52.76690793212731))"
600,"((6, 19), (16, 19))","(np.float64(0.1215375156450579), np.float64(0.11990541844729914))","(np.float64(-208.34698814943465), np.float64(-137.94438982088315))"
601,"((1, 15),)","(np.float64(0.14625021425641163),)","(np.float64(90.70341510313574),)"
602,"((12, 19),)","(np.float64(0.148438754202383),)","(np.float64(-79.98989306395333),)"
603,"((1, 11), (15, 17), (8, 19))","(np.float64(0.07105772179833597), np.float64(0.03608295594527922), np.float64(0.14472774557986945))","(np.float64(130.59519141553284), np.float64(-32.75395430923166), np.float64(-203.71433525987578))"
604,"((6, 15), (9, 17), (16, 19), (2, 16), (5, 15))","(np.float64(0.0945252058162226), np.float64(0.14548022675604536), np.float64(0.14274741008679975), np.float64(0.12783992524357515), np.float64(0.13427297899181104))","(np.float64(207.0002661834602), np.float64(-196.2541448293866), np.float64(-79.61815184947304), np.float64(38.86105161661379), np.float64(130.48316325439788))"
605,"((5, 13),)","(np.float64(0.11489900432083552),)","(np.float64(-40.62603362288422),)"
606,"((0, 6), (3, 5), (3, 18), (5, 18), (12, 19))","(np.float64(0.056748397108804235), np.float64(0.1421108447834841), np.float64(0.10346104680362242), np.float64(0.04592840949274761), np.float64(0.13664241344535946))","(np.float64(204.59975617289524), np.float64(-83.57748909976334), np.float64(-242.37990727073827), np.float64(-158.80241817097493), np.float64(-174.34272554024614))"
607,"((4, 14),)","(np.float64(0.1397700259626786),)","(np.float64(121.22212109920622),)"
609,"((0, 12), (0, 13))","(np.float64(0.055863398330285384), np.float64(0.14811150365973846))","(np.float64(123.06026030605793), np.float64(61.804557422925285))"
611,"((1, 11), (4, 8), (9, 14), (15, 19))","(np.float64(0.05572064933326353), np.float64(0.12115135062220399), np.float64(0.10887041863292782), np.float64(0.1031407442597139))","(np.float64(-151.96129232832655), np.float64(268.7462525112413), np.float64(-157.56223870356217), np.float64(-56.02706751561766))"
612,"((7, 16), (12, 16), (0, 7))","(np.float64(0.04142203351976556), np.float64(0.13021631504500134), np.float64(0.14163824991739365))","(np.float64(134.126519886192), np.float64(-149.80911030148133), np.float64(-23.449632268960272))"
613,"((1, 10), (4, 14))","(np.float64(0.1383307853177449), np.float64(0.14777071530654978))","(np.float64(176.42108906061358), np.float64(183.69664228170302))"
614,"((1, 11),)","(np.float64(0.09599183332461621),)","(np.float64(211.19083110367876),)"
615,"((1, 2), (3, 14), (12, 18), (8, 17))","(np.float64(0.1206260918021896), np.float64(0.143343278753146), np.float64(0.13952586401685227), np.float64(0.13553487287927451))","(np.float64(-54.756945286165376), np.float64(71.57752425386539), np.float64(68.25400522972711), np.float64(202.52814586989462))"
616,"((9, 19), (12, 14), (13, 18))","(np.float64(0.0637071650106284), np.float64(0.13304719696759992), np.float64(0.09128854646414129))","(np.float64(-196.66494446787976), np.float64(-49.13840431662538), np.float64(-110.84779949325025))"
617,"((0, 11),)","(np.float64(0.08708259044730418),)","(np.float64(-83.84590642139301),)"
618,"((2, 14), (6, 10))","(np.float64(0.0747903170615057), np.float64(0.069804996462699))","(np.float64(148.3068742348109), np.float64(-122.23693650278841))"
619,"((8, 17),)","(np.float64(0.14193518154762313),)","(np.float64(-141.3355731325468),)"
620,"((12, 19), (5, 12), (9, 19))","(np.float64(0.107708533853785), np.float64(0.10956516595093417), np.float64(0.13947304567395838))","(np.float64(-198.7612364856122), np.float64(-28.650214031078804), np.float64(-245.44417720143957))"
621,"((0, 6), (11, 14))","(np.float64(0.12434546666108628), np.float64(0.11728352980065053))","(np.float64(-81.66174306416877), np.float64(-130.7174523061568))"
622,"((1, 13),)","(np.float64(0.02463773106504427),)","(np.float64(180.52566724525855),)"
623,"((5, 17),)","(np.float64(0.08493779404394557),)","(np.float64(152.97341019568194),)"
624,"((0, 10), (1, 4), (3, 17), (7, 19), (11, 14), (14, 15), (15, 19), (14, 19), (8, 12))","(np.float64(0.08182812605364727), np.float64(0.1340360931254154), np.float64(0.1258452158024936), np.float64(0.14140143938077687), np.float64(0.12769172227218611), np.float64(0.13537727804129526), np.float64(0.09228248560869304), np.float64(0.1131063642492049), np.float64(0.12472940752440358))","(np.float64(11.915550868159073), np.float64(-13.231386576379464), np.float64(95.6715541495688), np.float64(125.6656875077922), np.float64(15.407430476594584), np.float64(45.442881703631826), np.float64(-68.21516736113551), np.float64(-49.85004063186892), np.float64(119.15982596345839))"
625,"((12, 15),)","(np.float64(0.1396507917091571),)","(np.float64(-98.29401786452752),)"
626,"((3, 5),)","(np.float64(0.047049497568288245),)","(np.float64(-44.332267647427045),)"
627,"((7, 12), (16, 18))","(np.float64(0.09575568850991346), np.float64(0.12963740118714728))","(np.float64(-131.48940994684114), np.float64(-166.28625606438158))"
628,"((2, 7),)","(np.float64(0.07306365234281666),)","(np.float64(194.2438646453321),)"
630,"((5, 14),)","(np.float64(0.1452725959273483),)","(np.float64(-177.3685337895359),)"
631,"((6, 13), (6, 14))","(np.float64(0.13374042489554708), np.float64(0.11405139454729343))","(np.float64(213.23227865767421), np.float64(166.7388017371943))"
632,"((7, 11), (8, 17), (0, 8))","(np.float64(0.09566488030552638), np.float64(0.10020454269230304), np.float64(0.13803201355858935))","(np.float64(238.1908831984042), np.float64(-181.21482051281657), np.float64(-68.8677374161407))"
633,"((5, 8), (8, 18))","(np.float64(0.0898237769799015), np.float64(0.10025943885666085))","(np.float64(305.4213019794963), np.float64(-99.71336112921028))"
634,"((5, 6),)","(np.float64(0.07980211485033235),)","(np.float64(-47.55609006273107),)"
635,"((3, 7), (15, 18))","(np.float64(0.133624011032483), np.float64(0.10701374409594515))","(np.float64(-39.07991179862279), np.float64(-17.773941938758895))"
637,"((6, 9),)","(np.float64(0.13084488299022734),)","(np.float64(0.9515280146008536),)"
638,"((11, 18),)","(np.float64(0.14051666900658677),)","(np.float64(-166.38133556577702),)"
639,"((6, 19), (15, 19))","(np.float64(0.12425340597666326), np.float64(0.11020778344850062))","(np.float64(-267.30063094633596), np.float64(-80.0063274567598))"
641,"((2, 13),)","(np.float64(0.14714797353593106),)","(np.float64(278.15243922553145),)"
643,"((0, 14), (1, 6), (13, 18), (1, 10), (1, 18))","(np.float64(0.1415562239811442), np.float64(0.09121691562807559), np.float64(0.1483055548959715), np.float64(0.08282174580935785), np.float64(0.13267552697209156))","(np.float64(176.81961134832784), np.float64(-36.26809322588633), np.float64(-82.36595854387636), np.float64(-182.21893484420536), np.float64(7.911984825272725))"
644,"((2, 19), (3, 8), (8, 14))","(np.float64(0.1444043545296101), np.float64(0.14877093298167132), np.float64(0.14160055931617818))","(np.float64(137.69630711881828), np.float64(-12.86392459796565), np.float64(213.9226316819918))"
645,"((7, 9), (3, 17), (2, 10))","(np.float64(0.09094425954683007), np.float64(0.14197344566488823), np.float64(0.13438129232748744))","(np.float64(-64.64194854870988), np.float64(101.5357994480849), np.float64(153.86283965596039))"
646,"((12, 13), (15, 18), (5, 17))","(np.float64(0.08237422100840479), np.float64(0.13186905170266247), np.float64(0.12651688707629238))","(np.float64(33.939171857327835), np.float64(-159.77124679183345), np.float64(-170.793353905657))"
647,"((4, 18),)","(np.float64(0.1261633465194993),)","(np.float64(-44.94499510057847),)"
648,"((0, 9), (3, 11), (5, 16), (6, 9), (1, 8))","(np.float64(0.08740318217277523), np.float64(0.09223605744836164), np.float64(0.027154077395882548), np.float64(0.14753882790683717), np.float64(0.14096827431743833))","(np.float64(170.11627592689428), np.float64(195.12484034797575), np.float64(-175.65351340243762), np.float64(-21.81100686631305), np.float64(207.64341110718982))"
649,"((13, 16), (3, 12))","(np.float64(0.13398134359012698), np.float64(0.14652049158189442))","(np.float64(-78.07160715604107), np.float64(164.22742347766535))"
650,"((0, 6), (4, 14), (12, 17), (17, 18), (6, 18))","(np.float64(0.06717393717802948), np.float64(0.11503982676824993), np.float64(0.14735610774005592), np.float64(0.10713060979181613), np.float64(0.135204918769947))","(np.float64(195.60175110946767), np.float64(230.0961018306532), np.float64(-26.985681286358385), np.float64(-145.8055165774931), np.float64(-191.00554755671828))"
653,"((11, 19), (1, 11))","(np.float64(0.10895916500944403), np.float64(0.129340581705893))","(np.float64(61.46589058970778), np.float64(238.15306262121362))"
655,"((5, 17), (9, 17))","(np.float64(0.1164211941616846), np.float64(0.14828119451398658))","(np.float64(-193.36747448229096), np.float64(-168.95654580236504))"
656,"((1, 14), (13, 15))","(np.float64(0.10578463351239491), np.float64(0.14763618677664245))","(np.float64(190.21272614601702), np.float64(-2.783340731795363))"
657,"((0, 12),)","(np.float64(0.12260351198937874),)","(np.float64(137.2611745072821),)"
658,"((10, 15),)","(np.float64(0.13690284556898516),)","(np.float64(-112.06907953556737),)"
659,"((0, 2), (4, 14), (11, 15))","(np.float64(0.10076675414129248), np.float64(0.08735666119365275), np.float64(0.12300074047754224))","(np.float64(-90.68465829483537), np.float64(164.84563770561203), np.float64(-79.47510893702582))"
660,"((5, 7), (0, 10), (10, 15))","(np.float64(0.08880529229996588), np.float64(0.14953668979279847), np.float64(0.11890862035148853))","(np.float64(-23.673612890677475), np.float64(178.29830575282688), np.float64(-77.17883211920622))"
662,"((8, 11), (1, 7))","(np.float64(0.02785713756115358), np.float64(0.13520097772120385))","(np.float64(-39.14891110720487), np.float64(149.95672052817338))"
663,"((4, 7),)","(np.float64(0.14161460180192903),)","(np.float64(19.946223839858874),)"
664,"((9, 14),)","(np.float64(0.14172354033173337),)","(np.float64(-62.420185450265876),)"
665,"((0, 1), (0, 18), (9, 16), (0, 11))","(np.float64(0.12751520805920563), np.float64(0.09288225531863713), np.float64(0.06472170965845662), np.float64(0.12726984483471873))","(np.float64(-10.192010669737158), np.float64(-301.8577973572067), np.float64(-232.64051977044113), np.float64(-156.2708124833477))"
666,"((9, 11),)","(np.float64(0.14510301175430054),)","(np.float64(-48.48270508791609),)"
667,"((14, 17),)","(np.float64(0.14571575474036025),)","(np.float64(37.44608368478026),)"
668,"((4, 15),)","(np.float64(0.057408190751339315),)","(np.float64(277.2525226571366),)"
669,"((4, 17), (6, 14))","(np.float64(0.11978354367068855), np.float64(0.11808747843509251))","(np.float64(262.56976391020555), np.float64(267.3367199180323))"
671,"((0, 1),)","(np.float64(0.14267830561755873),)","(np.float64(293.4290796346048),)"
673,"((2, 16), (10, 17))","(np.float64(0.0827345261056514), np.float64(0.11980558705714352))","(np.float64(106.53448460933043), np.float64(182.87788838075966))"
674,"((7, 12), (14, 17))","(np.float64(0.1393577883957092), np.float64(0.13771620389292916))","(np.float64(-83.91769212091424), np.float64(-209.61801591671963))"
675,"((0, 3),)","(np.float64(0.133059192921093),)","(np.float64(241.59427433696084),)"
676,"((11, 14), (6, 17), (1, 17))","(np.float64(0.07584175610129172), np.float64(0.10678346184600328), np.float64(0.14365697486853118))","(np.float64(-110.4820222346309), np.float64(101.02894956477297), np.float64(144.40607302340544))"
677,"((11, 17),)","(np.float64(0.14105646702074842),)","(np.float64(-193.55321953081253),)"
678,"((3, 5), (10, 18), (2, 3))","(np.float64(0.07813017536576859), np.float64(0.1221977715910462), np.float64(0.13822571054997623))","(np.float64(21.409458425466255), np.float64(-173.87483469272684), np.float64(335.8653798170049))"
679,"((3, 16),)","(np.float64(0.12170677642403198),)","(np.float64(114.92065466573635),)"
680,"((2, 12), (3, 18), (3, 10))","(np.float64(0.0938621207223516), np.float64(0.11288681696012949), np.float64(0.14831433487654583))","(np.float64(213.63410945128538), np.float64(157.58711829813166), np.float64(-24.65817258478387))"
681,"((4, 6),)","(np.float64(0.09006981317944862),)","(np.float64(-58.19675404779599),)"
682,"((4, 16),)","(np.float64(0.09335515058854776),)","(np.float64(161.61452448696178),)"
684,"((2, 16), (9, 13))","(np.float64(0.1027850624507525), np.float64(0.13563846657832912))","(np.float64(-23.79201542162218), np.float64(-266.35639504453286))"
685,"((10, 13),)","(np.float64(0.13955062294283144),)","(np.float64(-117.83628623460254),)"
686,"((8, 16), (7, 16), (3, 4), (0, 8))","(np.float64(0.11771554864922677), np.float64(0.05730480544082343), np.float64(0.1427188882685237), np.float64(0.1472020998170814))","(np.float64(-123.92015681651469), np.float64(-178.20929178436933), np.float64(253.8479930155313), np.float64(172.22144523204224))"
687,"((2, 4),)","(np.float64(0.06522741045035196),)","(np.float64(-51.59531941677926),)"
689,"((3, 15), (8, 17))","(np.float64(0.09310629582542876), np.float64(0.12313922617546984))","(np.float64(81.921532690981), np.float64(-215.84848822965898))"
690,"((3, 17),)","(np.float64(0.04538363818798153),)","(np.float64(90.09305312126031),)"
691,"((0, 11),)","(np.float64(0.14443814410935732),)","(np.float64(178.41088076606843),)"
692,"((0, 15), (10, 14))","(np.float64(0.13969087504984407), np.float64(0.05347964896434485))","(np.float64(157.9487158814917), np.float64(-102.08801473502689))"
693,"((15, 19),)","(np.float64(0.12740922237540178),)","(np.float64(-101.21106342072272),)"
694,"((0, 13), (4, 14), (4, 19), (14, 19), (2, 13))","(np.float64(0.10577230285092931), np.float64(0.1013984896497128), np.float64(0.13307293891131314), np.float64(0.062375752911606255), np.float64(0.09576305697090497))","(np.float64(218.8254550506066), np.float64(225.0734234333151), np.float64(-15.014970737065084), np.float64(-240.08839417038018), np.float64(138.7610302941194))"
695,"((8, 13), (2, 7))","(np.float64(0.13625091913780518), np.float64(0.14991514949462922))","(np.float64(-55.483042230600574), np.float64(233.8310030846979))"
696,"((7, 18),)","(np.float64(0.13266885613760418),)","(np.float64(177.84799619950235),)"
699,"((3, 15), (10, 16))","(np.float64(0.09847567298413476), np.float64(0.047173595723210844))","(np.float64(136.89750201310272), np.float64(-164.19729509886454))"
700,"((0, 12), (14, 15), (14, 19), (15, 19), (2, 11))","(np.float64(0.11755678274185519), np.float64(0.12499637887196834), np.float64(0.03764322537692407), np.float64(0.09247334704798087), np.float64(0.11492746566262173))","(np.float64(216.01283476272653), np.float64(-32.773652282795524), np.float64(-247.20164192536976), np.float64(-214.4278828310508), np.float64(263.806939268209))"
701,"((3, 15), (6, 8))","(np.float64(0.11230508059914077), np.float64(0.1266703571084862))","(np.float64(153.33870956520468), np.float64(178.909450243449))"
703,"((6, 13),)","(np.float64(0.048631084058411995),)","(np.float64(-123.21824355770917),)"
704,"((6, 11), (8, 16), (4, 15))","(np.float64(0.14824858077932923), np.float64(0.1151689924554046), np.float64(0.14836284555218585))","(np.float64(321.32326316764625), np.float64(-133.288729437536), np.float64(-160.40215094940436))"
706,"((3, 6), (5, 14), (11, 19), (16, 18))","(np.float64(0.08627731946651575), np.float64(0.10114093824231751), np.float64(0.13224190370086558), np.float64(0.1318532665285195))","(np.float64(15.63843312362036), np.float64(189.4272070340283), np.float64(120.09456180272045), np.float64(-64.98253635399453))"
707,"((3, 17), (8, 11), (13, 15))","(np.float64(0.1488113782266569), np.float64(0.10710444966535472), np.float64(0.13650162481485553))","(np.float64(180.5040015862245), np.float64(-8.25932305513686), np.float64(42.4401189822662))"
708,"((4, 13),)","(np.float64(0.08815461312873578),)","(np.float64(125.56692402495628),)"
709,"((9, 19),)","(np.float64(0.11387487634482875),)","(np.float64(-126.93798031037244),)"
710,"((1, 9), (5, 10), (3, 18), (7, 18))","(np.float64(0.09296917182976211), np.float64(0.055005670051278224), np.float64(0.10523300523789894), np.float64(0.14424746187067128))","(np.float64(197.29510670180525), np.float64(205.9222021738396), np.float64(232.49661827499136), np.float64(-126.61743587207684))"
711,"((0, 19), (4, 14), (5, 6), (6, 9), (8, 13))","(np.float64(0.09575338024272659), np.float64(0.05857938315126181), np.float64(0.12402273351091554), np.float64(0.13662576449276878), np.float64(0.07255080474802161))","(np.float64(3.5062949643336196), np.float64(-90.80095393896153), np.float64(44.27544876640502), np.float64(-32.0294226203531), np.float64(248.73978637928474))"
712,"((8, 16), (10, 16), (11, 16), (5, 10), (13, 18))","(np.float64(0.0675505823200627), np.float64(0.12552818344989006), np.float64(0.12911935724841195), np.float64(0.11858290958078188), np.float64(0.14758494077688022))","(np.float64(-13.689621941686084), np.float64(0.27916577070953963), np.float64(-38.624467456303876), np.float64(-52.887477237079736), np.float64(-151.95838591127762))"
713,"((0, 2), (1, 5), (4, 11), (9, 17), (6, 16), (9, 16))","(np.float64(0.06059547936634827), np.float64(0.07087833638021435), np.float64(0.12336728222768344), np.float64(0.1379753268585349), np.float64(0.13839755627352782), np.float64(0.11244497439473843))","(np.float64(-46.887640235373624), np.float64(-65.49153377063527), np.float64(-179.4375876107361), np.float64(-127.18639060592534), np.float64(-123.24340471425018), np.float64(-123.24918133760178))"
714,"((4, 18), (5, 17), (8, 15), (10, 15), (8, 10))","(np.float64(0.1498149688989217), np.float64(0.13729382104155818), np.float64(0.06400285246082521), np.float64(0.04552089497375045), np.float64(0.12066934039823447))","(np.float64(-272.16964025867867), np.float64(-199.3136770849357), np.float64(-219.01060814307277), np.float64(52.751654349063074), np.float64(3.0154055071317316))"
715,"((6, 13), (14, 18))","(np.float64(0.1455054847901972), np.float64(0.08796565037396487))","(np.float64(230.7658283113335), np.float64(-6.121649787770309))"
716,"((1, 11), (5, 15))","(np.float64(0.132192447465628), np.float64(0.14962443718737556))","(np.float64(129.21994034794875), np.float64(-153.5191772794822))"
717,"((1, 11), (5, 11))","(np.float64(0.14266726058667875), np.float64(0.1478746504014161))","(np.float64(209.1158812084318), np.float64(-0.9896709774851047))"
718,"((12, 14), (0, 8))","(np.float64(0.10440852497751162), np.float64(0.13726875159227317))","(np.float64(-79.35819195349211), np.float64(157.31421389591972))"
719,"((0, 13), (5, 19))","(np.float64(0.14402514886500958), np.float64(0.09446349679983994))","(np.float64(174.4185900436188), np.float64(127.70384138269631))"
720,"((0, 9), (3, 7), (4, 13), (10, 12))","(np.float64(0.13220952379707404), np.float64(0.14872473984020754), np.float64(0.04594228157954894), np.float64(0.0981045714775336))","(np.float64(189.214449587206), np.float64(307.97920584756326), np.float64(164.27771965565057), np.float64(-96.56464380280829))"
721,"((2, 18), (10, 12), (1, 18), (12, 18))","(np.float64(0.08405130986252254), np.float64(0.12586958475153304), np.float64(0.13418683538098536), np.float64(0.13289228911191925))","(np.float64(63.74753669101628), np.float64(-59.357064800102705), np.float64(29.878637214212574), np.float64(-57.939416222868715))"
722,"((2, 13),)","(np.float64(0.10997970266289424),)","(np.float64(-149.29411088909973),)"
723,"((5, 7), (9, 18))","(np.float64(0.14689146435557307), np.float64(0.14209172613807702))","(np.float64(-85.69602415097035), np.float64(37.03258518198294))"
724,"((4, 19),)","(np.float64(0.08112450983286869),)","(np.float64(-186.4340784926215),)"
725,"((10, 13),)","(np.float64(0.13154710596328306),)","(np.float64(15.473000937980828),)"
726,"((9, 14),)","(np.float64(0.06212217580768909),)","(np.float64(-103.4297849845446),)"
727,"((0, 10), (5, 15), (8, 13), (6, 13))","(np.float64(0.11899257394482257), np.float64(0.04872045403746764), np.float64(0.13411706201840032), np.float64(0.14235161111564804))","(np.float64(179.03029559424365), np.float64(181.78763219955778), np.float64(209.76217186109238), np.float64(190.23390739196338))"
728,"((2, 19), (4, 6), (5, 18), (1, 19))","(np.float64(0.04347417806286238), np.float64(0.0403396580150277), np.float64(0.08546608392812415), np.float64(0.14671600320422126))","(np.float64(-24.86290839558137), np.float64(45.34114449491631), np.float64(120.83294712941742), np.float64(-12.382812789312254))"
729,"((1, 17),)","(np.float64(0.13170870074623495),)","(np.float64(105.85735011835578),)"
730,"((11, 17),)","(np.float64(0.1469153557056966),)","(np.float64(-83.02213393571),)"
731,"((2, 12), (3, 13))","(np.float64(0.13008913402479794), np.float64(0.054275265325640254))","(np.float64(-38.119929682107), np.float64(-142.90732391489365))"
732,"((9, 11), (9, 19))","(np.float64(0.14722011463700832), np.float64(0.13270423468723255))","(np.float64(-141.70311202745341), np.float64(-174.12144833021102))"
733,"((8, 18), (9, 19))","(np.float64(0.14248102216082703), np.float64(0.14912800428854203))","(np.float64(-202.09549451148132), np.float64(-171.57084880418068))"
734,"((1, 8), (3, 14), (8, 14))","(np.float64(0.13570197164466474), np.float64(0.13713111602358372), np.float64(0.13111850637823044))","(np.float64(-133.56205730860603), np.float64(211.91554415513502), np.float64(189.16002313958876))"
735,"((8, 18),)","(np.float64(0.1258663959990571),)","(np.float64(-205.3741905351676),)"
736,"((2, 16),)","(np.float64(0.1355013870817788),)","(np.float64(-211.05196181166662),)"
737,"((3, 13), (13, 19), (10, 17))","(np.float64(0.1248484017346046), np.float64(0.1343504770032383), np.float64(0.1304455745644447))","(np.float64(-8.358722448695971), np.float64(166.78453003252096), np.float64(123.57954570222722))"
738,"((2, 10), (9, 17))","(np.float64(0.13662026592618653), np.float64(0.1318103219158925))","(np.float64(123.06458946633626), np.float64(-71.71504386470687))"
739,"((3, 9), (10, 17))","(np.float64(0.1332251154123399), np.float64(0.14991632095798865))","(np.float64(-79.77150452849625), np.float64(150.95202253323498))"
740,"((5, 14), (12, 15), (17, 18), (11, 19), (2, 12))","(np.float64(0.10005547150819157), np.float64(0.0840345762781535), np.float64(0.11875099015820588), np.float64(0.10992003300663443), np.float64(0.1297943170495781))","(np.float64(-199.34557223970842), np.float64(-166.23523304891432), np.float64(-47.56170515279058), np.float64(-210.87119397453756), np.float64(-160.10343777909952))"
741,"((9, 15),)","(np.float64(0.12418777034887114),)","(np.float64(-46.488066036255816),)"
742,"((12, 18), (2, 14))","(np.float64(0.11948774442680163), np.float64(0.12214321519291117))","(np.float64(-90.16823156835207), np.float64(89.44439460287566))"
743,"((2, 15), (7, 10))","(np.float64(0.10479040745910068), np.float64(0.11217056453139236))","(np.float64(169.3352649835308), np.float64(118.15664118909558))"
744,"((4, 16),)","(np.float64(0.09212190120710523),)","(np.float64(163.8763211785309),)"
745,"((3, 9), (10, 19), (12, 16), (15, 19), (8, 18))","(np.float64(0.13984240570349063), np.float64(0.11894905439088678), np.float64(0.07747289463486114), np.float64(0.14779764170772378), np.float64(0.1430305857447332))","(np.float64(-4.917890069052703), np.float64(-220.27046817749476), np.float64(-115.09214603516193), np.float64(-131.98669517171072), np.float64(-36.483673139932534))"
746,"((2, 10), (3, 5))","(np.float64(0.03392295605228354), np.float64(0.08972098489555026))","(np.float64(222.3982175997483), np.float64(343.7612458536389))"
747,"((3, 11),)","(np.float64(0.078128183099441),)","(np.float64(186.53154443765345),)"
748,"((4, 6), (11, 15), (1, 10))","(np.float64(0.05557853980503748), np.float64(0.12019193552490685), np.float64(0.14470912756205281))","(np.float64(-89.29529329213688), np.float64(-111.8659058287115), np.float64(-153.37345161901084))"
749,"((9, 16),)","(np.float64(0.12736508118333936),)","(np.float64(-115.3946293187683),)"
750,"((5, 7), (13, 14), (16, 19))","(np.float64(0.13084119211226122), np.float64(0.04277902913179956), np.float64(0.042861615603264756))","(np.float64(286.49647809662815), np.float64(9.633991562390094), np.float64(6.174590197737132))"
751,"((8, 16),)","(np.float64(0.08114384595615955),)","(np.float64(-228.74643295003193),)"
753,"((12, 14),)","(np.float64(0.13064400904397533),)","(np.float64(-18.223850596321142),)"
754,"((3, 11), (4, 8), (5, 13), (10, 19), (14, 19), (0, 13))","(np.float64(0.14376483686253033), np.float64(0.08097382389091977), np.float64(0.13999440145176612), np.float64(0.07266099351597301), np.float64(0.09045570933291326), np.float64(0.14383883529914007))","(np.float64(197.4266681132895), np.float64(292.5926768910059), np.float64(-117.54661005037985), np.float64(-193.4625819273674), np.float64(-31.17078506203245), np.float64(269.9450990606948))"
755,"((1, 7), (5, 18), (15, 19), (1, 15))","(np.float64(0.09228416018277388), np.float64(0.1142662139681301), np.float64(0.09046819551233717), np.float64(0.13976782445835123))","(np.float64(-77.30226589066353), np.float64(155.20276910128933), np.float64(-142.1556145632356), np.float64(159.03776021797563))"
756,"((16, 18),)","(np.float64(0.11155491012157129),)","(np.float64(-270.0107494765816),)"
757,"((5, 19), (9, 19))","(np.float64(0.0928165505060463), np.float64(0.14687514971993837))","(np.float64(167.3738787163175), np.float64(201.96858009715191))"
758,"((11, 17),)","(np.float64(0.13198433512726537),)","(np.float64(-25.146560591086256),)"
759,"((6, 8), (8, 13), (4, 14))","(np.float64(0.09199360268807255), np.float64(0.13076172639601533), np.float64(0.14348371778147767))","(np.float64(141.6061387805546), np.float64(57.47299907052758), np.float64(61.72544869904658))"
760,"((6, 17), (16, 17), (13, 19))","(np.float64(0.1486014295298674), np.float64(0.14370268422395), np.float64(0.13747712101530007))","(np.float64(-241.27685374142334), np.float64(5.226862806109011), np.float64(-244.18356267671186))"
761,"((3, 5),)","(np.float64(0.1073222684169507),)","(np.float64(-17.420790975878674),)"
762,"((11, 17), (11, 18))","(np.float64(0.14382493768010463), np.float64(0.1343242087988182))","(np.float64(-108.10776970871322), np.float64(-127.70013607595453))"
763,"((0, 16), (3, 10), (9, 16), (0, 11))","(np.float64(0.040158601593213356), np.float64(0.10795319729896803), np.float64(0.09997072680512066), np.float64(0.08985432618132207))","(np.float64(60.699277711028685), np.float64(187.39466258088356), np.float64(-185.98625133136656), np.float64(152.89528398982856))"
764,"((17, 18),)","(np.float64(0.148109070642224),)","(np.float64(9.383755829473813),)"
766,"((1, 19), (3, 12), (9, 14), (9, 15))","(np.float64(0.1475991751202837), np.float64(0.09459470670449634), np.float64(0.14618376043294845), np.float64(0.14201250855275513))","(np.float64(64.76086862857687), np.float64(176.98739089067465), np.float64(-116.40873508490961), np.float64(-201.05902173659626))"
767,"((18, 19),)","(np.float64(0.1406839192776578),)","(np.float64(-179.43047659814619),)"
768,"((2, 19), (6, 12), (7, 15), (9, 12), (8, 18))","(np.float64(0.13535782225164553), np.float64(0.006196121070304161), np.float64(0.1248286211204468), np.float64(0.12627667285162492), np.float64(0.13196159590888104))","(np.float64(-154.57051982332882), np.float64(237.4453785062841), np.float64(191.82036132159516), np.float64(-99.28301113833777), np.float64(-94.38334314375851))"
769,"((2, 13), (6, 14), (4, 12))","(np.float64(0.08415486598055448), np.float64(0.14431614656343694), np.float64(0.09554307608871418))","(np.float64(141.8828394458589), np.float64(43.17856635739213), np.float64(128.52044812448668))"
771,"((0, 13), (10, 16), (12, 15))","(np.float64(0.04568138382033522), np.float64(0.06360896697868204), np.float64(0.13402762036536608))","(np.float64(112.87552360128404), np.float64(-84.47930490629437), np.float64(-72.24561500556771))"
772,"((8, 9), (12, 15))","(np.float64(0.12111673150803691), np.float64(0.1434972072229624))","(np.float64(280.84159320489925), np.float64(36.24369140151941))"
774,"((1, 10), (6, 10))","(np.float64(0.10505593907140502), np.float64(0.1303090404835425))","(np.float64(163.32550704501045), np.float64(205.5964153894882))"
775,"((2, 18), (7, 13))","(np.float64(0.11630819852569346), np.float64(0.1484098878050998))","(np.float64(48.34819850126698), np.float64(-99.17125197905165))"
776,"((9, 17), (6, 17))","(np.float64(0.12854552753255524), np.float64(0.12775095338238202))","(np.float64(-156.662653787355), np.float64(30.441706215892964))"
777,"((1, 5), (6, 19), (9, 18), (1, 9))","(np.float64(0.04581940462407916), np.float64(0.1464737079511993), np.float64(0.14976491594092967), np.float64(0.14615899640836866))","(np.float64(-102.7889189196286), np.float64(131.264260703636), np.float64(-185.50918511837847), np.float64(152.27933874626206))"
778,"((0, 13),)","(np.float64(0.0917094621924706),)","(np.float64(163.45246354581127),)"
779,"((4, 5), (8, 16), (17, 18), (4, 15))","(np.float64(0.1391387376385339), np.float64(0.13504384395687238), np.float64(0.14970933406664236), np.float64(0.11226857072147535))","(np.float64(-83.84010520112605), np.float64(-176.19499833552374), np.float64(26.300373104391184), np.float64(160.96279010522358))"
780,"((2, 7),)","(np.float64(0.10985609746053797),)","(np.float64(-93.81299721186207),)"
781,"((3, 19), (4, 9), (10, 14))","(np.float64(0.08023478766239618), np.float64(0.06670407077401748), np.float64(0.10891252295495861))","(np.float64(-149.81122926912994), np.float64(46.16079532228008), np.float64(-108.22539514607132))"
782,"((12, 13), (0, 9))","(np.float64(0.14585736645494662), np.float64(0.11306779409876508))","(np.float64(42.79406944142431), np.float64(-17.34236682019059))"
783,"((3, 10), (3, 15), (6, 12), (10, 15))","(np.float64(0.06108885968566962), np.float64(0.13557680478320971), np.float64(0.14172756606753886), np.float64(0.09063533546511213))","(np.float64(-88.11953363344998), np.float64(-94.73461214383025), np.float64(-124.58931870943218), np.float64(-6.615078510380272))"
786,"((1, 4), (1, 12), (4, 12), (9, 19), (6, 17))","(np.float64(0.03741439565451847), np.float64(0.09860654726076457), np.float64(0.13504956601206708), np.float64(0.12093717318096496), np.float64(0.14298752542085574))","(np.float64(-19.779468585255017), np.float64(-179.24260228712512), np.float64(-159.4631337018701), np.float64(-178.3256709257199), np.float64(161.8019305502163))"
787,"((8, 10), (7, 15))","(np.float64(0.12532731990680362), np.float64(0.14490928937242759))","(np.float64(86.41026762564894), np.float64(159.74119634156887))"
788,"((8, 16), (12, 19), (9, 15))","(np.float64(0.12293492741023687), np.float64(0.1430099821629495), np.float64(0.14099698269126465))","(np.float64(-63.34689370062449), np.float64(-131.05109695643938), np.float64(-90.5285149373434))"
789,"((10, 19),)","(np.float64(0.0772283614117413),)","(np.float64(-176.93617677100053),)"
790,"((7, 14), (11, 17), (4, 16))","(np.float64(0.13550697049337462), np.float64(0.13865096784277914), np.float64(0.10298140042793635))","(np.float64(-104.26908189499133), np.float64(-147.4644101775056), np.float64(-201.2879424141065))"
791,"((4, 12), (9, 15))","(np.float64(0.0807871338872384), np.float64(0.05974975203077135))","(np.float64(-164.35775249374615), np.float64(-126.63167363698798))"
792,"((0, 9), (2, 7), (8, 13), (13, 18), (3, 13))","(np.float64(0.010372487736041672), np.float64(0.08128484149511349), np.float64(0.1252535197329163), np.float64(0.058505554751052936), np.float64(0.13776898202763263))","(np.float64(-113.63857549058051), np.float64(-100.80039564634637), np.float64(183.30534073834093), np.float64(-106.58055971673986), np.float64(241.49732363498322))"
793,"((2, 6),)","(np.float64(0.14163466425670382),)","(np.float64(-87.01924322449554),)"
794,"((3, 6),)","(np.float64(0.13746074763796828),)","(np.float64(-67.90318626118193),)"
795,"((4, 12), (0, 9))","(np.float64(0.14835810881800748), np.float64(0.13743924874938648))","(np.float64(7.525025165848206), np.float64(185.44754407688498))"
796,"((2, 11), (11, 19))","(np.float64(0.14450728334259932), np.float64(0.10284757915569792))","(np.float64(-33.49908287727692), np.float64(87.97591659639463))"
797,"((1, 6), (5, 19), (1, 7), (4, 9))","(np.float64(0.10282218487040108), np.float64(0.14588344158896757), np.float64(0.09141920277465058), np.float64(0.13801181443527175))","(np.float64(179.56264789055712), np.float64(138.70769307498043), np.float64(131.05402136082694), np.float64(-112.94554987960208))"
799,"((9, 17), (2, 16), (4, 16))","(np.float64(0.05625168781677841), np.float64(0.07608420254145408), np.float64(0.14530370016726368))","(np.float64(-131.00296725705127), np.float64(155.14515578371459), np.float64(41.617662936345084))"
800,"((1, 7),)","(np.float64(0.07153951820513463),)","(np.float64(-134.84955750055204),)"
801,"((0, 4), (0, 19), (10, 16))","(np.float64(0.08325430757745589), np.float64(0.13576587327915524), np.float64(0.1397654713367262))","(np.float64(-161.06698559466315), np.float64(-35.190301187201385), np.float64(177.06897024273542))"
803,"((0, 5),)","(np.float64(0.05186405706199863),)","(np.float64(-116.60195556915787),)"
804,"((2, 18), (4, 10))","(np.float64(0.06204155292849049), np.float64(0.1030491584883939))","(np.float64(31.318154816159847), np.float64(290.5465626174347))"
805,"((0, 3), (5, 14), (2, 13))","(np.float64(0.1481184719045849), np.float64(0.12636386738520103), np.float64(0.14590605321934555))","(np.float64(-99.18945719858868), np.float64(234.5108574337769), np.float64(-31.993630027247775))"
806,"((8, 15), (18, 19), (2, 18))","(np.float64(0.06722970759819429), np.float64(0.047371136780018974), np.float64(0.11780089107226056))","(np.float64(213.70257890329844), np.float64(-5.642313379679422), np.float64(131.7661145719456))"
807,"((1, 17),)","(np.float64(0.06944936845333252),)","(np.float64(87.66083102565383),)"
808,"((2, 6), (0, 8))","(np.float64(0.07778276961858652), np.float64(0.12777200562403154))","(np.float64(97.25162362057804), np.float64(123.05428049284009))"
809,"((7, 13),)","(np.float64(0.14975677931769898),)","(np.float64(-76.15475044119165),)"
810,"((10, 17),)","(np.float64(0.11182792102399643),)","(np.float64(181.3467997031438),)"
811,"((1, 2), (12, 16))","(np.float64(0.09598934798989514), np.float64(0.03305391274591179))","(np.float64(36.47223400414714), np.float64(200.83788684336986))"
812,"((1, 9), (4, 6))","(np.float64(0.10486148072081453), np.float64(0.08133589362640889))","(np.float64(176.98732911708134), np.float64(279.8983169305982))"
814,"((6, 14), (5, 13))","(np.float64(0.14987773678716682), np.float64(0.12455135864420733))","(np.float64(-263.6278459097961), np.float64(-142.11982273388605))"
815,"((2, 10),)","(np.float64(0.017562570637252202),)","(np.float64(191.53200894786653),)"
816,"((2, 18), (6, 11), (8, 9), (2, 6), (3, 9))","(np.float64(0.06211114247952552), np.float64(0.10298953703174508), np.float64(0.07379388084395853), np.float64(0.14914897150761416), np.float64(0.1497563390803123))","(np.float64(93.34832793015966), np.float64(-45.002514549062255), np.float64(-45.194853320708944), np.float64(204.47015203534949), np.float64(322.6396571114019))"
817,"((5, 14), (8, 18))","(np.float64(0.1135094756099797), np.float64(0.1402119537847925))","(np.float64(-168.57453169172493), np.float64(-162.1416597925489))"
820,"((10, 14),)","(np.float64(0.12274726538476356),)","(np.float64(6.462578137943353),)"
823,"((1, 4), (2, 8), (3, 5))","(np.float64(0.14111748306278143), np.float64(0.04376411091974271), np.float64(0.08380035100569275))","(np.float64(272.24173060080705), np.float64(254.90113885922995), np.float64(308.37690220105316))"
824,"((0, 5), (4, 5))","(np.float64(0.07248758028395438), np.float64(0.13896330268043622))","(np.float64(217.89294058286765), np.float64(304.0672980617116))"
825,"((2, 5), (6, 15), (9, 10), (12, 13), (1, 15), (1, 13))","(np.float64(0.13891058092886766), np.float64(0.1427764348343168), np.float64(0.022785059984384105), np.float64(0.06122973580733802), np.float64(0.12910872222909803), np.float64(0.14639408965043654))","(np.float64(-20.526304218701398), np.float64(-142.44479085859757), np.float64(-0.046872882348566236), np.float64(-47.29663825244529), np.float64(-154.93200607810064), np.float64(208.32800299490515))"
826,"((2, 4), (0, 7))","(np.float64(0.12978587636668257), np.float64(0.1206606247723337))","(np.float64(179.97740070707178), np.float64(-158.32860541455295))"
827,"((3, 5), (11, 19))","(np.float64(0.1369272900583564), np.float64(0.12113469741811003))","(np.float64(-56.25357440740393), np.float64(195.13826897150545))"
829,"((3, 13), (8, 17))","(np.float64(0.11802056312201828), np.float64(0.13938518058413563))","(np.float64(124.60693652578775), np.float64(-187.93742974827376))"
830,"((11, 19), (12, 18), (14, 18))","(np.float64(0.11667712300741287), np.float64(0.11876236990145052), np.float64(0.14479368604211174))","(np.float64(-100.87953040690908), np.float64(-6.819883519261708), np.float64(-18.998419218740622))"
831,"((6, 10), (6, 7), (7, 16))","(np.float64(0.13486002638062594), np.float64(0.09514085520563535), np.float64(0.14688199901800045))","(np.float64(158.59465358493577), np.float64(128.8452170110897), np.float64(-60.15766065511633))"
832,"((2, 14),)","(np.float64(0.12844920440583732),)","(np.float64(89.02889693306349),)"
833,"((1, 11), (2, 18))","(np.float64(0.13436310553107128), np.float64(0.14208573664028268))","(np.float64(209.35806240798811), np.float64(78.12670574530108))"
836,"((15, 19), (10, 16), (5, 17))","(np.float64(0.1103631855731514), np.float64(0.1438600868058671), np.float64(0.14431898342368824))","(np.float64(-44.40140349256012), np.float64(-131.20711532566833), np.float64(168.40276865676122))"
837,"((3, 8), (7, 9), (7, 18), (16, 19))","(np.float64(0.09816098317303147), np.float64(0.09293881745833985), np.float64(0.05936663565259675), np.float64(0.14041229344497283))","(np.float64(224.66376795595386), np.float64(-70.8927765869538), np.float64(-207.29151042982863), np.float64(-37.87885860535974))"
838,"((0, 6), (3, 8), (10, 18), (14, 18))","(np.float64(0.14101162759907027), np.float64(0.06433330656332942), np.float64(0.12410249922454634), np.float64(0.1448629468750539))","(np.float64(-114.52941935568612), np.float64(244.60609026336738), np.float64(-174.19830599525451), np.float64(-167.16118690398415))"
839,"((0, 2), (3, 4))","(np.float64(0.11725479075448353), np.float64(0.043121983472202946))","(np.float64(-4.622891406338169), np.float64(-70.9993439820322))"
840,"((1, 17), (15, 16), (1, 14))","(np.float64(0.13123440305642886), np.float64(0.03440533493127977), np.float64(0.14705244682207408))","(np.float64(-9.630825879388226), np.float64(22.160082816753686), np.float64(233.98957940797987))"
841,"((3, 11), (12, 15))","(np.float64(0.09063787580200992), np.float64(0.13782689722338445))","(np.float64(-115.63976300546722), np.float64(-174.78666870690552))"
842,"((14, 17),)","(np.float64(0.14502456290478072),)","(np.float64(-105.2670689899951),)"
843,"((1, 4), (17, 19), (9, 19), (3, 15))","(np.float64(0.05512722622342172), np.float64(0.07920674203441733), np.float64(0.0916001386472423), np.float64(0.14793096868762512))","(np.float64(314.64262606177624), np.float64(-97.21471516400229), np.float64(-163.60088512752793), np.float64(-82.47016651435962))"
844,"((2, 13),)","(np.float64(0.03723883957679616),)","(np.float64(186.63649349606442),)"
845,"((0, 10), (4, 19))","(np.float64(0.11241303999577527), np.float64(0.10865724894640667))","(np.float64(175.20574064356845), np.float64(81.4811902595028))"
846,"((2, 12), (14, 18))","(np.float64(0.14986015597824479), np.float64(0.12752926171237863))","(np.float64(220.23246232184903), np.float64(-161.03719110622882))"
847,"((7, 13), (5, 13), (6, 14))","(np.float64(0.1488691531153094), np.float64(0.11882561194458084), np.float64(0.11916471135339662))","(np.float64(172.4961453851086), np.float64(247.64711575251675), np.float64(-43.454028570966386))"
848,"((6, 7),)","(np.float64(0.0782245740564266),)","(np.float64(-3.621172882300641),)"
850,"((3, 11), (12, 19))","(np.float64(0.12171218564170273), np.float64(0.060942351672897015))","(np.float64(126.6056562080692), np.float64(-139.1367599680599))"
852,"((1, 3), (6, 7), (7, 11), (3, 14), (6, 15))","(np.float64(0.13982686031259003), np.float64(0.09708914366490419), np.float64(0.10408295574032221), np.float64(0.11639374136978685), np.float64(0.13954365252646728))","(np.float64(-28.6593048079732), np.float64(31.856686829190835), np.float64(179.82281633367046), np.float64(181.83820093860032), np.float64(156.52301593489585))"
853,"((5, 19),)","(np.float64(0.13414704680488765),)","(np.float64(103.43567565495005),)"
854,"((4, 12),)","(np.float64(0.07902286796780074),)","(np.float64(168.18477873448808),)"
855,"((1, 14), (3, 14))","(np.float64(0.13218378117845442), np.float64(0.08579144108570215))","(np.float64(206.6519971194387), np.float64(179.06508386569834))"
856,"((9, 13),)","(np.float64(0.08344456283129817),)","(np.float64(-14.042658011911044),)"
857,"((4, 7), (9, 16))","(np.float64(0.09473646292286443), np.float64(0.09794591121529471))","(np.float64(220.37023084951284), np.float64(-122.78131988824975))"
858,"((0, 9), (12, 18))","(np.float64(0.12988676319309472), np.float64(0.11590765455947825))","(np.float64(205.16237162440672), np.float64(-196.6843004553504))"
859,"((2, 14), (2, 10))","(np.float64(0.09691732334866739), np.float64(0.14733116376444214))","(np.float64(191.6941008014046), np.float64(-122.32385200096269))"
860,"((1, 15), (10, 19))","(np.float64(0.09168317047723228), np.float64(0.14809625543512964))","(np.float64(111.6112813599583), np.float64(-166.55954364453027))"
861,"((14, 15),)","(np.float64(0.1377798319085058),)","(np.float64(43.09471654119136),)"
862,"((1, 18), (1, 2), (0, 3))","(np.float64(0.10337481038799275), np.float64(0.0807661726741095), np.float64(0.1299537798724165))","(np.float64(-22.02569720471621), np.float64(-159.03661690341335), np.float64(206.558484067149))"
863,"((0, 15), (1, 11), (4, 11), (0, 12))","(np.float64(0.047075483617229956), np.float64(0.13965833066363337), np.float64(0.08453778979058461), np.float64(0.04563626146185103))","(np.float64(34.619565746049034), np.float64(136.7306407771859), np.float64(205.92393079365024), np.float64(140.71935987381815))"
864,"((14, 18), (1, 14), (1, 9))","(np.float64(0.1051222237157207), np.float64(0.14340047104927792), np.float64(0.1457018111822555))","(np.float64(-158.48748954140802), np.float64(71.95980007336652), np.float64(31.54080680660263))"
865,"((0, 7), (3, 18))","(np.float64(0.102269796999596), np.float64(0.11792599143854889))","(np.float64(155.38245628722882), np.float64(-123.67460402677523))"
866,"((6, 8), (7, 14))","(np.float64(0.10287308324628405), np.float64(0.14869702561812453))","(np.float64(-82.0055106916941), np.float64(263.3771216236144))"
867,"((4, 15), (12, 13), (14, 18))","(np.float64(0.04467350729385987), np.float64(0.05097181023606198), np.float64(0.12978198985553374))","(np.float64(147.45261307176708), np.float64(-40.97537754861253), np.float64(-100.07702556582973))"
868,"((0, 14), (0, 11), (3, 15))","(np.float64(0.12609761087818508), np.float64(0.141733112648444), np.float64(0.1497508133468478))","(np.float64(193.05125786853787), np.float64(194.94157788181622), np.float64(175.95403183907825))"
869,"((4, 14), (4, 15), (9, 16), (14, 15), (1, 10), (10, 16))","(np.float64(0.0862578100825658), np.float64(0.12132630900022062), np.float64(0.04458031394084093), np.float64(0.133224733596793), np.float64(0.14621117926051583), np.float64(0.08553300578500209))","(np.float64(172.0692827724785), np.float64(157.65529532724904), np.float64(206.48092863536021), np.float64(-14.413987445229452), np.float64(-149.13769231303718), np.float64(244.9266503046797))"
870,"((5, 7),)","(np.float64(0.137371842844647),)","(np.float64(199.51429539984628),)"
871,"((0, 5), (1, 6), (16, 19))","(np.float64(0.11882055097714504), np.float64(0.13015507106464658), np.float64(0.12148537565261948))","(np.float64(-23.57662008436546), np.float64(29.53496994397898), np.float64(-75.3581515720374))"
872,"((1, 4), (1, 15), (4, 15), (6, 12))","(np.float64(0.07279894299451571), np.float64(0.14622031452588596), np.float64(0.09828241301958152), np.float64(0.1399201062785209))","(np.float64(-108.80692189338379), np.float64(-139.74405840129776), np.float64(-30.937136507913976), np.float64(304.97453883806764))"
874,"((6, 17),)","(np.float64(0.10697208875707179),)","(np.float64(-126.85165190270817),)"
875,"((0, 18), (1, 11), (9, 16), (14, 17), (9, 17))","(np.float64(0.13342182012618112), np.float64(0.13295475510185503), np.float64(0.042195295271048976), np.float64(0.007139357540528475), np.float64(0.07459223265973261))","(np.float64(9.87557700751708), np.float64(149.6630617204102), np.float64(-134.69229454406894), np.float64(-146.43108824154808), np.float64(124.34242664388165))"
876,"((4, 15),)","(np.float64(0.1482141420235639),)","(np.float64(198.4089522098197),)"
877,"((1, 16), (4, 10), (10, 18), (15, 19), (4, 15))","(np.float64(0.14964260395517961), np.float64(0.012807172457103137), np.float64(0.08050263223048415), np.float64(0.14281568503201694), np.float64(0.12877713274354008))","(np.float64(-24.708917728373564), np.float64(261.4503546950993), np.float64(-181.34447230414693), np.float64(-140.09389295318232), np.float64(204.6735710765576))"
879,"((8, 12), (12, 14), (1, 15))","(np.float64(0.1121263275981927), np.float64(0.13123200460095127), np.float64(0.14273290944106917))","(np.float64(-130.26183977485994), np.float64(-26.57033942317173), np.float64(162.78487396836573))"
880,"((1, 5), (9, 18), (4, 15))","(np.float64(0.09220990496748512), np.float64(0.14810370089388028), np.float64(0.14457590208360122))","(np.float64(6.186757911644804), np.float64(-184.82400635419725), np.float64(-95.33887818671218))"
882,"((0, 5), (6, 10))","(np.float64(0.06066999033724211), np.float64(0.12424275286466346))","(np.float64(238.8796727653492), np.float64(-122.60457590508196))"
883,"((3, 16), (16, 17))","(np.float64(0.14091302418897916), np.float64(0.13219108147381475))","(np.float64(210.13686658958306), np.float64(-2.282693452188937))"
885,"((3, 15),)","(np.float64(0.11022413372829268),)","(np.float64(173.04711391094213),)"
886,"((0, 9), (1, 10), (5, 10), (4, 18), (5, 13), (4, 12), (3, 16))","(np.float64(0.058733325983666394), np.float64(0.11152481587775179), np.float64(0.10931483701559205), np.float64(0.09535385177216972), np.float64(0.11283017080967449), np.float64(0.14904110626530828), np.float64(0.1469712968045397))","(np.float64(129.52035598540692), np.float64(143.52287009453846), np.float64(187.63351412494706), np.float64(136.20382052407746), np.float64(168.08842699719298), np.float64(198.88623180404784), np.float64(153.61329826215717))"
888,"((2, 4), (6, 14), (1, 4), (1, 13), (10, 19))","(np.float64(0.046838408573356284), np.float64(0.08670968040684407), np.float64(0.13594899223813378), np.float64(0.13810378053480307), np.float64(0.14340768033265677))","(np.float64(-168.84031446335842), np.float64(253.66550433986822), np.float64(193.2429583348575), np.float64(211.61559305049772), np.float64(-188.48842180271637))"
889,"((0, 16), (16, 19), (0, 11))","(np.float64(0.14449899344623773), np.float64(0.14328722538744157), np.float64(0.11100329545720504))","(np.float64(-103.87461817861791), np.float64(142.65208488508745), np.float64(-91.36682165995782))"
891,"((0, 17), (12, 19), (7, 16), (2, 17))","(np.float64(0.05277009188106166), np.float64(0.12884002071613676), np.float64(0.13409209840181222), np.float64(0.12770215396075907))","(np.float64(172.54758861726935), np.float64(-154.50352773704458), np.float64(197.3336979972263), np.float64(169.62398761365392))"
892,"((2, 10), (9, 17))","(np.float64(0.08157693286007182), np.float64(0.14056520265302877))","(np.float64(173.40514388612365), np.float64(-95.28074952613628))"
893,"((7, 15), (5, 10), (11, 17), (10, 17))","(np.float64(0.08421843030553938), np.float64(0.10107802073840343), np.float64(0.13376386937142232), np.float64(0.13996262784887034))","(np.float64(45.942702145566784), np.float64(186.48259285561574), np.float64(-205.01091733310022), np.float64(-254.40476417936185))"
895,"((1, 3), (5, 6), (5, 13))","(np.float64(0.13427814374823419), np.float64(0.1451040357667694), np.float64(0.14078867652847055))","(np.float64(26.17751187914982), np.float64(0.9143038457603438), np.float64(136.62632891649508))"
896,"((14, 15),)","(np.float64(0.10161521342825511),)","(np.float64(-53.64052324564386),)"
897,"((3, 13),)","(np.float64(0.10505355854113209),)","(np.float64(-71.7511381297702),)"
899,"((1, 14), (11, 19))","(np.float64(0.12336061589017089), np.float64(0.07352438827963476))","(np.float64(111.20883793564383), np.float64(-72.57216856789668))"
900,"((2, 6), (6, 10), (7, 16), (9, 13), (1, 12))","(np.float64(0.14250758209910083), np.float64(0.11972216849470492), np.float64(0.11953851618874252), np.float64(0.12999806345697193), np.float64(0.12676783103668374))","(np.float64(-11.817724449989043), np.float64(233.815074219878), np.float64(20.8699064304397), np.float64(-35.522702828725926), np.float64(158.80992580818645))"
901,"((12, 19),)","(np.float64(0.1499143842943114),)","(np.float64(-107.94851771878544),)"
902,"((2, 9), (6, 7), (15, 17))","(np.float64(0.14958411614450395), np.float64(0.0567129396449838), np.float64(0.052285955837629496))","(np.float64(202.7601153598696), np.float64(-56.54032363678033), np.float64(-305.8424076831357))"
903,"((0, 9), (2, 10), (3, 10), (13, 19))","(np.float64(0.13756041631109034), np.float64(0.10980467619960947), np.float64(0.1223990434855094), np.float64(0.14551021578840506))","(np.float64(99.73278986123373), np.float64(118.61679734043568), np.float64(168.58352086161744), np.float64(-11.23041730879018))"
904,"((2, 13), (6, 12), (12, 17), (0, 10))","(np.float64(0.04600184605049238), np.float64(0.14435303684844453), np.float64(0.12705153136088887), np.float64(0.13838393202013516))","(np.float64(108.63508665390953), np.float64(197.64272792897356), np.float64(-138.62346576596858), np.float64(-12.845786935174317))"
905,"((0, 12),)","(np.float64(0.1391898225641101),)","(np.float64(204.11766480156015),)"
908,"((1, 7), (4, 15), (5, 14))","(np.float64(0.06229334884947776), np.float64(0.14430221315403052), np.float64(0.14723413632028512))","(np.float64(-137.13659672533902), np.float64(-221.58661519651037), np.float64(-148.93823805247354))"
909,"((2, 7), (15, 19))","(np.float64(0.1231245005140327), np.float64(0.06663370282548457))","(np.float64(-13.125631433504225), np.float64(-182.85829588366062))"
911,"((0, 8), (1, 9), (8, 9))","(np.float64(0.10265676053907745), np.float64(0.1291093793969019), np.float64(0.14991029895300922))","(np.float64(192.8786615892289), np.float64(-127.95556564144164), np.float64(-9.350349372151527))"
912,"((3, 8), (11, 17), (12, 18))","(np.float64(0.11086501318607178), np.float64(0.09840421837626172), np.float64(0.1374170637193351))","(np.float64(-32.268480237036954), np.float64(126.07509748799922), np.float64(-160.66842380900084))"
913,"((2, 6), (10, 12), (16, 17))","(np.float64(0.1336695150231451), np.float64(0.13286963577313277), np.float64(0.12739811048663147))","(np.float64(274.59939500456994), np.float64(-61.57936263617006), np.float64(19.73162120077515))"
914,"((7, 17), (17, 19))","(np.float64(0.09380630448458865), np.float64(0.13910753700868966))","(np.float64(147.5319829202957), np.float64(-6.082219037134081))"
915,"((3, 10),)","(np.float64(0.07298267426847112),)","(np.float64(215.81620132942794),)"
916,"((8, 17), (2, 9))","(np.float64(0.1275877537086822), np.float64(0.1096313376429918))","(np.float64(61.93623608548657), np.float64(111.90590046179508))"
917,"((3, 8), (9, 19), (1, 9), (1, 12), (4, 12))","(np.float64(0.13240279289438156), np.float64(0.14783092728395336), np.float64(0.13886721170008628), np.float64(0.13918440846069924), np.float64(0.09868850318255507))","(np.float64(195.19420115846208), np.float64(-152.46362356389767), np.float64(214.285502117727), np.float64(209.23739946263254), np.float64(-15.349982005731931))"
918,"((3, 16), (15, 18), (5, 15))","(np.float64(0.08762483460496667), np.float64(0.0904595498666302), np.float64(0.14042915427620567))","(np.float64(136.37486110856815), np.float64(-68.25687847014245), np.float64(-194.37383611243433))"
920,"((7, 15), (7, 16), (13, 18), (15, 16), (4, 11))","(np.float64(0.09110761584899776), np.float64(0.03981111090918477), np.float64(0.10987152855708611), np.float64(0.07280297236967388), np.float64(0.12698553160733733))","(np.float64(114.28339490915377), np.float64(141.56850335854554), np.float64(-175.36734308395017), np.float64(27.28510844939177), np.float64(-90.47853894370303))"
921,"((9, 17),)","(np.float64(0.11025022773418425),)","(np.float64(166.86748718838857),)"
922,"((6, 17), (8, 16), (6, 9))","(np.float64(0.09785079535189953), np.float64(0.07890250923333005), np.float64(0.1429024993737419))","(np.float64(116.7787093915681), np.float64(-57.40207120429898), np.float64(129.15650192778372))"
923,"((1, 7),)","(np.float64(0.13805295950272853),)","(np.float64(-27.993101695755854),)"
924,"((3, 10), (6, 7))","(np.float64(0.04289033269440769), np.float64(0.06337076193996774))","(np.float64(233.92284074483808), np.float64(42.45412757711563))"
925,"((4, 17),)","(np.float64(0.12073371100338555),)","(np.float64(202.72971448007394),)"
926,"((2, 7), (6, 15), (12, 18), (16, 19), (4, 11))","(np.float64(0.09646262803100195), np.float64(0.11452931000135332), np.float64(0.08808309808533109), np.float64(0.08307145845115252), np.float64(0.12658887884813227))","(np.float64(10.994711527432344), np.float64(85.56313362963175), np.float64(3.875096616823157), np.float64(-22.739233265303426), np.float64(277.54706536079794))"
927,"((8, 9),)","(np.float64(0.10813118692661157),)","(np.float64(260.10884419825084),)"
928,"((9, 14), (2, 10))","(np.float64(0.14149131195766937), np.float64(0.1460844011807664))","(np.float64(-83.09906565840458), np.float64(197.02325933251018))"
929,"((5, 12), (9, 16), (17, 19))","(np.float64(0.02657788251990318), np.float64(0.09697648205357885), np.float64(0.03006704685278878))","(np.float64(182.58051044581504), np.float64(212.04827167771327), np.float64(-34.69477210112461))"
930,"((11, 12), (6, 15))","(np.float64(0.09680746753968027), np.float64(0.14799271524705956))","(np.float64(17.261898834860915), np.float64(144.154944151371))"
931,"((5, 13), (1, 5))","(np.float64(0.13325788034566172), np.float64(0.14728100021717538))","(np.float64(-127.61175007748079), np.float64(182.0770840995853))"
932,"((1, 6), (5, 16))","(np.float64(0.11741444570087627), np.float64(0.08645801468349562))","(np.float64(234.2936215606539), np.float64(151.0358766063926))"
933,"((0, 14), (2, 4))","(np.float64(0.08883138255915374), np.float64(0.05518383003335407))","(np.float64(-43.02602790225603), np.float64(-37.644641513076806))"
934,"((9, 14),)","(np.float64(0.08115673476690578),)","(np.float64(-251.64530204849518),)"
935,"((5, 7), (6, 12))","(np.float64(0.13798831179055168), np.float64(0.05091877552956371))","(np.float64(-59.712973931882686), np.float64(56.11944276562315))"
936,"((17, 19),)","(np.float64(0.12922637872182352),)","(np.float64(-97.96764379714617),)"
937,"((0, 16), (2, 12), (7, 13), (3, 12), (15, 18))","(np.float64(0.09427547538309433), np.float64(0.09913102333468142), np.float64(0.1313122634514003), np.float64(0.1429589905068763), np.float64(0.14523483169291984))","(np.float64(-286.8604141070052), np.float64(-127.49556617796173), np.float64(-56.301308054285016), np.float64(2.998794999193251), np.float64(-287.63911867616025))"
938,"((0, 11), (14, 16))","(np.float64(0.04386990612117003), np.float64(0.08073852870566071))","(np.float64(92.49431278752945), np.float64(38.734290092797266))"
939,"((0, 8),)","(np.float64(0.13069062888406582),)","(np.float64(120.57438731485473),)"
940,"((1, 3), (4, 13))","(np.float64(0.13490491509837663), np.float64(0.11636519692513858))","(np.float64(-57.52300437282341), np.float64(239.58455131942992))"
941,"((11, 18),)","(np.float64(0.14964963173104776),)","(np.float64(-37.494673503025524),)"
942,"((15, 16), (0, 15), (13, 19))","(np.float64(0.06818799523715441), np.float64(0.12469655436477342), np.float64(0.1451503983042517))","(np.float64(-45.98044665946827), np.float64(202.81124177747859), np.float64(209.02895173833724))"
943,"((11, 14),)","(np.float64(0.14456858787523105),)","(np.float64(-30.706187418125523),)"
944,"((0, 8), (12, 16))","(np.float64(0.09636273846457981), np.float64(0.07961655507931198))","(np.float64(209.7133090427776), np.float64(-72.53314355269589))"
945,"((2, 10), (3, 18))","(np.float64(0.0821782406377282), np.float64(0.08877423122226542))","(np.float64(-72.65083114368338), np.float64(-270.0094581456353))"
946,"((1, 7), (4, 11), (6, 13), (11, 15))","(np.float64(0.10975008206381695), np.float64(0.14339847010479384), np.float64(0.09588755576343791), np.float64(0.1432859236480986))","(np.float64(-171.44031027378537), np.float64(241.05142216173402), np.float64(-72.99342032221779), np.float64(-50.871597337165326))"
948,"((2, 13), (4, 5), (4, 15), (6, 14))","(np.float64(0.11014601468176471), np.float64(0.1180597324625988), np.float64(0.12812997686127656), np.float64(0.12491159842108404))","(np.float64(183.29604060513577), np.float64(-72.64033482863937), np.float64(-165.79972631327138), np.float64(-85.86924866892656))"
949,"((3, 19),)","(np.float64(0.10922553904587338),)","(np.float64(-309.7489028870773),)"
950,"((1, 2), (4, 18), (5, 14), (7, 18), (7, 15), (4, 7), (7, 19), (13, 15), (4, 19), (1, 14))","(np.float64(0.11724818185565358), np.float64(0.1134232857418997), np.float64(0.09762087583901942), np.float64(0.13192499402027125), np.float64(0.1429302848120254), np.float64(0.10050193585155702), np.float64(0.11488930220826185), np.float64(0.14160409228648815), np.float64(0.014489864247969664), np.float64(0.1451983940292281))","(np.float64(-1.587508017238747), np.float64(-208.1908211475527), np.float64(-50.608871707776814), np.float64(-166.22636270673695), np.float64(-142.81623174114196), np.float64(-92.09976956752473), np.float64(-162.13478014181158), np.float64(-65.39380989411035), np.float64(-259.2018176994486), np.float64(42.2912805264578))"
952,"((0, 14), (0, 17), (4, 6), (4, 13), (6, 13), (8, 12), (9, 11), (14, 17), (3, 8))","(np.float64(0.09579502602864708), np.float64(0.12377934392539178), np.float64(0.08852583921431614), np.float64(0.14218682305812488), np.float64(0.056920044186294996), np.float64(0.14968852197297605), np.float64(0.0787452903989677), np.float64(0.12211349895507093), np.float64(0.13569728569922881))","(np.float64(151.6054991332449), np.float64(198.6115632650728), np.float64(-19.540424127615893), np.float64(310.9112674877791), np.float64(330.451691615395), np.float64(-0.10427100401392408), np.float64(27.947942302178546), np.float64(47.006064131827884), np.float64(-91.17087510850416))"
953,"((10, 16), (17, 19))","(np.float64(0.10794003859716232), np.float64(0.13729798822962494))","(np.float64(-55.86713504870585), np.float64(-172.6829692262691))"
954,"((4, 12), (5, 11), (9, 18))","(np.float64(0.11973526766322273), np.float64(0.07194920623625836), np.float64(0.13457492947839764))","(np.float64(-158.09255051455665), np.float64(-131.2226778504098), np.float64(-247.3771636934532))"
956,"((6, 13), (11, 14))","(np.float64(0.1369069028358818), np.float64(0.13192674394210305))","(np.float64(189.58775552193566), np.float64(-72.83670387793575))"
957,"((13, 17), (14, 17))","(np.float64(0.12446271689508823), np.float64(0.12204317089134888))","(np.float64(-202.30667769391323), np.float64(-184.93060710438124))"
958,"((9, 19), (12, 14))","(np.float64(0.07290766840357538), np.float64(0.11012887282859594))","(np.float64(-217.95091029558938), np.float64(-14.578248019244597))"
959,"((8, 15),)","(np.float64(0.10933771169679281),)","(np.float64(-232.4530158866612),)"
961,"((12, 18),)","(np.float64(0.11765000254461233),)","(np.float64(-170.67692136421988),)"
962,"((10, 13), (8, 16), (3, 16))","(np.float64(0.043774458940459705), np.float64(0.1440846792493033), np.float64(0.14684632241842244))","(np.float64(-93.2251555195378), np.float64(-162.94891119989177), np.float64(-251.55081774909496))"
963,"((1, 10), (2, 7), (3, 4), (7, 16), (14, 15), (3, 16))","(np.float64(0.09910239072626391), np.float64(0.11808593084029372), np.float64(0.12264182517896732), np.float64(0.09253712423972743), np.float64(0.11616994890669642), np.float64(0.10843575398925626))","(np.float64(235.41820987640983), np.float64(-26.220122780651764), np.float64(-329.3182395928184), np.float64(-144.53328646687925), np.float64(28.24573518906101), np.float64(243.89829336897424))"
964,"((9, 19), (11, 15))","(np.float64(0.14355165353007632), np.float64(0.12304082912281632))","(np.float64(-130.71675763630532), np.float64(-72.43881334996973))"
965,"((12, 13),)","(np.float64(0.0636203485754623),)","(np.float64(44.75361689494201),)"
967,"((3, 16),)","(np.float64(0.09816602682205412),)","(np.float64(158.33187351569745),)"
968,"((0, 18), (2, 15), (15, 18), (0, 17), (4, 15), (4, 18))","(np.float64(0.024852549842665127), np.float64(0.12131967730477854), np.float64(0.14910862716112896), np.float64(0.11764197585379223), np.float64(0.1077331762437412), np.float64(0.10904498219475078))","(np.float64(73.25732030895605), np.float64(130.44536234758763), np.float64(-12.390645281618532), np.float64(96.73665064011686), np.float64(-177.97233134114936), np.float64(-174.62118418235346))"
969,"((4, 5), (12, 14), (12, 15), (4, 10), (5, 11))","(np.float64(0.10318431986023129), np.float64(0.10090160460341534), np.float64(0.09645149166013105), np.float64(0.13380693081147244), np.float64(0.13480276000522126))","(np.float64(44.77823604248084), np.float64(-114.77206593683024), np.float64(-93.5988148468885), np.float64(207.0056061907028), np.float64(172.9208372521531))"
970,"((11, 17),)","(np.float64(0.13932199608342494),)","(np.float64(-155.04246944297086),)"
971,"((0, 7), (11, 12), (16, 17), (11, 19))","(np.float64(0.1471746820589927), np.float64(0.07849648788451934), np.float64(0.09320340457034271), np.float64(0.1356822000924517))","(np.float64(-109.67931655074125), np.float64(24.419081440131038), np.float64(-2.017360153971026), np.float64(-161.1476505753193))"
972,"((8, 16), (12, 15), (4, 12))","(np.float64(0.07542304039660443), np.float64(0.13555844484360616), np.float64(0.1437262499217431))","(np.float64(-177.30032017901078), np.float64(39.03986980886441), np.float64(-70.25165564486161))"
973,"((1, 7), (4, 13))","(np.float64(0.11992155948885698), np.float64(0.1366732064410709))","(np.float64(233.837398458147), np.float64(-36.128279182130996))"
974,"((1, 9),)","(np.float64(0.146226904374051),)","(np.float64(175.81249790790753),)"
975,"((8, 11),)","(np.float64(0.13552452686409458),)","(np.float64(294.32534449549615),)"
976,"((5, 16), (1, 17))","(np.float64(0.12912964557554418), np.float64(0.133716341345361))","(np.float64(-143.86666769233324), np.float64(222.31674615327313))"
977,"((6, 11), (6, 19), (14, 16), (16, 19))","(np.float64(0.1200054108843783), np.float64(0.077483008811026), np.float64(0.1032121917738637), np.float64(0.10452520281618377))","(np.float64(-36.02770469360365), np.float64(-193.05919713351136), np.float64(20.985055593359107), np.float64(-31.98198832130123))"
979,"((3, 16), (4, 13))","(np.float64(0.143942226766975), np.float64(0.1458885616527609))","(np.float64(49.12121462978064), np.float64(198.2016140907844))"
980,"((4, 11), (4, 15), (4, 17), (11, 17))","(np.float64(0.14169491249745253), np.float64(0.0910516549904339), np.float64(0.1340952266069811), np.float64(0.14310430596269488))","(np.float64(279.6175768203353), np.float64(-34.91827892947617), np.float64(127.74120642881127), np.float64(-105.4949669453265))"
982,"((4, 16), (6, 7), (13, 17))","(np.float64(0.1036311699984944), np.float64(0.14190087085739633), np.float64(0.12912657908835573))","(np.float64(38.27991997251422), np.float64(-32.25258067042819), np.float64(-87.87472333181012))"
983,"((3, 13),)","(np.float64(0.10680343339972814),)","(np.float64(251.5353521855185),)"
984,"((0, 5),)","(np.float64(0.044456081864298835),)","(np.float64(-17.80787300540601),)"
985,"((11, 19),)","(np.float64(0.027556165294005036),)","(np.float64(-152.8896849054355),)"
986,"((3, 9), (16, 17), (4, 12), (1, 11))","(np.float64(0.09862241720233636), np.float64(0.10021453907862028), np.float64(0.14315539107668848), np.float64(0.13322946667014304))","(np.float64(-124.55124024784851), np.float64(46.48696354006171), np.float64(-74.60573620464373), np.float64(214.75151840024756))"
988,"((8, 17), (15, 16), (0, 12), (15, 19))","(np.float64(0.0732547877189374), np.float64(0.10169830522407552), np.float64(0.06210626736147433), np.float64(0.050643642456396964))","(np.float64(-189.41596220943262), np.float64(27.24306965912905), np.float64(-101.57026771004405), np.float64(-199.81942590374308))"
989,"((7, 8), (0, 7))","(np.float64(0.08211495729623687), np.float64(0.1341456270909102))","(np.float64(-49.62800303743097), np.float64(164.24361784010864))"
990,"((2, 12),)","(np.float64(0.10595217303556356),)","(np.float64(-135.02210710075082),)"
992,"((6, 19), (3, 11))","(np.float64(0.044781573436928485), np.float64(0.144179526943159))","(np.float64(-175.50145950681875), np.float64(-103.23873344594955))"
993,"((6, 9), (17, 18))","(np.float64(0.03227284373167936), np.float64(0.13470353171572885))","(np.float64(-103.31999539098877), np.float64(5.021975679159539))"
994,"((5, 14),)","(np.float64(0.07996166323157873),)","(np.float64(-127.42064571612696),)"
995,"((2, 10),)","(np.float64(0.11037459136907879),)","(np.float64(165.351451453082),)"
996,"((9, 19),)","(np.float64(0.0743601869976909),)","(np.float64(-119.61087056085154),)"
997,"((1, 16), (2, 8), (6, 11), (8, 11))","(np.float64(0.14087999715817404), np.float64(0.13479813238287247), np.float64(0.1163668725256937), np.float64(0.11339982833823976))","(np.float64(-1.188902155098674), np.float64(-103.29758022083914), np.float64(174.3857777602026), np.float64(137.50932832828403))"
998,"((1, 16), (11, 14))","(np.float64(0.12272865618016798), np.float64(0.1271473461994404))","(np.float64(151.9855955352673), np.float64(-103.53857067470983))"
999,"((5, 14), (11, 17))","(np.float64(0.13410906994704427), np.float64(0.08466817309499945))","(np.float64(29.80249226200749), np.float64(-180.0044128511458))"
1000,"((1, 18), (11, 13))","(np.float64(0.07033512041105322), np.float64(0.11514051574677815))","(np.float64(66.5824470784114), np.float64(-80.48077257525995))"
1001,"((2, 16), (4, 18), (10, 15), (1, 10), (8, 10))","(np.float64(0.07174656799195121), np.float64(0.10155166294209894), np.float64(0.14492714893279537), np.float64(0.053512867635812415), np.float64(0.1484338419867071))","(np.float64(-216.97844012250786), np.float64(-234.31676442529817), np.float64(-110.87737939812828), np.float64(-134.75812233452268), np.float64(164.15669380750046))"
1003,"((0, 17), (3, 11), (5, 14), (8, 18))","(np.float64(0.12531109917680083), np.float64(0.034582331085585144), np.float64(0.14019362325463738), np.float64(0.09548162659176371))","(np.float64(-27.048167639244866), np.float64(178.0328636243213), np.float64(193.32318792617468), np.float64(147.90414772275093))"
1004,"((3, 7), (6, 16), (1, 10))","(np.float64(0.13369560417623835), np.float64(0.017864669231784966), np.float64(0.11990348310624915))","(np.float64(241.22272721309912), np.float64(52.34694485637465), np.float64(197.56881168331216))"
1005,"((4, 11),)","(np.float64(0.0969796924502826),)","(np.float64(245.10936099017488),)"
1006,"((3, 12), (3, 15), (6, 18), (7, 17), (15, 19), (7, 15))","(np.float64(0.08711506110747916), np.float64(0.11382091453971661), np.float64(0.13844645029720903), np.float64(0.11253581760107616), np.float64(0.13519060981919828), np.float64(0.11514637289619513))","(np.float64(214.96536701411384), np.float64(178.60035898177597), np.float64(104.13449863938806), np.float64(140.9969789609136), np.float64(-60.063313213014595), np.float64(29.559859194187823))"
1007,"((2, 13), (7, 19))","(np.float64(0.12794120535607897), np.float64(0.09675731884881386))","(np.float64(161.9682727046252), np.float64(-144.63809594283387))"
1008,"((0, 9), (0, 19), (4, 10))","(np.float64(0.14904388508393926), np.float64(0.10652664589544329), np.float64(0.09718717736604927))","(np.float64(173.48788059816187), np.float64(45.87662947233085), np.float64(164.09609466219683))"
1009,"((10, 19),)","(np.float64(0.12915242922767894),)","(np.float64(-86.79527420686702),)"
1010,"((6, 9), (13, 16))","(np.float64(0.05590288395534771), np.float64(0.14752188430973948))","(np.float64(154.58700739242778), np.float64(-31.769150311734506))"
1011,"((7, 11), (5, 14))","(np.float64(0.14852835107878998), np.float64(0.14861585012272427))","(np.float64(247.97070744992612), np.float64(182.70943154721294))"
1013,"((5, 11), (8, 17))","(np.float64(0.11633803344909945), np.float64(0.10788648377912725))","(np.float64(-14.69084706889771), np.float64(-89.05285677198873))"
1014,"((3, 8),)","(np.float64(0.102055248099713),)","(np.float64(-120.1582184067484),)"
1015,"((0, 14), (4, 7), (5, 15))","(np.float64(0.04897750578869963), np.float64(0.13794579572058874), np.float64(0.10279135054130094))","(np.float64(177.96551666270437), np.float64(291.14122869617995), np.float64(173.91320456601193))"
1016,"((14, 16), (0, 13))","(np.float64(0.11028406944242904), np.float64(0.13599525336700008))","(np.float64(68.25512477358654), np.float64(-84.11753321412232))"
1017,"((0, 3),)","(np.float64(0.11683234380099942),)","(np.float64(-28.660764044709822),)"
1018,"((1, 10), (1, 16))","(np.float64(0.06211112090233768), np.float64(0.10740838736466014))","(np.float64(-144.85485422428232), np.float64(82.35738542516944))"
1019,"((7, 19), (9, 19))","(np.float64(0.1499494941148354), np.float64(0.1291421888986663))","(np.float64(-149.19133315017086), np.float64(-62.79363485912688))"
1020,"((1, 11), (9, 14), (10, 14), (6, 10))","(np.float64(0.11388351186620672), np.float64(0.05948247845681455), np.float64(0.14928553442749334), np.float64(0.1379799634740559))","(np.float64(287.0405851040179), np.float64(-223.20059085412743), np.float64(-246.3090987709909), np.float64(302.77592112088666))"
1021,"((4, 13), (9, 10), (4, 16), (5, 18), (4, 11))","(np.float64(0.0627144512291607), np.float64(0.11784546967207309), np.float64(0.1483606878429755), np.float64(0.1337649825792105), np.float64(0.13095999160914185))","(np.float64(-118.72379156463217), np.float64(-0.6485629078441661), np.float64(-49.20517907353042), np.float64(-90.33226009453489), np.float64(335.88468684522576))"
1022,"((15, 19),)","(np.float64(0.13529078423553334),)","(np.float64(-91.22121180749622),)"
1024,"((11, 14), (16, 19))","(np.float64(0.10353184913037533), np.float64(0.12179438203440339))","(np.float64(-320.2782388543036), np.float64(47.491249811710645))"
1025,"((4, 10), (0, 6), (4, 8), (2, 8), (8, 19), (0, 13))","(np.float64(0.06071522659973296), np.float64(0.1312864627599271), np.float64(0.14909955210644132), np.float64(0.14868063649205362), np.float64(0.13852729651351556), np.float64(0.13490907080331094))","(np.float64(-90.28452539334916), np.float64(248.39224638817365), np.float64(233.5792031542603), np.float64(253.02799404703438), np.float64(-207.58529940619854), np.float64(176.8116032142795))"
1027,"((9, 19),)","(np.float64(0.14675374639751784),)","(np.float64(-212.660279912034),)"
1029,"((0, 15), (12, 17), (6, 13), (3, 12), (3, 17))","(np.float64(0.12864254417095308), np.float64(0.11127327720355791), np.float64(0.13856493618624208), np.float64(0.14248830047773087), np.float64(0.145047302204072))","(np.float64(137.99847393800675), np.float64(-3.4797057628164794), np.float64(179.07899834355692), np.float64(94.94685997217226), np.float64(0.07877057496733642))"
1030,"((1, 12), (4, 14), (5, 9), (12, 19))","(np.float64(0.14009410828713287), np.float64(0.1308655611348501), np.float64(0.10982592248428778), np.float64(0.13693706478126144))","(np.float64(-192.732007525536), np.float64(-292.9132953215793), np.float64(-103.95392149963845), np.float64(187.75129701501146))"
1031,"((4, 16), (15, 18), (6, 18), (4, 18))","(np.float64(0.12169330978401362), np.float64(0.11715186469964531), np.float64(0.09058363185780441), np.float64(0.09785336104626996))","(np.float64(206.52046728392838), np.float64(-85.70406161554274), np.float64(208.6153024890608), np.float64(225.34966727265896))"
1032,"((4, 15), (10, 15))","(np.float64(0.11854278291576346), np.float64(0.10863212528985478))","(np.float64(90.94678233734572), np.float64(-118.35107395874564))"
1033,"((4, 6), (4, 11), (6, 11), (17, 19))","(np.float64(0.13100614337667507), np.float64(0.028603943500606688), np.float64(0.10529409473252303), np.float64(0.10203845535215222))","(np.float64(31.069567638649744), np.float64(252.2593234401383), np.float64(221.18975580148856), np.float64(-183.7989831441001))"
1034,"((12, 15),)","(np.float64(0.04475221056000167),)","(np.float64(185.1718578980532),)"
1035,"((12, 19),)","(np.float64(0.14146622651998686),)","(np.float64(-77.50342224348236),)"
1036,"((2, 13),)","(np.float64(0.07686895370731307),)","(np.float64(175.57340132321377),)"
1038,"((0, 19),)","(np.float64(0.07326501955332966),)","(np.float64(70.55823882869771),)"
1039,"((0, 16), (4, 13))","(np.float64(0.025541196114443224), np.float64(0.07125440564337424))","(np.float64(119.83010450979407), np.float64(149.68361395539182))"
1040,"((0, 7), (1, 3), (3, 17))","(np.float64(0.14825242747330447), np.float64(0.13929886202896546), np.float64(0.13459341633402122))","(np.float64(207.59535954580775), np.float64(-97.79348944041203), np.float64(-285.6577060604692))"
1041,"((4, 9), (7, 10))","(np.float64(0.02526673802347845), np.float64(0.12505498912311724))","(np.float64(243.6375990575607), np.float64(-21.39167848167648))"
1043,"((0, 10), (2, 10), (2, 14))","(np.float64(0.07816470822965713), np.float64(0.10014139159606668), np.float64(0.14727774683521339))","(np.float64(220.27837645179952), np.float64(231.9009255341021), np.float64(183.40721277347166))"
1044,"((0, 15), (1, 3), (2, 12), (5, 9), (13, 15))","(np.float64(0.08031263114638372), np.float64(0.10614143055661829), np.float64(0.13049449616805786), np.float64(0.1410175064747098), np.float64(0.1377988304326732))","(np.float64(104.89713887194998), np.float64(130.46758807198182), np.float64(68.7901958283577), np.float64(-12.575415034239882), np.float64(-32.178271664571525))"
1045,"((1, 15), (6, 14), (5, 15))","(np.float64(0.09856366107602972), np.float64(0.14169958205731586), np.float64(0.07257994347975212))","(np.float64(21.047373646380407), np.float64(101.69248353836093), np.float64(227.3238850761242))"
1046,"((0, 12),)","(np.float64(0.14293704371666932),)","(np.float64(173.81353581943227),)"
1047,"((5, 16), (12, 16), (13, 16))","(np.float64(0.14189472449505147), np.float64(0.14837534749291914), np.float64(0.13935817434597794))","(np.float64(105.81400167788365), np.float64(-39.72584646929067), np.float64(-129.4374454006027))"
1048,"((5, 14),)","(np.float64(0.14354491362838098),)","(np.float64(183.70381138639692),)"
1050,"((7, 9), (8, 12))","(np.float64(0.14881621034254905), np.float64(0.08037911274711852))","(np.float64(44.21170545072482), np.float64(-19.562266739857478))"
1051,"((8, 9),)","(np.float64(0.14276662734624201),)","(np.float64(43.43716270549362),)"
1052,"((15, 17),)","(np.float64(0.1438302675438608),)","(np.float64(-54.01382979900052),)"
1053,"((12, 16), (0, 14))","(np.float64(0.1152873343877827), np.float64(0.10985430007324418))","(np.float64(-137.5074874581648), np.float64(-84.59924025326251))"
1054,"((10, 19),)","(np.float64(0.1375642216931862),)","(np.float64(-145.23662385018727),)"
1055,"((0, 7), (4, 12), (0, 18), (4, 17), (8, 17))","(np.float64(0.11011732900821841), np.float64(0.07789332884437529), np.float64(0.14865451376005015), np.float64(0.12792543657703095), np.float64(0.1420187161710138))","(np.float64(-117.29547527722619), np.float64(39.9226319270407), np.float64(47.525600529343336), np.float64(251.82729151510586), np.float64(156.147177805968))"
1056,"((6, 13),)","(np.float64(0.14911290454215037),)","(np.float64(-79.71793985383488),)"
1057,"((4, 6), (12, 19))","(np.float64(0.12885532227542143), np.float64(0.11057104434720785))","(np.float64(-49.317213159885114), np.float64(157.149306131574))"
1058,"((2, 11),)","(np.float64(0.1450627888868267),)","(np.float64(255.89925560177466),)"
1059,"((7, 13),)","(np.float64(0.13622208954863715),)","(np.float64(-149.88337766569975),)"
1061,"((15, 19), (16, 19), (0, 16))","(np.float64(0.1401514618602409), np.float64(0.14473435569385015), np.float64(0.13062236259372237))","(np.float64(111.4197531072457), np.float64(51.08522941631395), np.float64(166.08029498394473))"
1063,"((0, 3), (2, 3), (4, 5))","(np.float64(0.05802508737811767), np.float64(0.14682259691482916), np.float64(0.14004690425056276))","(np.float64(-59.919472350946705), np.float64(-78.95909149719), np.float64(306.11866097926196))"
1064,"((4, 17),)","(np.float64(0.10177936314821473),)","(np.float64(64.44696476027895),)"
1065,"((1, 6), (5, 12), (7, 11), (3, 11))","(np.float64(0.11905409321323804), np.float64(0.1329826059094789), np.float64(0.1286891695661158), np.float64(0.1237346908969998))","(np.float64(-107.45321056268938), np.float64(58.23401015012195), np.float64(3.3633083132973525), np.float64(-11.472474303165143))"
1066,"((0, 16), (7, 13), (13, 18))","(np.float64(0.11057508019327499), np.float64(0.10462183813998069), np.float64(0.14771054253298957))","(np.float64(106.00065285615355), np.float64(269.95788817144614), np.float64(-154.0360253463765))"
1067,"((3, 10), (17, 19))","(np.float64(0.14500370695732132), np.float64(0.003408710499043684))","(np.float64(241.9526239508573), np.float64(-3.177554308230924))"
1068,"((12, 16),)","(np.float64(0.03303219643679663),)","(np.float64(-105.06364522073142),)"
1069,"((14, 16),)","(np.float64(0.1392539833147093),)","(np.float64(-88.88310569919412),)"
1070,"((5, 10), (13, 16))","(np.float64(0.1374724617262549), np.float64(0.06585527983657516))","(np.float64(-47.40918530080273), np.float64(167.2025466696108))"
1071,"((4, 15), (1, 9))","(np.float64(0.07680039593851189), np.float64(0.1481445179101747))","(np.float64(-118.6762072968678), np.float64(36.97493998998621))"
1072,"((9, 14), (15, 18), (5, 16), (7, 17))","(np.float64(0.10473338083897062), np.float64(0.1401337558460025), np.float64(0.1446458657578151), np.float64(0.12348795657180296))","(np.float64(-75.49392376055664), np.float64(-154.331518401449), np.float64(216.90857546081935), np.float64(-160.69323494690752))"
1073,"((5, 17),)","(np.float64(0.008888516133748381),)","(np.float64(-181.91254584036318),)"
1074,"((0, 1), (0, 2), (1, 2), (2, 12), (13, 17))","(np.float64(0.12764986357699873), np.float64(0.12064421234672068), np.float64(0.0047350071972626), np.float64(0.11993455489036954), np.float64(0.1354567080938103))","(np.float64(-55.603174691855486), np.float64(-63.593824961116184), np.float64(-7.996273133030229), np.float64(-39.959721955151736), np.float64(-141.0005995641016))"
1075,"((8, 16), (10, 15), (7, 18), (3, 9))","(np.float64(0.045158558780118006), np.float64(0.14951414895884874), np.float64(0.12193192162851396), np.float64(0.1445326067977435))","(np.float64(-107.27815425520987), np.float64(-65.85378489553176), np.float64(-190.3208070764711), np.float64(-171.6374504460407))"
1076,"((0, 3), (9, 10))","(np.float64(0.1310462202493288), np.float64(0.1279424365428993))","(np.float64(9.203184539982743), np.float64(-320.8666406214124))"
1077,"((1, 16), (4, 11))","(np.float64(0.1423904774580329), np.float64(0.1318456526311652))","(np.float64(93.58097845707516), np.float64(315.6034433790334))"
1078,"((3, 9), (6, 16), (7, 15), (12, 14), (14, 19), (12, 19), (3, 8), (6, 18))","(np.float64(0.09587897742212072), np.float64(0.05632858618484697), np.float64(0.1113099233678436), np.float64(0.14772965997425902), np.float64(0.09216610927958219), np.float64(0.14374028412095885), np.float64(0.13111141357257503), np.float64(0.13996932911961207))","(np.float64(76.29749681360215), np.float64(-149.2394629430005), np.float64(-145.48845784286556), np.float64(30.22807286864895), np.float64(-101.18147353391558), np.float64(-118.0631533202959), np.float64(27.252813421932558), np.float64(-121.89308728791136))"
1079,"((1, 8), (2, 10), (7, 9), (7, 17), (14, 19))","(np.float64(0.06305909723302426), np.float64(0.06652340853710485), np.float64(0.14961390763067692), np.float64(0.11043061361811368), np.float64(0.14293349228989943))","(np.float64(-84.69760725048866), np.float64(220.81660812082134), np.float64(-16.26145658900998), np.float64(-173.72205291818372), np.float64(-171.45304869796377))"
1081,"((4, 11),)","(np.float64(0.14187257186706104),)","(np.float64(240.49399236739453),)"
1082,"((14, 19),)","(np.float64(0.12966061714460422),)","(np.float64(-101.25671616289952),)"
1084,"((2, 11), (2, 12), (2, 8))","(np.float64(0.05852128798917083), np.float64(0.09382373505352583), np.float64(0.12776269568414397))","(np.float64(164.8078582851645), np.float64(112.45570405639245), np.float64(180.88067946474797))"
1085,"((1, 12),)","(np.float64(0.13844137591039676),)","(np.float64(216.16936526503048),)"
1086,"((0, 2), (11, 16))","(np.float64(0.1075033056752152), np.float64(0.057371864427158616))","(np.float64(-51.85454090649364), np.float64(118.50103680099284))"
1087,"((6, 8), (7, 11))","(np.float64(0.1373035711370638), np.float64(0.05101755537262639))","(np.float64(14.907005000788047), np.float64(14.629186369392244))"
1088,"((2, 6), (3, 17))","(np.float64(0.060032325762354406), np.float64(0.13407024381868318))","(np.float64(13.823391407989845), np.float64(69.15049120208943))"
1089,"((6, 11),)","(np.float64(0.03585794846928078),)","(np.float64(82.17937236320859),)"
1091,"((0, 2), (7, 17), (16, 17))","(np.float64(0.11317522276999653), np.float64(0.09965130252921832), np.float64(0.12622406239693673))","(np.float64(36.19782312162556), np.float64(-155.7406358372731), np.float64(-7.185077796289249))"
1092,"((4, 6), (6, 15))","(np.float64(0.09233519497687173), np.float64(0.12456262984900397))","(np.float64(2.535316955142548), np.float64(294.85033070428904))"
1093,"((13, 18),)","(np.float64(0.14755560165654313),)","(np.float64(-140.14635518441605),)"
1095,"((1, 13),)","(np.float64(0.12854218163665254),)","(np.float64(211.3138688100953),)"
1097,"((3, 10), (4, 5), (10, 15), (5, 7))","(np.float64(0.10365719111276192), np.float64(0.08661891099590951), np.float64(0.12151920232057938), np.float64(0.1428462696076811))","(np.float64(174.7522598061779), np.float64(-11.572109516911667), np.float64(303.3459590913851), np.float64(216.65738433576166))"
1098,"((12, 13), (15, 16))","(np.float64(0.1451646444246431), np.float64(0.1070219382997418))","(np.float64(58.679542106322344), np.float64(-3.5992423198704273))"
1100,"((5, 12), (12, 16), (0, 4))","(np.float64(0.13018898778609495), np.float64(0.12859952330828336), np.float64(0.11238846407038991))","(np.float64(-61.89594506667959), np.float64(-116.34780800859829), np.float64(-52.245797902336335))"
1101,"((2, 6), (0, 7), (2, 8))","(np.float64(0.12549425076609283), np.float64(0.14317326249543902), np.float64(0.12767548990153127))","(np.float64(78.4699184682874), np.float64(161.8931709853932), np.float64(60.65411948594942))"
1102,"((0, 19), (5, 17))","(np.float64(0.11741952104458635), np.float64(0.1339056314655178))","(np.float64(162.30863638466204), np.float64(276.31757247048296))"
1103,"((3, 17), (10, 11))","(np.float64(0.10057852866481855), np.float64(0.030522738093380117))","(np.float64(170.80128454273768), np.float64(201.44240807942265))"
1104,"((3, 14), (4, 10), (16, 17), (12, 19), (14, 19))","(np.float64(0.08632536167594909), np.float64(0.12335938436548971), np.float64(0.12482027122815419), np.float64(0.1398264880871552), np.float64(0.13380357460703474))","(np.float64(-136.00587468910317), np.float64(260.0186226524142), np.float64(59.28250466419502), np.float64(187.11772702971308), np.float64(-202.40054571568743))"
1105,"((1, 11),)","(np.float64(0.08905571605572658),)","(np.float64(262.4430204497964),)"
1106,"((5, 14),)","(np.float64(0.1406054200917408),)","(np.float64(235.02614523486608),)"
1107,"((2, 8), (6, 14), (9, 18), (1, 8))","(np.float64(0.12857634071870938), np.float64(0.09508964106521128), np.float64(0.1313768588005365), np.float64(0.13877130285992104))","(np.float64(-123.09425466193835), np.float64(-116.55914101294792), np.float64(-184.72586575609245), np.float64(238.2957541506421))"
1108,"((0, 17), (12, 17))","(np.float64(0.14882346765289017), np.float64(0.06354085843225174))","(np.float64(141.98074696705748), np.float64(-50.908221873739876))"
1109,"((4, 9),)","(np.float64(0.10139448191507161),)","(np.float64(257.1346663158293),)"
1110,"((1, 9), (4, 19), (11, 13))","(np.float64(0.14269773375823935), np.float64(0.09059317203617923), np.float64(0.04468588893279293))","(np.float64(-147.4379515125322), np.float64(64.27487689891356), np.float64(51.61055673075646))"
1111,"((9, 18),)","(np.float64(0.14902187709105885),)","(np.float64(-202.24987292592192),)"
1112,"((1, 5), (3, 8), (9, 16))","(np.float64(0.06920614842581999), np.float64(0.12555248691612092), np.float64(0.10248779931406043))","(np.float64(-17.147483133130237), np.float64(-89.29224945574583), np.float64(-158.80643333848099))"
1113,"((2, 3), (2, 7), (3, 7), (9, 16), (11, 17), (15, 17))","(np.float64(0.12754336324062), np.float64(0.03802045902312349), np.float64(0.10871901365323243), np.float64(0.14658339542144067), np.float64(0.1328210665944393), np.float64(0.0709786667327623))","(np.float64(56.96307352812664), np.float64(134.25952884029402), np.float64(77.29645531216738), np.float64(-31.859651682367144), np.float64(-97.2767920878947), np.float64(-22.110580646331982))"
1114,"((3, 15),)","(np.float64(0.14729635602918212),)","(np.float64(153.86918601389448),)"
1116,"((5, 16), (4, 11), (2, 18))","(np.float64(0.14451954330420672), np.float64(0.14439432915208944), np.float64(0.1177078278389548))","(np.float64(200.99042667839245), np.float64(-13.121386807116778), np.float64(-218.04054245705322))"
1117,"((1, 14), (12, 18), (9, 16), (9, 12))","(np.float64(0.13072497360629765), np.float64(0.04580943952491059), np.float64(0.13160594792982122), np.float64(0.09456087543932593))","(np.float64(101.68533582323005), np.float64(-124.5948461640358), np.float64(-141.26867648304346), np.float64(-118.13550384205763))"
1118,"((6, 7),)","(np.float64(0.10914750491926437),)","(np.float64(-1.786245317152293),)"
1119,"((10, 18),)","(np.float64(0.050423145871125036),)","(np.float64(-122.39615180081256),)"
1120,"((1, 18), (3, 5), (3, 15), (6, 8), (7, 11))","(np.float64(0.11685796359712981), np.float64(0.13556628631208612), np.float64(0.1222864664640226), np.float64(0.14069498556239224), np.float64(0.12955723880270067))","(np.float64(-10.773965192946605), np.float64(-65.67347641455876), np.float64(-24.80295127832801), np.float64(271.3548483231325), np.float64(307.0483471599388))"
1121,"((0, 5), (3, 14))","(np.float64(0.1348190615963904), np.float64(0.1338664764907707))","(np.float64(-1.8023888565959965), np.float64(-130.01847339411432))"
1122,"((6, 11), (1, 9), (2, 11), (1, 10))","(np.float64(0.11072887880580488), np.float64(0.13706666545902227), np.float64(0.13242353249737152), np.float64(0.12859023783805545))","(np.float64(216.86218177081656), np.float64(207.30193237398805), np.float64(-161.97580230959005), np.float64(243.7725496077989))"
1123,"((0, 17), (1, 10), (6, 8))","(np.float64(0.0236872614327733), np.float64(0.10811717421193438), np.float64(0.11562250224227263))","(np.float64(1.2350546316222903), np.float64(217.55466846807303), np.float64(-57.20270318801204))"
1124,"((1, 18), (3, 10), (11, 18))","(np.float64(0.14576874131190568), np.float64(0.08870693603049208), np.float64(0.12945929174708892))","(np.float64(-34.62718575683991), np.float64(176.19171684985318), np.float64(199.410655282241))"
1125,"((8, 19),)","(np.float64(0.0932600189979407),)","(np.float64(60.827038422553585),)"
1126,"((4, 10), (5, 10), (8, 11))","(np.float64(0.09118634561661129), np.float64(0.11408914685200934), np.float64(0.04989331014701824))","(np.float64(191.65310022130538), np.float64(196.22441073512402), np.float64(223.61331857079847))"
1127,"((7, 12), (8, 19), (0, 11), (8, 17), (2, 15))","(np.float64(0.11178527177257289), np.float64(0.14819494190551274), np.float64(0.09913844584631523), np.float64(0.14908999347844396), np.float64(0.12299917737514593))","(np.float64(276.38382113996545), np.float64(-180.50859064276125), np.float64(197.87421439145663), np.float64(-74.75955019684562), np.float64(180.33992301748913))"
1128,"((4, 18),)","(np.float64(0.08972096342757833),)","(np.float64(61.8899418495549),)"
1129,"((0, 13), (11, 19), (8, 19))","(np.float64(0.11869429371486484), np.float64(0.1294250891375374), np.float64(0.14325982681098715))","(np.float64(109.16937450403759), np.float64(-170.64750794811005), np.float64(-185.51915262784485))"
1130,"((5, 17),)","(np.float64(0.03403877781762046),)","(np.float64(106.22995145830978),)"
1131,"((6, 16), (14, 18), (0, 6))","(np.float64(0.13039247760057215), np.float64(0.1492572768192275), np.float64(0.12743924394704606))","(np.float64(215.57109692268477), np.float64(68.79081759796054), np.float64(-52.2453620128656))"
1132,"((14, 15),)","(np.float64(0.14832728610242182),)","(np.float64(-147.84182690525125),)"
1133,"((1, 7), (9, 16))","(np.float64(0.12270834711335396), np.float64(0.12419848587300733))","(np.float64(190.17216302563043), np.float64(-84.71823754232753))"
1134,"((2, 12), (3, 11), (4, 9), (8, 15))","(np.float64(0.10685323220165424), np.float64(0.06838349732399292), np.float64(0.14204646143629293), np.float64(0.1367113505526416))","(np.float64(12.0393212041256), np.float64(192.49197149575593), np.float64(264.06974200299123), np.float64(-32.69073676443202))"
1135,"((8, 18), (13, 18), (1, 9))","(np.float64(0.1008457914176606), np.float64(0.08280305794276085), np.float64(0.14304394958857947))","(np.float64(-84.08034696087495), np.float64(-89.89255905529907), np.float64(121.81936768514913))"
1136,"((4, 17),)","(np.float64(0.04059114447318587),)","(np.float64(185.9691593037872),)"
1137,"((6, 16),)","(np.float64(0.14764581449990566),)","(np.float64(-155.54956317919505),)"
1138,"((1, 3), (4, 15), (2, 15), (2, 4), (4, 12))","(np.float64(0.14014975645331995), np.float64(0.12389237832138254), np.float64(0.14597538106661745), np.float64(0.09434371726766239), np.float64(0.14241914935919103))","(np.float64(-109.13392796419657), np.float64(260.078446981535), np.float64(213.36343869356216), np.float64(-14.83944943482345), np.float64(257.4363704956901))"
1139,"((0, 7), (0, 8), (0, 15), (7, 8), (7, 15))","(np.float64(0.03605809747499142), np.float64(0.04101436898924977), np.float64(0.11222299681117522), np.float64(0.06304761920175181), np.float64(0.12602628611069222))","(np.float64(245.85507796009455), np.float64(278.1950502069423), np.float64(194.8555225000228), np.float64(-12.640103589333876), np.float64(-95.9992273961069))"
1140,"((1, 13),)","(np.float64(0.11877484774683994),)","(np.float64(66.95684715406492),)"
1141,"((2, 13), (3, 5), (8, 10), (8, 19), (10, 19))","(np.float64(0.09531524384849116), np.float64(0.12196356659332588), np.float64(0.1456689415291217), np.float64(0.12387013301956419), np.float64(0.11038026171254506))","(np.float64(228.95429026938797), np.float64(-63.056425104911455), np.float64(-0.3516085432311229), np.float64(-172.61573419148158), np.float64(-172.26412564825046))"
1142,"((1, 3), (5, 7), (6, 15), (10, 13))","(np.float64(0.10171693604150993), np.float64(0.11540222155627033), np.float64(0.14829988959848622), np.float64(0.13210062143131787))","(np.float64(270.7689959491507), np.float64(5.56241582504515), np.float64(49.331948984698045), np.float64(-105.61910521736269))"
1143,"((9, 13), (12, 14))","(np.float64(0.13153105148606264), np.float64(0.10236370789243518))","(np.float64(165.35069117651614), np.float64(55.764250514454375))"
1144,"((9, 16),)","(np.float64(0.1296211736148121),)","(np.float64(200.27159930833574),)"
1145,"((2, 12), (3, 10), (8, 18), (10, 14), (10, 15), (14, 15), (17, 19))","(np.float64(0.13574791646330273), np.float64(0.13001760569584825), np.float64(0.13453640297905484), np.float64(0.030843364364041566), np.float64(0.08739575125676802), np.float64(0.10348377672014138), np.float64(0.09164625434829797))","(np.float64(127.30886168977457), np.float64(178.52640187494683), np.float64(-33.84948947466802), np.float64(-60.03992065222138), np.float64(-72.31715710538805), np.float64(-12.277236453166665), np.float64(-54.70603576635736))"
1146,"((8, 15),)","(np.float64(0.14036991752762562),)","(np.float64(162.9184543414754),)"
1147,"((0, 4), (2, 4))","(np.float64(0.14716273030040963), np.float64(0.14038937892829104))","(np.float64(184.8653496316516), np.float64(101.32640550917603))"
1148,"((0, 6), (1, 3), (7, 12), (4, 14), (8, 18))","(np.float64(0.12931281205328304), np.float64(0.08989816150774432), np.float64(0.08600944408926874), np.float64(0.14103281922911132), np.float64(0.13272583523040452))","(np.float64(177.80138071373932), np.float64(161.69763661376322), np.float64(-97.3473199290944), np.float64(-30.229327508912434), np.float64(-179.71727552931594))"
1149,"((0, 6), (0, 18), (5, 17), (6, 18), (3, 11))","(np.float64(0.09423683559329803), np.float64(0.10969205585835194), np.float64(0.08276206402866534), np.float64(0.14028073552772638), np.float64(0.12244612157060925))","(np.float64(-85.65408074306333), np.float64(49.59780362395691), np.float64(125.02345602580695), np.float64(135.25188436702024), np.float64(155.90102132459998))"
1150,"((0, 4), (0, 5), (1, 12), (2, 5), (11, 13))","(np.float64(0.10928615277449244), np.float64(0.12910328220386355), np.float64(0.14854301653074584), np.float64(0.10366634416566647), np.float64(0.09096923252788124))","(np.float64(-75.39406978097225), np.float64(-98.59986220077272), np.float64(185.65705968592903), np.float64(-84.88560195087143), np.float64(294.67586859827253))"
1151,"((6, 8), (11, 18))","(np.float64(0.10859137595777696), np.float64(0.1064612312958548))","(np.float64(-6.11584436689111), np.float64(80.52405393492415))"
1152,"((4, 6), (8, 16), (3, 6))","(np.float64(0.045173991326376714), np.float64(0.12401015795245209), np.float64(0.13780398918565373))","(np.float64(-88.28823435735814), np.float64(-40.05454985803584), np.float64(-88.8739599969004))"
1153,"((1, 16),)","(np.float64(0.1452389500706535),)","(np.float64(69.59958079489371),)"
1154,"((1, 5), (15, 19))","(np.float64(0.08616324213395844), np.float64(0.1350272189252086))","(np.float64(310.79743460830457), np.float64(-84.50892863587814))"
1155,"((6, 19), (11, 13))","(np.float64(0.0686044993191641), np.float64(0.0973920285250034))","(np.float64(34.26825591710838), np.float64(-13.92180386656355))"
1156,"((0, 4), (4, 19), (9, 18))","(np.float64(0.14265264024397617), np.float64(0.09777864381853042), np.float64(0.13966898273083675))","(np.float64(-58.34229991934984), np.float64(-237.89582612643233), np.float64(57.10420158736446))"
1158,"((1, 8), (1, 12))","(np.float64(0.08124062561381422), np.float64(0.1408287287044293))","(np.float64(171.72927281350744), np.float64(105.65139502134522))"
1159,"((2, 6), (13, 17), (7, 18))","(np.float64(0.12212231661078013), np.float64(0.1491807940395896), np.float64(0.04120235732189614))","(np.float64(267.64621317942255), np.float64(-224.46247233172323), np.float64(-218.2200210401329))"
1160,"((7, 10), (8, 18))","(np.float64(0.14117429583916555), np.float64(0.13681390081049993))","(np.float64(-90.56566240928635), np.float64(151.517749907645))"
1161,"((7, 8),)","(np.float64(0.11865310286810198),)","(np.float64(-315.6011568322828),)"
1162,"((7, 19), (16, 17), (11, 19), (2, 10), (1, 12))","(np.float64(0.09392320574653891), np.float64(0.07720815619188541), np.float64(0.14911194027284402), np.float64(0.1445369139207498), np.float64(0.12959183561918))","(np.float64(-197.82353477240696), np.float64(45.873241039674554), np.float64(-181.037103649973), np.float64(254.74816839296454), np.float64(170.3675130375101))"
1163,"((1, 14), (13, 14), (9, 14), (9, 13), (6, 11), (8, 13))","(np.float64(0.11332128732751749), np.float64(0.1342176135194859), np.float64(0.14019986262349687), np.float64(0.12127643687767205), np.float64(0.13996001194041915), np.float64(0.11103101784290717))","(np.float64(123.72320817330336), np.float64(33.098969105335186), np.float64(-133.39904269748268), np.float64(-210.49351808943896), np.float64(-167.37629101461238), np.float64(-40.38368275291208))"
1164,"((2, 10), (3, 11))","(np.float64(0.10998063981012719), np.float64(0.03815303836431166))","(np.float64(-116.00783817621789), np.float64(-151.13710298094338))"
1165,"((0, 18), (2, 19))","(np.float64(0.14570724060080792), np.float64(0.12451867919409645))","(np.float64(31.050183376283513), np.float64(77.14037951864404))"
1166,"((2, 16),)","(np.float64(0.0342525650855349),)","(np.float64(73.49111744501789),)"
1167,"((12, 15), (10, 19), (0, 10))","(np.float64(0.14089393470517503), np.float64(0.146621934442822), np.float64(0.14629970690577807))","(np.float64(-49.594412225694214), np.float64(-181.18023732716915), np.float64(-168.68136146221894))"
1168,"((9, 12), (13, 16), (0, 7))","(np.float64(0.1247446672359831), np.float64(0.10620721719449447), np.float64(0.1449746237380549))","(np.float64(309.6606913549856), np.float64(-171.28009783228907), np.float64(-67.85268295175965))"
1169,"((11, 19),)","(np.float64(0.13191902909436748),)","(np.float64(-154.73353533971914),)"
1171,"((1, 15), (5, 9), (8, 10))","(np.float64(0.061172826791533845), np.float64(0.07929726535184638), np.float64(0.05994541503883706))","(np.float64(181.73050999993205), np.float64(-13.540714778825134), np.float64(-63.36464151243598))"
1172,"((11, 19), (4, 14))","(np.float64(0.1476240108122818), np.float64(0.14847336462262367))","(np.float64(-176.79756953170377), np.float64(162.89200584884895))"
1173,"((5, 15), (5, 19), (6, 8), (15, 19))","(np.float64(0.06027741828072528), np.float64(0.11430693031703006), np.float64(0.1425436810238376), np.float64(0.07956674149901337))","(np.float64(165.12805061046015), np.float64(29.12242686715001), np.float64(249.05801986749185), np.float64(-92.22797481752889))"
1174,"((5, 15),)","(np.float64(0.00864454458233374),)","(np.float64(-205.3657188797951),)"
1175,"((7, 8),)","(np.float64(0.12833761680344127),)","(np.float64(-316.6628740149896),)"
1176,"((9, 15), (8, 19), (7, 14), (3, 10))","(np.float64(0.0870398899215986), np.float64(0.143661899968171), np.float64(0.12596614157639185), np.float64(0.14703115259438812))","(np.float64(-29.09832876780672), np.float64(105.61252574209792), np.float64(188.90674249966116), np.float64(189.0056219595702))"
1177,"((3, 4),)","(np.float64(0.14697301755507058),)","(np.float64(-12.435262209199209),)"
1179,"((2, 15),)","(np.float64(0.07601222735659699),)","(np.float64(156.34900297339863),)"
1180,"((2, 4), (4, 14), (2, 14))","(np.float64(0.14056227011511221), np.float64(0.14586219898744174), np.float64(0.09340495527623391))","(np.float64(-1.937988234722468), np.float64(196.00293927089382), np.float64(166.91257331152383))"
1181,"((1, 11), (3, 18), (15, 16), (8, 19), (14, 18))","(np.float64(0.11163104866754038), np.float64(0.14951093737573148), np.float64(0.11721310155028683), np.float64(0.14418338804987998), np.float64(0.1409931653979982))","(np.float64(191.39441840245894), np.float64(88.88087449933019), np.float64(-45.94441184168281), np.float64(-151.5935605687628), np.float64(-110.40723922879349))"
1182,"((4, 15), (10, 16), (5, 18), (5, 11), (11, 14))","(np.float64(0.13952069964010858), np.float64(0.148265306777787), np.float64(0.1041338941114204), np.float64(0.14544301136235813), np.float64(0.14434456671930768))","(np.float64(-206.03564282805155), np.float64(-215.66571588992872), np.float64(-254.21551168333355), np.float64(-119.74400643647903), np.float64(-125.31015342882176))"
1183,"((4, 15), (14, 19), (0, 15))","(np.float64(0.14428068644730627), np.float64(0.14271169062231115), np.float64(0.1263306528547449))","(np.float64(338.8519551039352), np.float64(-161.19980522430123), np.float64(201.81697880088217))"
1184,"((15, 16), (0, 16))","(np.float64(0.13617399315280454), np.float64(0.12166078933041873))","(np.float64(42.08939040069484), np.float64(-116.79351511144009))"
1185,"((13, 15), (14, 18))","(np.float64(0.09528814415596633), np.float64(0.045409674870865016))","(np.float64(-51.57520075474588), np.float64(-180.7634339460826))"
1186,"((1, 11),)","(np.float64(0.049825865115766),)","(np.float64(-126.13494703661783),)"
1187,"((1, 17), (10, 12), (14, 15), (1, 10))","(np.float64(0.13550868082952125), np.float64(0.11866505736640655), np.float64(0.12436200059562512), np.float64(0.05016569871337866))","(np.float64(-10.705366370322594), np.float64(-18.993999624653725), np.float64(-17.582335907297875), np.float64(119.65803476537292))"
1188,"((7, 16),)","(np.float64(0.024692631474055135),)","(np.float64(-152.2283760532754),)"
1189,"((1, 14),)","(np.float64(0.07236853064782074),)","(np.float64(105.6099407908568),)"
1190,"((3, 10),)","(np.float64(0.06073192023134549),)","(np.float64(221.87039848911172),)"
1191,"((0, 13), (2, 19))","(np.float64(0.12669272500414214), np.float64(0.1366914611272639))","(np.float64(95.83302351838742), np.float64(45.99793554696055))"
1192,"((7, 11), (8, 18))","(np.float64(0.07682857439107861), np.float64(0.10452381432082043))","(np.float64(271.6270214735322), np.float64(111.85282963228445))"
1193,"((0, 4), (8, 16), (10, 12), (2, 8))","(np.float64(0.14156078021837767), np.float64(0.021311572704829855), np.float64(0.09044951965553162), np.float64(0.14836365618853997))","(np.float64(242.4974388968833), np.float64(-178.03000322823613), np.float64(-16.41737454181333), np.float64(279.0890504356419))"
1194,"((4, 19), (5, 13), (9, 18), (2, 10))","(np.float64(0.09118201358566694), np.float64(0.07198204809026512), np.float64(0.08897709397893756), np.float64(0.13058091145551873))","(np.float64(-38.798851293328255), np.float64(176.6448949753826), np.float64(-169.47478863946912), np.float64(142.8333709259287))"
1195,"((8, 10), (12, 14))","(np.float64(0.1455026019860745), np.float64(0.1295959515039532))","(np.float64(-62.475373134622885), np.float64(22.4415283251833))"
1196,"((4, 5),)","(np.float64(0.026522480776886896),)","(np.float64(-8.627837832429691),)"
1197,"((3, 7), (8, 15))","(np.float64(0.1073775379305084), np.float64(0.109663425064185))","(np.float64(-8.252710186808258), np.float64(-141.8356226947665))"
1198,"((7, 19), (8, 10), (15, 18), (0, 12))","(np.float64(0.10611267799601153), np.float64(0.1264654127792887), np.float64(0.12050349818153079), np.float64(0.14729164102359796))","(np.float64(-192.92708013610508), np.float64(-48.337438702801876), np.float64(-93.74968055798956), np.float64(189.4742832570659))"
1199,"((10, 14), (10, 15))","(np.float64(0.13776377228482126), np.float64(0.06536257103183735))","(np.float64(195.88849933986364), np.float64(144.6200059296574))"
1200,"((7, 15),)","(np.float64(0.011540831604161717),)","(np.float64(-179.17696396743298),)"
1201,"((9, 11), (11, 18))","(np.float64(0.14539991446625472), np.float64(0.1397173051327097))","(np.float64(22.15913637600289), np.float64(133.13196532992043))"
1202,"((0, 12), (0, 17), (7, 13), (12, 17), (13, 17))","(np.float64(0.13652614657216078), np.float64(0.1107507226077184), np.float64(0.06597598622958666), np.float64(0.04596237748241195), np.float64(0.13489264469284623))","(np.float64(-4.336425180307714), np.float64(-34.3375560701009), np.float64(-171.38748956675897), np.float64(-30.00113088979319), np.float64(-51.029924944395134))"
1203,"((9, 13),)","(np.float64(0.10661659617985217),)","(np.float64(223.32610258461),)"
1205,"((3, 8),)","(np.float64(0.030251219765263283),)","(np.float64(193.61892147509087),)"
1206,"((3, 7),)","(np.float64(0.1456007735279531),)","(np.float64(173.91519042644916),)"
1207,"((1, 11), (1, 13), (8, 9), (11, 13))","(np.float64(0.14693445380951425), np.float64(0.11417738189557293), np.float64(0.11674108844216788), np.float64(0.0711724731641722))","(np.float64(120.51958690906324), np.float64(63.37787777870332), np.float64(174.1530652347127), np.float64(-57.141709130359914))"
1208,"((15, 16),)","(np.float64(0.14317410790904414),)","(np.float64(26.055408835311624),)"
1209,"((7, 8), (7, 14), (0, 14))","(np.float64(0.09223842836222447), np.float64(0.11153896168594588), np.float64(0.13854611193538066))","(np.float64(203.31400653113963), np.float64(84.49663628924515), np.float64(20.576087940925277))"
1211,"((5, 8),)","(np.float64(0.141231011565819),)","(np.float64(170.07669243729583),)"
1212,"((0, 9), (2, 4))","(np.float64(0.11560926850697925), np.float64(0.12103944413872979))","(np.float64(202.96629224617237), np.float64(9.949443745085091))"
1213,"((1, 19), (8, 14), (10, 18))","(np.float64(0.11511380554342597), np.float64(0.07655502977196887), np.float64(0.1476045060809533))","(np.float64(-33.03571566996726), np.float64(-136.37141663177033), np.float64(-280.2208934127957))"
1214,"((6, 13), (2, 10))","(np.float64(0.1301531524136657), np.float64(0.14717746171507107))","(np.float64(-129.96889772068153), np.float64(254.0156966845048))"
1215,"((5, 12), (2, 13))","(np.float64(0.1312728317554479), np.float64(0.14882391729561398))","(np.float64(178.3617299867301), np.float64(175.26457467379635))"
1216,"((7, 18), (1, 8))","(np.float64(0.03735332239413051), np.float64(0.14581786772661426))","(np.float64(168.7263440489202), np.float64(136.21909185898753))"
1218,"((3, 12), (4, 19))","(np.float64(0.09154455013713479), np.float64(0.12383894639529519))","(np.float64(232.80392212759045), np.float64(120.9376426311216))"
1219,"((6, 18), (12, 16), (13, 19))","(np.float64(0.13304413799530254), np.float64(0.07618828489161457), np.float64(0.14140885466148598))","(np.float64(-185.65484064948095), np.float64(-114.22862239685895), np.float64(-128.02859663823926))"
1222,"((0, 11), (1, 8), (2, 15), (7, 16), (12, 13))","(np.float64(0.04307279912281193), np.float64(0.0930690996019915), np.float64(0.12961290665277575), np.float64(0.11981290884948409), np.float64(0.07106567688908519))","(np.float64(-166.54072077738866), np.float64(202.32556448912032), np.float64(106.59913694803078), np.float64(152.11284733461113), np.float64(317.53530326391416))"
1223,"((4, 7), (14, 15))","(np.float64(0.14191843822039132), np.float64(0.0513336683941081))","(np.float64(261.0977986853069), np.float64(-49.10296198755441))"
1224,"((9, 19), (13, 17))","(np.float64(0.12916601864444363), np.float64(0.06075419572408775))","(np.float64(-167.5261398755573), np.float64(-55.64273428531254))"
1226,"((2, 3), (7, 15), (11, 17))","(np.float64(0.11542345417494734), np.float64(0.12016093618638794), np.float64(0.11012472516225554))","(np.float64(-47.02817667356612), np.float64(98.104116058655), np.float64(130.44261303684863))"
1227,"((4, 14), (4, 16), (10, 16), (7, 17))","(np.float64(0.10028979303781405), np.float64(0.12756867602369015), np.float64(0.14609161550714955), np.float64(0.1372358461372339))","(np.float64(-173.04283516353513), np.float64(-292.0693506733554), np.float64(-177.1074520281947), np.float64(-175.86645808178815))"
1229,"((3, 7), (14, 18), (15, 16))","(np.float64(0.060451842823822106), np.float64(0.11797684059024012), np.float64(0.1366119948984113))","(np.float64(-0.4053316585157063), np.float64(-146.9840375147428), np.float64(-6.340015863874669))"
1230,"((1, 8),)","(np.float64(0.05804778956916966),)","(np.float64(197.516672275556),)"
1231,"((1, 7), (8, 13), (12, 15), (1, 5), (2, 13))","(np.float64(0.0770594681772407), np.float64(0.12042556958890455), np.float64(0.1387331166188206), np.float64(0.11473117165391171), np.float64(0.09660708469014195))","(np.float64(231.42123695316042), np.float64(-91.89576305448713), np.float64(-93.33626049885765), np.float64(-63.4325129942668), np.float64(166.7721954706031))"
1232,"((3, 17), (6, 13), (7, 9))","(np.float64(0.14466339075317255), np.float64(0.08845445031327812), np.float64(0.1440387737867767))","(np.float64(102.1913644705858), np.float64(176.66881827420673), np.float64(339.230742342139))"
1233,"((4, 13), (0, 13))","(np.float64(0.12135287028472569), np.float64(0.11881401315749841))","(np.float64(178.5260756682349), np.float64(157.84638689840915))"
1234,"((5, 14), (6, 9), (7, 12), (9, 10))","(np.float64(0.10043210801712053), np.float64(0.1385470151640446), np.float64(0.10303471068468639), np.float64(0.060072993569826254))","(np.float64(211.04516212156346), np.float64(254.6774504569005), np.float64(311.1939042231616), np.float64(-316.6168268351948))"
1235,"((4, 19), (13, 15), (14, 15), (13, 14), (17, 19), (9, 15))","(np.float64(0.12284180354372388), np.float64(0.14166183982113137), np.float64(0.09312222265448768), np.float64(0.1345811985008595), np.float64(0.14067231064930913), np.float64(0.12860138423366207))","(np.float64(110.72537431706971), np.float64(-41.60201264577091), np.float64(1.9471803050541325), np.float64(-1.3212724185984825), np.float64(-222.83892867843292), np.float64(-73.30392960083623))"
1236,"((0, 15), (1, 5))","(np.float64(0.052706407579741044), np.float64(0.10332903154879132))","(np.float64(98.44097034332984), np.float64(-119.61073054812903))"
1237,"((2, 7),)","(np.float64(0.1004622004479724),)","(np.float64(-38.052447048253725),)"
1238,"((1, 10), (6, 9), (8, 12), (8, 17), (4, 17), (4, 11), (7, 18), (9, 15), (15, 19), (1, 12), (11, 18))","(np.float64(0.09755188602469719), np.float64(0.004585075716688491), np.float64(0.1459682642568005), np.float64(0.04124132192626709), np.float64(0.14534639949036632), np.float64(0.0956637553854027), np.float64(0.1392283815150983), np.float64(0.1461719643967371), np.float64(0.14309184391016644), np.float64(0.14848329199166185), np.float64(0.1444236520021196))","(np.float64(186.64081188189698), np.float64(-28.350796566016243), np.float64(-188.24023963728257), np.float64(133.7243801837253), np.float64(-227.42021727183177), np.float64(184.36757486659673), np.float64(63.59202441766064), np.float64(171.10865863891843), np.float64(-110.61031882423032), np.float64(-178.64120760337323), np.float64(-68.49995282377529))"
1239,"((8, 19), (9, 19), (9, 16), (8, 18))","(np.float64(0.07616640413444771), np.float64(0.11552482347590581), np.float64(0.1462832353902247), np.float64(0.14051190646141748))","(np.float64(175.82219587416046), np.float64(-134.31529960676642), np.float64(-98.4884713432686), np.float64(198.92146141085186))"
1240,"((2, 6),)","(np.float64(0.14355372637248784),)","(np.float64(269.3912740247779),)"
1241,"((2, 4), (7, 16), (12, 18), (2, 13))","(np.float64(0.08602370749349575), np.float64(0.12279273120147234), np.float64(0.09943628312956106), np.float64(0.13760435628265377))","(np.float64(294.3582592073963), np.float64(-232.75936534929872), np.float64(-162.24526185934712), np.float64(307.03689486212284))"
1242,"((2, 14), (8, 18), (12, 14), (12, 19), (14, 19), (2, 19), (2, 12))","(np.float64(0.05037222780060652), np.float64(0.12985171271467194), np.float64(0.09886086300710824), np.float64(0.01549417075209047), np.float64(0.04386603350973311), np.float64(0.14966964362187501), np.float64(0.09273098344069729))","(np.float64(-82.28655440888957), np.float64(-149.00345673325492), np.float64(8.915329664080446), np.float64(-84.47835787050701), np.float64(-93.39429979349859), np.float64(-220.679961563228), np.float64(223.80008049612178))"
1243,"((3, 8), (0, 14))","(np.float64(0.044727817286367384), np.float64(0.13565662164614536))","(np.float64(320.3063154350382), np.float64(211.8559141514143))"
1244,"((2, 11), (2, 13))","(np.float64(0.14092497339383167), np.float64(0.11218296019227054))","(np.float64(-119.20317325721774), np.float64(182.90942050762138))"
1245,"((5, 15), (6, 19), (2, 18))","(np.float64(0.12368733966856567), np.float64(0.11356947549109084), np.float64(0.1298545169737954))","(np.float64(-103.95839067631294), np.float64(-129.71772384588724), np.float64(-90.2625204713566))"
1246,"((1, 19), (5, 8), (5, 13), (7, 19), (8, 13))","(np.float64(0.14229240985152283), np.float64(0.14197352851122216), np.float64(0.10230671418153843), np.float64(0.10755975352698939), np.float64(0.11454959752486271))","(np.float64(109.69066042633258), np.float64(183.93669073927316), np.float64(191.01881941299598), np.float64(-68.89120691465732), np.float64(7.082128673722821))"
1248,"((0, 4), (0, 6), (0, 9), (4, 6), (4, 9), (6, 9))","(np.float64(0.009077440865896399), np.float64(0.03976669561585026), np.float64(0.1187364943887198), np.float64(0.0877917629748679), np.float64(0.12168997578301638), np.float64(0.07634268130672678))","(np.float64(-24.527777797009378), np.float64(-26.148333814528343), np.float64(190.60037245505453), np.float64(-6.987312456727949), np.float64(215.1281502520639), np.float64(222.11546270879185))"
1249,"((2, 3), (6, 17), (9, 13), (5, 19))","(np.float64(0.1135295917252994), np.float64(0.08259314919308257), np.float64(0.05558265003438559), np.float64(0.1479855974238201))","(np.float64(-4.284915657630961), np.float64(81.75513354887278), np.float64(-54.3066271374264), np.float64(-211.35016349286417))"
1250,"((1, 3), (1, 9), (3, 9), (6, 12))","(np.float64(0.1185149161971106), np.float64(0.12453056706431581), np.float64(0.03630126242907353), np.float64(0.1295513970541185))","(np.float64(34.24033337076108), np.float64(-61.93611224650465), np.float64(-141.1764093776417), np.float64(200.3543289819234))"
1251,"((7, 18),)","(np.float64(0.1210857922532076),)","(np.float64(-49.03068870274183),)"
1252,"((3, 10), (5, 12), (11, 12), (3, 9))","(np.float64(0.1142673057113903), np.float64(0.13929811503840364), np.float64(0.13219454534140326), np.float64(0.13605119405446642))","(np.float64(145.36559728713107), np.float64(147.43483599274077), np.float64(-13.73316338015411), np.float64(182.69757885597355))"
1253,"((2, 6), (10, 19))","(np.float64(0.11657633950765736), np.float64(0.12994917370489895))","(np.float64(-1.5317481901059296), np.float64(-61.06221765223421))"
1254,"((6, 18),)","(np.float64(0.0917280235013985),)","(np.float64(-161.11390887676004),)"
1255,"((1, 2), (5, 7))","(np.float64(0.07783030302795027), np.float64(0.1339607159018134))","(np.float64(-45.15394795238171), np.float64(225.5961869069182))"
1258,"((4, 13), (9, 12), (2, 17))","(np.float64(0.013603986968204881), np.float64(0.10932181682101393), np.float64(0.1210177416110907))","(np.float64(169.14916900252575), np.float64(37.04068534080892), np.float64(-287.6731036244757))"
1259,"((2, 7),)","(np.float64(0.09918739093970731),)","(np.float64(-85.1354254367265),)"
1260,"((3, 12), (11, 17), (12, 17))","(np.float64(0.1302477555581727), np.float64(0.13437785668127258), np.float64(0.09327360015015519))","(np.float64(237.36766666704312), np.float64(-155.9374557298483), np.float64(-143.15071408736196))"
1262,"((11, 18),)","(np.float64(0.11067772250952662),)","(np.float64(-182.85874025191072),)"
1263,"((4, 7), (5, 9), (6, 13), (0, 6))","(np.float64(0.08481927125496483), np.float64(0.0976825239458333), np.float64(0.14480144615279442), np.float64(0.12017159815935177))","(np.float64(-103.65623791385099), np.float64(-68.68731907052654), np.float64(-117.35044229941883), np.float64(232.31725776008375))"
1264,"((0, 10), (1, 15), (12, 19))","(np.float64(0.12924884325881048), np.float64(0.07894774064003746), np.float64(0.14348275398161744))","(np.float64(200.4292423712638), np.float64(84.64414579974647), np.float64(-114.7624673964956))"
1265,"((1, 2),)","(np.float64(0.09793221535335796),)","(np.float64(41.69493974629029),)"
1266,"((4, 5), (8, 15))","(np.float64(0.14304344906229965), np.float64(0.1079353195789366))","(np.float64(-63.57697954120283), np.float64(-115.28770939611042))"
1267,"((3, 10), (6, 19), (5, 13), (3, 15), (15, 18), (0, 18), (2, 18))","(np.float64(0.12381993855715828), np.float64(0.13823106524465162), np.float64(0.07934284447455683), np.float64(0.10184172648253653), np.float64(0.13420193589125987), np.float64(0.1412634639459637), np.float64(0.10919769669583948))","(np.float64(195.58817608955167), np.float64(46.66808612128082), np.float64(84.06895582157551), np.float64(153.36347436621827), np.float64(-37.76740659449831), np.float64(121.91553288643658), np.float64(124.40658863134229))"
1268,"((1, 9), (2, 11), (10, 14))","(np.float64(0.1331935197011559), np.float64(0.09908208976088409), np.float64(0.1339129164325826))","(np.float64(8.302849282768534), np.float64(193.45420864016768), np.float64(224.99305206004192))"
1269,"((2, 17), (4, 17), (13, 14))","(np.float64(0.1408975958907275), np.float64(0.04473517111626425), np.float64(0.08174262713558994))","(np.float64(132.20253055402793), np.float64(-167.57801283169937), np.float64(-55.919347322929525))"
1271,"((0, 5), (4, 10), (4, 14), (5, 8), (10, 14))","(np.float64(0.14352934818751067), np.float64(0.1413848358957735), np.float64(0.06495180843393482), np.float64(0.06307644557359873), np.float64(0.06421031336263457))","(np.float64(195.42207705817555), np.float64(-23.747711087721143), np.float64(-84.19020832733264), np.float64(27.146266399223464), np.float64(-60.46718596031462))"
1272,"((2, 5), (3, 9), (3, 17), (6, 19), (9, 17), (12, 14), (6, 9), (2, 12))","(np.float64(0.11475346386344308), np.float64(0.12572803597911567), np.float64(0.06685615985187598), np.float64(0.07171527571054274), np.float64(0.14914795461401192), np.float64(0.1425875754643434), np.float64(0.10674994600841185), np.float64(0.1473318039955416))","(np.float64(15.131895070022608), np.float64(154.5139038546654), np.float64(109.93301081202404), np.float64(130.09358124236468), np.float64(-44.58089304264135), np.float64(-86.17087191565253), np.float64(227.59540100896913), np.float64(130.77193601591546))"
1273,"((0, 17), (5, 18), (6, 14))","(np.float64(0.13732808935545468), np.float64(0.14180379637821452), np.float64(0.13983671695378447))","(np.float64(1.9846202625080878), np.float64(-37.24216197502574), np.float64(-18.71207799340891))"
1274,"((0, 15), (5, 13), (5, 17), (10, 11), (13, 17), (10, 17), (5, 18), (5, 14))","(np.float64(0.09839466108290085), np.float64(0.12644322866046465), np.float64(0.10542541741705695), np.float64(0.12502933862099616), np.float64(0.1470504918792869), np.float64(0.05108973653496172), np.float64(0.14828988649063143), np.float64(0.14306467747583504))","(np.float64(233.29772010187577), np.float64(-17.854774279608478), np.float64(133.24242173379912), np.float64(44.83235607509607), np.float64(151.0971960134076), np.float64(159.08456295789335), np.float64(-181.5069830681685), np.float64(-106.60660989201801))"
1275,"((9, 16),)","(np.float64(0.1495359067023831),)","(np.float64(-113.98327983269422),)"
1277,"((13, 19),)","(np.float64(0.06349722269886794),)","(np.float64(-91.44989222679368),)"
1278,"((6, 18), (8, 10), (0, 13))","(np.float64(0.06207996595721481), np.float64(0.031101218368390002), np.float64(0.10421305309841693))","(np.float64(132.73110870273553), np.float64(131.4924540632606), np.float64(108.07705002592834))"
1279,"((0, 7), (1, 17), (10, 19), (12, 18))","(np.float64(0.07078514124850983), np.float64(0.1415202737797814), np.float64(0.14396270711768971), np.float64(0.05158797405139526))","(np.float64(236.28128432237656), np.float64(11.691417261400147), np.float64(-211.85675362309894), np.float64(-203.6019800134407))"
1280,"((12, 17), (0, 12))","(np.float64(0.11524342541616368), np.float64(0.14731182682346353))","(np.float64(-167.74986021178395), np.float64(-137.52268099305044))"
1281,"((2, 11), (2, 7))","(np.float64(0.11946340983522855), np.float64(0.10301629141762043))","(np.float64(161.9902587626268), np.float64(-100.70639594158183))"
1282,"((2, 15),)","(np.float64(0.1395266511186285),)","(np.float64(61.301205450757266),)"
1284,"((2, 7), (2, 16), (2, 18), (7, 16), (9, 17))","(np.float64(0.12795380929396777), np.float64(0.14173712199416416), np.float64(0.059451255294062255), np.float64(0.1048566901560867), np.float64(0.07313182926639074))","(np.float64(-159.1887322665742), np.float64(-21.529722510439967), np.float64(-27.264507219353476), np.float64(137.65900975613422), np.float64(-194.33253765038498))"
1285,"((1, 17),)","(np.float64(0.13346170572503896),)","(np.float64(120.63047733389683),)"
1287,"((2, 18), (5, 7), (7, 17), (4, 15))","(np.float64(0.13314212979334517), np.float64(0.13197626320790817), np.float64(0.12863530547169164), np.float64(0.1434874650000582))","(np.float64(21.85387860964451), np.float64(248.9435585842354), np.float64(-176.03661677022583), np.float64(199.9381829688699))"
1288,"((2, 12),)","(np.float64(0.08867297078124846),)","(np.float64(136.92077474741083),)"
1290,"((1, 10), (8, 11), (1, 3))","(np.float64(0.09342307389398188), np.float64(0.07934492939296578), np.float64(0.14918359694888042))","(np.float64(155.5005203207602), np.float64(239.34568918522677), np.float64(-93.00502689258093))"
1291,"((3, 13), (14, 15))","(np.float64(0.12211931761908865), np.float64(0.12854049908131993))","(np.float64(224.78936762282945), np.float64(-34.72618169028635))"
1292,"((9, 12),)","(np.float64(0.11155837620032662),)","(np.float64(-314.4782605658532),)"
1293,"((2, 16),)","(np.float64(0.14961081291495648),)","(np.float64(160.7370706714214),)"
1294,"((6, 18), (11, 14), (2, 7), (0, 11))","(np.float64(0.1244557524751894), np.float64(0.08269105682557037), np.float64(0.1477449032785696), np.float64(0.14321122438407655))","(np.float64(-231.8212280350449), np.float64(-73.44925598595512), np.float64(326.30436135469677), np.float64(179.58804680234817))"
1295,"((0, 12),)","(np.float64(0.09674857917852105),)","(np.float64(161.88411141410037),)"
1296,"((5, 7), (5, 12), (10, 16), (11, 16), (9, 10))","(np.float64(0.12464159710375401), np.float64(0.08214820222111958), np.float64(0.143299061532693), np.float64(0.1270037423775987), np.float64(0.14212343781184328))","(np.float64(-54.05323455996205), np.float64(80.31699975497202), np.float64(-94.44336021733), np.float64(-48.198606367443915), np.float64(-138.0241824468555))"
1297,"((0, 9), (3, 19), (5, 11))","(np.float64(0.09561461676723194), np.float64(0.12625819459767973), np.float64(0.07018826072329094))","(np.float64(211.68881759732443), np.float64(69.6949214763531), np.float64(207.1820607370804))"
1300,"((2, 5), (5, 15), (6, 10))","(np.float64(0.07821893732702269), np.float64(0.1362030296593076), np.float64(0.10831710825988027))","(np.float64(-103.1413493232098), np.float64(199.6528167222744), np.float64(305.27713428122433))"
1302,"((13, 18),)","(np.float64(0.12211274949508685),)","(np.float64(-123.67924899313834),)"
1303,"((9, 17), (1, 14))","(np.float64(0.09300902313255184), np.float64(0.13612886906179858))","(np.float64(154.8388039079533), np.float64(175.86597237385587))"
1304,"((10, 12), (2, 15))","(np.float64(0.12462090191710827), np.float64(0.14535156563010843))","(np.float64(-23.706132012349997), np.float64(-114.70068424271278))"
1305,"((3, 11), (3, 15), (11, 15))","(np.float64(0.11717489260013421), np.float64(0.1220052242758381), np.float64(0.09831217937193928))","(np.float64(-90.96141603289567), np.float64(64.29092007227331), np.float64(155.25233610516898))"
1306,"((8, 17), (10, 12))","(np.float64(0.10394270030431683), np.float64(0.1315094405199277))","(np.float64(-139.42794243524082), np.float64(-55.899436804943946))"
1308,"((1, 16),)","(np.float64(0.1393265482244431),)","(np.float64(-130.4764275286366),)"
1309,"((6, 12), (4, 12))","(np.float64(0.09167481380813947), np.float64(0.14649725127274482))","(np.float64(275.69715179552657), np.float64(-88.51954503631555))"
1310,"((7, 17), (0, 17), (10, 18))","(np.float64(0.02046487939162714), np.float64(0.13331446368819952), np.float64(0.12079738753792917))","(np.float64(154.8246834637269), np.float64(57.65961315198402), np.float64(48.46011516445532))"
1311,"((2, 9), (2, 10))","(np.float64(0.09192863485704922), np.float64(0.14441707626405817))","(np.float64(134.62189745156866), np.float64(132.45820270816438))"
1312,"((2, 6), (3, 8), (7, 18), (4, 16), (14, 19), (13, 18))","(np.float64(0.08187288263213965), np.float64(0.13891882699757924), np.float64(0.1062146365016146), np.float64(0.14307255466369923), np.float64(0.0446151229982769), np.float64(0.13847374222082232))","(np.float64(-3.8447604882420876), np.float64(-119.96017033319035), np.float64(139.7046160182266), np.float64(-145.8894626559754), np.float64(-153.13465822721938), np.float64(-118.86536051789915))"
1313,"((1, 16), (6, 13), (12, 13), (2, 13), (6, 19))","(np.float64(0.12829044954804247), np.float64(0.12739527186860058), np.float64(0.12344922789106678), np.float64(0.1313385750505385), np.float64(0.1226282215593391))","(np.float64(101.32148031207137), np.float64(-49.14258357086794), np.float64(-47.572317987644), np.float64(-123.43799596840336), np.float64(-115.5331345879656))"
1314,"((6, 16), (2, 11))","(np.float64(0.12364774818539695), np.float64(0.14136697057143602))","(np.float64(157.30452422246742), np.float64(194.0589900635269))"
1315,"((3, 12), (5, 15), (7, 9))","(np.float64(0.09242246579724861), np.float64(0.1045398426234873), np.float64(0.11157014390308592))","(np.float64(-115.39240954387179), np.float64(120.4531223245651), np.float64(-49.90914287776587))"
1317,"((0, 9), (9, 16))","(np.float64(0.11774432134839537), np.float64(0.119753348469061))","(np.float64(193.3574627328734), np.float64(-265.3046391995457))"
1318,"((2, 6), (3, 9))","(np.float64(0.0993239593761849), np.float64(0.14337897674585678))","(np.float64(230.9954185106427), np.float64(-85.49906220126167))"
1319,"((2, 5), (6, 18), (8, 17))","(np.float64(0.10288193775856615), np.float64(0.11770543325241573), np.float64(0.14831907485349788))","(np.float64(-65.27467173336515), np.float64(77.18098466667828), np.float64(136.4147018695079))"
1320,"((8, 9), (5, 15))","(np.float64(0.10170526790101234), np.float64(0.13687908123792217))","(np.float64(-45.407067966385625), np.float64(-164.6774373664553))"
1321,"((4, 16), (7, 13), (13, 19))","(np.float64(0.14894324295360498), np.float64(0.14847572756944977), np.float64(0.13972506969988785))","(np.float64(100.56527666705648), np.float64(72.04113110032296), np.float64(110.40941743387998))"
1322,"((4, 5), (12, 16))","(np.float64(0.1463982086685156), np.float64(0.043355563415738416))","(np.float64(-329.5921697373187), np.float64(-130.76825545528462))"
1323,"((4, 10), (7, 17))","(np.float64(0.12317451789574554), np.float64(0.08783641696441033))","(np.float64(-87.04088755497148), np.float64(186.5327978455383))"
1324,"((1, 19), (5, 9), (12, 16), (2, 13))","(np.float64(0.08541807625240191), np.float64(0.10630427554018951), np.float64(0.05861112087403479), np.float64(0.1345211681598609))","(np.float64(177.72955227414536), np.float64(200.1447741015395), np.float64(-74.56097386668392), np.float64(170.92810302031063))"
1325,"((1, 15), (8, 18), (10, 13))","(np.float64(0.1488871820847573), np.float64(0.12250297104798029), np.float64(0.11720135184126718))","(np.float64(101.11285877778471), np.float64(-119.85087424338974), np.float64(-108.36191796350488))"
1326,"((1, 13), (6, 12))","(np.float64(0.0019399324762209849), np.float64(0.14886068007251063))","(np.float64(172.7307082406703), np.float64(149.50463212848973))"
1327,"((9, 12),)","(np.float64(0.1038323305077249),)","(np.float64(177.16995911107523),)"
1330,"((0, 7), (10, 13), (10, 19), (11, 16))","(np.float64(0.08359300757318343), np.float64(0.04223558261738605), np.float64(0.1299332437659099), np.float64(0.14155118480809975))","(np.float64(-133.63604198589704), np.float64(313.9888758753996), np.float64(135.30580792223506), np.float64(80.29941812468331))"
1331,"((0, 17), (14, 16))","(np.float64(0.13339427956215982), np.float64(0.12854007667443104))","(np.float64(-3.1480459096947584), np.float64(10.183322067957874))"
1332,"((10, 19), (15, 18), (0, 15))","(np.float64(0.12861250506571353), np.float64(0.12047033094121692), np.float64(0.13433841430865542))","(np.float64(171.87235550945388), np.float64(-116.24519772562309), np.float64(132.07775660758307))"
1334,"((9, 16),)","(np.float64(0.058553128859871885),)","(np.float64(-193.21238217019743),)"
1336,"((0, 9), (11, 12), (1, 12), (9, 18), (0, 14))","(np.float64(0.10863217792791227), np.float64(0.13838953550008323), np.float64(0.12129749637974481), np.float64(0.13898818239284694), np.float64(0.1470238935984159))","(np.float64(213.12562605381976), np.float64(35.11718328429254), np.float64(-11.941103318106855), np.float64(-225.5819116882352), np.float64(72.32380575316694))"
1337,"((9, 19),)","(np.float64(0.14465930295762094),)","(np.float64(-259.1946483541211),)"
1338,"((3, 17), (9, 14))","(np.float64(0.036047273551557235), np.float64(0.021190960000113068))","(np.float64(30.204659593351266), np.float64(-127.81172906368508))"
1339,"((1, 12), (5, 13), (3, 15), (3, 7))","(np.float64(0.11981273998126617), np.float64(0.10393557908914665), np.float64(0.009419656659247537), np.float64(0.1061043890559838))","(np.float64(124.93938134154558), np.float64(-156.15811706554987), np.float64(180.69902596555374), np.float64(182.56366752563673))"
1340,"((3, 7), (11, 14), (3, 4))","(np.float64(0.13306747061195615), np.float64(0.1318457313448144), np.float64(0.1379635958351396))","(np.float64(286.5243989128314), np.float64(-52.11315776041681), np.float64(-34.36914091827106))"
1341,"((2, 9),)","(np.float64(0.09378934117031464),)","(np.float64(243.28681627545916),)"
1342,"((1, 15),)","(np.float64(0.07779904779509235),)","(np.float64(151.53570895040258),)"
1343,"((4, 18), (4, 6), (1, 10), (6, 18), (5, 14), (6, 14))","(np.float64(0.06294345146229341), np.float64(0.06380298633451152), np.float64(0.14801337931379052), np.float64(0.08062582559625883), np.float64(0.14530071929811697), np.float64(0.1390353524258938))","(np.float64(-313.65082947873816), np.float64(281.6523015472083), np.float64(225.76203099999537), np.float64(-194.13448135248456), np.float64(213.3773747405703), np.float64(-31.510269689860706))"
1344,"((8, 13),)","(np.float64(0.09072783045734462),)","(np.float64(-128.4854894395),)"
1345,"((4, 7), (0, 12))","(np.float64(0.08032503321182811), np.float64(0.1303310454242525))","(np.float64(309.7295222486069), np.float64(139.51590476786498))"
1346,"((2, 7), (2, 18), (7, 18), (10, 12), (7, 19), (0, 12))","(np.float64(0.1283317818273554), np.float64(0.14710887037510023), np.float64(0.019526322592836067), np.float64(0.10208247233070489), np.float64(0.09426089005681458), np.float64(0.13907706345500678))","(np.float64(-108.64036732551915), np.float64(-321.8338640418572), np.float64(-213.19349671633807), np.float64(-52.28912255465144), np.float64(87.41116156188406), np.float64(-182.4752868521312))"
1347,"((3, 5), (10, 15))","(np.float64(0.10569278133996572), np.float64(0.13955109073763838))","(np.float64(-77.60265894245816), np.float64(306.559080235401))"
1349,"((5, 8),)","(np.float64(0.03612193575735686),)","(np.float64(-14.309492211035035),)"
1350,"((6, 14), (9, 17))","(np.float64(0.09623969725300272), np.float64(0.10438752709583929))","(np.float64(190.81382507216932), np.float64(-134.7826666813495))"
1351,"((2, 3), (2, 8), (3, 8))","(np.float64(0.08524462170840866), np.float64(0.08863018355044996), np.float64(0.12282730469847516))","(np.float64(37.61185527749353), np.float64(200.35064207300718), np.float64(162.73878679551365))"
1352,"((5, 18),)","(np.float64(0.1309613129656306),)","(np.float64(-248.35021373491622),)"
1353,"((0, 6), (3, 9), (10, 16))","(np.float64(0.11334773348085213), np.float64(0.13064737827961873), np.float64(0.11473449696502622))","(np.float64(-149.51956966483237), np.float64(-87.90682623057648), np.float64(169.18246335696733))"
1354,"((9, 19), (16, 19))","(np.float64(0.05321547746368344), np.float64(0.10559904893815024))","(np.float64(-124.51685588727327), np.float64(-39.959353827669815))"
1356,"((0, 15), (11, 17))","(np.float64(0.12770754876248205), np.float64(0.0862148996867226))","(np.float64(24.826949612389683), np.float64(-102.44919420203144))"
1357,"((7, 18), (10, 11))","(np.float64(0.13791019716294084), np.float64(0.13722918462774655))","(np.float64(-225.1983889941123), np.float64(-58.769177146482775))"
1358,"((2, 17), (9, 11), (1, 13), (3, 14))","(np.float64(0.0504844735147343), np.float64(0.14839474961764992), np.float64(0.13442511272575958), np.float64(0.14430392753889368))","(np.float64(74.01762007348066), np.float64(-1.7010251108214334), np.float64(119.94641699820528), np.float64(177.21084920397888))"
1359,"((2, 11), (7, 8), (7, 12), (1, 13))","(np.float64(0.06788737440320002), np.float64(0.1354094475139233), np.float64(0.12954200562601273), np.float64(0.05837771411139459))","(np.float64(224.40039200813743), np.float64(42.004961892058304), np.float64(-20.507426120658295), np.float64(164.6006677353214))"
1360,"((2, 12), (5, 17))","(np.float64(0.12068363157329216), np.float64(0.0867678305772376))","(np.float64(-116.08756856172153), np.float64(-237.78115020669958))"
1361,"((1, 10), (2, 15), (3, 5), (14, 16))","(np.float64(0.10080107128886662), np.float64(0.054238101380457496), np.float64(0.12596033256513137), np.float64(0.14284440863160752))","(np.float64(236.7065016073846), np.float64(217.40626309619796), np.float64(-26.17522993821973), np.float64(-40.38680102250987))"
1362,"((7, 12), (10, 16), (2, 15), (10, 17))","(np.float64(0.047902269523106306), np.float64(0.1166096552283688), np.float64(0.14588846826446447), np.float64(0.14564594630496824))","(np.float64(153.76344796580213), np.float64(-155.19671537501108), np.float64(117.92717598550757), np.float64(-166.9060052981184))"
1363,"((6, 15),)","(np.float64(0.13288685646476847),)","(np.float64(-96.36208632061357),)"
1365,"((1, 6), (4, 9))","(np.float64(0.14931857057797351), np.float64(0.010939430125726167))","(np.float64(-113.70768549267507), np.float64(-137.43702635462316))"
1367,"((1, 9), (4, 13), (8, 14), (7, 11))","(np.float64(0.0728929586954882), np.float64(0.13551340580016882), np.float64(0.14721736847763195), np.float64(0.1002751256140269))","(np.float64(221.0273625736349), np.float64(-189.16477489881765), np.float64(-127.73869589092544), np.float64(-27.971666453799116))"
1370,"((2, 10), (7, 19), (0, 5))","(np.float64(0.14710846995489055), np.float64(0.14766671402131742), np.float64(0.1192179145760059))","(np.float64(20.181453214259534), np.float64(-71.97408154737016), np.float64(167.1107654724723))"
1371,"((1, 9), (5, 16))","(np.float64(0.06993954255989775), np.float64(0.1305734425350598))","(np.float64(257.27497357599543), np.float64(-42.68697881450947))"
1372,"((3, 9), (5, 11))","(np.float64(0.12315475813003045), np.float64(0.08623938457095415))","(np.float64(146.2211016216598), np.float64(221.206064284977))"
1374,"((6, 14),)","(np.float64(0.1171377003460701),)","(np.float64(160.83601179670524),)"
1375,"((0, 8),)","(np.float64(0.05938429689700398),)","(np.float64(-137.21137248598632),)"
1376,"((0, 4), (0, 8), (2, 8), (14, 19))","(np.float64(0.14651388672719676), np.float64(0.10204544140034684), np.float64(0.11532037314819328), np.float64(0.13016524117807612))","(np.float64(165.77388133218287), np.float64(151.15539652795334), np.float64(7.226318434956681), np.float64(-105.13461759115211))"
1377,"((0, 10),)","(np.float64(0.09987058585956703),)","(np.float64(190.6146354534111),)"
1378,"((5, 8), (10, 17), (0, 10))","(np.float64(0.13591911424606976), np.float64(0.11193295376851481), np.float64(0.10744037974955183))","(np.float64(245.56108846955686), np.float64(110.86968528008234), np.float64(200.37278786380682))"
1379,"((3, 10), (5, 13))","(np.float64(0.1467040955812561), np.float64(0.1192019065514584))","(np.float64(184.4445483625367), np.float64(185.88235780134175))"
1380,"((0, 7), (8, 10))","(np.float64(0.08896214230374337), np.float64(0.1314628654574797))","(np.float64(-96.62647261617889), np.float64(-32.4968574949977))"
1381,"((0, 14),)","(np.float64(0.10640633460307111),)","(np.float64(167.45447028974417),)"
1382,"((0, 9), (2, 16), (3, 11), (13, 17))","(np.float64(0.08593361969769509), np.float64(0.13006764222202719), np.float64(0.12732364639518307), np.float64(0.136423331156011))","(np.float64(-171.48134498473138), np.float64(88.09350800359644), np.float64(241.63033350745496), np.float64(-220.15315788815107))"
1383,"((5, 16),)","(np.float64(0.1432148405989039),)","(np.float64(159.33210699516525),)"
1384,"((10, 16), (1, 11))","(np.float64(0.0824649944826667), np.float64(0.07107898060712724))","(np.float64(151.8884215027423), np.float64(179.01492293998655))"
1385,"((9, 12),)","(np.float64(0.14709215280812837),)","(np.float64(21.767232559215188),)"
1386,"((11, 19),)","(np.float64(0.11828541585878552),)","(np.float64(-236.8421578876929),)"
1388,"((0, 19), (2, 4), (10, 11), (13, 18), (1, 17))","(np.float64(0.11337869949406926), np.float64(0.11101173374335381), np.float64(0.11800861622933614), np.float64(0.06719262128354475), np.float64(0.14024178949004087))","(np.float64(21.634742204130248), np.float64(18.298937497823772), np.float64(-58.482010172729076), np.float64(-172.46827897613497), np.float64(105.26123945468547))"
1390,"((2, 13), (3, 16), (0, 13))","(np.float64(0.06346908904965164), np.float64(0.10773000689324404), np.float64(0.14230845057315697))","(np.float64(135.632861216602), np.float64(156.68926657494953), np.float64(63.30788522105337))"
1391,"((6, 12),)","(np.float64(0.0823413828128253),)","(np.float64(174.46300475149928),)"
1392,"((6, 12), (1, 12))","(np.float64(0.1450274065619797), np.float64(0.125236819435409))","(np.float64(-102.04701059243433), np.float64(120.10152377394155))"
1393,"((1, 17), (8, 15), (7, 18))","(np.float64(0.1392685305208021), np.float64(0.12971493624603603), np.float64(0.13901834918331843))","(np.float64(97.69303073050685), np.float64(-114.20735416865182), np.float64(-111.41748050196611))"
1395,"((3, 6),)","(np.float64(0.14015541938140297),)","(np.float64(-330.1666253153577),)"
1396,"((5, 8), (7, 11))","(np.float64(0.046149476227031465), np.float64(0.14097084430482407))","(np.float64(-19.8193036015158), np.float64(-52.62696180255506))"
1397,"((7, 15), (3, 14))","(np.float64(0.14012463916536094), np.float64(0.14684265304128674))","(np.float64(139.7321672171124), np.float64(-138.6169665986885))"
1398,"((5, 19), (13, 18))","(np.float64(0.09556773937705364), np.float64(0.1463617554608552))","(np.float64(-74.17836554292057), np.float64(-49.068533823249254))"
1399,"((15, 19), (1, 11))","(np.float64(0.13333776483844406), np.float64(0.1438876882622236))","(np.float64(-59.51630301504528), np.float64(155.41722738703663))"
1400,"((5, 18), (9, 16), (7, 19))","(np.float64(0.12038931470814043), np.float64(0.14459102157631862), np.float64(0.13415136543287137))","(np.float64(-204.70396102916172), np.float64(-167.37938153268357), np.float64(-242.8206000127771))"
1402,"((2, 17), (4, 12), (11, 13), (11, 15), (13, 17), (2, 13), (2, 15), (0, 11), (7, 15))","(np.float64(0.05050731363835139), np.float64(0.019226785837349908), np.float64(0.14013386434069236), np.float64(0.1123126746140995), np.float64(0.12119771741164755), np.float64(0.12475819696896646), np.float64(0.1467610079693446), np.float64(0.13885460296949081), np.float64(0.11888717569091271))","(np.float64(101.96168896824585), np.float64(215.03002483854476), np.float64(-1.3113208157828922), np.float64(301.97317126881137), np.float64(180.88518845956494), np.float64(-50.79456177006665), np.float64(192.1713086790906), np.float64(197.87249869691368), np.float64(221.68002570150276))"
1403,"((8, 9), (16, 19), (3, 19))","(np.float64(0.09247109925242275), np.float64(0.04923544514785765), np.float64(0.1453797577028077))","(np.float64(-9.57130530086846), np.float64(-158.33908072777814), np.float64(44.01609695203939))"
1404,"((9, 16),)","(np.float64(0.12463895254982778),)","(np.float64(-201.51250789661594),)"
1405,"((5, 13),)","(np.float64(0.13926419586818603),)","(np.float64(-154.18558374449148),)"
1406,"((4, 13),)","(np.float64(0.10393226495008347),)","(np.float64(-169.59995982242617),)"
1407,"((13, 16),)","(np.float64(0.13761018189897878),)","(np.float64(-71.77891073268756),)"
1410,"((6, 17),)","(np.float64(0.13074144729117526),)","(np.float64(43.473798154554856),)"
1412,"((13, 19),)","(np.float64(0.08777114530177331),)","(np.float64(-136.02918134231498),)"
1414,"((8, 13), (14, 15), (3, 16))","(np.float64(0.10088531364374302), np.float64(0.11821190390213314), np.float64(0.14560824856239934))","(np.float64(-81.35141126476788), np.float64(9.393656980509263), np.float64(162.16989956760133))"
1415,"((14, 17),)","(np.float64(0.09521163328444834),)","(np.float64(-164.88523879597446),)"
1416,"((4, 6), (13, 17))","(np.float64(0.12355074101285576), np.float64(0.08144985725926913))","(np.float64(-54.433200767372966), np.float64(-144.5210515167334))"
1420,"((6, 18), (14, 19), (14, 17))","(np.float64(0.1394637841339097), np.float64(0.13037490674033306), np.float64(0.14223308934275072))","(np.float64(160.62957899901926), np.float64(-113.5869866050094), np.float64(-110.15558751030144))"
1422,"((5, 7), (5, 16), (7, 16), (5, 19))","(np.float64(0.0713856511463101), np.float64(0.058706659851441606), np.float64(0.06135093980484342), np.float64(0.14994239531716164))","(np.float64(-50.02193581401184), np.float64(-161.06874576119952), np.float64(-111.04680994718768), np.float64(-263.8523597884407))"
1424,"((2, 6), (11, 13), (12, 18), (14, 19), (0, 7))","(np.float64(0.09617487277300106), np.float64(0.14172766656018104), np.float64(0.12521291194060688), np.float64(0.12578239414156223), np.float64(0.12321450887894098))","(np.float64(246.85751805373286), np.float64(9.665267644768846), np.float64(-137.8004045445777), np.float64(-125.51362224707123), np.float64(198.6919814390426))"
1426,"((2, 16), (11, 18))","(np.float64(0.11132060150082299), np.float64(0.0961811401819085))","(np.float64(109.32126469391619), np.float64(-103.83815759466472))"
1427,"((0, 14), (3, 8), (4, 13), (6, 7))","(np.float64(0.030858789900778737), np.float64(0.12863675708328823), np.float64(0.07793601510497325), np.float64(0.14849508142930787))","(np.float64(64.66106934886557), np.float64(-1.8986358237687853), np.float64(119.56620100427622), np.float64(-1.39352082645172))"
1428,"((1, 10), (1, 17), (10, 17))","(np.float64(0.06869788398557977), np.float64(0.11767176838497512), np.float64(0.08682149757212515))","(np.float64(-45.31761967617638), np.float64(181.03862953196204), np.float64(244.35529744117065))"
1432,"((2, 3), (6, 8), (6, 18))","(np.float64(0.1333865189530107), np.float64(0.06398561938661028), np.float64(0.13945895419225776))","(np.float64(307.9834927987758), np.float64(-7.157352037080329), np.float64(-172.21917203771744))"
1434,"((4, 7), (4, 8), (4, 13), (6, 10), (8, 13))","(np.float64(0.08757171030105315), np.float64(0.1352430819887005), np.float64(0.13534466431863656), np.float64(0.08415044292240763), np.float64(0.1258232239383289))","(np.float64(-22.716729395745915), np.float64(-31.621165845454016), np.float64(-48.33569747874316), np.float64(-63.44134788628918), np.float64(-16.71453163328914))"
1435,"((0, 17), (1, 6), (5, 12))","(np.float64(0.14937019117310554), np.float64(0.14694315006400938), np.float64(0.14632099135894522))","(np.float64(81.55605561793061), np.float64(173.5811223390806), np.float64(-75.43922091382291))"
1436,"((5, 10), (15, 17), (16, 17))","(np.float64(0.12678853715120425), np.float64(0.07108145174412392), np.float64(0.14504548642001905))","(np.float64(162.02868777826137), np.float64(34.030448831650375), np.float64(22.628710191556166))"
1437,"((4, 9),)","(np.float64(0.14655440077901116),)","(np.float64(-56.46031216983721),)"
1438,"((13, 17),)","(np.float64(0.14753491227154328),)","(np.float64(-121.3860639222487),)"
1439,"((3, 9), (7, 14))","(np.float64(0.14046153313899135), np.float64(0.14385658515007202))","(np.float64(-16.0642627408061), np.float64(167.98196287341545))"
1440,"((4, 12), (11, 17), (9, 17))","(np.float64(0.12330462108739386), np.float64(0.10035834130384068), np.float64(0.11366243526649046))","(np.float64(-175.71850680714618), np.float64(-188.86953995284182), np.float64(-165.770603426533))"
1441,"((10, 14),)","(np.float64(0.14551868588969336),)","(np.float64(-55.50583972015863),)"
1443,"((7, 12), (5, 12), (13, 19))","(np.float64(0.10910385138129772), np.float64(0.12005014025687609), np.float64(0.14694228718584637))","(np.float64(-50.724394617310224), np.float64(-59.2765315313938), np.float64(-205.59634853674845))"
1444,"((1, 12), (6, 16), (14, 18), (2, 12), (6, 14), (3, 15))","(np.float64(0.139311610658482), np.float64(0.13626264426720583), np.float64(0.14806832075104007), np.float64(0.13468795137659914), np.float64(0.09683842343097859), np.float64(0.14269259823161665))","(np.float64(212.1193896246533), np.float64(169.87267556870142), np.float64(-125.42556352019682), np.float64(-79.54479916657709), np.float64(219.50540468436526), np.float64(205.05876114132332))"
1445,"((4, 19), (7, 9), (14, 19), (2, 13))","(np.float64(0.11982649336869076), np.float64(0.10486678612032757), np.float64(0.14175228766390952), np.float64(0.1270989396182363))","(np.float64(81.71252207031904), np.float64(308.31788076645495), np.float64(-133.77367081605536), np.float64(187.35577858462415))"
1448,"((5, 17), (10, 16), (9, 17))","(np.float64(0.12730669472867495), np.float64(0.1183302166263624), np.float64(0.1439262817579741))","(np.float64(32.39717534980045), np.float64(141.223216597328), np.float64(75.30696893889638))"
1449,"((4, 11),)","(np.float64(0.10373683020261638),)","(np.float64(-179.29153075846),)"
1452,"((3, 7), (6, 17))","(np.float64(0.09625235448531652), np.float64(0.031508398831543466))","(np.float64(-76.76049136631599), np.float64(118.56163798845174))"
1453,"((1, 12), (2, 9))","(np.float64(0.14153812523397363), np.float64(0.13413847986347932))","(np.float64(122.36037428803948), np.float64(168.19395188229498))"
1456,"((5, 17), (5, 16))","(np.float64(0.14316791467178708), np.float64(0.12643624434878728))","(np.float64(140.91925075072822), np.float64(142.19110368979835))"
1457,"((1, 7), (3, 13))","(np.float64(0.037170447851708074), np.float64(0.14478218527052983))","(np.float64(219.37536321254566), np.float64(255.25444085120932))"
1459,"((1, 2),)","(np.float64(0.11748763973974859),)","(np.float64(-10.042194240650247),)"
1461,"((2, 11), (2, 14), (5, 13))","(np.float64(0.138872323236998), np.float64(0.13563628324027519), np.float64(0.14020605016221555))","(np.float64(154.60229411848138), np.float64(205.5787491682188), np.float64(134.752062189193))"
1462,"((2, 16),)","(np.float64(0.12813437117642837),)","(np.float64(93.43150868421296),)"
1464,"((2, 14), (3, 19))","(np.float64(0.14962320780259), np.float64(0.0926745949469618))","(np.float64(239.59500892278533), np.float64(-182.53892590276087))"
1465,"((0, 18), (5, 15), (16, 19))","(np.float64(0.11330669186411546), np.float64(0.13019258379940873), np.float64(0.0776867788336772))","(np.float64(-35.012130437660545), np.float64(-92.31973375523137), np.float64(-67.4461924236627))"
1466,"((5, 7), (9, 10), (15, 18))","(np.float64(0.14289580856978004), np.float64(0.08937724207201424), np.float64(0.09247188986358375))","(np.float64(-45.627480901250124), np.float64(-56.06818604311189), np.float64(-33.44105302509047))"
1468,"((11, 13),)","(np.float64(0.02424946541777657),)","(np.float64(266.1371793589896),)"
1469,"((8, 12), (13, 16), (15, 18))","(np.float64(0.14698445084713369), np.float64(0.1320006135935979), np.float64(0.11289690077677475))","(np.float64(0.4278084469901273), np.float64(157.95659419407826), np.float64(-9.713365882920868))"
1470,"((8, 18), (6, 13), (4, 13))","(np.float64(0.10003966002993916), np.float64(0.13272746000258132), np.float64(0.09110639136375681))","(np.float64(-176.01714213064366), np.float64(266.8979624910193), np.float64(207.6200989755955))"
1472,"((10, 16), (6, 14))","(np.float64(0.022097318651533943), np.float64(0.1401523665152925))","(np.float64(-130.33120228987266), np.float64(112.83873927257793))"
1473,"((0, 14), (5, 13), (12, 15))","(np.float64(0.13912747068069048), np.float64(0.08511266120236145), np.float64(0.14895106719822546))","(np.float64(-40.253157436754805), np.float64(235.94300388199605), np.float64(-192.16129479126573))"
1475,"((1, 3), (4, 15))","(np.float64(0.10983611941673363), np.float64(0.04847414534916506))","(np.float64(-29.206589311365462), np.float64(-84.30054606242533))"
1476,"((2, 14), (5, 11), (16, 18), (9, 19))","(np.float64(0.09800515009060219), np.float64(0.1055069440122226), np.float64(0.14159076595232062), np.float64(0.1447402394178057))","(np.float64(-138.02544203182444), np.float64(0.4922224160950748), np.float64(-72.54311932938401), np.float64(-143.56961481540696))"
1477,"((14, 16), (1, 8))","(np.float64(0.08498074015972434), np.float64(0.1035984775987162))","(np.float64(-101.48208624426474), np.float64(110.64393090786865))"
1478,"((0, 9), (6, 8), (15, 17))","(np.float64(0.12006347362874417), np.float64(0.08047770785538554), np.float64(0.1189653732877932))","(np.float64(216.46007566379714), np.float64(-32.852687620344625), np.float64(-105.11481216967411))"
1480,"((2, 14), (3, 5), (7, 15), (9, 19))","(np.float64(0.10223471457419785), np.float64(0.07549849070972248), np.float64(0.096851380883175), np.float64(0.14795662471848414))","(np.float64(137.34483741529152), np.float64(276.65160452735114), np.float64(-63.79518238013583), np.float64(-167.27204847659516))"
1481,"((7, 14), (12, 19))","(np.float64(0.08310689423601207), np.float64(0.07101832613101096))","(np.float64(136.884839144049), np.float64(-151.6823465051712))"
1482,"((0, 6), (3, 4))","(np.float64(0.09586252937554139), np.float64(0.13166858491017408))","(np.float64(-120.14950567336666), np.float64(44.855829695337434))"
1484,"((1, 19),)","(np.float64(0.13537118566824108),)","(np.float64(0.6801198789789851),)"
1485,"((6, 10),)","(np.float64(0.04958555841864808),)","(np.float64(273.54467450470366),)"
1487,"((4, 11), (11, 12))","(np.float64(0.1357346083777283), np.float64(0.1133834065311902))","(np.float64(-92.69152403576277), np.float64(-6.087682762878899))"
1488,"((6, 13), (7, 16), (6, 12))","(np.float64(0.07063679845014736), np.float64(0.1268048069904205), np.float64(0.13806868846944223))","(np.float64(-120.08279667376007), np.float64(100.94823453487152), np.float64(-12.79646461982486))"
1489,"((3, 13), (5, 15), (13, 18))","(np.float64(0.10758956534701988), np.float64(0.14517720027113906), np.float64(0.1408295623901983))","(np.float64(212.41893688778725), np.float64(147.32576608634918), np.float64(-20.356565151350196))"
1490,"((6, 15), (8, 19))","(np.float64(0.12772933750686705), np.float64(0.09920879490698611))","(np.float64(-79.57657557105142), np.float64(-64.84093703566509))"
1491,"((4, 7), (14, 18))","(np.float64(0.08096455150724079), np.float64(0.10120152990708356))","(np.float64(-62.7370779259885), np.float64(-144.7958698212534))"
1492,"((14, 19), (6, 17), (6, 15))","(np.float64(0.14356762802800185), np.float64(0.1482142944527418), np.float64(0.1447115703686601))","(np.float64(-133.65888976541078), np.float64(290.16612934226316), np.float64(299.83865922745895))"
1493,"((8, 9), (8, 12), (9, 12), (1, 14), (0, 15))","(np.float64(0.14270603510598528), np.float64(0.0658519228408715), np.float64(0.1184836692810092), np.float64(0.1281148073718107), np.float64(0.14463086263904543))","(np.float64(40.618764531085105), np.float64(281.7568311135122), np.float64(241.1380665824271), np.float64(33.631247974635926), np.float64(72.27395783691227))"
1494,"((1, 10), (13, 14))","(np.float64(0.13471130012921087), np.float64(0.10299610548191383))","(np.float64(264.44032159526193), np.float64(18.453656466560346))"
1496,"((2, 18), (4, 6), (5, 17), (1, 14), (3, 12), (10, 17))","(np.float64(0.09080574529478143), np.float64(0.09907806440508915), np.float64(0.06820857902636049), np.float64(0.12822311556497037), np.float64(0.12770917324070286), np.float64(0.09281931622099587))","(np.float64(51.01466415248541), np.float64(237.89510932019613), np.float64(-219.06357916994125), np.float64(154.94439503224294), np.float64(-175.09157854177124), np.float64(-49.90519558331039))"
1497,"((10, 17), (13, 14))","(np.float64(0.06940579930706411), np.float64(0.10691681156888297))","(np.float64(-168.10421620012283), np.float64(-52.10394784069905))"
1499,"((3, 13), (3, 14))","(np.float64(0.08353873876279286), np.float64(0.07069642783664125))","(np.float64(191.4943429786989), np.float64(135.92267944807088))"
1500,"((0, 4), (8, 13))","(np.float64(0.13334779785245918), np.float64(0.08949831338574486))","(np.float64(-60.50115933825464), np.float64(-131.39795768217115))"
1501,"((3, 5),)","(np.float64(0.13563917421468186),)","(np.float64(-29.32053089783949),)"
1502,"((0, 2), (11, 18))","(np.float64(0.11684231845168758), np.float64(0.14061302788893845))","(np.float64(-59.352071829764384), np.float64(-145.22868082953434))"
1503,"((1, 18), (3, 4), (5, 18))","(np.float64(0.05193995321668437), np.float64(0.1329843687426673), np.float64(0.08451118091334756))","(np.float64(102.40334657312826), np.float64(-54.32887896292448), np.float64(-143.27027381085077))"
1505,"((2, 15), (7, 16))","(np.float64(0.14333492626599773), np.float64(0.13646542890159744))","(np.float64(176.88518365890744), np.float64(190.00293203120907))"
1507,"((2, 3), (4, 17))","(np.float64(0.0647136864793772), np.float64(0.13089444869528177))","(np.float64(120.08291366212023), np.float64(-129.69824617091592))"
1508,"((2, 8), (3, 16), (6, 17), (6, 19), (15, 18), (17, 19))","(np.float64(0.13141371019589151), np.float64(0.026943331072079347), np.float64(0.13502605237751747), np.float64(0.1304849926669457), np.float64(0.09732050892644682), np.float64(0.0688932521670236))","(np.float64(-97.14461200954935), np.float64(-261.6345193301983), np.float64(-226.2751007076361), np.float64(88.19019027739665), np.float64(312.4584729605504), np.float64(314.46529098503277))"
1509,"((5, 16), (7, 17), (1, 7))","(np.float64(0.06813943321080372), np.float64(0.14138273826947062), np.float64(0.12912534502720507))","(np.float64(-196.33660891944072), np.float64(-139.22416456311674), np.float64(198.0049075388439))"
1511,"((2, 9), (6, 14))","(np.float64(0.14072017971461248), np.float64(0.1338878737501229))","(np.float64(309.6854407184), np.float64(-189.34297671669958))"
1512,"((1, 8), (14, 19))","(np.float64(0.1421160051511346), np.float64(0.11279839226270004))","(np.float64(-13.055449849949014), np.float64(-64.45693355015936))"
1513,"((8, 14), (7, 19), (4, 7))","(np.float64(0.10906863875621915), np.float64(0.11132527739977105), np.float64(0.12178104836065597))","(np.float64(-133.27372503705396), np.float64(-192.65371090956495), np.float64(340.11097398056535))"
1514,"((0, 13), (6, 10))","(np.float64(0.12502630156691144), np.float64(0.03371695745330044))","(np.float64(186.62109828556066), np.float64(208.22195884984814))"
1515,"((9, 12), (9, 14), (18, 19))","(np.float64(0.0644506285727733), np.float64(0.1048119980203003), np.float64(0.10732061217768486))","(np.float64(320.13059241387094), np.float64(224.29036423995512), np.float64(23.847688690572113))"
1516,"((10, 13),)","(np.float64(0.12196102241268073),)","(np.float64(12.789827218413848),)"
1517,"((16, 19),)","(np.float64(0.10209500192884648),)","(np.float64(-23.511120736651662),)"
1518,"((11, 17), (15, 19))","(np.float64(0.14565019340317864), np.float64(0.08115881432729569))","(np.float64(-79.93697966257605), np.float64(-125.5950112276031))"
1520,"((1, 3), (4, 17), (11, 19))","(np.float64(0.13797441570882077), np.float64(0.1415616777019877), np.float64(0.14911195226350377))","(np.float64(297.55800651550186), np.float64(-236.76639730074902), np.float64(-184.6813829008538))"
1521,"((14, 15), (10, 17))","(np.float64(0.13594855120914234), np.float64(0.1357845539087631))","(np.float64(-101.17501921163102), np.float64(-160.4161972779089))"
1522,"((6, 17),)","(np.float64(0.09209470541313457),)","(np.float64(-210.78715980490637),)"
1524,"((0, 4), (1, 17), (3, 8), (5, 9), (11, 19), (3, 11), (5, 11))","(np.float64(0.10608262261847706), np.float64(0.08965221138899289), np.float64(0.041915697629625444), np.float64(0.11465831201401745), np.float64(0.14660103134609104), np.float64(0.0018099396214175105), np.float64(0.14864264008193798))","(np.float64(-110.89665713921073), np.float64(-47.06854785378826), np.float64(230.93470027233082), np.float64(329.92885129918375), np.float64(-167.1613244326589), np.float64(147.65005913718045), np.float64(323.4828422619723))"
1525,"((4, 17),)","(np.float64(0.14852153360063455),)","(np.float64(65.37899532926042),)"
1526,"((1, 4), (2, 11), (3, 10))","(np.float64(0.08821060145295462), np.float64(0.11359109985024882), np.float64(0.14668821901318438))","(np.float64(-45.736862787895234), np.float64(187.0776582131676), np.float64(162.68222295832157))"
1527,"((1, 3), (3, 10), (6, 15), (8, 9), (10, 15))","(np.float64(0.1453346894068752), np.float64(0.14604735282702386), np.float64(0.07817646096293002), np.float64(0.11658565821367857), np.float64(0.13978109430207813))","(np.float64(9.751569414240777), np.float64(-118.28982049142883), np.float64(169.28900684860963), np.float64(-45.555250682668316), np.float64(197.2476418752807))"
1529,"((1, 8), (9, 19), (8, 17), (1, 10))","(np.float64(0.09913948677861868), np.float64(0.11773076427792122), np.float64(0.04651906406009896), np.float64(0.1450771078096552))","(np.float64(170.46062827149552), np.float64(-162.40910737253472), np.float64(-135.00803911378344), np.float64(155.87105606825298))"
1530,"((10, 16),)","(np.float64(0.13405175989080936),)","(np.float64(-158.77390805471305),)"
1533,"((6, 19), (8, 11), (11, 19))","(np.float64(0.13294615962278566), np.float64(0.1447863767274371), np.float64(0.13145373377196456))","(np.float64(73.55692782331863), np.float64(27.784637438737718), np.float64(162.14613595060962))"
1534,"((3, 14), (15, 18), (9, 19), (8, 17))","(np.float64(0.06479169452318947), np.float64(0.10011242841615432), np.float64(0.14174807141504622), np.float64(0.14437519639756366))","(np.float64(160.18080319919238), np.float64(-87.20726160279281), np.float64(-114.19873823251174), np.float64(-66.55067463883498))"
1535,"((1, 10), (0, 5))","(np.float64(0.14026811057883976), np.float64(0.13059083640597172))","(np.float64(-25.6729018223391), np.float64(200.97143718274475))"
1536,"((9, 10),)","(np.float64(0.13674524218683046),)","(np.float64(19.008716114937727),)"
1537,"((0, 7),)","(np.float64(0.07294138434908168),)","(np.float64(176.72736324129417),)"
1539,"((4, 16), (7, 12), (7, 16), (12, 16), (4, 15))","(np.float64(0.11276267851163221), np.float64(0.052065134444718414), np.float64(0.13388077471079454), np.float64(0.09204868126735843), np.float64(0.120851526980088))","(np.float64(193.2925093441088), np.float64(260.6547814709658), np.float64(178.30239191325018), np.float64(-82.35238955771564), np.float64(267.85645644754425))"
1540,"((0, 17), (3, 5), (12, 18))","(np.float64(0.06122125306156947), np.float64(0.06197182302441801), np.float64(0.07098698243603678))","(np.float64(78.75042711149936), np.float64(-68.93514251569394), np.float64(-180.91087275322553))"
1541,"((4, 8), (4, 15))","(np.float64(0.1457390434693975), np.float64(0.09344551460391377))","(np.float64(279.5098061034395), np.float64(183.56909241828993))"
1542,"((9, 10), (9, 18), (0, 11), (1, 10))","(np.float64(0.14996738429664244), np.float64(0.1393942523739741), np.float64(0.1459189554707948), np.float64(0.14239642100400637))","(np.float64(37.93058664487319), np.float64(-181.07113807151387), np.float64(176.35826465756452), np.float64(-114.02509335542703))"
1543,"((8, 19), (9, 14), (13, 19))","(np.float64(0.10026750102559491), np.float64(0.053528604980056495), np.float64(0.08688496151632674))","(np.float64(-251.8268468940987), np.float64(-7.339162419564332), np.float64(170.26711893700133))"
1544,"((2, 11), (3, 7), (5, 15), (1, 10))","(np.float64(0.11148768480486843), np.float64(0.07246118882358675), np.float64(0.1408148435546395), np.float64(0.04596562416421313))","(np.float64(-109.32118171391596), np.float64(-42.47131577226054), np.float64(93.87867485109166), np.float64(-155.83650810849997))"
1545,"((0, 10),)","(np.float64(0.09814160881646883),)","(np.float64(226.35180536845598),)"
1546,"((3, 5), (16, 19))","(np.float64(0.133361801042852), np.float64(0.11512965873559072))","(np.float64(331.4664805143028), np.float64(19.384330566810775))"
1547,"((1, 10), (7, 16))","(np.float64(0.12545329065828023), np.float64(0.07528654617391004))","(np.float64(188.6979563947852), np.float64(82.80033175492787))"
1548,"((0, 15), (9, 16))","(np.float64(0.11330815285909199), np.float64(0.14703140624155953))","(np.float64(132.29533543636126), np.float64(221.73235477449998))"
1549,"((6, 8), (8, 18), (5, 18))","(np.float64(0.10490854105317603), np.float64(0.13634084599663301), np.float64(0.12974670452688877))","(np.float64(283.1395945622774), np.float64(-132.25319275445534), np.float64(96.4884056722992))"
1550,"((0, 19),)","(np.float64(0.09590641444207901),)","(np.float64(45.906919669565184),)"
1551,"((4, 17), (5, 10))","(np.float64(0.13578264121800665), np.float64(0.14130686588839278))","(np.float64(95.47127729336933), np.float64(192.94882584303804))"
1552,"((2, 11), (3, 15), (7, 10), (9, 14), (3, 13))","(np.float64(0.12605638678381825), np.float64(0.09259920592320561), np.float64(0.10488061029040603), np.float64(0.06720476869371976), np.float64(0.14915927271374216))","(np.float64(102.93010342850206), np.float64(115.04166983923534), np.float64(100.10528458042486), np.float64(101.39857847926959), np.float64(128.71803602414218))"
1553,"((2, 5), (7, 17), (2, 7))","(np.float64(0.1033917446952642), np.float64(0.12291286302340572), np.float64(0.135398873636176))","(np.float64(197.72031875757318), np.float64(-154.19728683884614), np.float64(212.91238580214417))"
1554,"((9, 14), (7, 10))","(np.float64(0.13707802409381853), np.float64(0.14770531690076968))","(np.float64(-164.4822087500606), np.float64(-97.16714150709214))"
1555,"((12, 18),)","(np.float64(0.03786664058900202),)","(np.float64(-185.82320598107594),)"
1556,"((2, 16), (8, 9), (8, 14))","(np.float64(0.13760804452224304), np.float64(0.08335458516010208), np.float64(0.09975047452630037))","(np.float64(103.5362393547839), np.float64(9.960386715604614), np.float64(173.4358333790069))"
1557,"((8, 14), (0, 5))","(np.float64(0.08201058493073077), np.float64(0.12300471845967985))","(np.float64(-143.6412642188426), np.float64(171.76782468934545))"
1558,"((9, 14),)","(np.float64(0.1066707562337276),)","(np.float64(-56.84341487433869),)"
1559,"((3, 19), (4, 16), (5, 12), (13, 15))","(np.float64(0.10932926516603822), np.float64(0.1400297933662586), np.float64(0.11359844216357816), np.float64(0.13536341824926906))","(np.float64(89.82427841198236), np.float64(91.7581134647339), np.float64(-87.49913061165091), np.float64(33.55766143135622))"
1560,"((7, 17), (11, 14), (12, 18), (2, 10))","(np.float64(0.08996635961413256), np.float64(0.1176898746562802), np.float64(0.1163506937819998), np.float64(0.1485481208191227))","(np.float64(-182.9766955994539), np.float64(-33.163441237227005), np.float64(-183.0988681540157), np.float64(189.91086898152656))"
1561,"((1, 13), (6, 9))","(np.float64(0.11604517890500589), np.float64(0.04927307998988992))","(np.float64(-152.87354681257813), np.float64(34.1487008409037))"
1562,"((7, 17), (9, 11), (10, 18), (12, 16), (18, 19), (10, 15))","(np.float64(0.09875489574203605), np.float64(0.12516623506874092), np.float64(0.11420364962310135), np.float64(0.12030309109114576), np.float64(0.08223406556468549), np.float64(0.12410209381581629))","(np.float64(193.2440526710671), np.float64(311.91963698318494), np.float64(204.6900810127579), np.float64(-32.15348169633995), np.float64(-97.028293055544), np.float64(-81.54754352793395))"
1563,"((5, 13), (5, 14), (11, 19), (3, 8))","(np.float64(0.12390751376610788), np.float64(0.11885552042618772), np.float64(0.07223608287643746), np.float64(0.12143471237181214))","(np.float64(-117.80366041984979), np.float64(-96.07229544494942), np.float64(-143.99719653072307), np.float64(335.27757107395695))"
1564,"((9, 12),)","(np.float64(0.08802472036232252),)","(np.float64(114.03182262037501),)"
1565,"((3, 11),)","(np.float64(0.0722789234512084),)","(np.float64(207.67198724904983),)"
1566,"((3, 15), (7, 17))","(np.float64(0.03580549368065556), np.float64(0.10404178551377145))","(np.float64(198.97301929715564), np.float64(-202.88300942179296))"
1567,"((13, 18),)","(np.float64(0.11906735182010154),)","(np.float64(-198.4859353278208),)"
1568,"((1, 3), (1, 10), (3, 10), (3, 17), (10, 17))","(np.float64(0.1009998215376939), np.float64(0.02623501833788056), np.float64(0.06299353435426935), np.float64(0.12205144325595717), np.float64(0.05907594826917075))","(np.float64(-10.866294086744517), np.float64(306.1483134881223), np.float64(272.0144187473522), np.float64(113.77929829785796), np.float64(-158.23512044949422))"
1569,"((6, 11),)","(np.float64(0.05564889859142053),)","(np.float64(236.3062643399714),)"
1570,"((11, 13), (8, 19))","(np.float64(0.11951652697584236), np.float64(0.14568111831984845))","(np.float64(-85.69733791165652), np.float64(-242.32055021124728))"
1571,"((2, 13), (8, 16))","(np.float64(0.06558843445360141), np.float64(0.12159884975544774))","(np.float64(-62.90200464874289), np.float64(51.776410193894435))"
1572,"((3, 12),)","(np.float64(0.139443444089586),)","(np.float64(-42.53687366716048),)"
1573,"((15, 19),)","(np.float64(0.12639907137647954),)","(np.float64(-186.63991806942852),)"
1574,"((7, 15),)","(np.float64(0.1468505094466941),)","(np.float64(178.78765761872813),)"
1575,"((6, 17), (2, 16), (3, 16))","(np.float64(0.08136738142934066), np.float64(0.1354073550098715), np.float64(0.14358268643361105))","(np.float64(215.06156927478833), np.float64(222.31539084743753), np.float64(284.4229046649938))"
1576,"((9, 12), (4, 12), (2, 13))","(np.float64(0.07654508860054386), np.float64(0.07463102951571034), np.float64(0.13635887731629345))","(np.float64(125.62966321364274), np.float64(117.75465285217666), np.float64(96.63599664306767))"
1577,"((7, 18), (11, 17), (13, 15), (2, 13), (4, 16), (8, 16))","(np.float64(0.11922464693432762), np.float64(0.10799844473446815), np.float64(0.1230091053480817), np.float64(0.14279961289813892), np.float64(0.14747374604062227), np.float64(0.1386148520542365))","(np.float64(-201.4008942001741), np.float64(-151.86845475817992), np.float64(-25.148410582313772), np.float64(146.35420527163592), np.float64(-195.51207317112426), np.float64(-119.58607429774753))"
1579,"((4, 11), (5, 12), (10, 19))","(np.float64(0.10315629149687681), np.float64(0.1086463156525097), np.float64(0.09834689765644965))","(np.float64(140.85434366729632), np.float64(117.81742359444434), np.float64(-113.67246027962324))"
1580,"((0, 2), (5, 15), (14, 15))","(np.float64(0.10509109436773306), np.float64(0.12505845854077027), np.float64(0.04861425699899922))","(np.float64(-54.22803661715017), np.float64(230.21863923507277), np.float64(-45.17998667467242))"
1581,"((1, 2), (1, 9), (2, 9), (2, 15), (12, 18))","(np.float64(0.1351384562024778), np.float64(0.12326196655583761), np.float64(0.1448740781945462), np.float64(0.13914385989603634), np.float64(0.13813409937177384))","(np.float64(-21.707524481280473), np.float64(-148.63219838606557), np.float64(-144.94213958562273), np.float64(-192.24018066184493), np.float64(202.17743741915774))"
1582,"((6, 11),)","(np.float64(0.14424642475041577),)","(np.float64(-45.574804199610014),)"
1583,"((1, 4),)","(np.float64(0.1373482642865686),)","(np.float64(-110.8309595267167),)"
1584,"((13, 18),)","(np.float64(0.12549114376748036),)","(np.float64(-209.22616894797576),)"
1585,"((1, 14), (3, 12), (12, 17), (1, 7))","(np.float64(0.12817609158279966), np.float64(0.10432191278549323), np.float64(0.13248761593177324), np.float64(0.14389784792953514))","(np.float64(130.36850494665697), np.float64(108.57833290200992), np.float64(-100.2352147638988), np.float64(165.3259354449943))"
1587,"((1, 8), (9, 13))","(np.float64(0.08578138369169815), np.float64(0.07329465304825254))","(np.float64(-139.6397451566272), np.float64(294.9345392608996))"
1588,"((6, 13), (3, 17))","(np.float64(0.14895115999544134), np.float64(0.12033392299445178))","(np.float64(-195.85075989077905), np.float64(167.82065837356956))"
1589,"((3, 9), (7, 19), (8, 17), (0, 8))","(np.float64(0.13687170704560428), np.float64(0.11365379263311887), np.float64(0.1428332822059448), np.float64(0.11813780183387142))","(np.float64(252.90263939600976), np.float64(-194.53334869801944), np.float64(-228.25673359693133), np.float64(225.94078082296755))"
1591,"((10, 19),)","(np.float64(0.11954000128906085),)","(np.float64(-186.8050118798741),)"
1593,"((5, 9), (14, 19))","(np.float64(0.07295704139240552), np.float64(0.08779799340510384))","(np.float64(240.37287996549014), np.float64(-108.51968440936042))"
1594,"((0, 12),)","(np.float64(0.13399698113061115),)","(np.float64(185.24312566892536),)"
1596,"((0, 5), (6, 11), (6, 19))","(np.float64(0.14580301671353416), np.float64(0.13775392411270587), np.float64(0.07573050030369322))","(np.float64(-45.49568900418632), np.float64(211.34961169975088), np.float64(75.70239805683434))"
1597,"((3, 13),)","(np.float64(0.1012092459639087),)","(np.float64(-135.33531376556834),)"
1598,"((8, 16), (3, 18))","(np.float64(0.14241857160986432), np.float64(0.13512505196040467))","(np.float64(-65.04409236340962), np.float64(-56.41869161239947))"
1600,"((2, 19), (5, 7), (16, 18), (6, 16), (6, 15), (3, 14), (14, 19))","(np.float64(0.10632978396081633), np.float64(0.12001136323435843), np.float64(0.14346090147706833), np.float64(0.10793023973621534), np.float64(0.1394858075052349), np.float64(0.1383420740595637), np.float64(0.12435902738160824))","(np.float64(104.91295221043319), np.float64(21.435350906589633), np.float64(-67.90372924306479), np.float64(-22.69710566153657), np.float64(208.7622001185586), np.float64(147.2112862148418), np.float64(-128.85506654796086))"
1601,"((10, 14), (13, 18))","(np.float64(0.1435233505224764), np.float64(0.12029470023238355))","(np.float64(-61.30114469315225), np.float64(-39.98149371396153))"
1603,"((1, 8), (8, 12), (9, 14), (11, 15))","(np.float64(0.1467170779193048), np.float64(0.14247825337738665), np.float64(0.12766146490717906), np.float64(0.12007376553705333))","(np.float64(-180.86750199775418), np.float64(327.0307137115865), np.float64(265.1954663157837), np.float64(-92.57163470273832))"
1604,"((1, 8), (0, 9))","(np.float64(0.1322970298057466), np.float64(0.13099291426232337))","(np.float64(187.59481461644145), np.float64(179.54028630755545))"
1605,"((1, 13), (5, 15), (7, 15))","(np.float64(0.03437469597725513), np.float64(0.06933704368920868), np.float64(0.1359491214055528))","(np.float64(170.11032735464653), np.float64(250.0165705617888), np.float64(-56.726365293343406))"
1606,"((1, 15),)","(np.float64(0.11594105815714584),)","(np.float64(56.400383840508226),)"
1608,"((1, 5), (10, 17), (1, 4))","(np.float64(0.08778488885284945), np.float64(0.07009078353538935), np.float64(0.140738785344799))","(np.float64(-59.442075051297934), np.float64(-158.4608862339485), np.float64(-41.596068601533204))"
1609,"((9, 19),)","(np.float64(0.12071854268909488),)","(np.float64(156.77097476842343),)"
1610,"((0, 3), (4, 13), (5, 9), (5, 19), (9, 19), (1, 13), (3, 13), (13, 16), (1, 14), (3, 14), (11, 18))","(np.float64(0.09880927021116354), np.float64(0.13790056101245382), np.float64(0.1195278875606646), np.float64(0.10748917361710852), np.float64(0.11851475474489817), np.float64(0.12744245266667273), np.float64(0.14547408545903254), np.float64(0.1130280317911479), np.float64(0.049272364244945785), np.float64(0.07091109158445273), np.float64(0.1278211756662555))","(np.float64(-109.86519500255372), np.float64(259.77201429417414), np.float64(34.159687584341725), np.float64(174.6318247198901), np.float64(140.47213713554837), np.float64(176.41649749584886), np.float64(227.96994465808638), np.float64(236.93807872412344), np.float64(-161.79897969795107), np.float64(250.75984690268672), np.float64(190.1816064027322))"
1611,"((4, 10), (8, 12))","(np.float64(0.09877723730780472), np.float64(0.1455412941558164))","(np.float64(227.76346891690417), np.float64(-2.587130687826857))"
1612,"((15, 19),)","(np.float64(0.12807080575802363),)","(np.float64(-4.981750048171932),)"
1613,"((12, 14),)","(np.float64(0.10006240001204317),)","(np.float64(-15.756593071161717),)"
1614,"((1, 5),)","(np.float64(0.06571574179006053),)","(np.float64(-66.9333369285198),)"
1616,"((2, 11), (6, 13), (4, 14))","(np.float64(0.0865768253615267), np.float64(0.07522161306576923), np.float64(0.1267291490056177))","(np.float64(190.84268435964128), np.float64(249.89178927125306), np.float64(216.67134132592156))"
1620,"((0, 2), (6, 12), (9, 18), (0, 9), (6, 9))","(np.float64(0.10281215997630004), np.float64(0.11952172431159738), np.float64(0.10988702690648722), np.float64(0.1391741352988982), np.float64(0.12214470449494724))","(np.float64(-56.417155124954604), np.float64(-180.5271254502453), np.float64(-127.14353634961333), np.float64(126.72858330601167), np.float64(-122.67111567575637))"
1621,"((1, 16), (10, 16))","(np.float64(0.11771603921361146), np.float64(0.14741539392939457))","(np.float64(95.59740450130772), np.float64(-132.536353050426))"
1622,"((2, 10),)","(np.float64(0.14823462224839318),)","(np.float64(190.09231138335707),)"
1623,"((5, 6),)","(np.float64(0.10748727865923628),)","(np.float64(-46.06348587721675),)"
1624,"((5, 17), (6, 11))","(np.float64(0.12859631964728596), np.float64(0.12578225875051033))","(np.float64(226.8820123951495), np.float64(296.399006538865))"
1625,"((6, 12), (9, 15))","(np.float64(0.0205668287072195), np.float64(0.14845418494378218))","(np.float64(269.13077947851025), np.float64(-180.89413723647473))"
1626,"((13, 18), (16, 19))","(np.float64(0.1396206281216476), np.float64(0.06810177032215384))","(np.float64(-149.98792003782782), np.float64(-155.64053929520963))"
1628,"((15, 18),)","(np.float64(0.1404813674089171),)","(np.float64(-24.73514213895004),)"
1629,"((2, 8),)","(np.float64(0.14016867875456773),)","(np.float64(-103.49329045609403),)"
1630,"((2, 10), (10, 13), (4, 13))","(np.float64(0.07586636054925398), np.float64(0.11085113435065383), np.float64(0.1398490994774986))","(np.float64(127.50310992589516), np.float64(7.612699910356866), np.float64(67.18649000210615))"
1631,"((8, 11), (8, 18))","(np.float64(0.11284434137229923), np.float64(0.11867953167914634))","(np.float64(-39.15091581854847), np.float64(-130.13553621318897))"
1632,"((0, 7),)","(np.float64(0.0651084500063332),)","(np.float64(-137.93038714960323),)"
1633,"((9, 10),)","(np.float64(0.1291295766922437),)","(np.float64(43.764544674481385),)"
1635,"((2, 10), (6, 11), (6, 16))","(np.float64(0.088699286421094), np.float64(0.09752262364524764), np.float64(0.05676695057194882))","(np.float64(160.70041795452818), np.float64(175.5052177476175), np.float64(123.6446895527879))"
1636,"((12, 16),)","(np.float64(0.12232823031157908),)","(np.float64(-36.43759916383837),)"
1637,"((10, 14),)","(np.float64(0.07477296686395135),)","(np.float64(-17.630357537254554),)"
1638,"((6, 17), (7, 13), (12, 15), (0, 12))","(np.float64(0.1034946181675579), np.float64(0.1255694501702133), np.float64(0.08132669838808194), np.float64(0.1344100577271644))","(np.float64(176.29660048898975), np.float64(-106.94118866380495), np.float64(-102.82489399753169), np.float64(110.22554006163364))"
1639,"((2, 8), (6, 14))","(np.float64(0.12523287461182497), np.float64(0.07927511162271536))","(np.float64(223.55357616584763), np.float64(-113.07302044242664))"
1640,"((0, 9),)","(np.float64(0.14675149196582837),)","(np.float64(206.43154615489152),)"
1641,"((0, 2),)","(np.float64(0.14542395448388526),)","(np.float64(-68.48139492150091),)"
1642,"((2, 19), (5, 12), (8, 11), (2, 7), (4, 5))","(np.float64(0.14102934513965845), np.float64(0.04795753448577706), np.float64(0.14501595030920642), np.float64(0.1264935432175783), np.float64(0.1316277830782572))","(np.float64(65.53905143655811), np.float64(279.41978647527884), np.float64(29.329414469255767), np.float64(-202.54841763328105), np.float64(-131.52653260049556))"
1643,"((15, 18),)","(np.float64(0.13854090066888078),)","(np.float64(-20.522046643032752),)"
1644,"((4, 11), (6, 18))","(np.float64(0.10554595214677548), np.float64(0.02662333334557318))","(np.float64(208.32314173376847), np.float64(111.04999084023137))"
1645,"((4, 9), (6, 15), (6, 12))","(np.float64(0.13460836637694834), np.float64(0.11208226732788541), np.float64(0.14018255799953577))","(np.float64(245.81489543237592), np.float64(176.67394792060458), np.float64(198.1638729455596))"
1649,"((3, 6), (4, 19), (5, 6), (3, 13), (11, 12), (1, 14), (14, 16))","(np.float64(0.0664720846889786), np.float64(0.14594675025782441), np.float64(0.11541033281797465), np.float64(0.032010761563003864), np.float64(0.1475823656193175), np.float64(0.13339342394197354), np.float64(0.09538710477412465))","(np.float64(-61.293470143083994), np.float64(58.353404093642524), np.float64(-8.83613040514382), np.float64(177.67874659845694), np.float64(276.032261418467), np.float64(-143.31696968756845), np.float64(61.971229224709845))"
1650,"((0, 13),)","(np.float64(0.14638374486165723),)","(np.float64(174.7199530240656),)"
1651,"((0, 1), (4, 15), (16, 17))","(np.float64(0.048811959948275696), np.float64(0.12091587022299376), np.float64(0.06429091055328226))","(np.float64(272.05248305558007), np.float64(17.398969930933504), np.float64(-281.8985815912938))"
1652,"((2, 9), (9, 17))","(np.float64(0.14180930441134892), np.float64(0.1036123097414659))","(np.float64(-129.43503957109573), np.float64(55.17064561047937))"
1655,"((3, 10), (11, 13))","(np.float64(0.11023417959249036), np.float64(0.06507909248627301))","(np.float64(305.82328218202537), np.float64(-319.4846971521822))"
1656,"((0, 16), (3, 4))","(np.float64(0.044862821982299295), np.float64(0.09876106078596747))","(np.float64(109.6234975743273), np.float64(299.98136311375083))"
1657,"((14, 16),)","(np.float64(0.11726962240279573),)","(np.float64(-77.02377212601402),)"
1658,"((12, 17), (14, 18))","(np.float64(0.10568623808687848), np.float64(0.13059756787863971))","(np.float64(109.51360850505182), np.float64(-208.2667866548236))"
1659,"((0, 6), (6, 18))","(np.float64(0.14074549228612615), np.float64(0.10262808276706031))","(np.float64(229.82055232146263), np.float64(-126.2681244742675))"
1660,"((0, 15), (10, 13), (2, 17))","(np.float64(0.12039621712468386), np.float64(0.12193968856398514), np.float64(0.13792165697935063))","(np.float64(141.9398839447313), np.float64(275.0933270997466), np.float64(151.65772484347298))"
1661,"((0, 12), (7, 16))","(np.float64(0.07036780891197708), np.float64(0.03542766876665025))","(np.float64(175.78072989170676), np.float64(137.62354441618197))"
1662,"((5, 18), (15, 17))","(np.float64(0.10423343060144487), np.float64(0.0783303639747569))","(np.float64(186.85605234321469), np.float64(51.92596695086502))"
1663,"((9, 11), (15, 19))","(np.float64(0.14749438639623322), np.float64(0.14013254980489961))","(np.float64(-6.300937080527206), np.float64(-4.430129824359767))"
1664,"((0, 2), (8, 12), (10, 13), (7, 8))","(np.float64(0.13185564419582507), np.float64(0.11642404581558341), np.float64(0.08002995920930706), np.float64(0.12175100983806392))","(np.float64(-33.5110109768375), np.float64(-96.92331782678525), np.float64(-98.80110037122438), np.float64(65.22017223629484))"
1665,"((0, 1),)","(np.float64(0.06334177618457264),)","(np.float64(-74.7993404354724),)"
1666,"((5, 6), (5, 19), (1, 12))","(np.float64(0.11777598498921821), np.float64(0.042574976902815836), np.float64(0.14728584575490916))","(np.float64(-2.721997886197869), np.float64(84.90079664556242), np.float64(201.77809821080274))"
1667,"((1, 16),)","(np.float64(0.07885347311231565),)","(np.float64(152.21064604246232),)"
1668,"((5, 12), (14, 19), (10, 19))","(np.float64(0.1006501069302227), np.float64(0.14767061339855334), np.float64(0.10450008693589925))","(np.float64(296.5110513506208), np.float64(-169.39628335949064), np.float64(-217.7229347051389))"
1669,"((7, 19), (10, 18))","(np.float64(0.146598688414378), np.float64(0.13889077462046923))","(np.float64(-253.1093373602891), np.float64(-294.943457590646))"
1670,"((5, 15), (6, 11), (7, 16))","(np.float64(0.1408097519465788), np.float64(0.13143604418308194), np.float64(0.08206570980298286))","(np.float64(-216.69419486786768), np.float64(303.210017164023), np.float64(-220.51060534694528))"
1671,"((6, 12), (10, 19), (8, 19))","(np.float64(0.09282850005693108), np.float64(0.07327421408228829), np.float64(0.1454429723705603))","(np.float64(-110.7604879786627), np.float64(-140.62188284685496), np.float64(-167.67757931901687))"
1672,"((3, 17), (8, 12), (0, 10), (2, 12))","(np.float64(0.08342171933234165), np.float64(0.10615341776177221), np.float64(0.12472715051548043), np.float64(0.14759124158539516))","(np.float64(-175.06929825093175), np.float64(-41.909128958854296), np.float64(226.13572627721402), np.float64(129.41142405685366))"
1673,"((1, 7), (1, 19), (7, 19))","(np.float64(0.14397449418449895), np.float64(0.09539490380357221), np.float64(0.03926216582328138))","(np.float64(153.6520480087786), np.float64(81.73699614727906), np.float64(-71.88213865349172))"
1674,"((5, 9),)","(np.float64(0.11312996068949427),)","(np.float64(270.9242574685348),)"
1676,"((3, 15), (10, 17))","(np.float64(0.13607632753119195), np.float64(0.11134865230783214))","(np.float64(142.30891519674032), np.float64(-154.3982744102856))"
1677,"((0, 13), (3, 4), (6, 9), (10, 17), (14, 15))","(np.float64(0.12322794757610528), np.float64(0.12967476517182017), np.float64(0.10673544734559436), np.float64(0.05242678244917204), np.float64(0.13252474722580893))","(np.float64(146.64449642126647), np.float64(-326.2059353755233), np.float64(-6.513210510937142), np.float64(-158.75799611361333), np.float64(0.09560686072961744))"
1678,"((3, 4), (5, 14))","(np.float64(0.0993695153078393), np.float64(0.07336931550681272))","(np.float64(-37.3972686978189), np.float64(241.3065205182935))"
1680,"((6, 16), (10, 13), (12, 17), (15, 19))","(np.float64(0.12926774454914247), np.float64(0.10213183814481971), np.float64(0.14180266631589544), np.float64(0.1477209401643255))","(np.float64(214.24732562646977), np.float64(-26.805838271330458), np.float64(11.714248671541952), np.float64(-195.49851777237524))"
1681,"((1, 2), (6, 17), (8, 16), (5, 17))","(np.float64(0.10273412442058619), np.float64(0.08881835903009219), np.float64(0.1327136990736478), np.float64(0.14232360691562232))","(np.float64(-59.98916658099128), np.float64(111.28620743291671), np.float64(-90.40404497938692), np.float64(86.04694078648342))"
1682,"((3, 18), (8, 14), (0, 10))","(np.float64(0.03728098060879886), np.float64(0.02767231113976192), np.float64(0.14744631528715355))","(np.float64(84.17481465082426), np.float64(-147.35769168824544), np.float64(148.65164155468202))"
1683,"((9, 10), (12, 18), (8, 14), (10, 16))","(np.float64(0.12570458668892448), np.float64(0.05689865384649105), np.float64(0.1304013804666642), np.float64(0.06740585966528169))","(np.float64(-1.890914106855348), np.float64(-220.33137323570244), np.float64(172.3898847259283), np.float64(151.77234634655287))"
1684,"((0, 2), (0, 4), (2, 4), (8, 14), (8, 16))","(np.float64(0.08541048721569997), np.float64(0.10289486311622359), np.float64(0.12107812720379425), np.float64(0.13784511310695693), np.float64(0.07066198058398523))","(np.float64(-62.27427515003731), np.float64(-78.06178847485162), np.float64(-15.787513324814313), np.float64(252.60738225138556), np.float64(190.3679885113935))"
1685,"((9, 16),)","(np.float64(0.11388518307226844),)","(np.float64(-86.7361950794608),)"
1686,"((4, 14), (5, 18), (1, 18))","(np.float64(0.10285435389565364), np.float64(0.07645794374121934), np.float64(0.12494811384151959))","(np.float64(188.22953023044772), np.float64(160.31082450375698), np.float64(70.18404454520339))"
1687,"((1, 8), (14, 17), (9, 17), (0, 5))","(np.float64(0.13040278063354946), np.float64(0.13939993248831997), np.float64(0.14979335592550572), np.float64(0.1472255601026982))","(np.float64(186.6101136876226), np.float64(-68.45781146639146), np.float64(-126.92650466424473), np.float64(-95.93209766568845))"
1688,"((0, 18), (2, 10), (5, 19), (10, 16), (11, 16), (4, 10))","(np.float64(0.0856615615849589), np.float64(0.11836096053950355), np.float64(0.1469734398748694), np.float64(0.14327269284874597), np.float64(0.12841914254692502), np.float64(0.14257785013720548))","(np.float64(-13.9434808242749), np.float64(203.4739223105123), np.float64(82.94384094284453), np.float64(-111.69063294190397), np.float64(-114.10496243559157), np.float64(168.58653752498748))"
1689,"((6, 14), (12, 16), (1, 14))","(np.float64(0.09268166469441073), np.float64(0.1279056916310114), np.float64(0.14243267024695352))","(np.float64(-49.49246368226153), np.float64(-212.05390787724423), np.float64(137.7523146671415))"
1691,"((3, 17), (11, 19), (5, 13), (6, 18))","(np.float64(0.07479195293559267), np.float64(0.10473033878810145), np.float64(0.1485913498870421), np.float64(0.1420136847291372))","(np.float64(135.4997726933599), np.float64(-86.8137480263772), np.float64(178.72283915561349), np.float64(151.43224113829518))"
1692,"((11, 18),)","(np.float64(0.14183870731245513),)","(np.float64(-194.92863777587013),)"
1694,"((0, 18), (9, 18))","(np.float64(0.0870196866122168), np.float64(0.12340646087551697))","(np.float64(-23.539814273942028), np.float64(119.97865351557783))"
1695,"((3, 13), (8, 19), (14, 16))","(np.float64(0.055093543409110775), np.float64(0.13249550244604813), np.float64(0.14710077155684703))","(np.float64(266.29063443438463), np.float64(157.99724387551544), np.float64(-330.93638753115346))"
1696,"((11, 19),)","(np.float64(0.14806415763121178),)","(np.float64(73.45850051924253),)"
1697,"((0, 8), (6, 17), (7, 19), (8, 11))","(np.float64(0.09625652612380113), np.float64(0.1016113412190635), np.float64(0.14108707378050042), np.float64(0.14641493549237014))","(np.float64(-8.067059731982681), np.float64(102.58634026227733), np.float64(2.7326984139172055), np.float64(226.69184796360662))"
1699,"((10, 19),)","(np.float64(0.0853478502986287),)","(np.float64(171.35150898077785),)"
1700,"((0, 5), (7, 9))","(np.float64(0.11958083375911502), np.float64(0.13341350570958968))","(np.float64(-155.08743168379425), np.float64(-8.573106523987747))"
1701,"((1, 7), (2, 10), (10, 15))","(np.float64(0.14241667626732724), np.float64(0.09878708559708077), np.float64(0.14073557803572487))","(np.float64(-160.0944208260931), np.float64(-83.82898532665482), np.float64(152.33268269758793))"
1702,"((6, 17), (2, 15), (5, 15))","(np.float64(0.09815296517330145), np.float64(0.14850004197722597), np.float64(0.13923861230632723))","(np.float64(150.51780291366538), np.float64(71.83228203912006), np.float64(208.91779914938422))"
1703,"((10, 16),)","(np.float64(0.1277864472210891),)","(np.float64(94.72646555748781),)"
1704,"((1, 11),)","(np.float64(0.1303606109523123),)","(np.float64(234.9851076399346),)"
1706,"((1, 6), (1, 11), (6, 11), (10, 11), (13, 16), (6, 10))","(np.float64(0.08597811065681593), np.float64(0.05316629935786725), np.float64(0.07038106197900626), np.float64(0.14673326601379624), np.float64(0.13585211139796863), np.float64(0.1365803868506252))","(np.float64(257.89549937800814), np.float64(143.4824126919761), np.float64(-69.41310385216974), np.float64(-45.020998898061805), np.float64(-69.1815549040777), np.float64(291.87567534984714))"
1707,"((0, 5), (6, 10), (13, 14))","(np.float64(0.13139071540243422), np.float64(0.11278630655451889), np.float64(0.04205264311459427))","(np.float64(-87.92635247521724), np.float64(181.80189373941448), np.float64(-20.643697523428557))"
1708,"((2, 3), (5, 6), (7, 10), (12, 15))","(np.float64(0.1341639140069771), np.float64(0.10313414442808488), np.float64(0.055089086833819974), np.float64(0.09505942286265666))","(np.float64(34.800493565291106), np.float64(293.2486644263152), np.float64(215.28820129783492), np.float64(-177.96006143224736))"
1709,"((5, 12),)","(np.float64(0.1329594072520371),)","(np.float64(-18.500599113958344),)"
1710,"((4, 13),)","(np.float64(0.06900415577892156),)","(np.float64(164.1546257982539),)"
1711,"((7, 18), (8, 16), (13, 15))","(np.float64(0.13031382699075206), np.float64(0.06661807130734305), np.float64(0.1441623687298862))","(np.float64(-171.10835854478057), np.float64(-177.156607261945), np.float64(-149.97975491158246))"
1712,"((6, 18), (15, 16))","(np.float64(0.07085813691488717), np.float64(0.0732022834589301))","(np.float64(49.792190128237394), np.float64(-0.70089279707895))"
1713,"((12, 14), (13, 17), (2, 6))","(np.float64(0.11511055074505364), np.float64(0.11076161292952091), np.float64(0.12726509964169666))","(np.float64(-7.015867528660436), np.float64(-77.78093704273425), np.float64(103.62116946581313))"
1714,"((9, 12),)","(np.float64(0.14610378404147067),)","(np.float64(-17.773413570408138),)"
1715,"((7, 17),)","(np.float64(0.0753538051678627),)","(np.float64(-242.67532232163052),)"
1716,"((6, 10), (6, 19), (10, 19))","(np.float64(0.12161883834769029), np.float64(0.11292164899090046), np.float64(0.05232964700756434))","(np.float64(183.9195276986943), np.float64(125.00106976474439), np.float64(-58.918457933949924))"
1717,"((1, 12),)","(np.float64(0.10862998004807953),)","(np.float64(196.07995749839125),)"
1718,"((0, 11), (1, 10), (4, 6))","(np.float64(0.14381110112304696), np.float64(0.10740706642705339), np.float64(0.13206242300011745))","(np.float64(204.7589336311553), np.float64(190.2250876955377), np.float64(-102.16419718597155))"
1719,"((0, 15), (15, 17))","(np.float64(0.09386225669434492), np.float64(0.1405217806797319))","(np.float64(126.39935446675219), np.float64(-28.88935463819655))"
1720,"((6, 13),)","(np.float64(0.10600453108931983),)","(np.float64(-34.13111961561685),)"
1721,"((2, 10), (2, 18))","(np.float64(0.10335970075267084), np.float64(0.12074905380404427))","(np.float64(224.17289702200873), np.float64(49.380901047077714))"
1722,"((12, 18),)","(np.float64(0.14240136163587802),)","(np.float64(-123.29693047232891),)"
1723,"((2, 8), (13, 17), (1, 12), (7, 18))","(np.float64(0.053007267957258394), np.float64(0.1451216896608303), np.float64(0.14486261216266363), np.float64(0.14204445151414843))","(np.float64(-136.39166844681307), np.float64(-63.787810169005866), np.float64(149.7196621369115), np.float64(166.80461270182366))"
1724,"((8, 16),)","(np.float64(0.12027500282195443),)","(np.float64(80.41943967589305),)"
1725,"((7, 10), (9, 11))","(np.float64(0.13490251576588833), np.float64(0.10579014723644924))","(np.float64(155.84586118371644), np.float64(48.19998127498718))"
1726,"((3, 15),)","(np.float64(0.14412604291915904),)","(np.float64(-185.46085090963516),)"
1727,"((10, 15), (13, 16))","(np.float64(0.08039286441883609), np.float64(0.09729523929977676))","(np.float64(-174.83572122409342), np.float64(-125.75756755346919))"
1728,"((5, 8), (3, 14))","(np.float64(0.1317456050151826), np.float64(0.12671763300300865))","(np.float64(217.14690762909726), np.float64(163.4169165183211))"
1729,"((3, 4), (8, 12), (10, 18))","(np.float64(0.14686526835085834), np.float64(0.11116626320375149), np.float64(0.11893686776624163))","(np.float64(225.30686363566605), np.float64(-100.56199382638925), np.float64(-95.56437708094262))"
1731,"((5, 8), (6, 11), (10, 19))","(np.float64(0.12775922911814103), np.float64(0.12808947924715391), np.float64(0.10477752183719063))","(np.float64(-22.603891678133493), np.float64(260.3777918313381), np.float64(-217.23210914830943))"
1732,"((3, 18),)","(np.float64(0.0848214522528245),)","(np.float64(153.01991392503106),)"
1733,"((7, 11),)","(np.float64(0.11467994212350163),)","(np.float64(-106.22310881628744),)"
1734,"((11, 18), (14, 15))","(np.float64(0.06907668244364798), np.float64(0.11126403704613834))","(np.float64(-129.12537350766172), np.float64(-55.54847795694354))"
1735,"((1, 4),)","(np.float64(0.026054783065945462),)","(np.float64(240.78965078162832),)"
1736,"((1, 13), (9, 14), (9, 16), (0, 9))","(np.float64(0.0947579164509384), np.float64(0.09429519223622088), np.float64(0.14933888574819656), np.float64(0.14586865173422484))","(np.float64(122.00384894600342), np.float64(-71.84455374184711), np.float64(-160.34093052722304), np.float64(91.19761185357612))"
1737,"((0, 8), (0, 18), (7, 19), (8, 18), (11, 13), (14, 15))","(np.float64(0.023514828233342822), np.float64(0.09805248149313456), np.float64(0.11296531231520579), np.float64(0.11636248630972892), np.float64(0.09693743237037332), np.float64(0.14009273332665179))","(np.float64(198.24269185006347), np.float64(332.65698082648913), np.float64(-191.00508754902182), np.float64(134.41428897642567), np.float64(58.37836516783682), np.float64(164.69720045910452))"
1738,"((2, 8), (2, 13), (8, 13), (1, 9), (2, 12))","(np.float64(0.02501212365231384), np.float64(0.13377373570369783), np.float64(0.14261106423646247), np.float64(0.1436242020189541), np.float64(0.1448861519698321))","(np.float64(199.3485520682256), np.float64(139.3074153059155), np.float64(-60.04113676231009), np.float64(145.13854868942897), np.float64(95.80471493086688))"
1739,"((2, 19), (8, 10))","(np.float64(0.134639608767059), np.float64(0.12676422028960216))","(np.float64(117.71876981446479), np.float64(-74.4671353987602))"
1740,"((4, 7), (7, 10), (4, 15))","(np.float64(0.09842291372383202), np.float64(0.1481668484126894), np.float64(0.14321773527256024))","(np.float64(121.21304930052975), np.float64(-9.33215496504647), np.float64(-1.8767350078090885))"
1741,"((3, 8),)","(np.float64(0.0880933204416879),)","(np.float64(-35.92974631320436),)"
1742,"((1, 16), (5, 15), (9, 14))","(np.float64(0.14622445083174998), np.float64(0.13554882606096252), np.float64(0.1351094268257424))","(np.float64(15.562394532515214), np.float64(35.056283279456125), np.float64(-330.0856329216602))"
1744,"((1, 10), (5, 15), (9, 11), (9, 16))","(np.float64(0.11862965268578203), np.float64(0.12427798867580692), np.float64(0.06383131034523037), np.float64(0.14521681849373905))","(np.float64(126.0819748865398), np.float64(157.17148872552605), np.float64(209.86158355168823), np.float64(259.1493180290214))"
1745,"((1, 14), (7, 17), (7, 14))","(np.float64(0.11541466269883796), np.float64(0.14943874996556034), np.float64(0.10224306754642966))","(np.float64(135.25529763652983), np.float64(45.51009787746722), np.float64(87.0702332095994))"
1746,"((3, 5),)","(np.float64(0.14081535082629104),)","(np.float64(44.87377743528057),)"
1747,"((0, 2), (4, 7), (4, 9), (8, 14))","(np.float64(0.057555488078463626), np.float64(0.1327458636394851), np.float64(0.14884561804016003), np.float64(0.14765765814285298))","(np.float64(8.964187449948327), np.float64(-92.72384500668483), np.float64(85.05119307878329), np.float64(105.08511282250407))"
1749,"((2, 8),)","(np.float64(0.10401616511495208),)","(np.float64(-50.20546963805248),)"
1751,"((1, 11), (5, 8))","(np.float64(0.1243083140279299), np.float64(0.039943359921214006))","(np.float64(177.1944104723849), np.float64(-131.5940801295095))"
1752,"((2, 18),)","(np.float64(0.11155215539124819),)","(np.float64(86.21594248242434),)"
1753,"((0, 2), (4, 14), (13, 19))","(np.float64(0.05397638161016516), np.float64(0.14200313891853533), np.float64(0.14863834515958246))","(np.float64(-59.56242221608255), np.float64(181.7027538820762), np.float64(-62.361836139707975))"
1754,"((0, 15), (7, 8))","(np.float64(0.07080858830631413), np.float64(0.14264976072033722))","(np.float64(142.191334680772), np.float64(-26.601771532986504))"
1755,"((10, 15),)","(np.float64(0.07707934832180804),)","(np.float64(-121.95892731741742),)"
1757,"((8, 10),)","(np.float64(0.11826688967421581),)","(np.float64(-25.194402361848347),)"
1758,"((2, 16), (6, 15), (18, 19), (5, 19), (15, 18))","(np.float64(0.07386512394622102), np.float64(0.12391914426432353), np.float64(0.113263702442665), np.float64(0.13271802764790994), np.float64(0.12566173561337815))","(np.float64(-324.6799220547939), np.float64(-101.08766741455435), np.float64(1.9958638340627317), np.float64(-330.949246979339), np.float64(130.57006202511985))"
1763,"((1, 7),)","(np.float64(0.13851021986986436),)","(np.float64(-151.38189585282828),)"
1764,"((2, 18), (0, 4), (4, 16))","(np.float64(0.11910290488195083), np.float64(0.1496716946800486), np.float64(0.07151462805775692))","(np.float64(172.6328389368976), np.float64(-19.89853157904156), np.float64(198.7850594722072))"
1765,"((16, 17),)","(np.float64(0.1077030644465224),)","(np.float64(-44.44249159744959),)"
1766,"((0, 16),)","(np.float64(0.14999739540547175),)","(np.float64(10.852007064940437),)"
1768,"((7, 12),)","(np.float64(0.13592678667401298),)","(np.float64(232.83000869468094),)"
1769,"((4, 19), (5, 12), (5, 16), (8, 13))","(np.float64(0.1281916236073388), np.float64(0.11752705389036885), np.float64(0.12167848748982378), np.float64(0.10193186414535794))","(np.float64(323.78263144626015), np.float64(-122.84990389674738), np.float64(-37.90568680863669), np.float64(-76.59685379127262))"
1770,"((6, 13), (3, 14))","(np.float64(0.12369656104594526), np.float64(0.13310931794170955))","(np.float64(102.10794407962459), np.float64(120.10466245759298))"
1771,"((6, 11), (9, 17))","(np.float64(0.12582030738691857), np.float64(0.1423514421031761))","(np.float64(-134.64903459641226), np.float64(-192.9955287648308))"
1773,"((3, 5), (7, 17), (15, 17), (16, 18), (10, 18))","(np.float64(0.06982437598299218), np.float64(0.10595999652620898), np.float64(0.1043725461614592), np.float64(0.14888710474407904), np.float64(0.11473291191406981))","(np.float64(301.00949016866), np.float64(179.5541928752393), np.float64(-71.59040793767227), np.float64(-124.17226517098675), np.float64(-231.1727230567662))"
1774,"((1, 2), (4, 19), (5, 8), (8, 13), (1, 10))","(np.float64(0.11542706503870555), np.float64(0.12535311078428105), np.float64(0.10865434642992038), np.float64(0.1395245081800881), np.float64(0.12637522900973353))","(np.float64(-15.229675584524841), np.float64(-257.3991358230714), np.float64(-63.23872761486774), np.float64(93.10896026867562), np.float64(220.91720775732125))"
1775,"((1, 17), (2, 6))","(np.float64(0.12255483467300304), np.float64(0.03506895770975537))","(np.float64(112.46289646496376), np.float64(-38.945734465872135))"
1777,"((1, 4), (1, 5), (2, 9), (5, 15))","(np.float64(0.14467531891848048), np.float64(0.12174140909337744), np.float64(0.1385277427545871), np.float64(0.13280754994508073))","(np.float64(-88.54817642797383), np.float64(-102.9567462772788), np.float64(-126.03038050868068), np.float64(166.21095334084924))"
1778,"((1, 9), (1, 19), (9, 19))","(np.float64(0.1403557893526517), np.float64(0.07152680783449808), np.float64(0.08697066373004117))","(np.float64(-109.9073885981943), np.float64(-298.2449412512239), np.float64(-188.3375526530296))"
1779,"((2, 19), (4, 18), (10, 16), (13, 14), (2, 18), (8, 15), (11, 15))","(np.float64(0.09493967637801376), np.float64(0.1333516743056109), np.float64(0.12390036038605262), np.float64(0.022485164233181126), np.float64(0.14703757412163657), np.float64(0.12836582516734593), np.float64(0.1332029939330274))","(np.float64(-253.73760991653427), np.float64(27.098992924881088), np.float64(-174.58249096959167), np.float64(-89.45864604226767), np.float64(-273.1472057486251), np.float64(-205.37622595642512), np.float64(-104.57875104484935))"
1780,"((8, 18),)","(np.float64(0.1281064494904313),)","(np.float64(-191.39315102497187),)"
1781,"((7, 18), (1, 12))","(np.float64(0.09550205553715556), np.float64(0.14891899850841797))","(np.float64(132.22322883472413), np.float64(179.10544934921768))"
1782,"((3, 19), (6, 16), (11, 12), (6, 10), (2, 14), (2, 8))","(np.float64(0.11265409920486921), np.float64(0.03254800582379945), np.float64(0.00814922961481917), np.float64(0.10668640461968304), np.float64(0.14962520086252235), np.float64(0.134426505557097))","(np.float64(91.45403068961335), np.float64(144.5942878667245), np.float64(-11.645933038280418), np.float64(296.8278509298818), np.float64(94.93967088872688), np.float64(-77.39613395058228))"
1783,"((5, 8), (14, 18), (5, 15), (14, 17))","(np.float64(0.08373911693229771), np.float64(0.0773545510787779), np.float64(0.11412306444116073), np.float64(0.14590050137146982))","(np.float64(-66.7920011918759), np.float64(142.7939719137068), np.float64(-41.48389490587272), np.float64(146.88962305582896))"
1787,"((2, 8), (3, 13), (2, 14))","(np.float64(0.09156136798992696), np.float64(0.14525459877193084), np.float64(0.11905863745044448))","(np.float64(283.6432757981195), np.float64(-2.150696762703035), np.float64(173.19811012140008))"
1788,"((2, 16), (2, 17), (2, 19), (3, 4), (3, 9), (4, 9), (13, 16), (16, 17), (17, 19), (3, 10), (11, 16), (11, 17), (9, 17))","(np.float64(0.07093622666085578), np.float64(0.03483612857224442), np.float64(0.09278655360914277), np.float64(0.11384710253891864), np.float64(0.05382820081312887), np.float64(0.11737725685023578), np.float64(0.09559399414535959), np.float64(0.09166555060280299), np.float64(0.0638519737385918), np.float64(0.0734856904337684), np.float64(0.12251526257327176), np.float64(0.12910061522310493), np.float64(0.11777103753106107))","(np.float64(90.09531938930172), np.float64(54.45461601497061), np.float64(56.915358468635134), np.float64(-4.59169433991309), np.float64(227.98428340896146), np.float64(232.57597774887455), np.float64(107.9727471478484), np.float64(-35.64070337433111), np.float64(2.4607424536645226), np.float64(185.99139157086552), np.float64(-156.48243002534576), np.float64(-194.86325190324743), np.float64(-213.10990783408232))"
1789,"((7, 16), (7, 18), (2, 13), (10, 17))","(np.float64(0.09841008978061482), np.float64(0.04641123891615729), np.float64(0.07045524156892921), np.float64(0.14137185039136377))","(np.float64(70.5805392758653), np.float64(-194.25992239198325), np.float64(151.01003662148992), np.float64(168.2819966170352))"
1790,"((6, 11),)","(np.float64(0.14525080007292238),)","(np.float64(-118.81393084607049),)"
1791,"((0, 6),)","(np.float64(0.13213107413240543),)","(np.float64(214.67440494966513),)"
1792,"((1, 5), (4, 8), (6, 11), (6, 17), (11, 17), (2, 13))","(np.float64(0.14658057906552327), np.float64(0.07175056625114458), np.float64(0.13573953993790688), np.float64(0.10566865619620064), np.float64(0.11570309802290557), np.float64(0.13611915690620272))","(np.float64(266.43912747944177), np.float64(220.38645599937882), np.float64(-10.510537172922568), np.float64(-202.1822172047285), np.float64(-191.67168003180592), np.float64(216.06857533292452))"
1793,"((2, 4), (6, 16), (7, 8), (11, 19), (1, 6))","(np.float64(0.14815075084782553), np.float64(0.09120887814173287), np.float64(0.07904003736862722), np.float64(0.141573678465683), np.float64(0.12172283658168095))","(np.float64(-38.830211063701825), np.float64(114.2485555441504), np.float64(-55.61289347230604), np.float64(-225.22934171224335), np.float64(-61.83610931409834))"
1794,"((12, 15),)","(np.float64(0.12449624744711925),)","(np.float64(-177.91314657313984),)"
1795,"((4, 19), (8, 15))","(np.float64(0.12711370638997563), np.float64(0.10710087688646085))","(np.float64(114.74534328384044), np.float64(179.11624722090085))"
1796,"((0, 15), (1, 4), (2, 6), (4, 11), (0, 8))","(np.float64(0.13757574889565272), np.float64(0.09980516603288703), np.float64(0.10816789193758801), np.float64(0.10330595138958927), np.float64(0.14485143725421337))","(np.float64(84.91043578971465), np.float64(-91.53523297457104), np.float64(-89.71438342361728), np.float64(226.47568336351503), np.float64(270.9586280474795))"
1797,"((7, 18),)","(np.float64(0.13137605234271107),)","(np.float64(-83.41759920956798),)"
1798,"((0, 6), (9, 15))","(np.float64(0.10612594450453897), np.float64(0.13932165278259545))","(np.float64(-9.15860396177328), np.float64(-158.1239539477853))"
1799,"((6, 19),)","(np.float64(0.12285127602473787),)","(np.float64(-188.59448532362092),)"
1800,"((4, 13), (1, 5))","(np.float64(0.14198985039186124), np.float64(0.14961786134983465))","(np.float64(290.0314393385017), np.float64(-5.041316483173887))"
1801,"((0, 8), (9, 11), (12, 15))","(np.float64(0.05658790822750381), np.float64(0.14565231465702672), np.float64(0.14860787761828925))","(np.float64(-81.33014916569346), np.float64(-17.26946940805442), np.float64(69.90221954835829))"
1802,"((7, 15), (12, 19), (4, 15), (2, 12), (8, 17))","(np.float64(0.14010840853049247), np.float64(0.05544706216016046), np.float64(0.14781491805036795), np.float64(0.112382568109725), np.float64(0.11831379602868242))","(np.float64(210.82838225720997), np.float64(-206.82232199342047), np.float64(134.0133788982721), np.float64(175.37010485471558), np.float64(195.00046921124982))"
1804,"((2, 14), (2, 11))","(np.float64(0.12855574184481916), np.float64(0.14560424665732183))","(np.float64(164.16628165860527), np.float64(205.4356055528965))"
1805,"((3, 4),)","(np.float64(0.10187043671145438),)","(np.float64(-45.502269034577296),)"
1806,"((5, 8),)","(np.float64(0.12762809310155288),)","(np.float64(-27.42899197267235),)"
1807,"((6, 8), (7, 15), (4, 11), (4, 6))","(np.float64(0.06555488861348088), np.float64(0.12337502067909059), np.float64(0.14915551656722675), np.float64(0.1413523108263072))","(np.float64(-93.85558142477072), np.float64(-56.0267746918793), np.float64(-142.5833204690815), np.float64(-120.49642097275768))"
1808,"((8, 14),)","(np.float64(0.11171918559167046),)","(np.float64(-8.223418449260862),)"
1809,"((3, 4),)","(np.float64(0.12301281018372637),)","(np.float64(44.28324239757211),)"
1810,"((1, 9),)","(np.float64(0.14668950608490286),)","(np.float64(160.840737645554),)"
1811,"((3, 15), (3, 18), (14, 16), (15, 18))","(np.float64(0.11056649912937859), np.float64(0.13836483488490167), np.float64(0.07756117727462912), np.float64(0.12483431201684247))","(np.float64(105.16239925860731), np.float64(15.83553117292007), np.float64(15.187086088694798), np.float64(-89.32686808568724))"
1812,"((0, 14), (7, 18))","(np.float64(0.1112977760146763), np.float64(0.09024621516940803))","(np.float64(178.57704716956698), np.float64(-224.26656964431896))"
1813,"((3, 7), (11, 15), (0, 15))","(np.float64(0.13962937315233603), np.float64(0.14086527520013312), np.float64(0.12408346133785537))","(np.float64(-91.18699174122798), np.float64(291.7617351362066), np.float64(156.83157957233738))"
1815,"((0, 19),)","(np.float64(0.14559772936640222),)","(np.float64(64.92829067232995),)"
1816,"((4, 15),)","(np.float64(0.12434164523749901),)","(np.float64(131.16204685933633),)"
1817,"((3, 12),)","(np.float64(0.1147618746594748),)","(np.float64(-112.68463109199587),)"
1818,"((3, 8),)","(np.float64(0.06742378341486453),)","(np.float64(173.59562426053827),)"
1821,"((1, 5), (9, 15))","(np.float64(0.08330867771722524), np.float64(0.14087648330993252))","(np.float64(149.38848423324131), np.float64(-88.29520187413584))"
1822,"((2, 3), (4, 7), (1, 11))","(np.float64(0.14510711499455556), np.float64(0.08413417643642362), np.float64(0.14952481472967952))","(np.float64(40.79250857120354), np.float64(-35.54071274106883), np.float64(147.3907897270904))"
1823,"((8, 17),)","(np.float64(0.14971013926619164),)","(np.float64(117.84478872370823),)"
1824,"((1, 5), (1, 6), (10, 15))","(np.float64(0.10714525608759021), np.float64(0.12203604404647846), np.float64(0.148744138763987))","(np.float64(-90.82483283335961), np.float64(-92.56602304864055), np.float64(-168.40630521453616))"
1825,"((0, 17), (6, 19), (12, 17), (7, 12))","(np.float64(0.12104861305850054), np.float64(0.1231813711411634), np.float64(0.13690155523030584), np.float64(0.14301203904108084))","(np.float64(123.19848084058498), np.float64(-198.1612856527004), np.float64(-110.76561086237916), np.float64(-34.84238790154416))"
1827,"((0, 16), (7, 16), (12, 13), (13, 18))","(np.float64(0.07473947050732083), np.float64(0.11254351263730637), np.float64(0.14952687252561075), np.float64(0.09648502084439742))","(np.float64(343.30255522343623), np.float64(130.431267766725), np.float64(2.9973485834666462), np.float64(-225.5796089297578))"
1828,"((10, 19),)","(np.float64(0.06259845658804501),)","(np.float64(-255.80204670136817),)"
1829,"((6, 10), (1, 10), (5, 16))","(np.float64(0.14330002762075172), np.float64(0.1413312808744857), np.float64(0.14805403869161685))","(np.float64(217.5527222890599), np.float64(130.8945527621939), np.float64(166.2250614728439))"
1830,"((3, 5), (4, 10), (5, 10), (13, 18), (11, 19))","(np.float64(0.14944988629857583), np.float64(0.14288093913669897), np.float64(0.014343822902185074), np.float64(0.08341886428115239), np.float64(0.1468313087102903))","(np.float64(7.2118987691386), np.float64(224.5820522554867), np.float64(158.68766093548493), np.float64(-164.58993208718118), np.float64(-167.3279340398778))"
1831,"((7, 8), (4, 10))","(np.float64(0.1351142402675498), np.float64(0.13426632820538323))","(np.float64(123.65627061395946), np.float64(106.95375130583778))"
1832,"((3, 14), (10, 16))","(np.float64(0.14503418883172184), np.float64(0.14682895066587937))","(np.float64(-143.2349271464563), np.float64(-97.65544628530921))"
1833,"((14, 17),)","(np.float64(0.13860855326593963),)","(np.float64(-130.7923271907958),)"
1835,"((1, 9), (2, 16), (5, 13))","(np.float64(0.14358258883709005), np.float64(0.1404005072881639), np.float64(0.1288361474101708))","(np.float64(-128.2675458234075), np.float64(201.52964705617148), np.float64(174.82801790086944))"
1836,"((1, 15), (7, 14))","(np.float64(0.11894714760890751), np.float64(0.06068464411835224))","(np.float64(48.47527250157205), np.float64(220.3927082677431))"
1837,"((1, 12), (12, 19), (14, 15))","(np.float64(0.10075627152328552), np.float64(0.14207918883197704), np.float64(0.14722491203258867))","(np.float64(-52.373682818590225), np.float64(-175.19212920035358), np.float64(-200.441565357708))"
1838,"((1, 2), (3, 12), (9, 12))","(np.float64(0.118376159210084), np.float64(0.1297438381733892), np.float64(0.06444751277260688))","(np.float64(-46.93743867195707), np.float64(115.975010206528), np.float64(194.763701495122))"
1839,"((0, 12), (12, 19), (6, 16), (11, 16), (0, 16))","(np.float64(0.12873320734593838), np.float64(0.04996474201418035), np.float64(0.09948489113722069), np.float64(0.12582612655997213), np.float64(0.14529917900918))","(np.float64(205.54094658556627), np.float64(-150.48605208598372), np.float64(163.0946301880989), np.float64(-64.40951839785896), np.float64(146.3550217979708))"
1840,"((12, 18), (18, 19))","(np.float64(0.11592214387224874), np.float64(0.06446262048390868))","(np.float64(222.89134202384997), np.float64(-50.62656090740228))"
1841,"((0, 7), (1, 12), (6, 10), (17, 19))","(np.float64(0.14557168438505497), np.float64(0.1361322186104087), np.float64(0.08767893339434506), np.float64(0.09824355328309478))","(np.float64(-155.77801338647254), np.float64(-116.33472284430817), np.float64(272.70783372365116), np.float64(-42.33572320027761))"
1842,"((2, 8), (15, 19), (10, 13))","(np.float64(0.11424143683556155), np.float64(0.14914381929564344), np.float64(0.148348173384199))","(np.float64(221.554380773876), np.float64(-24.161709999693073), np.float64(-23.528365303934265))"
1843,"((0, 13),)","(np.float64(0.1451916745826793),)","(np.float64(223.5845284025392),)"
1844,"((1, 3),)","(np.float64(0.11551730401699785),)","(np.float64(333.6137675066594),)"
1845,"((5, 6), (5, 18), (6, 18), (8, 19))","(np.float64(0.14774455093933464), np.float64(0.10817256731818686), np.float64(0.07572136847664715), np.float64(0.13770078961317897))","(np.float64(313.01774096048905), np.float64(157.43253225847695), np.float64(-155.5852087020121), np.float64(-192.37909346434716))"
1846,"((0, 13), (7, 19), (12, 14), (6, 14), (8, 19))","(np.float64(0.07904705890887424), np.float64(0.13053314463305501), np.float64(0.08747345206163329), np.float64(0.13983211788536087), np.float64(0.13679788137084029))","(np.float64(200.1794333306869), np.float64(-211.15485928033968), np.float64(-42.680912046187075), np.float64(-63.49525161171846), np.float64(-276.6543850407729))"
1847,"((3, 16),)","(np.float64(0.14584910296091305),)","(np.float64(87.29802437266324),)"
1849,"((4, 15), (8, 16))","(np.float64(0.1319658077034587), np.float64(0.06745188691839077))","(np.float64(168.38726533731602), np.float64(-135.4933244592621))"
1850,"((1, 4), (11, 17), (12, 17), (1, 11), (4, 11))","(np.float64(0.014128146324561863), np.float64(0.13547765146243843), np.float64(0.12336157539322262), np.float64(0.13520859104676256), np.float64(0.12135856144530506))","(np.float64(287.27940080454795), np.float64(-193.16330185113497), np.float64(-154.59522495839832), np.float64(-100.75087631828723), np.float64(274.7918243509731))"
1851,"((1, 2), (3, 16), (11, 18), (2, 12), (5, 18))","(np.float64(0.07416914687820923), np.float64(0.11574557077789303), np.float64(0.05702318272586169), np.float64(0.08823463801416052), np.float64(0.13986657348729875))","(np.float64(22.303914321825715), np.float64(77.43620110545211), np.float64(-132.6840497595179), np.float64(32.98165468138586), np.float64(-49.636701455113496))"
1852,"((8, 17),)","(np.float64(0.029249450849726237),)","(np.float64(-168.6246615164614),)"
1853,"((7, 19), (9, 11))","(np.float64(0.10417026327492906), np.float64(0.05802633486427577))","(np.float64(-230.07925721880247), np.float64(-31.84950187227105))"
1855,"((3, 13), (10, 18), (1, 13))","(np.float64(0.04837938753798128), np.float64(0.131526550626078), np.float64(0.14121736911214394))","(np.float64(153.57759999979692), np.float64(-297.6037937789254), np.float64(132.46519260038394))"
1856,"((0, 18), (5, 15), (12, 18))","(np.float64(0.14468593526524906), np.float64(0.04042142187704346), np.float64(0.07241930202985361))","(np.float64(13.626568374794715), np.float64(-157.90364055961447), np.float64(-163.25265719195454))"
1857,"((6, 19), (11, 19))","(np.float64(0.14687059286024418), np.float64(0.10327721224007463))","(np.float64(48.85108282822955), np.float64(-186.87929473637922))"
1858,"((0, 13), (4, 6), (3, 13))","(np.float64(0.14885150311802384), np.float64(0.10283214181675793), np.float64(0.1383441361449635))","(np.float64(46.42211877548081), np.float64(283.1865069984335), np.float64(37.288532271539566))"
1859,"((3, 11),)","(np.float64(0.14959666783840078),)","(np.float64(190.36613647886026),)"
1860,"((7, 19),)","(np.float64(0.14514937570021438),)","(np.float64(-209.7821809582067),)"
1862,"((1, 7),)","(np.float64(0.13004309370104436),)","(np.float64(-117.1062633403647),)"
1863,"((0, 13), (0, 16), (13, 16))","(np.float64(0.12280026335013428), np.float64(0.1259263469593141), np.float64(0.0695218588530674))","(np.float64(38.50079516549283), np.float64(49.43220644875771), np.float64(10.931411283264879))"
1864,"((8, 17), (16, 17))","(np.float64(0.11733450254563414), np.float64(0.1288523192762376))","(np.float64(-136.59014077500495), np.float64(-10.694664447658738))"
1867,"((0, 17),)","(np.float64(0.1361813104734361),)","(np.float64(102.8170015040431),)"
1868,"((1, 8), (2, 7), (3, 18), (6, 7))","(np.float64(0.05956154531946619), np.float64(0.11997875331482749), np.float64(0.04883278424131598), np.float64(0.14383768574869527))","(np.float64(268.31518228855754), np.float64(-38.42059713219032), np.float64(-306.2880633272204), np.float64(-21.59786571845052))"
1869,"((1, 3), (6, 12), (2, 11), (6, 16))","(np.float64(0.047537937127643856), np.float64(0.09760059092365324), np.float64(0.04570777490273883), np.float64(0.13772653987098737))","(np.float64(-54.05464075783135), np.float64(216.80510085835698), np.float64(185.23852850218793), np.float64(194.97539828846635))"
1871,"((16, 17),)","(np.float64(0.08932559785303466),)","(np.float64(-44.66631353193759),)"
1872,"((0, 12), (5, 8), (9, 19))","(np.float64(0.05532506755643906), np.float64(0.12583547117112995), np.float64(0.13825541960795476))","(np.float64(171.96459083168867), np.float64(-82.19273893850016), np.float64(-222.96277143215116))"
1874,"((1, 7), (3, 15), (9, 13), (10, 17), (3, 7))","(np.float64(0.09294563566938348), np.float64(0.07523617196675739), np.float64(0.10191726467888161), np.float64(0.14225026578813038), np.float64(0.07645854477455162))","(np.float64(185.26484899781892), np.float64(160.64508459494266), np.float64(-57.44369127453331), np.float64(-125.99786566959244), np.float64(240.1725973614623))"
1875,"((4, 10), (4, 16), (10, 16), (1, 16))","(np.float64(0.06124873833474789), np.float64(0.1416629896102515), np.float64(0.13286663647146862), np.float64(0.14850053221144652))","(np.float64(85.80900048242455), np.float64(115.94215895862345), np.float64(30.1331584761989), np.float64(48.8922508072782))"
1876,"((1, 13), (7, 11), (5, 14), (12, 19))","(np.float64(0.13301475037279875), np.float64(0.044863397936403024), np.float64(0.14411891274370925), np.float64(0.13899101714572754))","(np.float64(165.8111613355158), np.float64(-141.31733456463365), np.float64(169.54781611020246), np.float64(-131.86324875916313))"
1877,"((4, 13),)","(np.float64(0.14344300341152635),)","(np.float64(206.84806013195822),)"
1878,"((1, 11), (2, 6), (3, 5), (5, 9), (9, 15), (9, 17), (2, 11))","(np.float64(0.08921600106941134), np.float64(0.14796322109790427), np.float64(0.051970106018658764), np.float64(0.14156563312849582), np.float64(0.14160066123072265), np.float64(0.05172750383676863), np.float64(0.14422174375177177))","(np.float64(177.62763953782434), np.float64(243.16577091006388), np.float64(-46.02061936740864), np.float64(286.9140473953182), np.float64(-202.86929051962647), np.float64(-208.12597456147938), np.float64(158.76809227749789))"
1879,"((3, 13),)","(np.float64(0.12586688177061764),)","(np.float64(192.7867931414301),)"
1880,"((10, 17), (11, 18), (0, 16))","(np.float64(0.058973134756711995), np.float64(0.10318346651825877), np.float64(0.1446685480172123))","(np.float64(199.2130088023889), np.float64(235.73684004193728), np.float64(-134.51373111517185))"
1881,"((1, 2), (1, 12), (2, 12), (4, 16), (8, 14))","(np.float64(0.13469412746254394), np.float64(0.03808343193050402), np.float64(0.03787422722780146), np.float64(0.12723679583181088), np.float64(0.13709880171124908))","(np.float64(-59.229171803442), np.float64(99.25068318303073), np.float64(158.6300396178204), np.float64(66.89989406181826), np.float64(75.33575513331743))"
1882,"((3, 17), (9, 11))","(np.float64(0.14185190067258016), np.float64(0.10256432614703757))","(np.float64(101.99301075053125), np.float64(274.08342762052115))"
1883,"((6, 10), (8, 19))","(np.float64(0.11400858203007905), np.float64(0.056829373584920365))","(np.float64(-33.51434341494735), np.float64(137.20064767172556))"
1884,"((0, 9), (7, 15), (4, 11))","(np.float64(0.1069423493995236), np.float64(0.08058027650355287), np.float64(0.1384207730614001))","(np.float64(220.02881658179638), np.float64(345.16882575747326), np.float64(-63.66366693448856))"
1885,"((2, 4), (1, 12))","(np.float64(0.14995577295538082), np.float64(0.12009664575678858))","(np.float64(264.138971350568), np.float64(39.57619593335505))"
1886,"((3, 12), (9, 16), (11, 14))","(np.float64(0.07865745076956897), np.float64(0.1157741894603394), np.float64(0.08279416620407988))","(np.float64(174.91208634081073), np.float64(-50.1096423667035), np.float64(-94.43440400786528))"
1888,"((0, 14), (1, 14))","(np.float64(0.0708433533722381), np.float64(0.1345537332969968))","(np.float64(95.33760233780845), np.float64(174.9225607042784))"
1889,"((11, 15), (14, 18), (1, 14), (12, 14))","(np.float64(0.11785576460222945), np.float64(0.1067794144149439), np.float64(0.14397051523827523), np.float64(0.08281932616147303))","(np.float64(-168.74172881590744), np.float64(-42.753339013711184), np.float64(19.07498765644948), np.float64(-186.0475669776697))"
1890,"((2, 19), (4, 11), (5, 14))","(np.float64(0.10413570024653422), np.float64(0.08443191274286341), np.float64(0.12419437368898859))","(np.float64(13.297696520656672), np.float64(-124.36859187671666), np.float64(188.96059225019758))"
1891,"((0, 2), (14, 18), (8, 14))","(np.float64(0.11511358439924514), np.float64(0.08261696771197771), np.float64(0.06508072042819169))","(np.float64(-30.686158899235664), np.float64(-88.32512191392209), np.float64(261.27127749886256))"
1892,"((12, 15), (6, 12), (7, 18))","(np.float64(0.12940150344881193), np.float64(0.14277209617913833), np.float64(0.14413343839112805))","(np.float64(-0.8359928795059659), np.float64(175.84768123401835), np.float64(-180.17644278202624))"
1893,"((8, 19),)","(np.float64(0.1372591607433412),)","(np.float64(-191.75574888537585),)"
1894,"((3, 12),)","(np.float64(0.13411693902280777),)","(np.float64(109.59202477618123),)"
1895,"((1, 3), (11, 13), (11, 19), (13, 19), (11, 16))","(np.float64(0.10366655909742593), np.float64(0.13846474973068537), np.float64(0.06181437607294953), np.float64(0.14948282994199055), np.float64(0.06357745896101079))","(np.float64(1.348328181772331), np.float64(-53.06023059750544), np.float64(-220.955771220585), np.float64(-167.86711540640476), np.float64(-166.11747451992207))"
1896,"((1, 10), (3, 16), (2, 11))","(np.float64(0.10970019306208087), np.float64(0.12686374235567047), np.float64(0.06151265547197645))","(np.float64(189.9749058213677), np.float64(139.7890952007833), np.float64(214.88652779403367))"
1897,"((7, 16), (5, 12))","(np.float64(0.05192981929977021), np.float64(0.1437561676724282))","(np.float64(-200.98510510271223), np.float64(-86.92003775024534))"
1898,"((4, 13), (11, 19), (0, 11))","(np.float64(0.09226900983353373), np.float64(0.006308165695165951), np.float64(0.1303194219827751))","(np.float64(169.6343822802706), np.float64(-177.17775160849317), np.float64(146.41830586291582))"
1899,"((6, 11), (5, 7), (5, 15))","(np.float64(0.07678440118410793), np.float64(0.10661286290512138), np.float64(0.14361967369813636))","(np.float64(216.7825968209375), np.float64(-30.666384718421), np.float64(69.96716140159504))"
1900,"((2, 6), (9, 12), (11, 13), (12, 16), (9, 16))","(np.float64(0.13332712567672325), np.float64(0.039253696315190455), np.float64(0.07697119946494779), np.float64(0.12886991179534765), np.float64(0.13099722581211976))","(np.float64(-72.27617897276002), np.float64(-127.11246478875512), np.float64(-98.05666230598757), np.float64(13.370240865296296), np.float64(246.25525265429997))"
1901,"((1, 2), (3, 6))","(np.float64(0.11809381589532343), np.float64(0.11473207427713035))","(np.float64(-65.85726944059837), np.float64(269.17223780240937))"
1902,"((8, 15), (1, 7))","(np.float64(0.0327445233022513), np.float64(0.1498300002382342))","(np.float64(-160.81424954551645), np.float64(3.497692483856895))"
1903,"((5, 15),)","(np.float64(0.10288597143888553),)","(np.float64(-117.34645353230974),)"
1904,"((4, 13), (5, 16), (5, 15))","(np.float64(0.13520475307079954), np.float64(0.0769674754643051), np.float64(0.14394235149640924))","(np.float64(180.56919215488597), np.float64(217.7577189405692), np.float64(274.62118986980795))"
1906,"((1, 8), (6, 14))","(np.float64(0.09545226779148426), np.float64(0.10920019115138316))","(np.float64(167.7760922419494), np.float64(-89.88922770103136))"
1908,"((0, 1), (2, 8), (3, 5), (5, 17), (0, 8), (0, 2), (3, 17))","(np.float64(0.10436921238679592), np.float64(0.09661554779262632), np.float64(0.13079299271741807), np.float64(0.10302580147991636), np.float64(0.14295304192705421), np.float64(0.10899620227010216), np.float64(0.0476257549835542))","(np.float64(51.72390787648149), np.float64(5.67684643334718), np.float64(47.65413645280722), np.float64(153.47313415599862), np.float64(134.10554218902507), np.float64(143.14869459219523), np.float64(-175.82864871654587))"
1909,"((7, 13), (11, 18), (12, 19), (1, 11))","(np.float64(0.14928939084980014), np.float64(0.14449174314240268), np.float64(0.06432291458014136), np.float64(0.0680559260575593))","(np.float64(335.87979500176397), np.float64(224.65937717361334), np.float64(-146.19106437857164), np.float64(-127.87889568548837))"
1910,"((11, 19), (16, 18), (8, 14))","(np.float64(0.14402996591706657), np.float64(0.06365654298633514), np.float64(0.1312225842092673))","(np.float64(-38.31077631040236), np.float64(38.27621205689945), np.float64(168.1751553474972))"
1911,"((14, 19),)","(np.float64(0.08535835077077068),)","(np.float64(-152.94509267638477),)"
1912,"((4, 5),)","(np.float64(0.1421649959142031),)","(np.float64(-318.8289662998181),)"
1913,"((5, 8), (11, 15))","(np.float64(0.130720394733317), np.float64(0.14936775756403992))","(np.float64(23.924389587088626), np.float64(-136.45398064430896))"
1914,"((8, 16),)","(np.float64(0.14619562757872426),)","(np.float64(-235.64549553063182),)"
1915,"((4, 19),)","(np.float64(0.08516541828570269),)","(np.float64(-211.30957064965833),)"
1916,"((6, 17),)","(np.float64(0.11977608910453237),)","(np.float64(124.99976603140314),)"
1917,"((1, 18), (11, 16))","(np.float64(0.1255047682419575), np.float64(0.0380634954371763))","(np.float64(11.417908110939152), np.float64(-139.02140860084594))"
1919,"((3, 5), (9, 16))","(np.float64(0.11232557892992835), np.float64(0.13804803857349435))","(np.float64(273.12271124035846), np.float64(-125.08590121351301))"
1920,"((9, 13),)","(np.float64(0.06074559833756225),)","(np.float64(205.05279429288169),)"
1923,"((10, 11),)","(np.float64(0.10027016340460206),)","(np.float64(11.018482823849467),)"
1924,"((13, 17),)","(np.float64(0.14766790338819477),)","(np.float64(-60.47378874009195),)"
1925,"((11, 15), (9, 15))","(np.float64(0.10478785319131695), np.float64(0.13078806404848894))","(np.float64(-71.26567119571286), np.float64(-183.22386385005507))"
1926,"((3, 9), (13, 16), (4, 18), (4, 14))","(np.float64(0.06887998738191888), np.float64(0.11791218356017781), np.float64(0.12727351480831264), np.float64(0.11323541923590623))","(np.float64(183.17493905857958), np.float64(10.145853202096987), np.float64(68.47107046068592), np.float64(42.77574138370318))"
1928,"((2, 16), (14, 15))","(np.float64(0.07649314843707104), np.float64(0.14843823329577124))","(np.float64(84.29944689248), np.float64(-3.6543349831607657))"
1929,"((2, 4),)","(np.float64(0.12566032809627048),)","(np.float64(253.30160889409865),)"
1931,"((12, 18),)","(np.float64(0.1291668339280923),)","(np.float64(212.3768287170177),)"
1932,"((3, 7), (3, 9))","(np.float64(0.08328226780583714), np.float64(0.14475161276558676))","(np.float64(207.98215843273343), np.float64(134.56838774758077))"
1933,"((2, 16), (7, 8), (9, 11), (9, 15))","(np.float64(0.11570556692406139), np.float64(0.14775682221213238), np.float64(0.12557768038312153), np.float64(0.14382656176315284))","(np.float64(73.77106613669795), np.float64(302.4019576570871), np.float64(-34.889280644542794), np.float64(-145.6325025967114))"
1934,"((4, 16), (9, 10))","(np.float64(0.12694832651781215), np.float64(0.05853876866813224))","(np.float64(-51.35891154311287), np.float64(-47.06277821329627))"
1935,"((11, 18),)","(np.float64(0.14493015448702565),)","(np.float64(151.75581792642174),)"
1936,"((2, 5),)","(np.float64(0.14648984893467848),)","(np.float64(-95.34679978441429),)"
1937,"((1, 14),)","(np.float64(0.09069215154794485),)","(np.float64(70.8718581263443),)"
1938,"((5, 13), (4, 14))","(np.float64(0.14377261681357073), np.float64(0.1484787359890999))","(np.float64(101.51380440429011), np.float64(183.32997787673406))"
1939,"((2, 19),)","(np.float64(0.019143173770218326),)","(np.float64(38.55316162993188),)"
1941,"((1, 8),)","(np.float64(0.1336376671817204),)","(np.float64(233.29047313757917),)"
1942,"((4, 15),)","(np.float64(0.12078783121381817),)","(np.float64(-131.2168268648913),)"
1945,"((0, 12), (10, 14))","(np.float64(0.08914953725192186), np.float64(0.13292059150411684))","(np.float64(23.421618262602124), np.float64(-255.25381514894764))"
1946,"((5, 10), (5, 17), (10, 19), (3, 5))","(np.float64(0.11253989925198588), np.float64(0.06119713462482373), np.float64(0.11868325412858294), np.float64(0.14836428855433878))","(np.float64(285.00526433630125), np.float64(151.16701103372628), np.float64(-149.89570718156205), np.float64(-153.94053914217253))"
1947,"((0, 16), (2, 3), (7, 11))","(np.float64(0.11461134946946783), np.float64(0.14225499258303786), np.float64(0.12511936109985047))","(np.float64(41.357334548274736), np.float64(45.16996039295901), np.float64(169.88507954914303))"
1948,"((4, 7), (4, 13))","(np.float64(0.0956999662815705), np.float64(0.13681550233724227))","(np.float64(-343.50072997182974), np.float64(-147.04637782431934))"
1949,"((7, 16), (2, 9))","(np.float64(0.13348179857229064), np.float64(0.13586481555963628))","(np.float64(-156.7069674042117), np.float64(163.27465334054767))"
1950,"((6, 10), (1, 11), (14, 19), (13, 19))","(np.float64(0.1378382111559678), np.float64(0.11063689287742579), np.float64(0.13861317871882672), np.float64(0.14586280098559043))","(np.float64(-92.60017264802104), np.float64(-177.1022450356383), np.float64(-180.01198285490312), np.float64(-163.39261764091043))"
1951,"((0, 10), (3, 12), (4, 5), (11, 15), (12, 19), (5, 18))","(np.float64(0.04847659757882281), np.float64(0.12925567642147232), np.float64(0.08714774854128196), np.float64(0.1288149945245407), np.float64(0.10429171593403154), np.float64(0.12680828008308906))","(np.float64(96.08753821100572), np.float64(-169.8795462034758), np.float64(41.571492027641625), np.float64(-61.88437560200069), np.float64(-73.06837255183916), np.float64(-267.6295691087423))"
1952,"((0, 7), (0, 13))","(np.float64(0.14236128208395482), np.float64(0.14334187886488386))","(np.float64(-45.27624076750638), np.float64(193.4597832510215))"
1953,"((5, 10),)","(np.float64(0.12921102525694741),)","(np.float64(-31.95851094106854),)"
1954,"((3, 5),)","(np.float64(0.059821764213880135),)","(np.float64(199.88089342075608),)"
1955,"((2, 14),)","(np.float64(0.10236432832170066),)","(np.float64(51.79729249518948),)"
1956,"((6, 16), (7, 13))","(np.float64(0.07330102105859619), np.float64(0.06367183259681836))","(np.float64(-236.32955202751106), np.float64(-155.15905460388603))"
1957,"((1, 7), (1, 9), (5, 16), (11, 18))","(np.float64(0.08993101199251706), np.float64(0.13015315464629276), np.float64(0.0981627611017663), np.float64(0.13782902416470763))","(np.float64(194.8412070763433), np.float64(227.50514629667938), np.float64(196.81798929451782), np.float64(-107.43153016750747))"
1958,"((8, 12), (4, 12))","(np.float64(0.07964963851727594), np.float64(0.13978453740113314))","(np.float64(268.72675575192295), np.float64(250.6798060456888))"
1959,"((4, 7), (5, 18))","(np.float64(0.12472693731060927), np.float64(0.13706158031133595))","(np.float64(25.690917751932886), np.float64(190.4695449395607))"
1961,"((3, 14), (3, 17), (14, 17), (5, 19), (10, 16), (2, 5), (1, 8))","(np.float64(0.10323063192888314), np.float64(0.0864915497684588), np.float64(0.1355271023990821), np.float64(0.13087608153468502), np.float64(0.11118201128182621), np.float64(0.12535665614769553), np.float64(0.14665065353093984))","(np.float64(-118.17058169514502), np.float64(-286.48805637387915), np.float64(-168.31747467873413), np.float64(-261.96344087347524), np.float64(-210.41290123000056), np.float64(-49.09776999168588), np.float64(293.5776401230075))"
1962,"((1, 5), (2, 11), (6, 12), (11, 14))","(np.float64(0.1366720767398394), np.float64(0.08643586058352389), np.float64(0.13085872600867807), np.float64(0.1405807672853268))","(np.float64(264.6194542536962), np.float64(225.74299803003407), np.float64(-136.03514747422895), np.float64(-79.08603195120091))"
1963,"((7, 13),)","(np.float64(0.14811647426291855),)","(np.float64(-114.82100700481419),)"
1964,"((8, 19),)","(np.float64(0.14191912020335595),)","(np.float64(112.70594607028542),)"
1965,"((3, 10), (4, 11), (5, 17))","(np.float64(0.08204790682404026), np.float64(0.11072544195473427), np.float64(0.12696290565895263))","(np.float64(-18.64806349727445), np.float64(-93.93982473588039), np.float64(-104.1510693415998))"
1966,"((1, 13), (1, 16), (9, 14), (11, 14), (13, 16), (3, 11), (3, 9))","(np.float64(0.1222517365332001), np.float64(0.1113244400407452), np.float64(0.04843437343072189), np.float64(0.12504798913917686), np.float64(0.07625731659295915), np.float64(0.13693874500014966), np.float64(0.10904090481611105))","(np.float64(131.37949465723977), np.float64(93.98041656741134), np.float64(280.7981725978434), np.float64(-32.47473324190736), np.float64(-37.399078089828436), np.float64(-109.66516593110015), np.float64(-82.64334635276009))"
1968,"((0, 17), (4, 13), (8, 18), (0, 10), (4, 15))","(np.float64(0.08664042087306988), np.float64(0.10761591040846812), np.float64(0.12172594801125931), np.float64(0.09451479933082604), np.float64(0.07800303309004238))","(np.float64(70.46534312360328), np.float64(187.19230859071433), np.float64(-179.2054105746428), np.float64(-60.66958090427693), np.float64(207.2763197925347))"
1969,"((1, 7), (5, 10), (12, 14), (12, 16), (14, 16), (1, 9), (2, 11), (2, 12))","(np.float64(0.12233396384582154), np.float64(0.10488630951618368), np.float64(0.07448734723747326), np.float64(0.05937156652039921), np.float64(0.038526842183932666), np.float64(0.1382046300866441), np.float64(0.14286681977136714), np.float64(0.11010831404226518))","(np.float64(230.48974573675127), np.float64(1.9591500284907397), np.float64(-32.02276971189025), np.float64(89.91811589698438), np.float64(121.94088560887462), np.float64(228.9105132629337), np.float64(-121.8677241272618), np.float64(-113.58283093476956))"
1970,"((1, 8), (9, 14), (5, 15))","(np.float64(0.1456271308552303), np.float64(0.1448228510264813), np.float64(0.10917849172439847))","(np.float64(-115.12359390330116), np.float64(-100.17312056473872), np.float64(258.6103297153722))"
1971,"((16, 19),)","(np.float64(0.13894552251039266),)","(np.float64(-70.4709606130786),)"
1972,"((2, 16), (4, 13), (7, 13), (5, 18), (8, 15))","(np.float64(0.13060629247722103), np.float64(0.0822772685117425), np.float64(0.07273072942108415), np.float64(0.13961604451566995), np.float64(0.1467270905070283))","(np.float64(112.3000802995054), np.float64(182.45348451315124), np.float64(164.94269958607146), np.float64(121.1440716074514), np.float64(129.4100323763078))"
1973,"((0, 10), (10, 13), (0, 13), (5, 14))","(np.float64(0.13035541592268665), np.float64(0.11495974979683761), np.float64(0.04553486570431777), np.float64(0.13878265335752824))","(np.float64(-111.10216252801416), np.float64(272.50155854142616), np.float64(116.40004069724989), np.float64(210.6239619852695))"
1974,"((9, 13), (2, 13))","(np.float64(0.09016264181748276), np.float64(0.13165636932884162))","(np.float64(280.3528071515987), np.float64(182.6168700250031))"
1975,"((1, 16), (10, 12))","(np.float64(0.1144490424871795), np.float64(0.1370368531437517))","(np.float64(114.2701640362005), np.float64(279.16491301833867))"
1976,"((3, 17),)","(np.float64(0.10581025123189344),)","(np.float64(189.96209345328953),)"
1977,"((5, 7),)","(np.float64(0.11876042759041132),)","(np.float64(-6.260338427394174),)"
1978,"((6, 7),)","(np.float64(0.14486705328470806),)","(np.float64(4.721145590336619),)"
1980,"((3, 10), (8, 15), (6, 19), (5, 19))","(np.float64(0.1440936397306562), np.float64(0.12656943401378057), np.float64(0.13713151265095228), np.float64(0.12155268745030862))","(np.float64(215.19033738193946), np.float64(-185.19240010696922), np.float64(-231.26283584848255), np.float64(-203.4937181134739))"
1981,"((3, 14), (14, 18))","(np.float64(0.06684719217805649), np.float64(0.1223723458696562))","(np.float64(-65.41414432765077), np.float64(30.626149640649544))"
1982,"((11, 16), (0, 7), (6, 11), (3, 17))","(np.float64(0.12347376673071389), np.float64(0.12012028395818712), np.float64(0.1472621495659983), np.float64(0.1455406227522749))","(np.float64(25.09439292394265), np.float64(170.13438700663593), np.float64(185.49340131270662), np.float64(-186.6358217065693))"
1983,"((1, 10), (6, 13), (1, 9), (3, 13))","(np.float64(0.046048378673143577), np.float64(0.02818656514997696), np.float64(0.05815278416791246), np.float64(0.12487003874466544))","(np.float64(142.473708575938), np.float64(150.74818632202135), np.float64(-26.471738853301645), np.float64(155.08015007832654))"
1984,"((3, 17), (8, 12), (8, 19), (2, 11))","(np.float64(0.1447092276301812), np.float64(0.12792613799437058), np.float64(0.11883142841984397), np.float64(0.11863671173542617))","(np.float64(-196.1429235403166), np.float64(-80.4544788557514), np.float64(-181.41507796663757), np.float64(213.83132795049278))"
1985,"((0, 17), (3, 19))","(np.float64(0.10451274773776073), np.float64(0.09813660773892775))","(np.float64(12.483707926546487), np.float64(-203.65813843353))"
1986,"((3, 6),)","(np.float64(0.1422534707508111),)","(np.float64(-77.00463258234643),)"
1988,"((6, 14), (12, 18))","(np.float64(0.08365248849765486), np.float64(0.1454212166139205))","(np.float64(160.34406137145623), np.float64(-160.8451651491833))"
1989,"((9, 19), (16, 17), (12, 17), (7, 16), (7, 15))","(np.float64(0.054860069314337595), np.float64(0.10177655548993514), np.float64(0.13807227876833708), np.float64(0.11840253609922465), np.float64(0.13680475781886878))","(np.float64(140.25523894897077), np.float64(56.44689304083022), np.float64(-188.60095923396835), np.float64(-135.7162763017772), np.float64(-62.31664561014952))"
1990,"((10, 19),)","(np.float64(0.1481405283795233),)","(np.float64(170.01660024573385),)"
1991,"((8, 11), (8, 15), (8, 17), (11, 15), (15, 17), (5, 14))","(np.float64(0.04820320844965702), np.float64(0.034828445509987954), np.float64(0.1091783380686443), np.float64(0.02849498525866752), np.float64(0.14257536848376023), np.float64(0.14751177171754815))","(np.float64(254.30296979783844), np.float64(216.53096709149014), np.float64(114.36700155581713), np.float64(-37.7720027063483), np.float64(-102.16396553567301), np.float64(-161.03860889390626))"
1993,"((2, 12),)","(np.float64(0.14093776180645187),)","(np.float64(-19.03079195413011),)"
1994,"((6, 8), (10, 12))","(np.float64(0.1164373327231146), np.float64(0.13474499950840166))","(np.float64(6.062340334773808), np.float64(307.18125302825354))"
1995,"((6, 18),)","(np.float64(0.12600049182858525),)","(np.float64(172.3035672760595),)"
1996,"((6, 9),)","(np.float64(0.09563181843618854),)","(np.float64(266.7528613261091),)"
1997,"((1, 7), (2, 7), (11, 14))","(np.float64(0.11506891512544333), np.float64(0.1388258835010068), np.float64(0.1488561844024721))","(np.float64(93.34098014952556), np.float64(-144.68882615736078), np.float64(-91.44050106706692))"
1998,"((3, 12),)","(np.float64(0.10356011525633434),)","(np.float64(187.177626798218),)"
1999,"((1, 16), (2, 13), (6, 7))","(np.float64(0.05534859161943591), np.float64(0.07715376555043299), np.float64(0.1259185959346035))","(np.float64(82.64983738863742), np.float64(140.0877670910478), np.float64(-43.72878116319953))"
2000,"((14, 18), (10, 18), (8, 14))","(np.float64(0.13469977594207605), np.float64(0.1275041726925417), np.float64(0.06048554674180668))","(np.float64(-107.5018060740341), np.float64(-168.68928723595297), np.float64(-121.71740748454852))"
2003,"((3, 6), (13, 17), (6, 15))","(np.float64(0.14815002358111795), np.float64(0.08394167397303237), np.float64(0.1346848348269172))","(np.float64(-51.776628140098694), np.float64(-49.93120103133663), np.float64(185.95803942827678))"
2005,"((0, 14), (1, 9), (0, 7), (7, 15))","(np.float64(0.13517529082492627), np.float64(0.14326052209766155), np.float64(0.08031433827747647), np.float64(0.12658055180999864))","(np.float64(101.67992428209865), np.float64(162.72445469446117), np.float64(173.64048784979852), np.float64(234.34830472635133))"
2006,"((0, 1), (12, 17), (1, 12))","(np.float64(0.12899951713287766), np.float64(0.09587347101675714), np.float64(0.1410984377149749))","(np.float64(-20.857365439854618), np.float64(-212.62758278341744), np.float64(178.05711198371569))"
2009,"((0, 1), (2, 9))","(np.float64(0.062319155928353555), np.float64(0.1302735162198284))","(np.float64(-44.22538735900821), np.float64(198.76718553704728))"
2010,"((2, 13), (11, 17), (10, 16))","(np.float64(0.05373182349711235), np.float64(0.12117352003338779), np.float64(0.13634388710629528))","(np.float64(233.57843810948816), np.float64(-172.9497079028825), np.float64(-196.2479697431525))"
2011,"((3, 12), (11, 13))","(np.float64(0.13479203716280289), np.float64(0.12831559687844))","(np.float64(212.7323585218453), np.float64(-34.829186095288776))"
2012,"((7, 9), (7, 10))","(np.float64(0.04792865752997563), np.float64(0.14760838277719507))","(np.float64(100.91549504419217), np.float64(84.67162461183173))"
2013,"((6, 16), (6, 19), (5, 18))","(np.float64(0.13660862198318077), np.float64(0.06466518733034393), np.float64(0.1479409470055988))","(np.float64(288.0918428514531), np.float64(196.61213215632932), np.float64(-207.05410332808577))"
2014,"((5, 17), (1, 17))","(np.float64(0.11804894753531786), np.float64(0.14226921026246414))","(np.float64(-58.58171147634414), np.float64(162.62764990933022))"
2016,"((1, 7),)","(np.float64(0.131494180397861),)","(np.float64(203.1162544141937),)"
2017,"((0, 1), (9, 12))","(np.float64(0.09410266760455104), np.float64(0.14361056980996198))","(np.float64(-6.160021114736594), np.float64(151.5739913181401))"
2018,"((7, 13),)","(np.float64(0.0957206612476688),)","(np.float64(-175.84614171199559),)"
2019,"((5, 16),)","(np.float64(0.07670716034168666),)","(np.float64(203.7946443937803),)"
2020,"((5, 7),)","(np.float64(0.14117274068796729),)","(np.float64(296.1649764733894),)"
2021,"((3, 4), (1, 9))","(np.float64(0.015062499516408654), np.float64(0.1352855882831646))","(np.float64(-25.500815244661084), np.float64(-182.0690778718909))"
2022,"((4, 12), (1, 8))","(np.float64(0.1418179247843762), np.float64(0.13943521589144078))","(np.float64(-128.48141445340428), np.float64(-133.30962125810473))"
2023,"((3, 14), (3, 18))","(np.float64(0.06005796731462184), np.float64(0.059065843892952496))","(np.float64(223.4126402348167), np.float64(-247.6009745145044))"
2024,"((1, 16), (6, 9), (0, 14))","(np.float64(0.08623422419776325), np.float64(0.09065034721692151), np.float64(0.14959814053406592))","(np.float64(163.44774691322988), np.float64(-18.99398075849041), np.float64(143.57839700462756))"
2025,"((0, 9), (2, 9), (3, 12), (6, 7), (6, 9), (0, 14))","(np.float64(0.13409716999853322), np.float64(0.08593283167641516), np.float64(0.07029542820087782), np.float64(0.14702276942729636), np.float64(0.14447529987124272), np.float64(0.14772576301424947))","(np.float64(171.97075565157076), np.float64(175.59814941373966), np.float64(137.90511875344282), np.float64(38.07614105493843), np.float64(20.056501232665937), np.float64(91.64005900671611))"
2026,"((8, 14), (9, 17))","(np.float64(0.06053554182656774), np.float64(0.09097452259292972))","(np.float64(-144.1612202725239), np.float64(195.24995354292236))"
2027,"((2, 17), (11, 15), (12, 19))","(np.float64(0.1397623596838009), np.float64(0.09496715793015283), np.float64(0.13480418062721033))","(np.float64(99.64210009616738), np.float64(-7.913337766549944), np.float64(-88.62146314864219))"
2028,"((0, 9), (8, 17), (4, 10))","(np.float64(0.14267491917906827), np.float64(0.05899864276589229), np.float64(0.14209163739152395))","(np.float64(172.40749682924474), np.float64(-167.39303293454248), np.float64(-76.07588519590973))"
2029,"((4, 16), (4, 15))","(np.float64(0.0760689715504879), np.float64(0.11316581159121313))","(np.float64(179.69839772709025), np.float64(188.20694013388118))"
2031,"((0, 19),)","(np.float64(0.08395330192439678),)","(np.float64(86.6562890488292),)"
2032,"((1, 12), (13, 19))","(np.float64(0.1370707947882179), np.float64(0.019325633591652902))","(np.float64(174.61833012834006), np.float64(-151.44930996543428))"
2034,"((0, 6), (5, 15), (5, 14))","(np.float64(0.13973154806589597), np.float64(0.04744142726200242), np.float64(0.015606376546132028))","(np.float64(230.27464835840493), np.float64(-144.84777965164812), np.float64(-118.5694484234734))"
2035,"((6, 8),)","(np.float64(0.05271824572050056),)","(np.float64(263.1135156375664),)"
2036,"((2, 15), (7, 8))","(np.float64(0.1262720354131837), np.float64(0.09577184862530409))","(np.float64(98.08418900417914), np.float64(18.89460189169131))"
2038,"((4, 14),)","(np.float64(0.06729848677914808),)","(np.float64(143.28068592846472),)"
2040,"((11, 12), (4, 19))","(np.float64(0.09722907027648553), np.float64(0.11417675457727432))","(np.float64(-59.025512281487124), np.float64(-170.36658082026173))"
2041,"((0, 6), (14, 17))","(np.float64(0.07955023038545593), np.float64(0.13020328579105706))","(np.float64(243.81171293271916), np.float64(9.29181572442809))"
2042,"((8, 15),)","(np.float64(0.1236077396653367),)","(np.float64(-62.85282929990035),)"
2043,"((13, 17), (5, 19))","(np.float64(0.06536713147887648), np.float64(0.13556378343166756))","(np.float64(-162.07531007504795), np.float64(70.01923510053217))"
2045,"((0, 17), (4, 18), (5, 16), (12, 14), (1, 4), (17, 18))","(np.float64(0.08677996467291804), np.float64(0.13443327370135164), np.float64(0.060571605336301064), np.float64(0.08446091194696728), np.float64(0.10465489418984712), np.float64(0.1367018488853347))","(np.float64(162.2639838699139), np.float64(-224.91246221844568), np.float64(-65.88414525088393), np.float64(-47.03161271719915), np.float64(-30.206358357543536), np.float64(-124.29547739648814))"
2046,"((1, 3),)","(np.float64(0.1265254894467707),)","(np.float64(299.4252202921316),)"
2047,"((3, 5), (8, 14), (1, 9))","(np.float64(0.12181826119804105), np.float64(0.12246932328997505), np.float64(0.13742113924577548))","(np.float64(-37.51092650268333), np.float64(-133.88430661213363), np.float64(77.15716648301998))"
2048,"((8, 9), (9, 12))","(np.float64(0.13737375240525346), np.float64(0.06527197984319409))","(np.float64(344.0788261825716), np.float64(-87.70300686995228))"
2049,"((4, 8),)","(np.float64(0.14362201379757045),)","(np.float64(296.15174694370614),)"
2050,"((1, 15), (6, 9), (12, 18))","(np.float64(0.0779618838398087), np.float64(0.06119170851251093), np.float64(0.13769431023602716))","(np.float64(159.7796560356088), np.float64(266.6043625726751), np.float64(-155.41386188914362))"
2051,"((5, 11), (9, 15), (17, 18), (9, 14))","(np.float64(0.12809753897371384), np.float64(0.07305131736152014), np.float64(0.10857073888004107), np.float64(0.1398021126495338))","(np.float64(-115.33234500617135), np.float64(223.0052139732884), np.float64(15.547521950200945), np.float64(269.05722002439165))"
2052,"((3, 15), (9, 15))","(np.float64(0.06758140542579756), np.float64(0.1435606986741038))","(np.float64(113.17912744920346), np.float64(89.27959776845455))"
2053,"((0, 18),)","(np.float64(0.12020923847318826),)","(np.float64(70.8824101264839),)"
2054,"((0, 12), (12, 18), (15, 16), (6, 16))","(np.float64(0.14521830694947874), np.float64(0.13328461308003442), np.float64(0.06775817215691045), np.float64(0.1418387536321989))","(np.float64(-153.48052027471113), np.float64(-140.85696979314912), np.float64(-176.3232302394406), np.float64(-247.67099235087056))"
2055,"((2, 16), (10, 15))","(np.float64(0.12679182991120144), np.float64(0.12933661706266886))","(np.float64(178.09659015517724), np.float64(326.7894488257147))"
2056,"((1, 8),)","(np.float64(0.08552124777548),)","(np.float64(206.4148478945177),)"
2057,"((7, 12),)","(np.float64(0.12869885286434132),)","(np.float64(217.09974884830592),)"
2058,"((14, 19), (5, 13))","(np.float64(0.14880031557101145), np.float64(0.1300527497106986))","(np.float64(-202.82924383924336), np.float64(-88.65756605897053))"
2059,"((1, 2), (3, 16), (6, 16))","(np.float64(0.08812144944287054), np.float64(0.11046575011142917), np.float64(0.059271730131553055))","(np.float64(-84.4457481610537), np.float64(173.88482530854606), np.float64(-89.14396934741512))"
2060,"((1, 17), (5, 13), (5, 15))","(np.float64(0.04610419564480737), np.float64(0.0848272228857024), np.float64(0.14952056021800578))","(np.float64(123.9270565378383), np.float64(265.1636112932011), np.float64(173.29555592246822))"
2061,"((3, 11),)","(np.float64(0.11415101338104751),)","(np.float64(-47.84750892419942),)"
2062,"((0, 16), (4, 16))","(np.float64(0.14892686579661338), np.float64(0.10348478161603906))","(np.float64(88.53744081299064), np.float64(192.54043583559678))"
2063,"((4, 6),)","(np.float64(0.14249347811287377),)","(np.float64(280.89639279589306),)"
2064,"((1, 14), (15, 19), (1, 3))","(np.float64(0.09580896259254988), np.float64(0.1067858475607066), np.float64(0.11587147566327086))","(np.float64(38.93838668001462), np.float64(-2.986279248476052), np.float64(-19.45423958775325))"
2065,"((4, 19), (6, 18), (12, 13), (4, 11), (1, 9), (10, 16), (0, 10))","(np.float64(0.10586716743618388), np.float64(0.11571933461305484), np.float64(0.1021455155970117), np.float64(0.09528335027963437), np.float64(0.14371173673731846), np.float64(0.11191200648499007), np.float64(0.13092701286788455))","(np.float64(-43.84059145909046), np.float64(-8.994579081545993), np.float64(-59.96664581913592), np.float64(109.22742233474995), np.float64(172.1885457098183), np.float64(-92.92729911435134), np.float64(193.32581976231478))"
2066,"((10, 19),)","(np.float64(0.09499442308063673),)","(np.float64(-206.88529679609775),)"
2067,"((0, 2), (2, 8))","(np.float64(0.09495903750858667), np.float64(0.10863625097078652))","(np.float64(-41.47113503507342), np.float64(47.02682302259532))"
2068,"((10, 17), (12, 14))","(np.float64(0.12638844399415552), np.float64(0.036700752132011176))","(np.float64(-170.1339821793913), np.float64(-103.27850561672824))"
2069,"((1, 11), (5, 12), (5, 9))","(np.float64(0.138382432813651), np.float64(0.11798931951965463), np.float64(0.09535891817567263))","(np.float64(100.86678128879834), np.float64(203.0678140509974), np.float64(-105.11746791199039))"
2070,"((7, 19), (11, 19))","(np.float64(0.13651268789268384), np.float64(0.13414808111212118))","(np.float64(-202.61339176541964), np.float64(-161.96750411809091))"
2071,"((0, 5), (3, 13))","(np.float64(0.10418749687316826), np.float64(0.07324712643632111))","(np.float64(244.1379777117778), np.float64(186.67147432927084))"
2072,"((1, 4), (12, 18))","(np.float64(0.13978081650291477), np.float64(0.10872632645865885))","(np.float64(-48.74183705909235), np.float64(204.92339792274595))"
2074,"((7, 16),)","(np.float64(0.13927340302161959),)","(np.float64(132.89926190123344),)"
2075,"((6, 11), (12, 14), (6, 10))","(np.float64(0.052317788844756616), np.float64(0.14231330939226508), np.float64(0.0651929939995619))","(np.float64(214.141022881754), np.float64(26.59687234377799), np.float64(181.45991321917137))"
2076,"((6, 8), (6, 12))","(np.float64(0.12044652810043902), np.float64(0.14658375220980926))","(np.float64(38.743632813073816), np.float64(245.40514144203092))"
2077,"((7, 15),)","(np.float64(0.09901310773693796),)","(np.float64(-112.91791587271888),)"
2078,"((7, 10), (12, 17), (13, 16), (3, 16))","(np.float64(0.10592678847200215), np.float64(0.08329395094273316), np.float64(0.0717179410848334), np.float64(0.09921737880323468))","(np.float64(-97.16832566886717), np.float64(-209.65104269272524), np.float64(-186.37526164329074), np.float64(14.229682881486099))"
2079,"((5, 12),)","(np.float64(0.14245701045383036),)","(np.float64(-58.89716509020889),)"
2080,"((3, 13), (15, 17))","(np.float64(0.01916444356749042), np.float64(0.1367075224832823))","(np.float64(209.10210265598528), np.float64(-144.58860142485813))"
2081,"((4, 14),)","(np.float64(0.14558801979652378),)","(np.float64(262.3500967268862),)"
2083,"((2, 14), (14, 17))","(np.float64(0.04152645972260728), np.float64(0.1419247011659606))","(np.float64(218.50203839704614), np.float64(-139.98994522252423))"
2084,"((11, 16), (15, 18))","(np.float64(0.10892479634667371), np.float64(0.08289505314622081))","(np.float64(-191.33848170349358), np.float64(-165.97089407343645))"
2085,"((2, 17), (9, 18))","(np.float64(0.13875551786113693), np.float64(0.13907169306668807))","(np.float64(100.41461334553958), np.float64(-149.8748670884204))"
2086,"((4, 12),)","(np.float64(0.1361567578563176),)","(np.float64(149.16592931983485),)"
2087,"((8, 15),)","(np.float64(0.07536395952104027),)","(np.float64(-132.90174465665268),)"
2088,"((0, 6), (2, 4), (5, 18), (8, 14), (11, 18))","(np.float64(0.08178448827762487), np.float64(0.10410688817918513), np.float64(0.11895272349791733), np.float64(0.14464489398490235), np.float64(0.13284581730300138))","(np.float64(-85.41536536526252), np.float64(26.394750370596796), np.float64(-9.486951149579397), np.float64(-74.89982872001536), np.float64(-267.3479761213402))"
2089,"((3, 10),)","(np.float64(0.08513631684199029),)","(np.float64(264.9195103074671),)"
2090,"((7, 13), (7, 17), (13, 17))","(np.float64(0.07337225240952773), np.float64(0.07017506099850618), np.float64(0.08198163481745076))","(np.float64(67.1626904861123), np.float64(-179.9372326740242), np.float64(-247.09992316013648))"
2091,"((2, 19), (1, 8))","(np.float64(0.13101168212016923), np.float64(0.12312391892731545))","(np.float64(59.54279679537416), np.float64(-28.093825871202625))"
2092,"((6, 13),)","(np.float64(0.1427609776025561),)","(np.float64(108.26983274323447),)"
2093,"((1, 15),)","(np.float64(0.09386622990709516),)","(np.float64(95.78356126142964),)"
2094,"((0, 8),)","(np.float64(0.14953956223334564),)","(np.float64(-96.02314609888828),)"
2095,"((3, 16),)","(np.float64(0.10950824766059471),)","(np.float64(-248.0490434878758),)"
2097,"((8, 13), (7, 15))","(np.float64(0.14825613923907516), np.float64(0.14630240311969028))","(np.float64(-151.16906479755673), np.float64(122.4141293423767))"
2099,"((8, 17), (15, 19))","(np.float64(0.14275813269137957), np.float64(0.09564287020616051))","(np.float64(94.57904561040723), np.float64(-66.61757048397885))"
2100,"((2, 17),)","(np.float64(0.07128184474293757),)","(np.float64(-217.76908108393866),)"
2101,"((0, 19), (4, 10), (10, 19), (4, 16), (8, 19), (8, 16))","(np.float64(0.0897245241135162), np.float64(0.043700479232444), np.float64(0.09958624226291188), np.float64(0.09573039157952312), np.float64(0.10365773519838756), np.float64(0.1476990136010468))","(np.float64(-27.814486088027593), np.float64(160.53276075998144), np.float64(-150.86427619597066), np.float64(63.40141445618406), np.float64(129.81394575957455), np.float64(-165.7074502149514))"
2102,"((8, 15),)","(np.float64(0.04176391130124312),)","(np.float64(-107.73163802371951),)"
2103,"((9, 16),)","(np.float64(0.13192267463305601),)","(np.float64(-142.74737391180798),)"
2105,"((14, 16), (7, 13))","(np.float64(0.09907996126565827), np.float64(0.13886115093950396))","(np.float64(-109.48664101369869), np.float64(178.2711021788329))"
2107,"((3, 12), (6, 7), (8, 14), (2, 13))","(np.float64(0.08013701699943727), np.float64(0.07471821476800843), np.float64(0.1250040596124838), np.float64(0.1239635582548823))","(np.float64(146.7313893836261), np.float64(-30.3476401334014), np.float64(-32.593228216322075), np.float64(99.3454762276736))"
2108,"((0, 3), (9, 10), (11, 16))","(np.float64(0.11594012620384549), np.float64(0.02880202045473017), np.float64(0.12750271986743153))","(np.float64(-58.63847417411881), np.float64(-3.322126792963502), np.float64(-88.61322233632228))"
2109,"((5, 7),)","(np.float64(0.12851146919322046),)","(np.float64(24.679709080285022),)"
2110,"((1, 11), (6, 12), (1, 14), (5, 18))","(np.float64(0.13247672620874348), np.float64(0.07594899952605808), np.float64(0.1308149219796583), np.float64(0.14971775184440772))","(np.float64(154.4033233106767), np.float64(254.60752377721593), np.float64(175.5945324895824), np.float64(98.9656552825951))"
2111,"((2, 10), (8, 18))","(np.float64(0.09508611575340277), np.float64(0.08603146846783577))","(np.float64(256.2837222111164), np.float64(-218.36937682950236))"
2112,"((11, 17), (16, 18))","(np.float64(0.09368211618443033), np.float64(0.01450935680299417))","(np.float64(-135.6040546489827), np.float64(-16.103793512313132))"
2113,"((2, 5), (10, 11), (11, 13))","(np.float64(0.12023956681912937), np.float64(0.08466326275954711), np.float64(0.1396384555813847))","(np.float64(-23.36541484881525), np.float64(-70.41453464843443), np.float64(-21.536844754697256))"
2115,"((0, 14), (4, 16), (1, 4), (9, 16), (1, 11), (1, 9))","(np.float64(0.14489550206178425), np.float64(0.13352113726172724), np.float64(0.09247251978764881), np.float64(0.08195275135427944), np.float64(0.03293606340300447), np.float64(0.10353984182235924))","(np.float64(126.32251853323737), np.float64(211.97429534654037), np.float64(-81.34362595562189), np.float64(194.69871287491486), np.float64(-153.8922240108209), np.float64(-130.6747919457197))"
2116,"((3, 16),)","(np.float64(0.10469444640950172),)","(np.float64(77.31680177587728),)"
2117,"((7, 10), (6, 12), (2, 12))","(np.float64(0.09015906332987762), np.float64(0.13266914959026094), np.float64(0.14091315239148677))","(np.float64(141.4812070955697), np.float64(75.0778714994351), np.float64(95.35748911953266))"
2118,"((0, 6),)","(np.float64(0.1313445117289315),)","(np.float64(-43.24023926473478),)"
2119,"((0, 10), (4, 17))","(np.float64(0.08501757524793893), np.float64(0.13607790914951567))","(np.float64(189.35338912476016), np.float64(-133.01363938301813))"
2120,"((9, 16), (7, 18))","(np.float64(0.10364955301609441), np.float64(0.13666702361059127))","(np.float64(254.44013563297278), np.float64(180.90983036559868))"
2121,"((4, 19), (6, 15), (14, 18), (15, 17))","(np.float64(0.05300908213085724), np.float64(0.07757051612742547), np.float64(0.13399558243866347), np.float64(0.13518283722388164))","(np.float64(76.51655954410816), np.float64(223.52781256386288), np.float64(-13.143483313041315), np.float64(-82.08136970825944))"
2122,"((9, 16),)","(np.float64(0.059529263941328146),)","(np.float64(-135.08431201933848),)"
2125,"((0, 4), (0, 14))","(np.float64(0.13733729058140345), np.float64(0.12037592718666165))","(np.float64(-108.2821541784217), np.float64(61.014113498625875))"
2126,"((0, 18),)","(np.float64(0.11506838129915058),)","(np.float64(-27.45334569421692),)"
2127,"((3, 4), (5, 18), (8, 11), (0, 14), (3, 14), (1, 14))","(np.float64(0.11544158243897856), np.float64(0.09116276205554792), np.float64(0.11760300856564582), np.float64(0.12288803552295464), np.float64(0.14272089230396737), np.float64(0.12437780049887259))","(np.float64(55.953755060033274), np.float64(-118.24465475160153), np.float64(47.25525926697071), np.float64(205.5025139702409), np.float64(166.96193500967075), np.float64(151.99361173597714))"
2128,"((2, 12), (4, 5), (1, 10))","(np.float64(0.1370190393089229), np.float64(0.13300367430501897), np.float64(0.14103838843319036))","(np.float64(187.26147492689432), np.float64(-42.56266890911854), np.float64(152.85395592576646))"
2129,"((9, 11), (3, 10), (10, 18))","(np.float64(0.09165337609464702), np.float64(0.141418707984922), np.float64(0.1379101819741229))","(np.float64(-14.3618598271687), np.float64(-54.71415721625755), np.float64(-185.022943377647))"
2130,"((11, 17), (7, 19), (4, 12), (13, 18))","(np.float64(0.09432437755469644), np.float64(0.1282789734312194), np.float64(0.1194564108193744), np.float64(0.13768121221444282))","(np.float64(-186.17999356411298), np.float64(-197.35569777343522), np.float64(-134.46979223255272), np.float64(-129.15122707823372))"
2131,"((1, 16), (2, 16), (5, 14), (10, 11), (10, 13), (11, 13), (10, 18))","(np.float64(0.10134072261303781), np.float64(0.10700272389051917), np.float64(0.05071561473129564), np.float64(0.12096971467432849), np.float64(0.09502602934853448), np.float64(0.12448034007639555), np.float64(0.14430543416661532))","(np.float64(46.29136066874361), np.float64(27.02773502818087), np.float64(7.73212223187619), np.float64(-40.23293902366686), np.float64(-36.89789521268705), np.float64(3.335043810979812), np.float64(-197.81412519661444))"
2133,"((0, 12), (2, 8), (8, 13), (13, 17), (14, 17), (8, 17), (3, 8))","(np.float64(0.09214769703542812), np.float64(0.11596264375917611), np.float64(0.10029022976402462), np.float64(0.11943922172172876), np.float64(0.13521535570682763), np.float64(0.11808516051375795), np.float64(0.0971365228852159))","(np.float64(139.0781564295026), np.float64(207.11715461283012), np.float64(-65.77557176369692), np.float64(190.5454958973299), np.float64(146.7086797288418), np.float64(124.88804623446305), np.float64(210.10090430825062))"
2134,"((11, 16),)","(np.float64(0.14487296354889387),)","(np.float64(-119.64823340386477),)"
2135,"((2, 7),)","(np.float64(0.05259977425560803),)","(np.float64(193.75395794183748),)"
2136,"((3, 17), (6, 11), (2, 11))","(np.float64(0.12784603885469173), np.float64(0.11589597063186606), np.float64(0.11916824159244752))","(np.float64(134.0216664011125), np.float64(181.6865054450716), np.float64(269.3562788543572))"
2137,"((7, 16),)","(np.float64(0.11056617603488593),)","(np.float64(-222.41258951727093),)"
2138,"((11, 12),)","(np.float64(0.09376560371675256),)","(np.float64(284.5547142686169),)"
2139,"((4, 13),)","(np.float64(0.1368666980009395),)","(np.float64(213.88812811295128),)"
2140,"((5, 19),)","(np.float64(0.1132753413417154),)","(np.float64(-186.65121299566454),)"
2141,"((6, 11), (17, 19))","(np.float64(0.14095466805526827), np.float64(0.10565540995099437))","(np.float64(9.022281735358774), np.float64(-10.938845229925931))"
2142,"((5, 9),)","(np.float64(0.11346313775597824),)","(np.float64(205.61915813071863),)"
2143,"((3, 15), (6, 9))","(np.float64(0.10708360924947743), np.float64(0.08795852691077226))","(np.float64(146.39835405774323), np.float64(143.91727826883994))"
2145,"((4, 12),)","(np.float64(0.10506429737495279),)","(np.float64(-8.595880008118343),)"
2146,"((6, 8), (7, 15), (8, 9), (15, 16), (15, 19), (16, 19))","(np.float64(0.1325581256530886), np.float64(0.13892974966461044), np.float64(0.14981902787003903), np.float64(0.05459312453722681), np.float64(0.045169062231535155), np.float64(0.04677583608646997))","(np.float64(-338.90116562714564), np.float64(247.05588092195615), np.float64(322.4099675944364), np.float64(9.353198078590594), np.float64(-232.9374662502645), np.float64(-197.29079402856212))"
2147,"((1, 15),)","(np.float64(0.14545167324086633),)","(np.float64(93.03338825092575),)"
2148,"((2, 4), (7, 14))","(np.float64(0.0989955936250977), np.float64(0.08441303712197434))","(np.float64(-47.440102033032275), np.float64(237.51468403611335))"
2149,"((4, 8),)","(np.float64(0.07822647135843412),)","(np.float64(194.68062481938907),)"
2150,"((3, 18), (7, 8), (9, 12))","(np.float64(0.1173151090909325), np.float64(0.07598863320116717), np.float64(0.147577250202676))","(np.float64(87.69757302815287), np.float64(55.02989611551959), np.float64(24.299511891290706))"
2151,"((5, 8),)","(np.float64(0.14745900085746674),)","(np.float64(-28.646187175671173),)"
2153,"((6, 8), (3, 8))","(np.float64(0.11811178150354418), np.float64(0.029424738505976895))","(np.float64(-58.01097081063784), np.float64(240.12563484329087))"
2154,"((2, 16), (12, 19), (7, 15))","(np.float64(0.11040464267944777), np.float64(0.09868901873552052), np.float64(0.13876054451097455))","(np.float64(92.70598125014828), np.float64(-101.7359238507012), np.float64(175.43083351544846))"
2155,"((6, 7), (7, 12), (6, 15))","(np.float64(0.06123134787937506), np.float64(0.14545837084963778), np.float64(0.14277306653525845))","(np.float64(51.68444219077551), np.float64(89.92575826476443), np.float64(38.2441187039276))"
2156,"((8, 12), (0, 10))","(np.float64(0.09273861883806452), np.float64(0.14128109125373817))","(np.float64(319.5759158632703), np.float64(200.28712387558605))"
2157,"((1, 11),)","(np.float64(0.14837835148576844),)","(np.float64(207.32343773673358),)"
2160,"((7, 16),)","(np.float64(0.12811790594466574),)","(np.float64(150.8560712124164),)"
2161,"((0, 19), (1, 8), (11, 16))","(np.float64(0.14306185179956957), np.float64(0.07508762440361696), np.float64(0.10329178217061587))","(np.float64(15.295144216611732), np.float64(181.87227404272355), np.float64(-81.84418700366598))"
2162,"((1, 11),)","(np.float64(0.11586639353577043),)","(np.float64(56.79547923802295),)"
2163,"((2, 19), (3, 12))","(np.float64(0.12054441185374756), np.float64(0.1136582013759492))","(np.float64(5.4250895832320225), np.float64(-117.09247018473576))"
2164,"((10, 19),)","(np.float64(0.13743167121779964),)","(np.float64(44.85134532416134),)"
2165,"((2, 11),)","(np.float64(0.05458539709345343),)","(np.float64(170.73447645182637),)"
2166,"((0, 6), (1, 13))","(np.float64(0.1424591916382704), np.float64(0.13237321316819106))","(np.float64(-13.440295678332802), np.float64(199.87273722076736))"
2167,"((6, 11), (12, 14), (3, 19))","(np.float64(0.09602238096641925), np.float64(0.13755453899161238), np.float64(0.14875284778967918))","(np.float64(-189.24573515184414), np.float64(28.662096816006255), np.float64(-175.57918636586584))"
2168,"((0, 1),)","(np.float64(0.13168345262628844),)","(np.float64(-82.41737944817811),)"
2169,"((4, 5),)","(np.float64(0.07412427306512895),)","(np.float64(28.99354082947582),)"
2170,"((2, 10), (2, 19))","(np.float64(0.019532337188261712), np.float64(0.1475351665081281))","(np.float64(207.13434439290495), np.float64(70.25519356891863))"
2171,"((15, 18),)","(np.float64(0.12833384825809968),)","(np.float64(-93.82240216748144),)"
2172,"((0, 2), (3, 16), (9, 18))","(np.float64(0.1169016174437059), np.float64(0.1456579752003683), np.float64(0.07721447369560527))","(np.float64(-52.507625605392604), np.float64(87.7061323639), np.float64(154.04652918230528))"
2173,"((7, 19),)","(np.float64(0.14187694096110393),)","(np.float64(-165.1741892782926),)"
2174,"((8, 17),)","(np.float64(0.1402317526349598),)","(np.float64(170.70302774791872),)"
2175,"((15, 16), (11, 13))","(np.float64(0.13098461728109076), np.float64(0.1487162083216141))","(np.float64(-47.57573432373556), np.float64(-199.49378117782987))"
2176,"((5, 18),)","(np.float64(0.1454660167997216),)","(np.float64(-280.7539159674923),)"
2177,"((1, 4), (2, 15), (3, 9))","(np.float64(0.14999993533796457), np.float64(0.10861991192218486), np.float64(0.04386080189689164))","(np.float64(-73.9326289885812), np.float64(-157.63375288645847), np.float64(-50.99456580051191))"
2179,"((1, 18), (1, 11))","(np.float64(0.05590766580291674), np.float64(0.13524003801512322))","(np.float64(46.378921956541916), np.float64(165.16691189439248))"
2180,"((3, 6), (6, 12))","(np.float64(0.08252995040473762), np.float64(0.14521401853251437))","(np.float64(-51.80843891377299), np.float64(-61.32858343342252))"
2181,"((3, 7), (1, 18), (1, 19))","(np.float64(0.11343597512290968), np.float64(0.148226589958257), np.float64(0.1419928208610736))","(np.float64(11.951928099098382), np.float64(-160.87602785408342), np.float64(-176.5233032656042))"
2184,"((1, 10), (2, 4))","(np.float64(0.14009079475605912), np.float64(0.10413653948223331))","(np.float64(107.50353481129292), np.float64(158.60161051295407))"
2186,"((1, 11), (3, 6))","(np.float64(0.08439369088335663), np.float64(0.10412358214353312))","(np.float64(-167.22192537117087), np.float64(-50.57585646525456))"
2187,"((6, 14), (0, 18))","(np.float64(0.11267857505965041), np.float64(0.14976825395560703))","(np.float64(221.07247110045967), np.float64(33.466306593029344))"
2188,"((4, 7), (7, 19), (3, 11))","(np.float64(0.14633481338341323), np.float64(0.14740291085996804), np.float64(0.14565351665697))","(np.float64(31.775712992987792), np.float64(187.54390428035532), np.float64(174.41184930194464))"
2189,"((2, 8), (14, 19))","(np.float64(0.09522138484186077), np.float64(0.0679268219692015))","(np.float64(192.06311704437894), np.float64(-117.76681492179645))"
2190,"((4, 16), (10, 15))","(np.float64(0.09817311854080982), np.float64(0.05485615900267935))","(np.float64(122.66228289017249), np.float64(83.46535170386915))"
2191,"((4, 10),)","(np.float64(0.06902367044906071),)","(np.float64(226.11739664954553),)"
2192,"((3, 14), (15, 17))","(np.float64(0.1395224876228079), np.float64(0.05728446094922031))","(np.float64(-194.37264508031225), np.float64(21.078906089432138))"
2193,"((6, 17),)","(np.float64(0.11389996979412505),)","(np.float64(-160.3828442246657),)"
2195,"((7, 12), (12, 13), (16, 19), (3, 8))","(np.float64(0.076601344128535), np.float64(0.12514611880108456), np.float64(0.14274423706111294), np.float64(0.14375909501024856))","(np.float64(-8.33528570888717), np.float64(43.4340228872843), np.float64(-12.017938919096196), np.float64(153.15278347634978))"
2196,"((7, 18),)","(np.float64(0.11147889025554901),)","(np.float64(98.47697212307048),)"
2197,"((15, 18),)","(np.float64(0.030052192549877104),)","(np.float64(0.0792018666019203),)"
2198,"((0, 5), (2, 13), (6, 8), (7, 16), (14, 18))","(np.float64(0.11752832959500897), np.float64(0.13713840994996274), np.float64(0.12583750662912685), np.float64(0.08725044193351726), np.float64(0.06507548624469536))","(np.float64(-145.38651551642664), np.float64(93.53347927718602), np.float64(-26.820592417819), np.float64(-173.50854564674944), np.float64(-102.046720949637))"
2199,"((1, 8),)","(np.float64(0.14627069661226877),)","(np.float64(-129.7506513360497),)"
2200,"((5, 8),)","(np.float64(0.13959812477011432),)","(np.float64(-13.819304601769545),)"
2201,"((6, 17),)","(np.float64(0.13277305659695274),)","(np.float64(-230.08346994235723),)"
2202,"((4, 12), (9, 11), (11, 17))","(np.float64(0.1321235123511359), np.float64(0.07955077044528255), np.float64(0.11617541044229138))","(np.float64(-140.6453024473527), np.float64(-52.87515694321223), np.float64(191.91358285627848))"
2203,"((0, 3),)","(np.float64(0.13255630375152216),)","(np.float64(260.48937184271784),)"
2204,"((15, 17),)","(np.float64(0.11906165213166389),)","(np.float64(-87.47494889286122),)"
2205,"((3, 17), (6, 8), (1, 14), (3, 13))","(np.float64(0.07402955905916053), np.float64(0.05457922656639679), np.float64(0.11341044901824879), np.float64(0.14500164963003337))","(np.float64(115.72809965447672), np.float64(313.7807098210046), np.float64(183.18549411945867), np.float64(185.5936826676725))"
2206,"((4, 7), (17, 18), (5, 6))","(np.float64(0.11697266642292674), np.float64(0.12260771221681631), np.float64(0.10928697831181873))","(np.float64(211.5307320798468), np.float64(42.95756425898293), np.float64(245.35117158269497))"
2207,"((3, 10), (10, 12), (12, 13), (5, 12))","(np.float64(0.11519783724948356), np.float64(0.08466201696563287), np.float64(0.14224729234335487), np.float64(0.13218974489486016))","(np.float64(-59.509478272118656), np.float64(-46.18672671795724), np.float64(-4.083401930264245), np.float64(-55.13459123966845))"
2208,"((12, 14), (9, 18), (4, 15))","(np.float64(0.0583476564542966), np.float64(0.14148675346217082), np.float64(0.1399957779402219))","(np.float64(-88.34506221392917), np.float64(-150.16856450874496), np.float64(-185.51788011434485))"
2209,"((6, 19), (3, 13))","(np.float64(0.11341408891451576), np.float64(0.1493389433753464))","(np.float64(-247.3655623551537), np.float64(-176.50537927518013))"
2210,"((3, 14), (9, 16), (11, 12), (1, 7))","(np.float64(0.11127677192161312), np.float64(0.129728342062872), np.float64(0.1357342794432539), np.float64(0.011005085958453164))","(np.float64(230.04847528713907), np.float64(-217.7188539691549), np.float64(4.528051668385785), np.float64(236.02932427565787))"
2211,"((0, 10), (9, 18))","(np.float64(0.05972156501613081), np.float64(0.11375624813878779))","(np.float64(-180.81595527413046), np.float64(159.9797464999615))"
2212,"((5, 9), (7, 19))","(np.float64(0.1304463103003598), np.float64(0.1033060562422892))","(np.float64(-8.286850134171061), np.float64(-175.34607618042062))"
2213,"((1, 11),)","(np.float64(0.10503146793488245),)","(np.float64(235.1554554016589),)"
2214,"((1, 14), (14, 19))","(np.float64(0.06598376022130488), np.float64(0.1174416872428207))","(np.float64(200.62397859740122), np.float64(-169.78921373061092))"
2215,"((5, 15), (7, 16), (11, 13))","(np.float64(0.1479870320715349), np.float64(0.04680822651508357), np.float64(0.07259994731996619))","(np.float64(-37.62729497749095), np.float64(-149.01232195559592), np.float64(38.64091968752024))"
2217,"((1, 10), (2, 12))","(np.float64(0.14803350505494461), np.float64(0.06966697545413544))","(np.float64(257.020072298439), np.float64(-38.46325155256261))"
2218,"((8, 12),)","(np.float64(0.13923685164984628),)","(np.float64(-187.4224291855113),)"
2220,"((9, 10),)","(np.float64(0.14391065303128267),)","(np.float64(41.86590394608584),)"
2221,"((5, 9), (10, 11), (12, 18))","(np.float64(0.1212800347200417), np.float64(0.14826506818525503), np.float64(0.12088624339135687))","(np.float64(297.76825239683467), np.float64(-4.004226079105479), np.float64(-150.41188825386178))"
2222,"((9, 13), (17, 18))","(np.float64(0.048921617786685065), np.float64(0.14513751001678743))","(np.float64(-84.97722196028968), np.float64(-25.01036614388346))"
2223,"((2, 9),)","(np.float64(0.10336830908817353),)","(np.float64(150.5103873173466),)"
2224,"((15, 18),)","(np.float64(0.10608258785074327),)","(np.float64(31.24218890634529),)"
2225,"((3, 17), (14, 19))","(np.float64(0.008520141784807039), np.float64(0.09123384630986658))","(np.float64(138.48116125133063), np.float64(-114.07206634140948))"
2226,"((1, 11),)","(np.float64(0.09011895973064687),)","(np.float64(182.74617904022955),)"
2227,"((4, 6), (5, 7), (15, 16), (4, 18), (5, 11), (7, 11))","(np.float64(0.09557781355294052), np.float64(0.07704380436690786), np.float64(0.12303254409712983), np.float64(0.13489713085702562), np.float64(0.13138165355102463), np.float64(0.05985220939038546))","(np.float64(301.36516268272686), np.float64(302.39983157266323), np.float64(-16.98314252103043), np.float64(65.84432834943959), np.float64(173.2220220671473), np.float64(-111.94487169271076))"
2228,"((8, 15),)","(np.float64(0.12029639131270048),)","(np.float64(12.777860970126426),)"
2229,"((1, 7), (0, 7), (2, 9))","(np.float64(0.14593884771574184), np.float64(0.1356131706981191), np.float64(0.14430470248323887))","(np.float64(140.87865403779517), np.float64(55.28204128536322), np.float64(182.26664734813602))"
2230,"((14, 16), (7, 14))","(np.float64(0.14947261408307508), np.float64(0.14085641725376036))","(np.float64(-67.19393230304499), np.float64(-100.53305646052456))"
2231,"((7, 10), (7, 15), (7, 19), (10, 19), (15, 19), (4, 15), (8, 18), (5, 15))","(np.float64(0.12203005293683218), np.float64(0.14439244703274132), np.float64(0.05159567114554084), np.float64(0.0726334252294896), np.float64(0.13851107579035088), np.float64(0.12417516053619412), np.float64(0.13366938918803678), np.float64(0.12289109191336528))","(np.float64(201.9265222611731), np.float64(142.1386427224411), np.float64(68.80697347098226), np.float64(-133.11954879019083), np.float64(-73.3251041574647), np.float64(172.31404122792878), np.float64(-181.3057048991966), np.float64(168.8785814555253))"
2232,"((2, 6),)","(np.float64(0.036204242743275446),)","(np.float64(-25.66277111159451),)"
2233,"((1, 17), (6, 7), (0, 14))","(np.float64(0.13288424194950715), np.float64(0.11751705012955271), np.float64(0.14215326975785106))","(np.float64(228.30162076383834), np.float64(-80.202121092715), np.float64(188.49860315625108))"
2234,"((0, 7),)","(np.float64(0.12547906669955333),)","(np.float64(-99.4005082234655),)"
2235,"((5, 8), (6, 10), (16, 19), (3, 15))","(np.float64(0.1320398124422708), np.float64(0.06043816110127403), np.float64(0.14359167267189688), np.float64(0.1480803533387169))","(np.float64(285.9471086732753), np.float64(274.5750801874986), np.float64(-138.84793418240292), np.float64(-36.341587457312585))"
2237,"((6, 18), (10, 18))","(np.float64(0.1019507668138275), np.float64(0.1214270785407134))","(np.float64(106.71551804351094), np.float64(-39.181620701352074))"
2238,"((1, 3), (7, 13))","(np.float64(0.1495300059295409), np.float64(0.03485244916312969))","(np.float64(-17.268900718758402), np.float64(248.62856061226006))"
2239,"((4, 6), (5, 18), (3, 13))","(np.float64(0.041448798183150934), np.float64(0.1352742559136254), np.float64(0.10344169530217275))","(np.float64(43.71554558783805), np.float64(60.30476211982784), np.float64(129.2556861972996))"
2241,"((4, 19),)","(np.float64(0.021611709918763402),)","(np.float64(-215.77498574133608),)"
2242,"((3, 14), (8, 18), (15, 19), (3, 10))","(np.float64(0.14461570661089715), np.float64(0.0981348475488566), np.float64(0.14068029965333317), np.float64(0.09318275362044798))","(np.float64(158.6189493724714), np.float64(55.32069756444022), np.float64(10.195299238832376), np.float64(-150.01223185542742))"
2243,"((0, 9), (2, 18))","(np.float64(0.1427349443003921), np.float64(0.12124716830252269))","(np.float64(170.8390443928458), np.float64(82.96187739641485))"
2244,"((5, 19), (10, 16), (2, 9))","(np.float64(0.12590288458850243), np.float64(0.14096534738860633), np.float64(0.14865534868730387))","(np.float64(-205.8788499265027), np.float64(-101.35466289146444), np.float64(197.10088944889355))"
2245,"((10, 14), (4, 6), (14, 17), (15, 16))","(np.float64(0.08155344899782242), np.float64(0.14549812721353134), np.float64(0.1319982082324066), np.float64(0.14297679448625492))","(np.float64(-48.90751691625019), np.float64(-56.74217094430668), np.float64(168.18259515691346), np.float64(109.83251406574846))"
2246,"((10, 12), (10, 16), (12, 16), (13, 14), (0, 16))","(np.float64(0.022016195987861156), np.float64(0.13122687806209454), np.float64(0.1329672376829974), np.float64(0.12670692084264837), np.float64(0.11473290925537064))","(np.float64(216.6101061147495), np.float64(153.74903796921882), np.float64(-62.86106814553068), np.float64(43.246033054148825), np.float64(35.68517252248296))"
2247,"((1, 12), (1, 13), (1, 18), (12, 13), (12, 18), (13, 18))","(np.float64(0.09308977552290981), np.float64(0.09022954881192345), np.float64(0.14088031032964216), np.float64(0.08219708903888413), np.float64(0.08099020151053654), np.float64(0.14343848317250427))","(np.float64(-118.55116819957155), np.float64(-125.7435444104411), np.float64(75.31597666951942), np.float64(-7.117741658867601), np.float64(193.92430047822182), np.float64(201.04204213708942))"
2248,"((5, 19), (2, 14))","(np.float64(0.13281583422119433), np.float64(0.11034780164058808))","(np.float64(79.76013435674548), np.float64(260.67245947316746))"
2249,"((14, 16),)","(np.float64(0.14788579076085515),)","(np.float64(-47.79479515759749),)"
2250,"((16, 18),)","(np.float64(0.14958466618819688),)","(np.float64(-82.57648294022323),)"
2251,"((2, 19), (9, 15))","(np.float64(0.14714143812936661), np.float64(0.13247094594484304))","(np.float64(97.69575421462451), np.float64(-61.971194236461656))"
2252,"((5, 7), (12, 18), (1, 12), (4, 11), (12, 15))","(np.float64(0.13017679399992876), np.float64(0.11538293011054016), np.float64(0.141806826947503), np.float64(0.14409944345777204), np.float64(0.1447965023140362))","(np.float64(287.18539051750815), np.float64(-223.07429410992722), np.float64(183.7585219159555), np.float64(214.0737496053033), np.float64(-171.0060126242256))"
2254,"((0, 8), (1, 9), (4, 19), (0, 11))","(np.float64(0.0890994767194653), np.float64(0.003904220130112811), np.float64(0.07744217238735078), np.float64(0.12935133773129387))","(np.float64(189.00023310694854), np.float64(228.55259716489797), np.float64(-182.23012654206266), np.float64(100.14909117650768))"
2255,"((0, 7), (2, 6), (4, 12))","(np.float64(0.14435569912607807), np.float64(0.1325208145787213), np.float64(0.06268474027498762))","(np.float64(174.64703938454747), np.float64(247.8431703938026), np.float64(304.6251782432778))"
2256,"((9, 14),)","(np.float64(0.14697674855656256),)","(np.float64(-119.3008498454605),)"
2258,"((3, 9), (10, 14), (9, 14))","(np.float64(0.13908378322983617), np.float64(0.1123099390744964), np.float64(0.10731725420644918))","(np.float64(-26.836313985280526), np.float64(-103.32942201959918), np.float64(-113.03037137275953))"
2259,"((1, 14), (5, 16), (6, 12))","(np.float64(0.11334047909230979), np.float64(0.12503904583658126), np.float64(0.043084500770378745))","(np.float64(130.0837013411475), np.float64(-155.74434865743797), np.float64(-14.978010906681789))"
2260,"((8, 19), (10, 17), (0, 13), (5, 17))","(np.float64(0.13518901026649183), np.float64(0.059052254540020874), np.float64(0.13634963450888327), np.float64(0.14775747702634065))","(np.float64(-216.55924941235855), np.float64(-157.75443811741897), np.float64(204.76368072205167), np.float64(-193.44139356261067))"
2262,"((12, 15), (0, 11))","(np.float64(0.09391622267938579), np.float64(0.14742983473344026))","(np.float64(66.15486922871816), np.float64(184.36720170276254))"
2263,"((4, 11), (4, 15), (16, 18))","(np.float64(0.1324161964596559), np.float64(0.04738764949199351), np.float64(0.13473275684115046))","(np.float64(-103.46859617284335), np.float64(-128.08286717074375), np.float64(37.928668627871104))"
2264,"((17, 19), (2, 12))","(np.float64(0.10273019388149848), np.float64(0.14225787770947923))","(np.float64(-57.770183143551776), np.float64(94.28935378617211))"
2265,"((2, 8),)","(np.float64(0.05984581335156844),)","(np.float64(125.29358670158814),)"
2266,"((2, 12), (7, 19))","(np.float64(0.13430386921071033), np.float64(0.14445265520041792))","(np.float64(-132.7801060272841), np.float64(-206.61411809141816))"
2267,"((4, 13), (6, 14), (4, 15))","(np.float64(0.10921272344376205), np.float64(0.13512270346918911), np.float64(0.14896568282432024))","(np.float64(-112.8597717685119), np.float64(-131.6942504234018), np.float64(-111.35829658834669))"
2268,"((0, 1), (11, 13), (12, 18))","(np.float64(0.08875498932637371), np.float64(0.0816083959587585), np.float64(0.12491528649580039))","(np.float64(-144.08970021903636), np.float64(29.293840279340998), np.float64(-122.7983924493119))"
2269,"((7, 10), (7, 12), (1, 5))","(np.float64(0.10000403758927809), np.float64(0.12288528052258751), np.float64(0.1397719497154407))","(np.float64(-5.865525581339455), np.float64(36.31367157621776), np.float64(202.09311862162525))"
2270,"((11, 12),)","(np.float64(0.12372483372712391),)","(np.float64(36.95005017033759),)"
2271,"((0, 8), (10, 17), (13, 16), (13, 15))","(np.float64(0.05921689190083631), np.float64(0.08143019830251279), np.float64(0.1486354553665565), np.float64(0.1452254879140004))","(np.float64(-154.43515036332792), np.float64(-176.3191946456716), np.float64(32.33313812036192), np.float64(-143.45907997813413))"
2272,"((6, 16), (11, 13))","(np.float64(0.140435119405083), np.float64(0.07989899090026842))","(np.float64(-100.64168145426089), np.float64(-22.72758023592371))"
2273,"((1, 18),)","(np.float64(0.09896326091671727),)","(np.float64(45.36607873152158),)"
2274,"((0, 7), (5, 12))","(np.float64(0.1163698748948891), np.float64(0.140806838463024))","(np.float64(202.66610546385402), np.float64(-132.7459738982875))"
2275,"((3, 12), (6, 7), (6, 9))","(np.float64(0.11299035713962773), np.float64(0.09333736076756932), np.float64(0.12213334422517652))","(np.float64(160.395690028469), np.float64(-48.6335395647327), np.float64(312.26248736635057))"
2276,"((0, 7), (3, 18), (9, 11), (12, 13), (0, 6), (13, 17))","(np.float64(0.14490346015468653), np.float64(0.14520322646060907), np.float64(0.12329216963314193), np.float64(0.09172596918246344), np.float64(0.019824477015505975), np.float64(0.14760898183530957))","(np.float64(-136.12524346098715), np.float64(148.3412573115918), np.float64(310.5800588370005), np.float64(13.17309466614023), np.float64(-168.92978809661085), np.float64(236.8602664959447))"
2277,"((0, 4), (0, 9), (2, 17))","(np.float64(0.055134164937299904), np.float64(0.1324990793760852), np.float64(0.09682890808534521))","(np.float64(-78.21192810062456), np.float64(-61.425325247235435), np.float64(50.6398352157924))"
2278,"((4, 9), (5, 7), (13, 15))","(np.float64(0.11768580782481096), np.float64(0.13648617884879402), np.float64(0.141486821993048))","(np.float64(-71.5721578676326), np.float64(-53.94154639565369), np.float64(-80.85356329945333))"
2279,"((0, 4), (0, 19), (2, 13), (4, 19))","(np.float64(0.07960191784800506), np.float64(0.08415860176017619), np.float64(0.13055131738901435), np.float64(0.13980299244169223))","(np.float64(15.830557393646899), np.float64(75.13677875226247), np.float64(99.57514010351844), np.float64(59.30622135861557))"
2280,"((17, 19), (1, 17))","(np.float64(0.141441508162323), np.float64(0.11386274942866394))","(np.float64(-30.08066035351453), np.float64(81.64400105324361))"
2281,"((15, 19), (6, 18), (6, 12))","(np.float64(0.11513528499919524), np.float64(0.11701333694931432), np.float64(0.1449874778456914))","(np.float64(-127.11095153965431), np.float64(-141.52037134201925), np.float64(237.73511605203691))"
2282,"((7, 8), (7, 18))","(np.float64(0.12080727299887867), np.float64(0.13943213092868667))","(np.float64(-316.1386273320753), np.float64(-190.86201027555262))"
2283,"((11, 13), (3, 10))","(np.float64(0.12123571320598242), np.float64(0.13591217979151818))","(np.float64(41.7718695472098), np.float64(162.94236757459265))"
2284,"((2, 9), (5, 16))","(np.float64(0.14134960671360156), np.float64(0.10402597319866075))","(np.float64(-17.987972284174816), np.float64(201.60290994323748))"
2285,"((1, 3), (4, 7))","(np.float64(0.0328195945368361), np.float64(0.12949210451682858))","(np.float64(311.20755648460965), np.float64(313.65405959359646))"
2287,"((0, 6), (15, 19))","(np.float64(0.07493161350014603), np.float64(0.07806408649997858))","(np.float64(-179.08609451902424), np.float64(-119.1067776747388))"
2290,"((4, 17),)","(np.float64(0.027344128798039526),)","(np.float64(-167.81846682762722),)"
2291,"((18, 19),)","(np.float64(0.13517660494296702),)","(np.float64(-46.96300897575213),)"
2292,"((8, 10),)","(np.float64(0.10713189790097555),)","(np.float64(-113.47460241279424),)"
2294,"((2, 4), (3, 4), (4, 17))","(np.float64(0.12997656043223976), np.float64(0.12878501109295307), np.float64(0.1464298712969545))","(np.float64(45.39404157805458), np.float64(68.76173772581552), np.float64(-10.314123865679448))"
2295,"((4, 15), (0, 13), (0, 12))","(np.float64(0.14701615048394978), np.float64(0.1360214769037429), np.float64(0.11901351823753617))","(np.float64(171.85532716757615), np.float64(166.6477989412972), np.float64(194.15870526003))"
2296,"((0, 15), (4, 18), (8, 19))","(np.float64(0.1484865219985775), np.float64(0.1428402815300188), np.float64(0.06726899605319683))","(np.float64(267.088494657303), np.float64(-263.5136728912671), np.float64(-241.26279107375933))"
2298,"((0, 7),)","(np.float64(0.09939225621584113),)","(np.float64(-162.94617754863296),)"
2300,"((8, 12), (12, 17))","(np.float64(0.12638443919694), np.float64(0.1469757627106306))","(np.float64(-118.16396425321096), np.float64(-111.55481619510908))"
2301,"((0, 1), (5, 14))","(np.float64(0.12243733867354287), np.float64(0.13277038263439156))","(np.float64(-55.54729395182136), np.float64(168.84464535037046))"
2302,"((15, 19),)","(np.float64(0.14916045329656694),)","(np.float64(-66.49434500542066),)"
2304,"((6, 10), (10, 17), (11, 15), (11, 19))","(np.float64(0.14008639275028376), np.float64(0.09182918877545511), np.float64(0.09056284727810968), np.float64(0.020970084872092808))","(np.float64(355.12531337261123), np.float64(-163.40517479491677), np.float64(263.84686842934184), np.float64(137.58413187103136))"
2305,"((5, 19),)","(np.float64(0.06887903850442793),)","(np.float64(89.12149220308683),)"
2307,"((3, 8),)","(np.float64(0.1498730791829087),)","(np.float64(-55.949987473931174),)"
2308,"((5, 17), (12, 16))","(np.float64(0.10805624177836175), np.float64(0.08081753416756218))","(np.float64(142.94096268296494), np.float64(-106.3153912608368))"
2309,"((5, 8), (5, 12))","(np.float64(0.11161552275682925), np.float64(0.14893195905727702))","(np.float64(1.2750468539103963), np.float64(150.4424472422611))"
2310,"((1, 4), (2, 19), (7, 18), (1, 7), (1, 12))","(np.float64(0.1473673140806591), np.float64(0.14597481962826445), np.float64(0.14592245202467632), np.float64(0.07115093958757218), np.float64(0.12087429981430024))","(np.float64(-25.31651689306011), np.float64(52.69057341786356), np.float64(-225.8615137034505), np.float64(192.46411800672234), np.float64(151.7094632130014))"
2311,"((6, 16), (7, 16))","(np.float64(0.1418301221476656), np.float64(0.13968209568632298))","(np.float64(175.34264672975814), np.float64(178.05608797729116))"
2312,"((14, 18), (6, 14), (6, 19))","(np.float64(0.125754470536202), np.float64(0.1464349299170609), np.float64(0.12847631522363878))","(np.float64(-78.61130335987664), np.float64(-212.94993910033304), np.float64(82.11444764985794))"
2313,"((0, 12),)","(np.float64(0.13584214932796937),)","(np.float64(189.26755736527224),)"
2314,"((13, 17),)","(np.float64(0.1439651965656598),)","(np.float64(114.37484196914733),)"
2316,"((6, 9), (8, 13), (12, 19))","(np.float64(0.0725281174952205), np.float64(0.12324232429105175), np.float64(0.144069224295095))","(np.float64(-85.36565386622158), np.float64(-129.0117030855426), np.float64(-179.91138820409708))"
2318,"((0, 9), (15, 17))","(np.float64(0.14430994970550212), np.float64(0.14839562961867625))","(np.float64(-107.63092710293472), np.float64(-67.70287071686886))"
2320,"((14, 19), (10, 17), (12, 17))","(np.float64(0.13993637417035779), np.float64(0.12149144386607462), np.float64(0.14584181775450594))","(np.float64(-165.46618748912198), np.float64(-179.46547248662728), np.float64(-174.82295852507974))"
2321,"((1, 9), (14, 15), (3, 14))","(np.float64(0.051164204608703585), np.float64(0.07975575688204244), np.float64(0.11881529571339797))","(np.float64(246.56639100445977), np.float64(-63.09030048373387), np.float64(-90.9975459431538))"
2323,"((2, 8), (8, 19))","(np.float64(0.04785178024456366), np.float64(0.1416554390792403))","(np.float64(-122.31892270905081), np.float64(99.41183620364919))"
2324,"((3, 11), (5, 9), (9, 18))","(np.float64(0.13569874160115566), np.float64(0.1432793401369148), np.float64(0.12324666077360527))","(np.float64(-135.56304173306438), np.float64(-14.427559703657664), np.float64(-121.10977468483472))"
2325,"((0, 10), (4, 6), (4, 11), (6, 11), (6, 17), (7, 18), (0, 18))","(np.float64(0.1478852167831823), np.float64(0.14711167116612678), np.float64(0.056619921572193754), np.float64(0.12984420953712697), np.float64(0.07347852199570458), np.float64(0.022859384012669057), np.float64(0.053403039823239906))","(np.float64(-39.237027939189375), np.float64(-26.368682014872945), np.float64(-138.68266378085315), np.float64(-112.3139817659802), np.float64(3.583861465932671), np.float64(-222.32386256378965), np.float64(-272.3769342324504))"
2326,"((3, 14),)","(np.float64(0.13610966162459928),)","(np.float64(194.44620856979748),)"
2327,"((8, 15), (10, 13), (11, 12), (16, 19))","(np.float64(0.09998869585677347), np.float64(0.1341818131268153), np.float64(0.11758734262745199), np.float64(0.11747035610041551))","(np.float64(-157.92534240477704), np.float64(10.986838929950068), np.float64(-10.901168691202145), np.float64(-74.4188654662891))"
2328,"((1, 4), (17, 18))","(np.float64(0.14204869122360547), np.float64(0.04376134551738739))","(np.float64(-26.96388327432203), np.float64(-4.2012638289776305))"
2329,"((0, 10),)","(np.float64(0.10166882577099298),)","(np.float64(-83.73061521893345),)"
2330,"((1, 8), (12, 19))","(np.float64(0.07131426752647527), np.float64(0.14898209508003207))","(np.float64(243.54756323718573), np.float64(-232.03713444618194))"
2331,"((2, 7),)","(np.float64(0.13031653426106113),)","(np.float64(-9.913765812498639),)"
2332,"((7, 11), (6, 17))","(np.float64(0.10670920716249718), np.float64(0.13845183155356258))","(np.float64(163.3788027888429), np.float64(-184.0464938659801))"
2333,"((0, 12), (8, 13), (6, 13), (9, 13))","(np.float64(0.10114526619613529), np.float64(0.09194620483715646), np.float64(0.13871177191651043), np.float64(0.12742276085763796))","(np.float64(53.22967739615632), np.float64(-216.44407059913937), np.float64(-206.97875131321626), np.float64(-242.0267550278387))"
2335,"((2, 15),)","(np.float64(0.14100633477028404),)","(np.float64(96.85218646396632),)"
2337,"((1, 5), (5, 12), (1, 14))","(np.float64(0.137738669116297), np.float64(0.13778229679283135), np.float64(0.061260191217962695))","(np.float64(-26.48253709192892), np.float64(176.8796442140233), np.float64(196.49310151958042))"
2338,"((11, 18), (14, 17))","(np.float64(0.07314621837131463), np.float64(0.1271880047342956))","(np.float64(-174.13318327945046), np.float64(-225.55361335793782))"
2339,"((0, 19), (2, 11), (9, 13), (9, 19), (10, 19), (0, 6), (14, 18))","(np.float64(0.10895421379372783), np.float64(0.14053282766785274), np.float64(0.12252781694130245), np.float64(0.11042350695053266), np.float64(0.07391575113083983), np.float64(0.12342063664908767), np.float64(0.1443409444991339))","(np.float64(1.7733914975256084), np.float64(204.36223428282), np.float64(-4.597122404768982), np.float64(-197.38155716392856), np.float64(-238.76992397053817), np.float64(174.49043284738508), np.float64(171.23241161937847))"
2341,"((5, 15), (12, 16))","(np.float64(0.08501032551664903), np.float64(0.08543526062336566))","(np.float64(230.15792472118585), np.float64(-250.0193479516518))"
2342,"((2, 7), (10, 13), (12, 14), (9, 15))","(np.float64(0.08508704056800975), np.float64(0.14411764338372868), np.float64(0.12034090153084853), np.float64(0.13216522774608197))","(np.float64(-78.29075266616127), np.float64(-26.601005665925015), np.float64(-136.27316535469953), np.float64(63.44936740236989))"
2343,"((1, 17), (13, 14))","(np.float64(0.14517042804110006), np.float64(0.11005690186150142))","(np.float64(133.6549664224915), np.float64(-65.19433198846167))"
2344,"((12, 16),)","(np.float64(0.12761009422865505),)","(np.float64(-171.14051217223135),)"
2345,"((3, 14), (4, 6), (6, 13), (5, 17))","(np.float64(0.13048453647444525), np.float64(0.12702880103446404), np.float64(0.14785769256926434), np.float64(0.1493569189146694))","(np.float64(-102.18820460724993), np.float64(-68.58452109280648), np.float64(-81.16101067224969), np.float64(-100.12135033932071))"
2346,"((0, 11), (13, 17))","(np.float64(0.1285997896439096), np.float64(0.04766639358868961))","(np.float64(158.03391011637902), np.float64(-137.71095112292363))"
2347,"((5, 7),)","(np.float64(0.1129013089203119),)","(np.float64(-26.460408012605626),)"
2348,"((7, 17), (12, 13))","(np.float64(0.049685921846998146), np.float64(0.02401389327759031))","(np.float64(-226.99726726983957), np.float64(-2.892332374507589))"
2349,"((2, 4), (2, 12), (6, 19), (16, 18), (14, 18), (0, 10))","(np.float64(0.1190897167005344), np.float64(0.10747171330051401), np.float64(0.08560184670220598), np.float64(0.08432291745290522), np.float64(0.08571061173947953), np.float64(0.09485951366893064))","(np.float64(139.74335535839873), np.float64(159.596613488743), np.float64(-171.20779005943297), np.float64(-156.08387479181147), np.float64(-125.04510395424614), np.float64(135.1663569351412))"
2350,"((0, 12),)","(np.float64(0.11668661993105862),)","(np.float64(-142.30222261565146),)"
2351,"((7, 17), (9, 12), (10, 12))","(np.float64(0.08047421511123139), np.float64(0.14563966438587533), np.float64(0.10158704560157461))","(np.float64(160.09312927747345), np.float64(-119.32194899418704), np.float64(-13.150116764332381))"
2352,"((5, 15),)","(np.float64(0.038351849330467716),)","(np.float64(98.1430320845547),)"
2353,"((1, 18), (5, 17))","(np.float64(0.1276147554160284), np.float64(0.05054122143810386))","(np.float64(85.43102638806559), np.float64(171.40762759101057))"
2354,"((2, 9), (13, 15), (15, 17), (10, 17), (9, 15))","(np.float64(0.045757815576493645), np.float64(0.1133324461810785), np.float64(0.11812952446498971), np.float64(0.14825316797351015), np.float64(0.1346657834920755))","(np.float64(-77.69573996177786), np.float64(129.18789626661692), np.float64(-43.296653447312224), np.float64(58.02278650318215), np.float64(87.77165597106722))"
2355,"((1, 4), (2, 5))","(np.float64(0.0926790132373427), np.float64(0.1445074012651801))","(np.float64(-102.08695057834097), np.float64(224.96005377384478))"
2356,"((4, 5),)","(np.float64(0.1353436865260051),)","(np.float64(-8.222256241397929),)"
2358,"((0, 16), (7, 19))","(np.float64(0.10588337108926908), np.float64(0.08816555891819923))","(np.float64(212.58355726854057), np.float64(-168.8142507852404))"
2359,"((1, 3), (12, 19))","(np.float64(0.10944888627118635), np.float64(0.14683343916190253))","(np.float64(278.33183187387885), np.float64(-225.7466464094432))"
2360,"((3, 4), (1, 8))","(np.float64(0.12559624935618202), np.float64(0.14678450539923324))","(np.float64(27.95129663067138), np.float64(207.99262392502624))"
2361,"((2, 19),)","(np.float64(0.14795327553035553),)","(np.float64(70.00820088705149),)"
2363,"((0, 2), (7, 16))","(np.float64(0.01937206399893175), np.float64(0.1346266527812421))","(np.float64(-12.634599614804984), np.float64(-197.4843557206624))"
2364,"((10, 16),)","(np.float64(0.14494539863028674),)","(np.float64(-234.70558828742628),)"
2365,"((4, 8), (4, 14), (8, 14), (8, 19))","(np.float64(0.1430839775275893), np.float64(0.03394648668907989), np.float64(0.13360552760379046), np.float64(0.14110543655195165))","(np.float64(243.2533783548139), np.float64(190.93260359648872), np.float64(-52.47235175417478), np.float64(-145.13432575972521))"
2366,"((4, 11),)","(np.float64(0.11221249039739976),)","(np.float64(26.232143942936773),)"
2367,"((2, 16),)","(np.float64(0.030738608265324863),)","(np.float64(176.4415109123871),)"
2369,"((1, 19), (2, 17))","(np.float64(0.12497286498928259), np.float64(0.1470671506768252))","(np.float64(-26.38030789217285), np.float64(68.05327441804195))"
2370,"((3, 14), (5, 17), (11, 18))","(np.float64(0.11055830236740816), np.float64(0.11475801045031883), np.float64(0.13339137779848378))","(np.float64(181.2467460231137), np.float64(161.25764827342408), np.float64(177.5347155554789))"
2371,"((12, 13), (2, 11))","(np.float64(0.12751643623829184), np.float64(0.1022163000525313))","(np.float64(37.22224655716684), np.float64(-22.9456673360869))"
2372,"((0, 16), (2, 5), (2, 11), (5, 11), (10, 12))","(np.float64(0.13748258235556465), np.float64(0.038958602832432285), np.float64(0.047044274063706246), np.float64(0.07913180235356837), np.float64(0.09634277053277072))","(np.float64(143.31838702294658), np.float64(151.4853869398825), np.float64(105.51286800240948), np.float64(-45.97251893747301), np.float64(281.6353164671988))"
2373,"((1, 17), (13, 14), (12, 19), (2, 13))","(np.float64(0.14244301445739158), np.float64(0.04554636296640654), np.float64(0.14525989119817823), np.float64(0.13741760921134832))","(np.float64(73.95232723070473), np.float64(-324.84306049088593), np.float64(-218.329609472527), np.float64(-100.37677099878164))"
2374,"((6, 8), (3, 12), (12, 16), (6, 16))","(np.float64(0.11290722457740053), np.float64(0.13720085032490625), np.float64(0.13287423722230857), np.float64(0.14297783641646644))","(np.float64(33.568592530898684), np.float64(-52.33628013274745), np.float64(-180.08847006447644), np.float64(-246.25730403774418))"
2375,"((6, 10), (1, 12))","(np.float64(0.11608459324514771), np.float64(0.13448381990102332))","(np.float64(152.40528897032556), np.float64(68.6033487546257))"
2376,"((1, 2), (11, 14))","(np.float64(0.11299169336639549), np.float64(0.12465495098046918))","(np.float64(-48.16988942648783), np.float64(-58.62722121230564))"
2378,"((2, 4), (3, 13), (6, 14), (12, 16), (0, 3), (0, 14))","(np.float64(0.13207319349282337), np.float64(0.09099299182628215), np.float64(0.1475075650258382), np.float64(0.13240968681402768), np.float64(0.13134541408682243), np.float64(0.10743147572735497))","(np.float64(5.341742452589926), np.float64(203.64769459696566), np.float64(276.6606706268695), np.float64(-13.570676924512497), np.float64(-45.13377044130141), np.float64(183.36987998741495))"
2379,"((4, 15),)","(np.float64(0.1491034576007852),)","(np.float64(181.07996785207297),)"
2382,"((10, 14),)","(np.float64(0.06651468810851356),)","(np.float64(-61.153391292178696),)"
2383,"((2, 11), (4, 16), (7, 9))","(np.float64(0.14291853413490696), np.float64(0.14700945825675968), np.float64(0.09369561717156911))","(np.float64(179.08582772596372), np.float64(27.780355524887625), np.float64(236.99500284813354))"
2385,"((4, 5), (9, 19))","(np.float64(0.1359839731052119), np.float64(0.1461325759457708))","(np.float64(34.39981820053083), np.float64(-310.98133351796497))"
2386,"((6, 15),)","(np.float64(0.1270298289188755),)","(np.float64(-226.25634276701152),)"
2387,"((0, 10), (3, 19), (6, 9), (15, 19), (3, 14))","(np.float64(0.108694821795077), np.float64(0.12795979843929475), np.float64(0.12581842286683442), np.float64(0.1451056732148228), np.float64(0.14977781304078036))","(np.float64(293.5959941517007), np.float64(-5.992504868390824), np.float64(-318.2137368940482), np.float64(-113.49762045723517), np.float64(187.77616351016889))"
2388,"((0, 6),)","(np.float64(0.11560811272153275),)","(np.float64(-70.0702638408402),)"
2389,"((13, 19),)","(np.float64(0.07377998599311991),)","(np.float64(-97.8425178312969),)"
2390,"((6, 14),)","(np.float64(0.05682033547355319),)","(np.float64(195.15785777223107),)"
2392,"((1, 18),)","(np.float64(0.11690365129522388),)","(np.float64(75.55933873982318),)"
2394,"((0, 10), (3, 16))","(np.float64(0.1446871523853436), np.float64(0.1214058078684924))","(np.float64(144.28037792835812), np.float64(158.2769812600688))"
2395,"((10, 18),)","(np.float64(0.14935317901560063),)","(np.float64(-157.4597289507243),)"
2396,"((16, 18), (10, 12), (8, 12))","(np.float64(0.13622962479550188), np.float64(0.14132684608534865), np.float64(0.1490075202803278))","(np.float64(-42.407897559461134), np.float64(188.62827019387902), np.float64(-161.27066613899973))"
2397,"((2, 9), (3, 11))","(np.float64(0.11864572050098544), np.float64(0.13553445396464844))","(np.float64(258.51639355432053), np.float64(192.53409047550042))"
2398,"((0, 10),)","(np.float64(0.13231162876114347),)","(np.float64(146.32246814489025),)"
2401,"((10, 11), (15, 16))","(np.float64(0.12348585737894316), np.float64(0.09743471521826164))","(np.float64(-320.1094647452941), np.float64(-54.51140590101238))"
2402,"((7, 11),)","(np.float64(0.1342632011167336),)","(np.float64(-132.74903864926694),)"
2403,"((5, 17),)","(np.float64(0.12789339089173396),)","(np.float64(105.83635082935461),)"
2405,"((2, 14), (13, 14), (17, 18))","(np.float64(0.13757158049597298), np.float64(0.10880675567651565), np.float64(0.14309554561971383))","(np.float64(162.80397340231747), np.float64(-45.23292797306772), np.float64(-179.16644586654684))"
2406,"((1, 11), (1, 12), (3, 19), (5, 7), (3, 13))","(np.float64(0.052594537147222106), np.float64(0.10583508680108734), np.float64(0.10169612510706982), np.float64(0.10133900682121101), np.float64(0.1265393420447236))","(np.float64(257.6090262161432), np.float64(204.86213183458568), np.float64(-1.8623904474056303), np.float64(325.48466552974816), np.float64(172.23962944379247))"
2407,"((5, 12), (12, 17), (1, 9), (0, 2))","(np.float64(0.10631210945853606), np.float64(0.1023237310810565), np.float64(0.14697193173473247), np.float64(0.04679510936974902))","(np.float64(310.4276617765707), np.float64(-32.32696761957152), np.float64(178.89462913141202), np.float64(190.78203781799394))"
2409,"((2, 3), (9, 14))","(np.float64(0.10284106172060685), np.float64(0.09254998801291209))","(np.float64(314.4952473714259), np.float64(-119.79016319912415))"
2410,"((1, 10), (2, 6), (2, 12), (6, 12), (8, 16), (16, 19))","(np.float64(0.04043507742100685), np.float64(0.05339531128350356), np.float64(0.034041608145194475), np.float64(0.059352506181926015), np.float64(0.09523035601617101), np.float64(0.14432198167797597))","(np.float64(167.23678994084133), np.float64(-12.44263922639658), np.float64(266.528060822094), np.float64(278.9650848141156), np.float64(-165.81828601972674), np.float64(-209.5962125177844))"
2411,"((5, 17), (9, 17))","(np.float64(0.1342319643016476), np.float64(0.13649714937770044))","(np.float64(-199.22201875598404), np.float64(-156.6048461333753))"
2412,"((3, 7), (6, 10), (6, 18))","(np.float64(0.046453735188725954), np.float64(0.14819963819136928), np.float64(0.12551306872208573))","(np.float64(180.33939697672503), np.float64(267.8861367015309), np.float64(-227.10202261655277))"
2413,"((4, 5), (10, 18))","(np.float64(0.06038988498932427), np.float64(0.08929719977802855))","(np.float64(42.5767488343962), np.float64(84.692701466122))"
2414,"((0, 3), (1, 19), (2, 12), (5, 8))","(np.float64(0.0743257095998564), np.float64(0.12917478741885477), np.float64(0.10691954589949446), np.float64(0.12319371659805779))","(np.float64(-57.799754303378336), np.float64(47.334830774506685), np.float64(122.91365766084144), np.float64(-9.462561245549352))"
2415,"((6, 11),)","(np.float64(0.13399530633298434),)","(np.float64(204.2381449186122),)"
2416,"((7, 9), (7, 14), (4, 10), (2, 15))","(np.float64(0.1219978487753971), np.float64(0.12103909424576641), np.float64(0.04193396171913034), np.float64(0.14257697401459388))","(np.float64(20.877969656181392), np.float64(-15.591566303489628), np.float64(97.17007245103463), np.float64(105.86503881599768))"
2417,"((9, 18), (11, 14), (9, 19), (7, 16), (8, 17))","(np.float64(0.11367131403281396), np.float64(0.11951068531842327), np.float64(0.13965851806601476), np.float64(0.1452377528572209), np.float64(0.14177706312021635))","(np.float64(204.31974595052543), np.float64(-100.36692454666382), np.float64(145.1653519338854), np.float64(45.669852345086554), np.float64(206.3937962227431))"
2418,"((7, 19), (1, 3))","(np.float64(0.13252359246414103), np.float64(0.1472426893781888))","(np.float64(-193.9699009598892), np.float64(-96.39159040402149))"
2419,"((8, 18), (11, 16))","(np.float64(0.14484209318434893), np.float64(0.12493599218548002))","(np.float64(-221.0845571529062), np.float64(-181.1371033476761))"
2420,"((17, 18),)","(np.float64(0.14441469518486927),)","(np.float64(-49.77460627053662),)"
2421,"((6, 7),)","(np.float64(0.10947549604770519),)","(np.float64(174.56304933330216),)"
2422,"((7, 15), (3, 18), (0, 13))","(np.float64(0.02343017297411021), np.float64(0.14847531511051404), np.float64(0.1480645493528107))","(np.float64(-227.91837828208122), np.float64(-319.4180053870392), np.float64(194.80293334500556))"
2423,"((9, 13), (18, 19), (10, 19))","(np.float64(0.14273761746256292), np.float64(0.061128977732915174), np.float64(0.1364685462923025))","(np.float64(-53.01937491356745), np.float64(-61.08001155667219), np.float64(-214.08652346524443))"
2424,"((6, 10), (6, 18), (10, 18))","(np.float64(0.1289422496901181), np.float64(0.10216010089306293), np.float64(0.04173185178224273))","(np.float64(35.333474622766005), np.float64(-175.9839890054233), np.float64(-211.3174636281893))"
2426,"((12, 18),)","(np.float64(0.05658578928831317),)","(np.float64(-140.96000905680398),)"
2428,"((12, 14), (12, 17))","(np.float64(0.10712354601264784), np.float64(0.13504851316764713))","(np.float64(-27.747048657933078), np.float64(-125.5396565877817))"
2429,"((1, 15), (2, 6), (2, 12), (9, 16))","(np.float64(0.029390520892579333), np.float64(0.11141344074787815), np.float64(0.13163838370928566), np.float64(0.13914552259768387))","(np.float64(94.3883389503302), np.float64(174.86876972300956), np.float64(217.02852948519035), np.float64(-129.9767346330055))"
2430,"((2, 15),)","(np.float64(0.14274082415032588),)","(np.float64(74.70960898211348),)"
2431,"((9, 17),)","(np.float64(0.14490048647941933),)","(np.float64(-184.94890848444487),)"
2432,"((6, 10), (13, 19))","(np.float64(0.11916886166608046), np.float64(0.1168999480312781))","(np.float64(245.98888452485733), np.float64(112.54621808523257))"
2433,"((1, 3), (2, 17), (9, 17), (11, 15), (0, 11))","(np.float64(0.09126113830947326), np.float64(0.08066912315464513), np.float64(0.08446055989237751), np.float64(0.14436687115927663), np.float64(0.1365287140403023))","(np.float64(20.900838457433082), np.float64(134.62868112243396), np.float64(140.81453121240628), np.float64(-106.60268427667705), np.float64(-111.54590327937589))"
2434,"((5, 16), (0, 15))","(np.float64(0.12637197755313115), np.float64(0.11411324344037276))","(np.float64(112.86566073776595), np.float64(148.8171475845128))"
2435,"((5, 14), (15, 17))","(np.float64(0.13761631116216747), np.float64(0.0858971410225308))","(np.float64(201.34347305390128), np.float64(-50.326676361771376))"
2436,"((6, 16), (10, 18), (1, 9), (10, 17))","(np.float64(0.11823367971191319), np.float64(0.12763333723929762), np.float64(0.1276025207465045), np.float64(0.13211383046677183))","(np.float64(-54.643594183678374), np.float64(-302.0727726306877), np.float64(304.85914079077054), np.float64(-216.31225598422907))"
2437,"((14, 19), (4, 8))","(np.float64(0.05352052939877724), np.float64(0.1288264832846769))","(np.float64(-108.36611579877058), np.float64(244.53785014577204))"
2438,"((7, 13), (14, 15))","(np.float64(0.10261867003424939), np.float64(0.14269770194070708))","(np.float64(-34.57225517982516), np.float64(61.890609600618234))"
2440,"((1, 8), (7, 18))","(np.float64(0.05294383909208998), np.float64(0.14133555300939946))","(np.float64(215.27307978653323), np.float64(-161.203426187707))"
2441,"((2, 13),)","(np.float64(0.1239792437084275),)","(np.float64(177.63512084991578),)"
2442,"((4, 11),)","(np.float64(0.08878967773611002),)","(np.float64(-93.40554441842767),)"
2443,"((0, 7), (7, 9), (14, 16))","(np.float64(0.11685354264876513), np.float64(0.14418762786597425), np.float64(0.1313929915434927))","(np.float64(-119.31637944802128), np.float64(295.8440945475017), np.float64(68.36751444209455))"
2444,"((3, 17), (4, 16))","(np.float64(0.09711849013969696), np.float64(0.13081230233587549))","(np.float64(132.57564209085746), np.float64(173.96408747905537))"
2446,"((1, 6), (3, 9), (4, 7), (2, 10))","(np.float64(0.14179005484301047), np.float64(0.12563300791829723), np.float64(0.12818247372621794), np.float64(0.12996443597223972))","(np.float64(240.86199344982793), np.float64(211.01051583140543), np.float64(239.9825857776391), np.float64(149.2380664637924))"
2447,"((2, 15), (10, 12))","(np.float64(0.11413438586803168), np.float64(0.06580086149672225))","(np.float64(70.1570892270255), np.float64(271.48853949888604))"
2448,"((0, 3), (2, 19), (14, 16))","(np.float64(0.08437100569027814), np.float64(0.08974952226242049), np.float64(0.1242094475004059))","(np.float64(24.411143368310775), np.float64(67.72904110638416), np.float64(-75.12782426217589))"
2450,"((8, 14),)","(np.float64(0.08408545682158358),)","(np.float64(-121.4409483485127),)"
2451,"((5, 11), (10, 13), (10, 14), (12, 15), (13, 14))","(np.float64(0.1304079560613435), np.float64(0.08964213028811639), np.float64(0.12603251717784972), np.float64(0.08143160387662575), np.float64(0.08132897577551318))","(np.float64(-90.44408839309904), np.float64(-84.10224987043159), np.float64(-60.26789849108303), np.float64(-38.11246006440689), np.float64(23.83435137934856))"
2452,"((1, 15),)","(np.float64(0.026878099238476658),)","(np.float64(161.259112874602),)"
2453,"((0, 18), (3, 16))","(np.float64(0.1366688740115182), np.float64(0.1402784097497866))","(np.float64(24.34806246971067), np.float64(195.70527680554602))"
2454,"((12, 14), (9, 18))","(np.float64(0.11490668157405055), np.float64(0.11290321538266913))","(np.float64(-11.666630204969124), np.float64(40.45138494521717))"
2455,"((0, 16), (16, 18), (0, 3))","(np.float64(0.08955683362078547), np.float64(0.13026749936155343), np.float64(0.14003530712223855))","(np.float64(-15.025243631218729), np.float64(-22.991060339006054), np.float64(-46.01802560381128))"
2457,"((11, 17),)","(np.float64(0.13117492486607557),)","(np.float64(-149.48099809448112),)"
2458,"((14, 19), (11, 18))","(np.float64(0.08389011310546955), np.float64(0.11039519006259256))","(np.float64(-187.14780378272826), np.float64(-144.45198462240202))"
2459,"((6, 11), (15, 17))","(np.float64(0.11726057588967255), np.float64(0.139706712235092))","(np.float64(317.0919549818398), np.float64(152.73627754326208))"
2460,"((12, 13),)","(np.float64(0.11435843036240835),)","(np.float64(110.73332141952241),)"
2461,"((0, 1), (2, 3), (8, 19), (16, 18), (2, 13))","(np.float64(0.1227211429048207), np.float64(0.07009505547773981), np.float64(0.036688046904556855), np.float64(0.14013040834417748), np.float64(0.14962398691663104))","(np.float64(-319.69249486155604), np.float64(311.9481005744193), np.float64(-299.5918546794338), np.float64(-125.88548941562323), np.float64(-166.18767494944808))"
2462,"((7, 8), (12, 18))","(np.float64(0.12456377264110696), np.float64(0.1475925680001464))","(np.float64(298.16580469082254), np.float64(-65.65829983595393))"
2463,"((4, 18), (12, 14), (17, 19))","(np.float64(0.1085338876399287), np.float64(0.13655833965968397), np.float64(0.10966280421090577))","(np.float64(57.54293500190158), np.float64(-226.81275970597932), np.float64(1.7666599939923344))"
2465,"((6, 14),)","(np.float64(0.0849273726593945),)","(np.float64(152.5859486609108),)"
2466,"((12, 13),)","(np.float64(0.12652533639214342),)","(np.float64(41.191928254847824),)"
2467,"((3, 17), (4, 6), (11, 17), (2, 13))","(np.float64(0.10987269640173776), np.float64(0.13163495026975805), np.float64(0.1459688273771928), np.float64(0.14640617571120393))","(np.float64(31.575418842113265), np.float64(-71.56202511099178), np.float64(133.68931776388501), np.float64(144.01575705327753))"
2468,"((14, 15),)","(np.float64(0.1069855573415883),)","(np.float64(46.68122365713327),)"
2469,"((2, 12), (3, 9), (6, 14), (10, 14), (2, 8), (7, 19))","(np.float64(0.1083678711291343), np.float64(0.048273580851576084), np.float64(0.11866615795607975), np.float64(0.09295670222759181), np.float64(0.12633490181180937), np.float64(0.1482513228002497))","(np.float64(226.89839831465747), np.float64(203.7823445566833), np.float64(117.90589582336082), np.float64(-88.02641360870456), np.float64(160.35960174409138), np.float64(162.37610651053214))"
2471,"((3, 11),)","(np.float64(0.1377335949537886),)","(np.float64(122.8632210991779),)"
2472,"((12, 15), (12, 16), (14, 19))","(np.float64(0.14683953441011469), np.float64(0.04128186838180468), np.float64(0.13628464214592675))","(np.float64(-36.18374169288444), np.float64(-165.09964099845874), np.float64(-16.714544631171236))"
2473,"((0, 6), (6, 19), (7, 18), (7, 13))","(np.float64(0.13718619521665268), np.float64(0.12183386430788466), np.float64(0.11381817064525813), np.float64(0.12027864785070737))","(np.float64(-123.48152772170727), np.float64(115.73538903880328), np.float64(131.95856901768872), np.float64(243.0226339766287))"
2474,"((0, 14),)","(np.float64(0.09513960566648745),)","(np.float64(258.49247642622123),)"
2475,"((13, 16),)","(np.float64(0.11342967137679141),)","(np.float64(-66.27773013726096),)"
2476,"((10, 17),)","(np.float64(0.13448336519036574),)","(np.float64(-60.86367893014585),)"
2477,"((1, 15), (6, 18))","(np.float64(0.11536452886121472), np.float64(0.08922300205593833))","(np.float64(78.05547426838532), np.float64(133.01323108225046))"
2478,"((11, 19),)","(np.float64(0.09457860903281486),)","(np.float64(-200.3453458879735),)"
2480,"((2, 17), (10, 15))","(np.float64(0.148601908265144), np.float64(0.13978417856138067))","(np.float64(191.55447903136513), np.float64(-54.45033598590351))"
2481,"((2, 11), (3, 10), (10, 16))","(np.float64(0.14805028855748703), np.float64(0.10994434565718729), np.float64(0.14661203652935811))","(np.float64(-132.19383900810823), np.float64(205.752312371257), np.float64(-171.55839303744153))"
2482,"((5, 19), (8, 17))","(np.float64(0.11839768184304793), np.float64(0.07860812779839758))","(np.float64(-168.27168049325405), np.float64(-177.05710984299844))"
2483,"((7, 10), (4, 15))","(np.float64(0.03965221506485641), np.float64(0.133652041145316))","(np.float64(-70.74669302900281), np.float64(-209.3462111928996))"
2484,"((6, 11), (13, 14))","(np.float64(0.08795412248928137), np.float64(0.12735016807390637))","(np.float64(149.31025701161474), np.float64(42.939700810096156))"
2485,"((0, 4),)","(np.float64(0.1222382995546948),)","(np.float64(212.01959285427813),)"
2486,"((0, 5), (1, 14), (2, 15))","(np.float64(0.13623172943514292), np.float64(0.09923355744125023), np.float64(0.11207750076389024))","(np.float64(289.72927866573076), np.float64(-176.4657839110693), np.float64(-220.20856607451466))"
2487,"((0, 10), (5, 11), (5, 12))","(np.float64(0.13208722553551408), np.float64(0.015049374309725019), np.float64(0.1467954244401815))","(np.float64(198.11745862414006), np.float64(238.21306428883594), np.float64(-85.27902458362627))"
2488,"((12, 17),)","(np.float64(0.13716527648013216),)","(np.float64(-174.79086995817852),)"
2489,"((2, 6), (6, 13), (5, 18))","(np.float64(0.12884727605492508), np.float64(0.07255394736383416), np.float64(0.13695768750153955))","(np.float64(-146.2844336851414), np.float64(291.66941691334154), np.float64(-94.93048274738004))"
2490,"((7, 13),)","(np.float64(0.07984435142807385),)","(np.float64(182.37169252908893),)"
2493,"((11, 19),)","(np.float64(0.13236314821312237),)","(np.float64(-47.31872271760719),)"
2494,"((1, 7), (7, 10), (11, 14))","(np.float64(0.14687603414205727), np.float64(0.09371394960165644), np.float64(0.11070609131431247))","(np.float64(2.8608629319464853), np.float64(-29.66712870097689), np.float64(186.40682221516295))"
2495,"((2, 16), (5, 6), (8, 9), (11, 19), (3, 11), (2, 9), (2, 7))","(np.float64(0.14904686329073044), np.float64(0.034099232403832204), np.float64(0.11898033353576463), np.float64(0.11424138423328242), np.float64(0.1309621776354588), np.float64(0.1310591301114597), np.float64(0.12456349851111732))","(np.float64(1.6888640641545294), np.float64(-113.89032346712474), np.float64(-42.103016261841276), np.float64(-198.62996195811007), np.float64(-59.291279350238085), np.float64(-136.7841850964894), np.float64(-33.38438830681446))"
2496,"((2, 18), (5, 19), (7, 19), (4, 18))","(np.float64(0.0478671751902803), np.float64(0.06189496995426476), np.float64(0.11812876542757439), np.float64(0.13282430823912272))","(np.float64(165.17975754770862), np.float64(190.41620479629182), np.float64(152.45956617040508), np.float64(198.35091404471058))"
2497,"((1, 15), (3, 4), (8, 18))","(np.float64(0.12702095018760753), np.float64(0.1463554645000843), np.float64(0.1347943186296241))","(np.float64(184.58488777005834), np.float64(-47.95034992154109), np.float64(161.50151541238665))"
2498,"((7, 16), (6, 16))","(np.float64(0.1436165365212791), np.float64(0.14518128484019036))","(np.float64(-144.88013737792642), np.float64(257.56916001032187))"
2499,"((1, 3), (10, 17))","(np.float64(0.09523844237957732), np.float64(0.13760366060744691))","(np.float64(-61.91318715245177), np.float64(133.06887832189872))"
2500,"((0, 6), (1, 8), (2, 10), (3, 8), (11, 15), (15, 17), (15, 19), (14, 19))","(np.float64(0.1306344727567389), np.float64(0.14552671290991573), np.float64(0.1414176510540547), np.float64(0.12502293911070558), np.float64(0.10961964523437699), np.float64(0.13366182636412505), np.float64(0.13837347860837854), np.float64(0.1351335401900441))","(np.float64(267.4335981048824), np.float64(-129.37063421608747), np.float64(-77.06641520126124), np.float64(-53.30682427655), np.float64(-69.87400680330359), np.float64(159.47998413279333), np.float64(83.65318122933917), np.float64(118.04053613808145))"
2501,"((0, 3), (3, 8), (6, 9), (6, 14), (9, 14), (14, 18))","(np.float64(0.13917436473835992), np.float64(0.13362193950732362), np.float64(0.10060770923628914), np.float64(0.12673512323327482), np.float64(0.07469645447951793), np.float64(0.11712682597885543))","(np.float64(-7.386278615115373), np.float64(234.1999913163679), np.float64(312.36228660216057), np.float64(217.47325485260774), np.float64(-94.88903174955283), np.float64(-171.5905736958373))"
2502,"((1, 5), (7, 11), (7, 8))","(np.float64(0.12049945576890425), np.float64(0.02042481793802341), np.float64(0.11840542490363716))","(np.float64(-108.54203032278429), np.float64(150.2133994662804), np.float64(163.92909562885768))"
2503,"((3, 18), (4, 15), (11, 17), (13, 15), (7, 13))","(np.float64(0.1095723031051157), np.float64(0.1270076104985173), np.float64(0.0827300730877185), np.float64(0.09456555209510968), np.float64(0.13481745896455888))","(np.float64(66.6525579439126), np.float64(131.45259974687713), np.float64(0.6135058252928047), np.float64(40.89336113692718), np.float64(99.09299877130059))"
2504,"((4, 5),)","(np.float64(0.04142229535793862),)","(np.float64(263.10228343307085),)"
2505,"((5, 6), (4, 19))","(np.float64(0.08831456354379717), np.float64(0.1410747808834113))","(np.float64(-25.4114532349314), np.float64(-129.4114487474048))"
2507,"((4, 19),)","(np.float64(0.0893971582616471),)","(np.float64(-298.0460580717199),)"
2508,"((8, 9),)","(np.float64(0.1435590078936183),)","(np.float64(-55.598860912304986),)"
2509,"((9, 15), (5, 17))","(np.float64(0.09577552921262657), np.float64(0.1403229674453772))","(np.float64(115.15440877221852), np.float64(146.76017374437833))"
2510,"((1, 19), (3, 8), (2, 5), (8, 14), (2, 8), (8, 12))","(np.float64(0.06709145424310038), np.float64(0.09466487566897654), np.float64(0.14951858126721543), np.float64(0.0927463554845604), np.float64(0.0720382646012833), np.float64(0.11594452117490439))","(np.float64(57.78644627699066), np.float64(-64.62816191312021), np.float64(-128.1010873704609), np.float64(232.58384438342756), np.float64(-139.9126020656637), np.float64(-143.6842576276959))"
2511,"((0, 6), (9, 15), (13, 16), (5, 8), (2, 6))","(np.float64(0.10350121607958318), np.float64(0.09893719588608697), np.float64(0.0339218922130038), np.float64(0.13497501357249225), np.float64(0.13662285205985944))","(np.float64(141.17795617298486), np.float64(-24.688750794726786), np.float64(-72.6828286311312), np.float64(202.13368295778957), np.float64(195.63635062098274))"
2513,"((0, 8),)","(np.float64(0.12959463649685343),)","(np.float64(185.67828373169843),)"
2515,"((5, 7), (0, 8), (3, 18))","(np.float64(0.12526899520657686), np.float64(0.1377618945556027), np.float64(0.144594949166849))","(np.float64(-30.667030492776746), np.float64(38.210221560816365), np.float64(-246.67640125113138))"
2516,"((15, 19),)","(np.float64(0.14300867252403524),)","(np.float64(-191.94483904406547),)"
2517,"((12, 14),)","(np.float64(0.11496732014705077),)","(np.float64(-68.76955023185553),)"
2518,"((7, 19),)","(np.float64(0.1497061559605458),)","(np.float64(-210.57730415246058),)"
2519,"((1, 13), (1, 16), (4, 15), (8, 10), (12, 15), (13, 19), (11, 16), (5, 10))","(np.float64(0.13664732595795062), np.float64(0.10558275809658506), np.float64(0.13669718524342087), np.float64(0.07200994044420508), np.float64(0.08424453080354231), np.float64(0.1376272802293076), np.float64(0.13101776909260346), np.float64(0.14141489559534742))","(np.float64(93.07487014071859), np.float64(11.328707801140581), np.float64(-18.62454996718634), np.float64(-4.505115499336512), np.float64(-38.02702231668616), np.float64(-90.12833787601966), np.float64(-127.81413049431336), np.float64(191.1372263716952))"
2520,"((4, 12), (16, 17))","(np.float64(0.07040214612811196), np.float64(0.14935517835901546))","(np.float64(166.65557744901798), np.float64(-6.095317118803365))"
2521,"((15, 19),)","(np.float64(0.08123629593053243),)","(np.float64(-125.93176019129763),)"
2522,"((2, 3),)","(np.float64(0.05053170940117062),)","(np.float64(243.4591513867473),)"
2523,"((1, 19), (7, 19), (8, 11), (0, 13))","(np.float64(0.14831514935465168), np.float64(0.10045262474408767), np.float64(0.12745201933107694), np.float64(0.10042440583044944))","(np.float64(71.48954736943767), np.float64(-195.4203156979264), np.float64(26.28749395067814), np.float64(267.48879918355766))"
2524,"((5, 15), (12, 18), (0, 15))","(np.float64(0.09806174134600168), np.float64(0.08424954218963641), np.float64(0.12944272927314762))","(np.float64(197.49252677837796), np.float64(-108.69973114948226), np.float64(54.25544593532743))"
2526,"((1, 17), (1, 11))","(np.float64(0.1122742382854746), np.float64(0.14768643018732242))","(np.float64(101.73512601405804), np.float64(-62.74589841046429))"
2527,"((4, 13), (9, 12))","(np.float64(0.1206616080038731), np.float64(0.03997378617435359))","(np.float64(131.51323166139568), np.float64(-4.908086151381781))"
2528,"((6, 16),)","(np.float64(0.14670756448104047),)","(np.float64(-54.400623563246654),)"
2529,"((9, 11),)","(np.float64(0.12603534727894164),)","(np.float64(118.33207271653774),)"
2530,"((8, 14),)","(np.float64(0.05920817340569355),)","(np.float64(-106.41834788106843),)"
2532,"((1, 9), (6, 7), (7, 13), (3, 11), (0, 12))","(np.float64(0.11916479743871868), np.float64(0.12169472956242536), np.float64(0.11752984011723139), np.float64(0.14777588729970145), np.float64(0.112162365187262))","(np.float64(-104.42998588400303), np.float64(41.69827511060345), np.float64(-91.87510186501379), np.float64(165.5054058740758), np.float64(284.28836518047206))"
2533,"((9, 12), (0, 11), (2, 13), (0, 8))","(np.float64(0.12996454169442187), np.float64(0.13826510632499744), np.float64(0.14434812927024793), np.float64(0.14336578867037386))","(np.float64(-19.12445152725877), np.float64(226.04517815512855), np.float64(298.8347599799759), np.float64(223.3327044767551))"
2535,"((0, 6), (5, 15))","(np.float64(0.11376330735151215), np.float64(0.14694029869674546))","(np.float64(277.9339063823347), np.float64(180.44178838394976))"
2537,"((8, 19), (1, 12))","(np.float64(0.08885232327980219), np.float64(0.1455031158204814))","(np.float64(-206.80027299413106), np.float64(184.8097719140597))"
2539,"((13, 14),)","(np.float64(0.13817102425004463),)","(np.float64(-14.039822814054105),)"
2540,"((2, 10),)","(np.float64(0.08521638961963238),)","(np.float64(-80.82093195635875),)"
2542,"((1, 5), (14, 18), (7, 18))","(np.float64(0.08234492452673241), np.float64(0.05632277070817679), np.float64(0.0671776305332624))","(np.float64(157.3566501310546), np.float64(-42.08921406824129), np.float64(-167.42700223412345))"
2543,"((2, 17), (9, 15), (11, 16))","(np.float64(0.12007408108871888), np.float64(0.13597120936756887), np.float64(0.13062825098141304))","(np.float64(104.32620777908107), np.float64(-138.8201299581316), np.float64(-36.418907222991436))"
2544,"((5, 17),)","(np.float64(0.08542283379983759),)","(np.float64(74.36682921415581),)"
2545,"((3, 11), (5, 19))","(np.float64(0.12112487070290906), np.float64(0.13463893958760326))","(np.float64(220.62168735567167), np.float64(45.835268246213616))"
2546,"((3, 16), (7, 14))","(np.float64(0.109169908322232), np.float64(0.007893807279212416))","(np.float64(132.50027105371993), np.float64(180.55429024992702))"
2547,"((2, 10), (6, 9), (0, 11))","(np.float64(0.09991096210377612), np.float64(0.14728674193084434), np.float64(0.14859214419516786))","(np.float64(-180.03381069241968), np.float64(-37.61604798705844), np.float64(135.68394848668837))"
2548,"((8, 19),)","(np.float64(0.07441222677362246),)","(np.float64(160.42837415214692),)"
2549,"((1, 12), (2, 13), (5, 18), (2, 4))","(np.float64(0.0975153987222174), np.float64(0.13774742184084418), np.float64(0.14104307231240312), np.float64(0.13337093332500893))","(np.float64(168.86772158888925), np.float64(188.73718581742838), np.float64(-164.7580905552722), np.float64(-21.595588827764743))"
2550,"((8, 14), (10, 16))","(np.float64(0.09568408524874517), np.float64(0.14938703982370094))","(np.float64(-161.70568429274684), np.float64(-129.52879180686026))"
2552,"((1, 18), (2, 17))","(np.float64(0.12058718768004584), np.float64(0.12685106823388076))","(np.float64(101.55595084047422), np.float64(38.96880008733808))"
2553,"((2, 12), (3, 17))","(np.float64(0.1095688299243741), np.float64(0.09205438198242137))","(np.float64(183.9851690628294), np.float64(148.03722297707805))"
2555,"((4, 18),)","(np.float64(0.13610027437295277),)","(np.float64(-10.772518538193879),)"
2557,"((3, 13), (5, 16))","(np.float64(0.10088564904653342), np.float64(0.13864787745042859))","(np.float64(155.8838607891741), np.float64(152.51774314727322))"
2558,"((1, 5), (10, 17), (3, 13))","(np.float64(0.036964443116675155), np.float64(0.14861555255327072), np.float64(0.12221248121976276))","(np.float64(-77.4013286084529), np.float64(-172.63500460902185), np.float64(327.4552162340732))"
2559,"((6, 7), (8, 19), (11, 15), (14, 16), (7, 9), (2, 12))","(np.float64(0.06364089474768544), np.float64(0.09612240249445865), np.float64(0.13756244415259028), np.float64(0.08576722832087393), np.float64(0.10476249703789645), np.float64(0.13248651211539925))","(np.float64(49.80891810764166), np.float64(-20.410754838132277), np.float64(-5.687260051275416), np.float64(-55.27342968318942), np.float64(98.50167068312948), np.float64(140.30549472380304))"
2560,"((8, 11),)","(np.float64(0.028950256848869527),)","(np.float64(-17.80431327393734),)"
2563,"((4, 8),)","(np.float64(0.13212577531545175),)","(np.float64(233.34363451996427),)"
2564,"((3, 16),)","(np.float64(0.069409720643824),)","(np.float64(175.91945418659077),)"
2565,"((5, 13),)","(np.float64(0.09955928398612471),)","(np.float64(252.02472536450568),)"
2566,"((6, 19), (7, 18))","(np.float64(0.06499939707723491), np.float64(0.02566186497864995))","(np.float64(195.71954916426319), np.float64(202.0009859357649))"
2567,"((3, 16),)","(np.float64(0.14337699316615432),)","(np.float64(67.43147441617708),)"
2569,"((2, 13),)","(np.float64(0.14996106184019586),)","(np.float64(169.64768759071566),)"
2570,"((10, 16),)","(np.float64(0.06861037674324272),)","(np.float64(-50.065093592861615),)"
2571,"((3, 18),)","(np.float64(0.136478487249119),)","(np.float64(95.9215855707319),)"
2572,"((1, 19),)","(np.float64(0.022706601461200012),)","(np.float64(16.110403891250996),)"
2573,"((0, 13), (3, 19), (4, 5))","(np.float64(0.038733081637476935), np.float64(0.040453898440491715), np.float64(0.12832838223589008))","(np.float64(138.5502735612556), np.float64(126.91825362175484), np.float64(44.862173134067405))"
2575,"((4, 8),)","(np.float64(0.1323238145453342),)","(np.float64(186.70246869983873),)"
2576,"((0, 16), (2, 5), (2, 14))","(np.float64(0.13202736998916528), np.float64(0.09466408978802955), np.float64(0.12426015338818844))","(np.float64(142.0780519611321), np.float64(286.9589298553024), np.float64(195.37536342654357))"
2577,"((5, 7), (12, 15))","(np.float64(0.06993317043559139), np.float64(0.13969886917152105))","(np.float64(164.99503161919543), np.float64(-52.136465291531806))"
2578,"((4, 11),)","(np.float64(0.1440363005002407),)","(np.float64(-1.7745308799729287),)"
2579,"((0, 18), (9, 10), (12, 19))","(np.float64(0.11016221793841031), np.float64(0.1430981941787893), np.float64(0.08408709014058299))","(np.float64(95.04809378760442), np.float64(-22.281617405351938), np.float64(-103.3110511412718))"
2580,"((2, 6), (0, 13), (0, 12), (14, 18))","(np.float64(0.14948013672899846), np.float64(0.14158186680552115), np.float64(0.14546654786190324), np.float64(0.1441152221792673))","(np.float64(-0.6825375879863032), np.float64(-63.99519634809991), np.float64(-8.296698538902262), np.float64(-188.3587873681634))"
2581,"((0, 8),)","(np.float64(0.13957924152770365),)","(np.float64(317.56601676920604),)"
2583,"((4, 12), (14, 15))","(np.float64(0.1363279044320068), np.float64(0.1316742386548977))","(np.float64(189.54642667321275), np.float64(1.645121806286312))"
2584,"((17, 19), (6, 11), (1, 9))","(np.float64(0.12308914339178606), np.float64(0.13536394379958872), np.float64(0.14948699384465056))","(np.float64(33.61835050945808), np.float64(285.92748865180045), np.float64(272.99002371198867))"
2585,"((1, 13), (3, 14))","(np.float64(0.11559296956901954), np.float64(0.13845400122970566))","(np.float64(126.76443684212441), np.float64(148.1578597336745))"
2586,"((3, 9), (3, 11))","(np.float64(0.14101525732961545), np.float64(0.06793592499675029))","(np.float64(-106.06493849772676), np.float64(-62.9029069432147))"
2587,"((0, 3), (11, 19), (3, 14), (10, 15), (0, 10), (3, 17))","(np.float64(0.10851581012628295), np.float64(0.13594440200120989), np.float64(0.017555824431244167), np.float64(0.1093095294795852), np.float64(0.031347733378645), np.float64(0.12416475851281415))","(np.float64(254.3065502690327), np.float64(-166.5064422856649), np.float64(179.49182912532285), np.float64(-40.21842076932205), np.float64(196.9058211007968), np.float64(-205.3043694060671))"
2588,"((2, 11), (2, 18), (8, 9), (10, 18), (11, 18), (2, 12), (12, 18))","(np.float64(0.040164750167305883), np.float64(0.13894267011598524), np.float64(0.14278447635894942), np.float64(0.1461447490398006), np.float64(0.06896165381439681), np.float64(0.12850426980677063), np.float64(0.11255747671648268))","(np.float64(-137.90172523186848), np.float64(2.2049393722191724), np.float64(37.32520915325364), np.float64(137.51587973482924), np.float64(95.60889238729078), np.float64(-146.7842990691904), np.float64(146.44739522081807))"
2589,"((1, 6), (6, 11))","(np.float64(0.13780521484965802), np.float64(0.1305300384424889))","(np.float64(-63.99377878628752), np.float64(253.4455999491052))"
2590,"((9, 19),)","(np.float64(0.12156344621088899),)","(np.float64(-209.53019385034057),)"
2591,"((14, 15),)","(np.float64(0.14285036165758594),)","(np.float64(-128.44941131971657),)"
2592,"((17, 19),)","(np.float64(0.06420209174812673),)","(np.float64(-57.32828968909598),)"
2593,"((0, 19), (4, 8), (11, 17))","(np.float64(0.1000250648065014), np.float64(0.13957149075415873), np.float64(0.11155828008381692))","(np.float64(31.915822056459632), np.float64(214.9990400944771), np.float64(-167.20969054283995))"
2594,"((0, 17), (8, 12), (9, 19))","(np.float64(0.08415692488062647), np.float64(0.073683683388594), np.float64(0.1394945910410506))","(np.float64(51.06270261880604), np.float64(-94.00960930569289), np.float64(-210.63437058032844))"
2595,"((1, 14), (15, 16))","(np.float64(0.07694298175123593), np.float64(0.1389943711218632))","(np.float64(197.10869920188486), np.float64(0.03602383066112225))"
2598,"((4, 11),)","(np.float64(0.10830622754841725),)","(np.float64(-158.0980156884076),)"
2599,"((12, 16),)","(np.float64(0.09074948739616612),)","(np.float64(-141.37354160324873),)"
2600,"((3, 17), (1, 17), (6, 15))","(np.float64(0.13581086291302114), np.float64(0.0393469640233424), np.float64(0.11074445585428037))","(np.float64(128.98637927719088), np.float64(138.96101613441724), np.float64(-158.02929253151393))"
2602,"((3, 13), (3, 14), (5, 11), (5, 18))","(np.float64(0.11850059481916442), np.float64(0.09748657302990776), np.float64(0.14608015180669034), np.float64(0.14335825547068706))","(np.float64(132.89519941435816), np.float64(49.19087598881907), np.float64(111.77481509879271), np.float64(85.35347529354772))"
2603,"((12, 14),)","(np.float64(0.05558327718463416),)","(np.float64(-64.82633104752881),)"
2605,"((17, 19), (7, 11))","(np.float64(0.12779373705088679), np.float64(0.11946962808340754))","(np.float64(-9.627490157150447), np.float64(136.25834455246422))"
2606,"((1, 16), (7, 10), (1, 7), (1, 10), (10, 16), (4, 11), (1, 11), (4, 16))","(np.float64(0.1107406412307812), np.float64(0.14925195991731405), np.float64(0.06210243035385277), np.float64(0.10860198954232299), np.float64(0.12684567917059786), np.float64(0.10995715275310994), np.float64(0.12316863117913242), np.float64(0.1118563400714164))","(np.float64(0.5284504915585444), np.float64(-27.844511990083674), np.float64(272.5916305007906), np.float64(-115.96622558643054), np.float64(-256.71110415992405), np.float64(-20.12609676167176), np.float64(239.73373751952266), np.float64(-168.11865543828128))"
2607,"((9, 18),)","(np.float64(0.1412025059683783),)","(np.float64(-211.16437780271912),)"
2608,"((10, 18), (11, 12), (5, 12), (4, 12))","(np.float64(0.03447789193804816), np.float64(0.09641780994898713), np.float64(0.013442693019322797), np.float64(0.13090526681348205))","(np.float64(-206.41111431422743), np.float64(41.00676751110183), np.float64(232.60201564888138), np.float64(168.3950016776521))"
2609,"((7, 13), (18, 19))","(np.float64(0.08564286580424467), np.float64(0.14007731626248257))","(np.float64(-126.17887589177207), np.float64(41.259308639596924))"
2610,"((8, 17), (13, 19))","(np.float64(0.10054897185289746), np.float64(0.10507080867885127))","(np.float64(-135.81602108268845), np.float64(-101.4478649505541))"
2612,"((9, 19), (1, 11))","(np.float64(0.03313186398600285), np.float64(0.13484191831188286))","(np.float64(144.06711382799082), np.float64(228.65581948248996))"
2613,"((5, 14), (7, 8))","(np.float64(0.13003038901692832), np.float64(0.1490688512320964))","(np.float64(176.93275098358413), np.float64(-57.982778735297984))"
2614,"((11, 12),)","(np.float64(0.1264024499972819),)","(np.float64(39.168774513122685),)"
2615,"((1, 6),)","(np.float64(0.08587711338476997),)","(np.float64(189.84211323868408),)"
2616,"((8, 18), (18, 19), (9, 14))","(np.float64(0.13340821380027157), np.float64(0.07731732059621815), np.float64(0.13646981096343233))","(np.float64(-198.34843571715098), np.float64(-1.2824164115710062), np.float64(81.5249622795983))"
2618,"((5, 9),)","(np.float64(0.11559270385962542),)","(np.float64(-6.835652778033705),)"
2619,"((1, 11), (8, 18))","(np.float64(0.12629475245060798), np.float64(0.07971357936417796))","(np.float64(-167.09479433972365), np.float64(202.2227443228304))"
2621,"((1, 13),)","(np.float64(0.09587019606009617),)","(np.float64(213.1378375640508),)"
2622,"((1, 13), (4, 10), (13, 18), (1, 9))","(np.float64(0.14229630377107808), np.float64(0.033162014677515), np.float64(0.09992917505537748), np.float64(0.14758882312492105))","(np.float64(116.15133313575214), np.float64(176.89968362454414), np.float64(-88.8522778066187), np.float64(158.66860621171085))"
2624,"((0, 18), (1, 2), (6, 11), (0, 14))","(np.float64(0.13496490220100335), np.float64(0.10723130868014298), np.float64(0.1320678359434946), np.float64(0.1389838611227384))","(np.float64(53.80593124760182), np.float64(-32.58196880235252), np.float64(155.25324720104584), np.float64(101.47789802448813))"
2625,"((12, 13),)","(np.float64(0.11125370192099875),)","(np.float64(-53.07813460471567),)"
2626,"((2, 10), (12, 14), (8, 12), (3, 8), (4, 19))","(np.float64(0.05761254050546571), np.float64(0.0617014680861463), np.float64(0.08589205357317614), np.float64(0.14910763419187667), np.float64(0.13397299848393848))","(np.float64(151.432069872116), np.float64(-74.3995799300584), np.float64(-110.97207010806608), np.float64(106.88498895471866), np.float64(-119.84956093391204))"
2628,"((4, 5),)","(np.float64(0.14366928930541073),)","(np.float64(-44.547020472668464),)"
2630,"((0, 13),)","(np.float64(0.12007198258494826),)","(np.float64(123.72790555272721),)"
2631,"((0, 6), (6, 15))","(np.float64(0.1342954875219609), np.float64(0.08844240116123073))","(np.float64(-79.45942772383728), np.float64(166.63740018578926))"
2632,"((4, 8), (11, 18), (8, 17))","(np.float64(0.06879425433570108), np.float64(0.13349197600279186), np.float64(0.14535484304263455))","(np.float64(249.211475139301), np.float64(158.60122082783946), np.float64(-209.57958986621597))"
2633,"((0, 8),)","(np.float64(0.13763034259146428),)","(np.float64(-117.11712764453358),)"
2634,"((3, 10), (11, 19))","(np.float64(0.0296882986120475), np.float64(0.05082794774254324))","(np.float64(102.37889762964193), np.float64(-159.69677107984788))"
2635,"((0, 8), (11, 19))","(np.float64(0.08917296678062865), np.float64(0.1489347226348179))","(np.float64(-115.68823165774717), np.float64(-190.23900069523916))"
2636,"((3, 12), (9, 19))","(np.float64(0.1483787911679638), np.float64(0.14252454017440602))","(np.float64(-126.20309650088899), np.float64(187.19091416491375))"
2637,"((2, 6),)","(np.float64(0.1299750978701025),)","(np.float64(267.45776494356824),)"
2638,"((1, 8), (9, 16), (11, 17))","(np.float64(0.07409954953682497), np.float64(0.13587667681331259), np.float64(0.12802512272135474))","(np.float64(-153.20047232522538), np.float64(-172.436767112069), np.float64(-60.33856968732806))"
2639,"((0, 3), (3, 4), (1, 10), (0, 11))","(np.float64(0.12272977353034482), np.float64(0.1103283947528473), np.float64(0.07422316793408355), np.float64(0.1245011406438961))","(np.float64(-100.51253698230084), np.float64(-9.355654026463867), np.float64(-107.14019271879687), np.float64(86.73017673173439))"
2643,"((6, 16), (10, 17), (1, 4), (3, 15))","(np.float64(0.13601439577979407), np.float64(0.10322143578123824), np.float64(0.11969619465823232), np.float64(0.13729720099879633))","(np.float64(-163.3658069370504), np.float64(-87.56438666696783), np.float64(-15.71597740718289), np.float64(-208.73577049834216))"
2644,"((0, 6), (0, 19), (2, 5), (2, 19), (12, 17))","(np.float64(0.1381602548804143), np.float64(0.11482725541351267), np.float64(0.14647187388197483), np.float64(0.11852942934992547), np.float64(0.14716349027023334))","(np.float64(-100.93292608384422), np.float64(13.538994090879868), np.float64(-99.32589704066484), np.float64(2.9632450020670262), np.float64(286.77792330748235))"
2645,"((2, 6),)","(np.float64(0.12966709393498838),)","(np.float64(-80.03788799504042),)"
2646,"((3, 6), (6, 8), (5, 12))","(np.float64(0.08347337700249252), np.float64(0.12107455798467648), np.float64(0.14767608495722007))","(np.float64(-90.86482140753623), np.float64(319.8847843953543), np.float64(237.38891657372898))"
2648,"((5, 15),)","(np.float64(0.12572984783362737),)","(np.float64(-333.58778740652633),)"
2650,"((4, 11), (8, 18), (3, 9), (0, 8), (8, 19))","(np.float64(0.08500143352760825), np.float64(0.11778498300446434), np.float64(0.14404458534837056), np.float64(0.12472796080004246), np.float64(0.11083469683057835))","(np.float64(193.4153060669296), np.float64(-136.35802711635057), np.float64(253.4598288567027), np.float64(280.08048501092384), np.float64(101.74661777066365))"
2651,"((4, 11),)","(np.float64(0.13667724283040483),)","(np.float64(142.07425797831422),)"
2652,"((6, 19), (9, 16))","(np.float64(0.06128031395256301), np.float64(0.1480466932197338))","(np.float64(-164.77369224663232), np.float64(-181.9767385227654))"
2654,"((2, 4), (2, 11), (6, 12), (6, 18), (7, 15), (7, 16), (8, 16), (12, 18), (7, 18))","(np.float64(0.11672157801891714), np.float64(0.06022788218209329), np.float64(0.12878741621654133), np.float64(0.0834085981118028), np.float64(0.06989964238425954), np.float64(0.1394656667526608), np.float64(0.11989974836198454), np.float64(0.05533282217801178), np.float64(0.11228101698102978))","(np.float64(224.03182736771794), np.float64(121.60144990626219), np.float64(-98.75692190294484), np.float64(-170.83095465245765), np.float64(-151.5380761570226), np.float64(-202.5058830044598), np.float64(-196.2673621257195), np.float64(-72.07403274951281), np.float64(-144.91608387821685))"
2655,"((7, 14), (6, 14), (15, 19))","(np.float64(0.06500458581329033), np.float64(0.13165197475733334), np.float64(0.1378125303275334))","(np.float64(143.5146130979939), np.float64(118.38960067596474), np.float64(-63.24503450528488))"
2656,"((1, 16), (15, 19))","(np.float64(0.10075096398807948), np.float64(0.09876322150087065))","(np.float64(-240.12229230159517), np.float64(-58.9867924340945))"
2657,"((2, 11),)","(np.float64(0.1338337764032869),)","(np.float64(-132.92952656845796),)"
2658,"((4, 10),)","(np.float64(0.1388212856614803),)","(np.float64(-30.518902335794166),)"
2659,"((2, 11), (8, 14))","(np.float64(0.03330375545721261), np.float64(0.09380007895524166))","(np.float64(145.69352664975474), np.float64(-172.42602652704616))"
2660,"((0, 10), (4, 12))","(np.float64(0.101331801560873), np.float64(0.14288450157533245))","(np.float64(183.81336005910055), np.float64(-175.78309769832833))"
2661,"((16, 18),)","(np.float64(0.1324762145042496),)","(np.float64(145.10557618856774),)"
2663,"((11, 19), (3, 9))","(np.float64(0.13814428709924856), np.float64(0.13378206001249646))","(np.float64(-108.56565751458655), np.float64(172.2591491292833))"
2664,"((3, 6), (0, 5))","(np.float64(0.11401999438251349), np.float64(0.14326961870635752))","(np.float64(-79.16943304878066), np.float64(242.80179457913852))"
2665,"((3, 8), (3, 18), (8, 12), (10, 19))","(np.float64(0.13596257913357046), np.float64(0.11298822572076132), np.float64(0.10164114192493816), np.float64(0.08681795518826803))","(np.float64(281.4479473120373), np.float64(98.58249665329728), np.float64(-102.62735081735775), np.float64(-195.28879267632067))"
2666,"((0, 11), (5, 8), (11, 18))","(np.float64(0.06342986663050959), np.float64(0.10439799674780847), np.float64(0.1480790004771443))","(np.float64(-174.6046755268705), np.float64(38.86185025015908), np.float64(91.74793277106315))"
2667,"((1, 4), (8, 13), (10, 16), (3, 11))","(np.float64(0.005834813725025355), np.float64(0.13253625504250452), np.float64(0.12942399262309254), np.float64(0.13652297028982777))","(np.float64(226.60577506194835), np.float64(9.131459059719873), np.float64(-172.02192434751976), np.float64(292.5770788876316))"
2668,"((1, 13), (6, 15), (9, 15), (15, 19), (16, 17))","(np.float64(0.0769853602447155), np.float64(0.12470947794513151), np.float64(0.10923090910361019), np.float64(0.10203114207485629), np.float64(0.11361468770017971))","(np.float64(223.09500059636275), np.float64(-117.6592569135484), np.float64(-33.019466478762695), np.float64(-159.18124942957377), np.float64(-4.680041573856727))"
2669,"((5, 18), (7, 11), (13, 18), (1, 11))","(np.float64(0.06338810942067223), np.float64(0.12911768601707888), np.float64(0.13671961999568955), np.float64(0.14882357612435126))","(np.float64(-175.4766770194168), np.float64(9.497556427036216), np.float64(-146.15950361121844), np.float64(193.54945305333268))"
2670,"((1, 12), (8, 14), (14, 19))","(np.float64(0.01586638156691442), np.float64(0.12291381418481705), np.float64(0.14580384498645968))","(np.float64(245.13018852794528), np.float64(249.49109893128878), np.float64(-193.15282845881342))"
2671,"((13, 16),)","(np.float64(0.14466783875763575),)","(np.float64(3.045654131856139),)"
2672,"((0, 17), (9, 19), (13, 18), (16, 18), (3, 17), (0, 11), (1, 10))","(np.float64(0.08422492738112454), np.float64(0.06612216418633987), np.float64(0.07798032569083999), np.float64(0.10303346253745843), np.float64(0.06799924110298128), np.float64(0.12149103101153656), np.float64(0.14946414129064095))","(np.float64(97.64446377134499), np.float64(-204.24016512565532), np.float64(-180.39582781298185), np.float64(-109.25788254394553), np.float64(53.81040528907312), np.float64(128.25645665864408), np.float64(194.21059870793914))"
2673,"((0, 16), (13, 18))","(np.float64(0.12919907230354882), np.float64(0.08742134325862273))","(np.float64(48.49885620643147), np.float64(44.38673260012794))"
2674,"((4, 12), (5, 15), (5, 11), (11, 16), (5, 16))","(np.float64(0.04885594772631832), np.float64(0.1017994190490883), np.float64(0.09278043138042269), np.float64(0.11915170114047284), np.float64(0.09635956739903773))","(np.float64(200.34485363870732), np.float64(149.83213648126178), np.float64(236.1042700907654), np.float64(-125.51507249509507), np.float64(102.69313283736955))"
2675,"((6, 18), (7, 15), (10, 12), (1, 16))","(np.float64(0.05534961942387883), np.float64(0.12926429704678774), np.float64(0.13200698382650303), np.float64(0.1498859701042054))","(np.float64(-263.2504705086295), np.float64(7.034877047414227), np.float64(6.565265848616036), np.float64(342.9296545980005))"
2676,"((0, 6), (12, 18))","(np.float64(0.1301583480936331), np.float64(0.11868983813760946))","(np.float64(214.54150011479044), np.float64(-92.63759593209409))"
2677,"((4, 11), (9, 17), (11, 19), (6, 14))","(np.float64(0.010174735469500859), np.float64(0.11701928666599305), np.float64(0.11569094495186268), np.float64(0.14183531600860033))","(np.float64(188.7731559871636), np.float64(-147.07400557530468), np.float64(-143.97866662960138), np.float64(-68.55342281806361))"
2679,"((3, 14), (4, 7))","(np.float64(0.07975884545619509), np.float64(0.13439527572843873))","(np.float64(199.28426866951958), np.float64(3.483997909111224))"
2680,"((9, 14),)","(np.float64(0.11955179210887117),)","(np.float64(238.30388948938167),)"
2681,"((1, 16), (2, 19), (7, 17))","(np.float64(0.10162178556133891), np.float64(0.14244721039704786), np.float64(0.14559024510957552))","(np.float64(103.06372496083947), np.float64(56.38026656225796), np.float64(-158.8065646267725))"
2682,"((1, 17), (4, 18), (12, 19))","(np.float64(0.14249595621931213), np.float64(0.13641046410102825), np.float64(0.12717698738328173))","(np.float64(163.44706517120926), np.float64(162.52469178461757), np.float64(-131.1430015359171))"
2683,"((5, 9), (11, 19))","(np.float64(0.12220209297574745), np.float64(0.14866174390136985))","(np.float64(-108.2095631612338), np.float64(-158.24829408053512))"
2684,"((1, 16), (11, 16))","(np.float64(0.04182967458815269), np.float64(0.1435222856394407))","(np.float64(111.15821191206825), np.float64(-51.177671905654734))"
2685,"((0, 17),)","(np.float64(0.13954757305195406),)","(np.float64(41.88788205087417),)"
2686,"((2, 7), (1, 14), (1, 8))","(np.float64(0.06828412320828499), np.float64(0.143446075577131), np.float64(0.10319253196695376))","(np.float64(-78.15362176663024), np.float64(182.1448466423488), np.float64(164.99241331538792))"
2687,"((2, 17), (8, 19), (9, 17), (6, 19))","(np.float64(0.09875272237813768), np.float64(0.11842476779853305), np.float64(0.07464561751663804), np.float64(0.10675594823616788))","(np.float64(14.082014556220827), np.float64(-229.5920704886114), np.float64(-217.46311860166753), np.float64(-208.09737671838906))"
2688,"((2, 6),)","(np.float64(0.10808225884610344),)","(np.float64(338.18578066793435),)"
2691,"((9, 13), (4, 13))","(np.float64(0.08798532131966356), np.float64(0.14570527291547836))","(np.float64(-308.83228248663073), np.float64(229.03401260078738))"
2692,"((6, 7), (10, 14), (0, 14))","(np.float64(0.10276860621458142), np.float64(0.09748180207815732), np.float64(0.14516834762624042))","(np.float64(22.78468359932498), np.float64(133.13199365305826), np.float64(305.39962476004064))"
2693,"((5, 9),)","(np.float64(0.11461011082708587),)","(np.float64(25.95510940209914),)"
2697,"((0, 17), (13, 14))","(np.float64(0.1013418721005075), np.float64(0.12319149748877474))","(np.float64(87.4415728832814), np.float64(50.70655009451849))"
2698,"((0, 8), (2, 3), (2, 11), (3, 11), (10, 15))","(np.float64(0.06670175850894572), np.float64(0.13998278379825435), np.float64(0.06574233540747385), np.float64(0.10007478566731154), np.float64(0.14586448184710507))","(np.float64(217.9645637738735), np.float64(-67.41902035119108), np.float64(182.9107239273937), np.float64(250.32974427858477), np.float64(-138.86416694177024))"
2699,"((0, 11), (5, 10), (7, 13), (9, 14))","(np.float64(0.13826713907770913), np.float64(0.13103982181358523), np.float64(0.031246374434145283), np.float64(0.1486063407672092))","(np.float64(172.04985602168875), np.float64(320.4197587938963), np.float64(191.1129394034466), np.float64(125.13241211908974))"
2700,"((1, 12),)","(np.float64(0.14328303206619514),)","(np.float64(107.01186079654616),)"
2701,"((3, 13),)","(np.float64(0.12259838782624448),)","(np.float64(182.59212643691427),)"
2702,"((2, 3),)","(np.float64(0.12306134900789875),)","(np.float64(-45.67146023717203),)"
2704,"((13, 19),)","(np.float64(0.03488592890759501),)","(np.float64(-192.76036362400862),)"
2705,"((0, 12), (8, 15))","(np.float64(0.0938879574225276), np.float64(0.13610272399964946))","(np.float64(174.39674730992272), np.float64(-92.46761604823627))"
2706,"((0, 1), (9, 18), (12, 18), (0, 12), (0, 13))","(np.float64(0.11621053834211256), np.float64(0.05447644437981471), np.float64(0.11965294889400899), np.float64(0.13678735139743378), np.float64(0.11832844019126222))","(np.float64(-16.79843583779757), np.float64(-203.8309383467024), np.float64(-139.978886415514), np.float64(180.83643330087386), np.float64(176.518248561196))"
2707,"((5, 17), (6, 17), (10, 12))","(np.float64(0.12073124732531677), np.float64(0.07176107617210488), np.float64(0.14167140458612704))","(np.float64(183.71967091083343), np.float64(197.44550714770878), np.float64(-3.3426357474521637))"
2708,"((8, 12),)","(np.float64(0.11750762331617451),)","(np.float64(82.283806958002),)"
2709,"((3, 16),)","(np.float64(0.10598205227808329),)","(np.float64(167.06638734046197),)"
2710,"((0, 1), (6, 17), (3, 13))","(np.float64(0.12748387918998175), np.float64(0.1242430760655168), np.float64(0.1445632143194148))","(np.float64(-66.12708867735114), np.float64(89.77191032809168), np.float64(211.62181310036902))"
2711,"((5, 13),)","(np.float64(0.13165630889696112),)","(np.float64(-70.37000426099269),)"
2713,"((6, 8), (7, 19), (6, 19))","(np.float64(0.12541787439235821), np.float64(0.0689354600194961), np.float64(0.11525795056692552))","(np.float64(-28.496131630187676), np.float64(-217.78456554010364), np.float64(-297.72705362243397))"
2714,"((1, 12), (6, 16), (15, 18), (4, 18))","(np.float64(0.14512330027904924), np.float64(0.0775175651672271), np.float64(0.05566381365105301), np.float64(0.12762662080335377))","(np.float64(150.52871981437454), np.float64(178.98929918220557), np.float64(-128.95259989030592), np.float64(-253.9822087997935))"
2716,"((0, 9), (0, 16), (0, 17), (1, 12), (5, 7), (16, 17))","(np.float64(0.06380037499317319), np.float64(0.11712223604241237), np.float64(0.1319030618690115), np.float64(0.13517907255691505), np.float64(0.13957773592070052), np.float64(0.015133115362746006))","(np.float64(241.99786863672676), np.float64(185.2075411653367), np.float64(184.34721248346767), np.float64(183.48923091944903), np.float64(287.617840082939), np.float64(-0.8603286818690208))"
2717,"((4, 6), (6, 12))","(np.float64(0.1498060035930297), np.float64(0.14915790938978002))","(np.float64(-26.110547044324278), np.float64(182.76126543566437))"
2720,"((0, 10), (1, 14))","(np.float64(0.11462766142805741), np.float64(0.10415800099669548))","(np.float64(176.46066376103136), np.float64(206.99855183522845))"
2721,"((1, 12),)","(np.float64(0.14109297949879399),)","(np.float64(56.11995704089583),)"
2722,"((7, 14), (1, 14), (1, 9))","(np.float64(0.11361903099000904), np.float64(0.14045354948785402), np.float64(0.13097765884566215))","(np.float64(-86.62978760318879), np.float64(88.61787001586492), np.float64(215.20419593329865))"
2723,"((3, 6), (5, 14), (9, 12))","(np.float64(0.11857927796653894), np.float64(0.0730232253060199), np.float64(0.14872270428928072))","(np.float64(-65.47466446034764), np.float64(146.03510146534188), np.float64(145.73868653012482))"
2724,"((0, 15), (4, 7), (4, 9), (7, 9), (7, 12))","(np.float64(0.09057764694275361), np.float64(0.07254942049837529), np.float64(0.029260694341485826), np.float64(0.09762925999413351), np.float64(0.09647916979373865))","(np.float64(124.25389666338185), np.float64(-37.83739997291127), np.float64(6.284064242464183), np.float64(44.121464215375454), np.float64(223.26399387296374))"
2725,"((2, 17), (3, 19))","(np.float64(0.12053887287131763), np.float64(0.09536225074533312))","(np.float64(83.76472683345685), np.float64(120.16180874124956))"
2726,"((1, 5), (11, 15))","(np.float64(0.11881003564475924), np.float64(0.10250349219931568))","(np.float64(247.3968831759645), np.float64(14.861625410705017))"
2727,"((1, 14), (6, 19))","(np.float64(0.09421791143989079), np.float64(0.110515940973381))","(np.float64(166.46815685052428), np.float64(-41.9039270235113))"
2728,"((9, 12), (13, 15), (4, 15), (1, 13))","(np.float64(0.07856439791210851), np.float64(0.10142522961578189), np.float64(0.122205972400068), np.float64(0.14608688000009318))","(np.float64(37.130617491912176), np.float64(-41.158353268988975), np.float64(-183.2896548012236), np.float64(-183.51745727868496))"
2729,"((4, 8), (13, 14), (4, 18))","(np.float64(0.10850080573998935), np.float64(0.12428212435374195), np.float64(0.1486399055877086))","(np.float64(24.40068161429531), np.float64(-65.17540856851195), np.float64(111.98672865760301))"
2730,"((3, 9), (7, 11), (4, 14), (4, 11))","(np.float64(0.09111128226147944), np.float64(0.09842806664526758), np.float64(0.10571889771502781), np.float64(0.14445567924996072))","(np.float64(212.10514122126176), np.float64(248.15131736271508), np.float64(-154.88769583736257), np.float64(-37.03706154562076))"
2732,"((3, 16),)","(np.float64(0.143493350612959),)","(np.float64(177.13366734150316),)"
2733,"((10, 18), (6, 19))","(np.float64(0.10041781420819594), np.float64(0.14774634437297046))","(np.float64(-209.05404830231106), np.float64(-229.67293304068653))"
2734,"((7, 13), (12, 19), (13, 16), (9, 15))","(np.float64(0.08069168461598633), np.float64(0.008604310587640402), np.float64(0.12808212139242403), np.float64(0.1396557390845929))","(np.float64(-197.48407578466572), np.float64(18.880062857266694), np.float64(3.7964838846786506), np.float64(150.27513349927784))"
2735,"((2, 17), (3, 7), (4, 11), (12, 18), (1, 11))","(np.float64(0.038961003736294096), np.float64(0.11198058267953953), np.float64(0.1251986015562241), np.float64(0.12404665379964153), np.float64(0.14687727943879675))","(np.float64(225.06706922115058), np.float64(244.0501202912008), np.float64(238.546894567415), np.float64(-197.1655470744618), np.float64(193.98658446892517))"
2736,"((3, 19), (9, 14))","(np.float64(0.08078116280456257), np.float64(0.12156526341344916))","(np.float64(-308.3912249622661), np.float64(-23.45246777412075))"
2738,"((9, 15),)","(np.float64(0.12695098242212477),)","(np.float64(-198.89326224094754),)"
2740,"((10, 19),)","(np.float64(0.14387190496206662),)","(np.float64(-179.16831385431828),)"
2741,"((14, 16), (1, 8), (0, 7))","(np.float64(0.04466414083186181), np.float64(0.12336063596303294), np.float64(0.11743261646295142))","(np.float64(151.21228940499685), np.float64(-83.68031051836294), np.float64(-42.27230403651504))"
2743,"((1, 3), (8, 12), (3, 6), (0, 8))","(np.float64(0.11661224275896348), np.float64(0.147435221285096), np.float64(0.11687817706866002), np.float64(0.12032580978654009))","(np.float64(-15.561067639800598), np.float64(25.526845337363625), np.float64(-46.85989082601458), np.float64(162.004420747869))"
2744,"((7, 10), (0, 12), (0, 16))","(np.float64(0.12405462803500292), np.float64(0.11191571879756475), np.float64(0.14830227591092296))","(np.float64(306.15028600848063), np.float64(116.50696080891555), np.float64(157.57242282986164))"
2745,"((0, 5), (2, 3), (3, 19), (5, 11), (7, 8))","(np.float64(0.12503076475726663), np.float64(0.07237948172095335), np.float64(0.09463924385586961), np.float64(0.11975177224188792), np.float64(0.14431454744495104))","(np.float64(-123.78285419434252), np.float64(-23.81876919749203), np.float64(111.29941501306462), np.float64(159.93802680036293), np.float64(66.0763773674982))"
2746,"((1, 6), (5, 15))","(np.float64(0.08962178180230401), np.float64(0.13889942196448118))","(np.float64(231.43580314762733), np.float64(173.44832363314623))"
2747,"((10, 13), (3, 15), (3, 18))","(np.float64(0.11885994400054091), np.float64(0.1377653865438574), np.float64(0.10531501218181948))","(np.float64(-73.83401859826819), np.float64(98.13539649304528), np.float64(56.032999856361414))"
2748,"((0, 19), (10, 15))","(np.float64(0.14951807032859524), np.float64(0.14853853262423727))","(np.float64(18.113187423340833), np.float64(-84.33539920649366))"
2749,"((2, 5), (5, 9))","(np.float64(0.01786035365778079), np.float64(0.10125734788527946))","(np.float64(-3.6774350135178793), np.float64(131.535192122931))"
2750,"((2, 15), (14, 18))","(np.float64(0.11155482515755735), np.float64(0.12040555733270314))","(np.float64(-191.60021498729287), np.float64(-111.47217712162637))"
2752,"((6, 12),)","(np.float64(0.11536716082465494),)","(np.float64(-116.24488912401603),)"
2753,"((4, 16),)","(np.float64(0.12732839760312645),)","(np.float64(-185.9649700707738),)"
2755,"((2, 14),)","(np.float64(0.1468980141438631),)","(np.float64(172.88804148993347),)"
2756,"((9, 15),)","(np.float64(0.11981960360192691),)","(np.float64(21.618564205828932),)"
2757,"((0, 6), (5, 14), (7, 12))","(np.float64(0.13714699427761828), np.float64(0.062164318176763544), np.float64(0.13502909730601645))","(np.float64(327.9307500543596), np.float64(166.14690262249252), np.float64(-161.22438248016454))"
2758,"((0, 10),)","(np.float64(0.144503751674796),)","(np.float64(209.4156785949869),)"
2759,"((10, 15), (14, 16))","(np.float64(0.12478165207358786), np.float64(0.11382648727679173))","(np.float64(221.65692221001206), np.float64(33.03084777154589))"
2760,"((10, 19), (9, 15))","(np.float64(0.09923314659291349), np.float64(0.13747717470747506))","(np.float64(-186.4788958644558), np.float64(212.43131849025923))"
2761,"((0, 9), (0, 14), (2, 13), (8, 10), (9, 14))","(np.float64(0.09732639651280538), np.float64(0.014374038004993952), np.float64(0.1198350602050356), np.float64(0.1090342254652246), np.float64(0.11138863343330768))","(np.float64(-71.9592961661777), np.float64(120.12256724694907), np.float64(176.31461237582062), np.float64(-318.524351556431), np.float64(192.08186341312677))"
2763,"((0, 9), (2, 18), (8, 11))","(np.float64(0.12583875064306646), np.float64(0.09372081101799425), np.float64(0.07322582404809394))","(np.float64(167.58617277919677), np.float64(48.68673780395494), np.float64(41.58639563941324))"
2764,"((3, 13),)","(np.float64(0.135556099212571),)","(np.float64(181.81681567130653),)"
2765,"((4, 17),)","(np.float64(0.08691982587027457),)","(np.float64(62.35997936681835),)"
2766,"((7, 8), (0, 7), (0, 8))","(np.float64(0.12268282996585347), np.float64(0.1263220531331172), np.float64(0.09090308101906962))","(np.float64(2.9567082495310615), np.float64(-110.01334995258344), np.float64(-110.3388308934401))"
2767,"((6, 19), (10, 19))","(np.float64(0.08334895504752211), np.float64(0.14900664938595143))","(np.float64(-160.75721776553752), np.float64(-201.77228820835592))"
2768,"((5, 19), (5, 16), (4, 10))","(np.float64(0.05982893054952822), np.float64(0.13433525469157198), np.float64(0.12355838141189857))","(np.float64(-174.07841848017665), np.float64(-194.57676428755542), np.float64(-109.15372255117018))"
2769,"((8, 11),)","(np.float64(0.11696755966784998),)","(np.float64(39.29313872683281),)"
2770,"((12, 15), (14, 19), (0, 12), (1, 15))","(np.float64(0.07588905800796726), np.float64(0.1249416021998033), np.float64(0.14320447560256971), np.float64(0.14631436327034425))","(np.float64(-244.10063500629184), np.float64(-234.9447252876618), np.float64(291.9762017627853), np.float64(18.806391968309697))"
2771,"((3, 15), (2, 14))","(np.float64(0.12608627294275362), np.float64(0.14134910958751612))","(np.float64(-132.5403550281531), np.float64(145.21543620328896))"
2773,"((2, 9), (4, 10), (14, 17), (2, 17))","(np.float64(0.12174042305130374), np.float64(0.1328306203219141), np.float64(0.060527034290215206), np.float64(0.13810027229863767))","(np.float64(-82.28131181742174), np.float64(-61.424133259205746), np.float64(181.17585955012373), np.float64(137.19893284385415))"
2775,"((11, 16),)","(np.float64(0.14632537789306613),)","(np.float64(-164.30151142298797),)"
2776,"((6, 19), (13, 14), (7, 19), (4, 13))","(np.float64(0.12804639896382072), np.float64(0.0525693963881493), np.float64(0.12506202554317236), np.float64(0.14617412466936044))","(np.float64(114.33758074016151), np.float64(44.356973175708674), np.float64(85.92327575249789), np.float64(130.96921749538328))"
2777,"((0, 10),)","(np.float64(0.09183375618307622),)","(np.float64(-189.17468514863384),)"
2778,"((0, 18), (5, 10), (2, 12))","(np.float64(0.1367991549447022), np.float64(0.14062876557049098), np.float64(0.12766414096717427))","(np.float64(68.71919785183178), np.float64(317.1928369285048), np.float64(137.28227196201573))"
2779,"((17, 18),)","(np.float64(0.0843824198736949),)","(np.float64(-46.73439207601399),)"
2780,"((8, 19), (10, 16), (7, 19))","(np.float64(0.14404019249051309), np.float64(0.1374693335859665), np.float64(0.12751564760499845))","(np.float64(-155.64506611569402), np.float64(-103.82407853794058), np.float64(-167.0305942662544))"
2781,"((5, 11),)","(np.float64(0.13747236009592007),)","(np.float64(21.904143610387166),)"
2782,"((0, 3), (1, 4), (1, 5), (5, 9), (1, 9), (0, 10))","(np.float64(0.05635405876905464), np.float64(0.05570244607012613), np.float64(0.11345371544808482), np.float64(0.07519814987129447), np.float64(0.1379050702556758), np.float64(0.13658228358995014))","(np.float64(-29.804282776648563), np.float64(270.33867122811654), np.float64(-47.11147189107032), np.float64(148.38100520267318), np.float64(101.2780572526429), np.float64(157.4777845246823))"
2783,"((1, 13),)","(np.float64(0.08533577197794309),)","(np.float64(174.6765184603144),)"
2784,"((3, 8), (6, 7), (6, 16), (11, 14))","(np.float64(0.12096799717109773), np.float64(0.07514364228267004), np.float64(0.1211141181120541), np.float64(0.11052764806813613))","(np.float64(-79.78221930978714), np.float64(-71.4899986483332), np.float64(-240.59954926859405), np.float64(-170.12091791606872))"
2785,"((2, 18), (8, 10), (13, 17))","(np.float64(0.10729237934085142), np.float64(0.1237574801403348), np.float64(0.0936150338607533))","(np.float64(-8.481389569170517), np.float64(41.62336014500863), np.float64(-138.16991136832212))"
2786,"((3, 19),)","(np.float64(0.1458041398287853),)","(np.float64(-20.57485405008964),)"
2787,"((5, 9), (2, 13))","(np.float64(0.13979283759389796), np.float64(0.10739448039215974))","(np.float64(224.41135314512064), np.float64(146.85991625476265))"
2788,"((15, 19),)","(np.float64(0.14278587121030825),)","(np.float64(-261.1197456876466),)"
2789,"((7, 16), (14, 19))","(np.float64(0.13188605005675935), np.float64(0.10286335145586618))","(np.float64(-188.00298410545668), np.float64(-119.88696466172746))"
2790,"((5, 10), (5, 16), (1, 10), (1, 9))","(np.float64(0.06865650254382431), np.float64(0.12918970608607627), np.float64(0.12309020042672406), np.float64(0.14723431782396926))","(np.float64(282.6779469239758), np.float64(136.98747327070362), np.float64(-96.1700768378428), np.float64(177.00304840489))"
2791,"((1, 3), (5, 6), (7, 19), (9, 13), (14, 18), (4, 19), (12, 19), (3, 19), (15, 16))","(np.float64(0.12808037262812694), np.float64(0.1318379464888009), np.float64(0.12756295769428527), np.float64(0.13804802998173168), np.float64(0.1214328788867376), np.float64(0.149743206702147), np.float64(0.1235293635795448), np.float64(0.1476145640802307), np.float64(0.1437906487865933))","(np.float64(-95.34031745077505), np.float64(-81.58968053102541), np.float64(159.11835869094352), np.float64(-42.47996642701116), np.float64(-200.73304684853008), np.float64(-255.04952784514433), np.float64(-158.83691266715732), np.float64(-240.3765071768031), np.float64(-220.59171738600037))"
2792,"((6, 12),)","(np.float64(0.07861196654391014),)","(np.float64(213.66437886141102),)"
2793,"((4, 6), (4, 12), (17, 19))","(np.float64(0.12790956126514805), np.float64(0.047479635459301686), np.float64(0.11753354633297877))","(np.float64(-14.740696368424352), np.float64(175.19650054102542), np.float64(-67.12388686960514))"
2794,"((9, 16), (13, 17), (9, 13), (9, 17), (13, 19))","(np.float64(0.06532903578079285), np.float64(0.1319356660654625), np.float64(0.14552094904153806), np.float64(0.09881756418679731), np.float64(0.149314026540354))","(np.float64(-84.63029133295379), np.float64(-133.95449242408938), np.float64(240.72891656966817), np.float64(83.47277305519526), np.float64(-153.5456557574066))"
2795,"((0, 18), (2, 15), (4, 6), (4, 19))","(np.float64(0.11404019641135262), np.float64(0.08757581879658147), np.float64(0.11401414647946423), np.float64(0.11548546769164993))","(np.float64(-36.22798465257944), np.float64(-120.41411965215201), np.float64(298.0706372241244), np.float64(-196.81070755569448))"
2798,"((3, 12), (3, 14))","(np.float64(0.12508139939273002), np.float64(0.14910935166483977))","(np.float64(210.64822270199943), np.float64(114.36063165629207))"
2799,"((1, 12),)","(np.float64(0.11572352893776684),)","(np.float64(137.51236638294776),)"
2800,"((15, 16), (7, 13), (12, 17))","(np.float64(0.07833020854116868), np.float64(0.13483007997265511), np.float64(0.14736297962468134))","(np.float64(-64.80519667055898), np.float64(249.21160448181337), np.float64(-95.61807008330089))"
2801,"((0, 2), (0, 12), (2, 12), (4, 5), (6, 9), (6, 13), (7, 18), (9, 13), (11, 17))","(np.float64(0.12772202997135107), np.float64(0.01446991522233615), np.float64(0.13657561526547787), np.float64(0.13310469814492884), np.float64(0.08693227470351997), np.float64(0.0852599959554279), np.float64(0.11716161980418928), np.float64(0.09181258343161254), np.float64(0.145921294207983))","(np.float64(37.95608685054299), np.float64(229.26476153631523), np.float64(191.30867468577225), np.float64(-78.39230784872007), np.float64(29.679531210945754), np.float64(264.91362486927255), np.float64(-154.7045728525448), np.float64(235.2340936583268), np.float64(-95.81575225571123))"
2802,"((9, 14), (11, 19), (8, 12), (5, 13))","(np.float64(0.131415654911513), np.float64(0.052850390472224736), np.float64(0.13779959361330354), np.float64(0.1334136103086594))","(np.float64(174.7829374754479), np.float64(136.95419655987791), np.float64(187.5293666590153), np.float64(160.65360444864268))"
2803,"((3, 17),)","(np.float64(0.14547272351629317),)","(np.float64(-96.79827065267955),)"
2804,"((0, 1), (4, 16))","(np.float64(0.11978211860576035), np.float64(0.12331444883421248))","(np.float64(34.183143787053666), np.float64(134.54296678613565))"
2805,"((11, 18),)","(np.float64(0.14888948367904667),)","(np.float64(110.67008773905485),)"
2806,"((1, 10), (2, 16), (5, 10), (6, 14), (8, 10))","(np.float64(0.13074967069241378), np.float64(0.12753313768101393), np.float64(0.11798172893072921), np.float64(0.002787708402157962), np.float64(0.14903882917777156))","(np.float64(-170.128635687148), np.float64(-123.59425706566566), np.float64(-58.033542490924845), np.float64(-110.1423768212536), np.float64(-29.520544091377474))"
2808,"((10, 13), (9, 13))","(np.float64(0.11227251956212593), np.float64(0.12161998746098546))","(np.float64(-41.29943422061433), np.float64(-64.62375780605021))"
2809,"((3, 5), (8, 15), (2, 10))","(np.float64(0.13133556262491727), np.float64(0.13218464402061167), np.float64(0.14633369730624649))","(np.float64(8.271628240468942), np.float64(-120.36093702107803), np.float64(-123.47575423519783))"
2810,"((1, 5), (1, 8), (5, 8), (12, 19))","(np.float64(0.0848807479768698), np.float64(0.13744003778585845), np.float64(0.10571822677749808), np.float64(0.14942989588211966))","(np.float64(-32.173384118973786), np.float64(-17.13630132408298), np.float64(15.037082794890807), np.float64(-160.68476617388075))"
2811,"((9, 16),)","(np.float64(0.06497749471605033),)","(np.float64(-199.58565988697626),)"
2812,"((2, 19), (5, 10), (6, 14))","(np.float64(0.1279535853747341), np.float64(0.11511418675459831), np.float64(0.08316413665523574))","(np.float64(53.288064129138746), np.float64(208.98198758519374), np.float64(269.9123588295482))"
2813,"((3, 13), (4, 9), (16, 19), (6, 16), (9, 17))","(np.float64(0.11104242125089707), np.float64(0.1468472978491447), np.float64(0.13346739070541086), np.float64(0.11648607584082883), np.float64(0.1494133633984021))","(np.float64(-161.474539407341), np.float64(-110.24993976199863), np.float64(-157.45727966974317), np.float64(16.322272576757086), np.float64(-104.1110971319037))"
2814,"((2, 4),)","(np.float64(0.14286786519105593),)","(np.float64(-95.77442208529561),)"
2815,"((2, 17),)","(np.float64(0.12256663686004632),)","(np.float64(150.67455715935444),)"
2816,"((4, 8), (15, 17), (5, 19))","(np.float64(0.10626725550200732), np.float64(0.12799318658909822), np.float64(0.148086799355313))","(np.float64(-58.188915870256324), np.float64(-63.62326622691364), np.float64(155.1500876949999))"
2817,"((4, 10),)","(np.float64(0.13258025091547868),)","(np.float64(-78.00620703061202),)"
2818,"((1, 9), (7, 12))","(np.float64(0.05815603229376177), np.float64(0.11300675160306305))","(np.float64(192.79120600727776), np.float64(-39.541028724418936))"
2819,"((10, 13), (7, 14), (1, 9))","(np.float64(0.08391944816985958), np.float64(0.12803551180348188), np.float64(0.14078776065437462))","(np.float64(-93.52288050037635), np.float64(-189.39140920620184), np.float64(259.5454704693615))"
2820,"((1, 4),)","(np.float64(0.14799769023206927),)","(np.float64(22.35590422179979),)"
2821,"((0, 6), (7, 17))","(np.float64(0.09587134024459064), np.float64(0.13054634637308596))","(np.float64(-84.76174784464192), np.float64(207.943232441731))"
2823,"((5, 14), (3, 11), (11, 18))","(np.float64(0.13951496368526292), np.float64(0.13839235164787222), np.float64(0.1430098990094325))","(np.float64(-151.18263229649298), np.float64(-177.48095524580913), np.float64(157.9075758901567))"
2824,"((1, 7), (13, 16), (2, 14), (1, 18), (0, 14))","(np.float64(0.08458542431314352), np.float64(0.1184261698738039), np.float64(0.10764529352715685), np.float64(0.1125146977987611), np.float64(0.11643314533328249))","(np.float64(-155.5057352638441), np.float64(80.12642117520079), np.float64(-162.21059972670258), np.float64(259.78871813423103), np.float64(-102.7808633076649))"
2825,"((9, 12), (6, 12), (9, 16), (3, 4))","(np.float64(0.05711459166111594), np.float64(0.12724474565776941), np.float64(0.13404052912181733), np.float64(0.13621349441671324))","(np.float64(-51.50855805629112), np.float64(-109.853093018126), np.float64(207.64712519819795), np.float64(-95.32507689717778))"
2827,"((1, 14), (2, 4), (6, 17))","(np.float64(0.12088306310859058), np.float64(0.07180270927797033), np.float64(0.14826261679952088))","(np.float64(214.0109410327717), np.float64(301.5472947332871), np.float64(206.45833581845181))"
2828,"((0, 15), (1, 2), (1, 9), (7, 18))","(np.float64(0.09173151604805825), np.float64(0.132727930521092), np.float64(0.11435313731106174), np.float64(0.08210332391942492))","(np.float64(144.05935551227367), np.float64(-57.73024112832633), np.float64(228.83380164502), np.float64(-183.04680520927394))"
2829,"((0, 10), (12, 13), (3, 11))","(np.float64(0.14305382120608673), np.float64(0.09397862572127871), np.float64(0.12051525536441358))","(np.float64(165.4419872639028), np.float64(41.468707226890615), np.float64(-72.76474069868777))"
2830,"((4, 17), (9, 19))","(np.float64(0.130833527268948), np.float64(0.13097579661744946))","(np.float64(198.1993856356537), np.float64(-163.23773773900916))"
2831,"((5, 19), (9, 16), (4, 13), (5, 7), (5, 15), (4, 14), (1, 8))","(np.float64(0.10380420715134807), np.float64(0.05344100332138821), np.float64(0.14025581113436333), np.float64(0.05433890208914158), np.float64(0.12704155871972328), np.float64(0.14394433407378765), np.float64(0.14188718817419432))","(np.float64(-232.91799045791083), np.float64(-97.42347357968274), np.float64(179.2327237009387), np.float64(-142.9680973120311), np.float64(-204.43231376936106), np.float64(-158.4615013592221), np.float64(234.94689886615203))"
2832,"((1, 5), (5, 15), (11, 19), (15, 19), (1, 15), (6, 13), (1, 19))","(np.float64(0.06224708329163802), np.float64(0.0810462313360716), np.float64(0.13120372074682832), np.float64(0.09115985763014911), np.float64(0.13656929095266393), np.float64(0.12615885136929322), np.float64(0.12410802800486084))","(np.float64(212.15942620722717), np.float64(-108.6666570395108), np.float64(-161.06245223779683), np.float64(-65.05335507867736), np.float64(127.78179638176667), np.float64(-37.19945643310655), np.float64(-262.35380154339964))"
2833,"((0, 6), (8, 16))","(np.float64(0.11570477601431031), np.float64(0.10205189178148122))","(np.float64(262.2808158541452), np.float64(-174.27843654977383))"
2834,"((3, 15), (6, 10), (9, 12))","(np.float64(0.1231420478712845), np.float64(0.08599696587491694), np.float64(0.12534306253537836))","(np.float64(171.14749326110416), np.float64(181.42062309441138), np.float64(41.63382393945699))"
2836,"((1, 12),)","(np.float64(0.05263213014373413),)","(np.float64(-173.1963192506172),)"
2837,"((2, 4), (4, 5), (16, 19))","(np.float64(0.12284236135356505), np.float64(0.12995584855452236), np.float64(0.13314050625613008))","(np.float64(306.7366865558257), np.float64(-331.792828706713), np.float64(28.174627509106358))"
2838,"((7, 18), (10, 13))","(np.float64(0.11966343132798604), np.float64(0.12231880785823039))","(np.float64(-157.4886507866335), np.float64(-89.23011460315382))"
2839,"((4, 12),)","(np.float64(0.11191486813874839),)","(np.float64(-39.121758096660415),)"
2840,"((6, 9),)","(np.float64(0.0905774130669641),)","(np.float64(-29.009825130796457),)"
2841,"((3, 12),)","(np.float64(0.12412272975724951),)","(np.float64(118.95994112960909),)"
2842,"((0, 17), (1, 3), (1, 14), (3, 14), (5, 12))","(np.float64(0.11407977687934194), np.float64(0.1301713774536687), np.float64(0.027391956397131236), np.float64(0.1174004974366844), np.float64(0.13125048410124654))","(np.float64(73.1309528112792), np.float64(29.046089850509105), np.float64(95.89358057479578), np.float64(66.84749072428667), np.float64(207.02037013069304))"
2843,"((3, 7), (10, 18))","(np.float64(0.1242433010501928), np.float64(0.10638356174533335))","(np.float64(250.37385184540545), np.float64(-134.92753697965782))"
2844,"((0, 9), (3, 7), (16, 19))","(np.float64(0.10943834223030226), np.float64(0.13750332236207108), np.float64(0.1107301572744466))","(np.float64(218.8662544173357), np.float64(322.9359847027385), np.float64(-152.3127718678524))"
2845,"((3, 6), (7, 14), (13, 18))","(np.float64(0.07600581364596444), np.float64(0.11622241748037664), np.float64(0.0679036780154135))","(np.float64(-100.54877242063012), np.float64(219.14435656799782), np.float64(-166.9953230681303))"
2846,"((0, 4), (3, 18))","(np.float64(0.1405486492552709), np.float64(0.03671910741506564))","(np.float64(224.19788716938848), np.float64(126.67571185816496))"
2847,"((10, 15), (13, 16))","(np.float64(0.12253289229464945), np.float64(0.13699373835697543))","(np.float64(145.31803409492142), np.float64(169.9119575996632))"
2848,"((5, 18), (4, 16), (13, 15))","(np.float64(0.13423987547286423), np.float64(0.14519143016635166), np.float64(0.13812292237098459))","(np.float64(-167.3566987385864), np.float64(-211.37730080776635), np.float64(-128.4977778718761))"
2849,"((3, 4), (4, 7), (16, 17), (7, 13), (3, 13))","(np.float64(0.0917078928351298), np.float64(0.10685331257337462), np.float64(0.14742242149414295), np.float64(0.10426807700846118), np.float64(0.11878011975533806))","(np.float64(-11.451404228294564), np.float64(-29.4369989676548), np.float64(-42.068172837203065), np.float64(127.91829753839545), np.float64(188.20534407141184))"
2850,"((2, 6), (4, 12), (4, 10), (1, 8))","(np.float64(0.10021828344317199), np.float64(0.06387056492527883), np.float64(0.07533981868434254), np.float64(0.1436941276736252))","(np.float64(254.50444085218135), np.float64(195.72422948001702), np.float64(118.89973213179059), np.float64(169.89876148716274))"
2851,"((3, 9), (7, 18))","(np.float64(0.14499031374215804), np.float64(0.12355150674727572))","(np.float64(-84.13343536275494), np.float64(-189.21371092610832))"
2852,"((8, 17),)","(np.float64(0.09330140737375353),)","(np.float64(-277.0652719214678),)"
2854,"((1, 4), (11, 13), (1, 10), (7, 13))","(np.float64(0.14741017021226524), np.float64(0.02638351150137842), np.float64(0.1487106419268007), np.float64(0.1415318032199474))","(np.float64(-74.8534376532761), np.float64(-58.272645761748606), np.float64(145.1493872053518), np.float64(105.42135523576235))"
2855,"((4, 10),)","(np.float64(0.0150405724612946),)","(np.float64(114.31860858703135),)"
2856,"((1, 10), (3, 13), (5, 15), (6, 18))","(np.float64(0.12237496130043532), np.float64(0.11599933832061492), np.float64(0.07236694660534966), np.float64(0.026018925390545636))","(np.float64(248.8635904647801), np.float64(-3.371347133270376), np.float64(-254.6664277541346), np.float64(-222.86565524667026))"
2857,"((6, 7),)","(np.float64(0.0711803931423792),)","(np.float64(-61.22345519816804),)"
2859,"((14, 19), (4, 8))","(np.float64(0.047316965836328856), np.float64(0.1435983418451006))","(np.float64(-151.96807776385208), np.float64(179.92454578603883))"
2860,"((12, 16), (11, 18))","(np.float64(0.13309820938725436), np.float64(0.13854444229521354))","(np.float64(179.65826803389433), np.float64(134.27343301739728))"
2861,"((5, 10), (8, 15), (10, 17), (2, 6))","(np.float64(0.11929633261476597), np.float64(0.13404185181109315), np.float64(0.13536663186389697), np.float64(0.143885273175581))","(np.float64(-77.58180008401138), np.float64(-222.17815155302355), np.float64(90.89276774699755), np.float64(-107.84519861493658))"
2862,"((0, 4), (1, 7))","(np.float64(0.06549475405281419), np.float64(0.14654285567172204))","(np.float64(285.5575153532288), np.float64(3.9545116532863176))"
2863,"((8, 16),)","(np.float64(0.13963674551377178),)","(np.float64(-169.8005106229781),)"
2864,"((2, 3), (6, 10), (2, 12))","(np.float64(0.0513585063602038), np.float64(0.05267941471122352), np.float64(0.13041292074472088))","(np.float64(297.457123514734), np.float64(-109.00105647631949), np.float64(-102.65756214761785))"
2865,"((0, 11), (4, 8))","(np.float64(0.08500300362165122), np.float64(0.13865177777860768))","(np.float64(175.50006790755444), np.float64(206.2112336574341))"
2866,"((0, 3),)","(np.float64(0.13430703922341788),)","(np.float64(350.0793533664598),)"
2867,"((4, 7),)","(np.float64(0.09210013474677466),)","(np.float64(-105.74211243613036),)"
2869,"((2, 6), (13, 18), (7, 19))","(np.float64(0.09009907662000036), np.float64(0.1400818806483121), np.float64(0.11311597110131552))","(np.float64(94.77780774001565), np.float64(-125.16976047426334), np.float64(-49.79601395218242))"
2870,"((12, 16), (18, 19), (6, 14))","(np.float64(0.1399252840864192), np.float64(0.11282349367087616), np.float64(0.13374800791522157))","(np.float64(203.58597084874822), np.float64(-22.226299134839337), np.float64(196.71825611593886))"
2871,"((7, 9),)","(np.float64(0.05060908495746132),)","(np.float64(314.1071040042292),)"
2872,"((6, 11), (12, 14), (0, 8))","(np.float64(0.09681453789124361), np.float64(0.13705077276927616), np.float64(0.14805317051560637))","(np.float64(-122.37867952037317), np.float64(-76.45492051803649), np.float64(-149.9139867177144))"
2873,"((11, 12), (3, 18))","(np.float64(0.07940683787326214), np.float64(0.14978549608628894))","(np.float64(-68.03489275530325), np.float64(197.89416493689848))"
2874,"((3, 12), (4, 11))","(np.float64(0.10673121318335611), np.float64(0.14860644797382908))","(np.float64(225.26288639922905), np.float64(-85.86750141002932))"
2875,"((4, 6), (6, 12), (4, 11))","(np.float64(0.12998952597432148), np.float64(0.1294316019024776), np.float64(0.08323943104665207))","(np.float64(-25.849482124814244), np.float64(246.28486852816866), np.float64(218.50467163219486))"
2876,"((2, 4), (5, 12))","(np.float64(0.08791569260175203), np.float64(0.1491638665673212))","(np.float64(-24.659815589029904), np.float64(212.9356718844528))"
2877,"((0, 10), (4, 16))","(np.float64(0.06125708865927616), np.float64(0.12452531470413004))","(np.float64(213.02217585615708), np.float64(175.17518352105157))"
2878,"((9, 18), (14, 15), (7, 16))","(np.float64(0.13051787978148904), np.float64(0.14942138229062218), np.float64(0.11851422799582513))","(np.float64(27.00609460955792), np.float64(-181.02739202999123), np.float64(178.153612378327))"
2879,"((10, 12),)","(np.float64(0.13943028919748765),)","(np.float64(-58.85499134667714),)"
2880,"((2, 9), (2, 11), (7, 10))","(np.float64(0.0987977822622621), np.float64(0.14307537748115942), np.float64(0.1139411350597271))","(np.float64(-166.52870929507498), np.float64(-67.81062415369144), np.float64(43.86944460044441))"
2881,"((12, 14),)","(np.float64(0.13805868258789125),)","(np.float64(-185.85801637156027),)"
2883,"((6, 17),)","(np.float64(0.13477309389355957),)","(np.float64(-60.64275537923663),)"
2884,"((0, 19), (4, 15), (10, 16))","(np.float64(0.11064737880792805), np.float64(0.05628816303860387), np.float64(0.13149449122188964))","(np.float64(51.98080943854461), np.float64(-207.4964013114228), np.float64(-179.91334866363349))"
2885,"((2, 5), (3, 8), (14, 16))","(np.float64(0.13470725352843102), np.float64(0.14337742503525958), np.float64(0.07748929809725673))","(np.float64(19.927368493452946), np.float64(269.23460299041295), np.float64(-74.83409294552996))"
2886,"((10, 19),)","(np.float64(0.14844986235383797),)","(np.float64(-255.34843605726792),)"
2887,"((2, 14), (4, 10), (3, 13))","(np.float64(0.13876775413898654), np.float64(0.10864303939370254), np.float64(0.13367251516674655))","(np.float64(140.00406975962613), np.float64(178.2911231895398), np.float64(141.7787193885759))"
2888,"((0, 13), (2, 15), (4, 14))","(np.float64(0.04524571997068703), np.float64(0.07800111126932062), np.float64(0.11254126926267201))","(np.float64(183.21782871180625), np.float64(-164.26795966294725), np.float64(206.34806367879963))"
2889,"((5, 8), (3, 5))","(np.float64(0.12863443788788542), np.float64(0.10131625546564803))","(np.float64(-5.837641113589086), np.float64(213.9995240932596))"
2890,"((7, 14),)","(np.float64(0.13941959929373127),)","(np.float64(318.72492864036553),)"
2892,"((9, 15),)","(np.float64(0.06508763158962722),)","(np.float64(-145.42782394286132),)"
2894,"((18, 19),)","(np.float64(0.12635920090852515),)","(np.float64(-60.38578111202614),)"
2895,"((11, 15), (0, 7))","(np.float64(0.10690145283914511), np.float64(0.13272433876600734))","(np.float64(-44.14723980039423), np.float64(173.622575438807))"
2896,"((5, 9),)","(np.float64(0.044833248068580654),)","(np.float64(78.39710485431817),)"
2897,"((8, 9),)","(np.float64(0.12445957444689741),)","(np.float64(312.7883515426349),)"
2898,"((6, 19),)","(np.float64(0.09806306913630299),)","(np.float64(-245.21955746603658),)"
2899,"((0, 15), (4, 11), (14, 17))","(np.float64(0.13721270938273927), np.float64(0.12047501083596643), np.float64(0.13641274840842904))","(np.float64(175.2222137726829), np.float64(-58.159390885536766), np.float64(1.5746391725272133))"
2900,"((4, 10),)","(np.float64(0.06392027312017266),)","(np.float64(236.99187483069204),)"
2901,"((1, 4), (3, 12), (11, 16))","(np.float64(0.11166194573981532), np.float64(0.10979622289616266), np.float64(0.12369891628498283))","(np.float64(-77.6621966303409), np.float64(189.28643620413447), np.float64(-3.166040842088762))"
2902,"((7, 14), (9, 13), (12, 17), (8, 18))","(np.float64(0.0887313665645876), np.float64(0.07172400643357313), np.float64(0.07442489236954594), np.float64(0.1460444691351212))","(np.float64(-277.8183696634694), np.float64(31.609857037957227), np.float64(-199.51350686507243), np.float64(-248.9811304419897))"
2903,"((14, 16), (10, 16))","(np.float64(0.09064664149728949), np.float64(0.10399205181495114))","(np.float64(-135.86306899126214), np.float64(-72.77420363587498))"
2904,"((5, 7), (0, 6))","(np.float64(0.12552843913517328), np.float64(0.13563054279354778))","(np.float64(-65.87058118088157), np.float64(161.33929239308975))"
2905,"((4, 7), (10, 18), (7, 13))","(np.float64(0.058033737376201176), np.float64(0.12537020876169683), np.float64(0.13230929918834486))","(np.float64(250.2898072457475), np.float64(-185.64552901375725), np.float64(-158.71664594114714))"
2906,"((6, 15), (7, 16), (3, 11), (6, 11))","(np.float64(0.14837359251068835), np.float64(0.0691830383033002), np.float64(0.1443219841889), np.float64(0.1387382090423489))","(np.float64(174.1118447605714), np.float64(141.61940562889896), np.float64(151.53482375558468), np.float64(190.63490510691622))"
2907,"((1, 12), (6, 7))","(np.float64(0.01579988455989828), np.float64(0.05325410027618423))","(np.float64(-115.37878200084026), np.float64(-60.82043634682941))"
2908,"((4, 9),)","(np.float64(0.07161510610525888),)","(np.float64(165.93760802093112),)"
2909,"((0, 11), (4, 14))","(np.float64(0.12181038776420058), np.float64(0.14212075782403877))","(np.float64(153.24604873088245), np.float64(177.40970756541475))"
2910,"((0, 9), (9, 11), (5, 11))","(np.float64(0.13386615986084577), np.float64(0.08391826998835392), np.float64(0.13908564596714712))","(np.float64(140.309591630151), np.float64(-22.31937818163607), np.float64(250.41136516266067))"
2911,"((0, 3), (9, 13), (11, 19), (1, 12))","(np.float64(0.14284466961196535), np.float64(0.12057847065412022), np.float64(0.13226010311818945), np.float64(0.11762718103590879))","(np.float64(-65.83480881221772), np.float64(36.72030390222005), np.float64(-153.58153959210176), np.float64(270.0969626223672))"
2913,"((4, 11), (7, 9))","(np.float64(0.12362009331086414), np.float64(0.07543464680059814))","(np.float64(232.90988628947923), np.float64(-61.004508447506))"
2914,"((9, 11),)","(np.float64(0.1390014698597413),)","(np.float64(-63.26408129156454),)"
2915,"((1, 8), (2, 18))","(np.float64(0.09123764002275495), np.float64(0.14918158984189225))","(np.float64(211.01548342911508), np.float64(40.06188301809044))"
2916,"((7, 10),)","(np.float64(0.12545313007027015),)","(np.float64(-81.26541390769756),)"
2917,"((1, 19),)","(np.float64(0.1281854380331018),)","(np.float64(0.04440206184466433),)"
2918,"((10, 16),)","(np.float64(0.1328715535999795),)","(np.float64(260.0841560579572),)"
2919,"((1, 10),)","(np.float64(0.13137711325629609),)","(np.float64(112.42235333304046),)"
2921,"((8, 15),)","(np.float64(0.137211696175855),)","(np.float64(-212.64029603662595),)"
2922,"((4, 7), (7, 18), (8, 18))","(np.float64(0.14967090854288367), np.float64(0.13221007282233263), np.float64(0.14416801479904964))","(np.float64(-11.052977405479567), np.float64(-251.91930972012403), np.float64(-239.55402228584347))"
2924,"((0, 4), (12, 18))","(np.float64(0.11871444922566446), np.float64(0.12199538308385365))","(np.float64(272.1841193760894), np.float64(-169.86726746232443))"
2925,"((11, 12),)","(np.float64(0.09030414203588873),)","(np.float64(-64.16815011954537),)"
2926,"((4, 19),)","(np.float64(0.06546284202109576),)","(np.float64(-227.52497517963752),)"
2927,"((0, 4), (2, 14), (2, 18), (4, 17), (14, 18), (14, 19))","(np.float64(0.12420135605890673), np.float64(0.10251095171198193), np.float64(0.013368359205290264), np.float64(0.10415063990799119), np.float64(0.09506194385414733), np.float64(0.14748677254568787))","(np.float64(-29.23123577989773), np.float64(139.0555146965258), np.float64(42.123328451498), np.float64(135.6358962003859), np.float64(-96.9321862450278), np.float64(-53.14362912435428))"
2928,"((4, 17), (9, 11))","(np.float64(0.1453607216326229), np.float64(0.1323373712139187))","(np.float64(66.6537042037481), np.float64(-13.897091349209063))"
2929,"((6, 15), (11, 18))","(np.float64(0.11629250474990926), np.float64(0.13880687300658756))","(np.float64(-8.225135677878882), np.float64(-132.65011936029447))"
2930,"((0, 3), (7, 10), (1, 11))","(np.float64(0.13714413523858082), np.float64(0.14547543531089582), np.float64(0.14529699684981764))","(np.float64(-30.363745836779856), np.float64(253.40710316215467), np.float64(-117.5770441148585))"
2931,"((4, 13),)","(np.float64(0.13293939408383426),)","(np.float64(25.500735618023157),)"
2932,"((2, 7), (6, 13))","(np.float64(0.12806886145937427), np.float64(0.14343985102201728))","(np.float64(295.5823691428529), np.float64(-140.8035913154627))"
2933,"((1, 17),)","(np.float64(0.08985276540318203),)","(np.float64(-202.5061244532895),)"
2934,"((6, 16), (8, 14), (9, 17))","(np.float64(0.12014740287712755), np.float64(0.03197065172249226), np.float64(0.14468917067917536))","(np.float64(139.03044501523442), np.float64(189.5185979209013), np.float64(-173.48212905167873))"
2935,"((7, 10),)","(np.float64(0.1264955428219214),)","(np.float64(32.55074733386192),)"
2936,"((1, 5), (17, 19), (11, 16), (9, 18))","(np.float64(0.0992919795387356), np.float64(0.08105947700834515), np.float64(0.06950972047988944), np.float64(0.08869989564649984))","(np.float64(245.450000931432), np.float64(43.51476134715227), np.float64(-111.90842771523677), np.float64(-93.60490796895422))"
2937,"((3, 10), (8, 14), (3, 16))","(np.float64(0.14743353374757154), np.float64(0.13056875670990442), np.float64(0.08201251015704583))","(np.float64(-85.85228565277055), np.float64(7.973451378998959), np.float64(-143.68173631610557))"
2938,"((2, 17), (11, 15))","(np.float64(0.14860606653021094), np.float64(0.0678626643756046))","(np.float64(39.267988705757546), np.float64(-81.93501080887583))"
2939,"((2, 7), (2, 10), (10, 16))","(np.float64(0.08395894085910391), np.float64(0.10625876425688252), np.float64(0.060676632289052075))","(np.float64(-125.06243849163351), np.float64(-131.12982385738692), np.float64(238.6862982325839))"
2940,"((0, 15), (4, 15))","(np.float64(0.12359328214453034), np.float64(0.14843482070172745))","(np.float64(257.68669865703214), np.float64(259.4131982639594))"
2941,"((12, 15),)","(np.float64(0.09031314584289483),)","(np.float64(-202.3968283850715),)"
2943,"((0, 2), (5, 7))","(np.float64(0.12320062507215275), np.float64(0.06276027877332652))","(np.float64(-27.91964763855472), np.float64(-17.471068847168794))"
2944,"((9, 18),)","(np.float64(0.1343244493376492),)","(np.float64(-99.78081642795922),)"
2945,"((7, 13),)","(np.float64(0.10965460360796764),)","(np.float64(-129.18745569479472),)"
2946,"((1, 2), (10, 16))","(np.float64(0.14118619199849036), np.float64(0.0821959105925818))","(np.float64(45.68112695546225), np.float64(-107.84897544426354))"
2948,"((4, 19),)","(np.float64(0.07961718842132663),)","(np.float64(133.4861400437067),)"
2949,"((7, 16), (8, 12), (9, 10), (11, 17))","(np.float64(0.10350120029897218), np.float64(0.1418922269376497), np.float64(0.14457073219104072), np.float64(0.07670803823079898))","(np.float64(271.1652493844286), np.float64(291.9438074891009), np.float64(-54.914252105627895), np.float64(263.6795526744648))"
2950,"((0, 18), (14, 15), (1, 14), (14, 16))","(np.float64(0.12643686422164055), np.float64(0.08306301146216515), np.float64(0.06732697520357385), np.float64(0.14547599320759877))","(np.float64(-40.42437520332072), np.float64(-49.71185821809371), np.float64(251.86898784860534), np.float64(-171.1021388725286))"
2951,"((3, 4),)","(np.float64(0.09811652251782897),)","(np.float64(37.72691422690957),)"
2952,"((3, 7),)","(np.float64(0.12021689298894758),)","(np.float64(219.4369552652533),)"
2953,"((2, 4),)","(np.float64(0.13204032161143212),)","(np.float64(26.426206312129125),)"
2954,"((3, 11), (2, 8))","(np.float64(0.10034365534636619), np.float64(0.1106658104058344))","(np.float64(234.60335301366297), np.float64(217.78629784413664))"
2955,"((6, 8),)","(np.float64(0.10360835114397682),)","(np.float64(-104.25776817825539),)"
2956,"((13, 19), (14, 19), (4, 10), (0, 9), (5, 9))","(np.float64(0.14473473708289583), np.float64(0.1334826792315432), np.float64(0.11275381541241224), np.float64(0.1283092223779492), np.float64(0.13980517121075417))","(np.float64(-60.74173943787912), np.float64(-102.03527125605436), np.float64(125.77524902718324), np.float64(87.06888991308779), np.float64(183.59499233407638))"
2957,"((4, 12), (16, 18), (1, 15))","(np.float64(0.10405118396110634), np.float64(0.13281408269063258), np.float64(0.12108649322890694))","(np.float64(-94.27709831710803), np.float64(-70.05323382036326), np.float64(-217.25477192979955))"
2958,"((0, 5), (9, 19))","(np.float64(0.09756104047638942), np.float64(0.11861069485452433))","(np.float64(-83.15249257511755), np.float64(-185.8691182661534))"
2959,"((7, 15),)","(np.float64(0.077423442904546),)","(np.float64(124.35280059910593),)"
2960,"((2, 11), (3, 16), (5, 8))","(np.float64(0.0569866877422203), np.float64(0.12530966834866564), np.float64(0.07685855356553441))","(np.float64(210.58796586272194), np.float64(3.0718300417656224), np.float64(-33.591844454733916))"
2961,"((7, 18),)","(np.float64(0.11377351578025965),)","(np.float64(117.09527293894627),)"
2962,"((14, 16),)","(np.float64(0.10947138256070231),)","(np.float64(-68.8806042957159),)"
2964,"((6, 7), (5, 12), (4, 8))","(np.float64(0.11028892126421312), np.float64(0.12739877616960907), np.float64(0.10463041504992576))","(np.float64(92.80601351085721), np.float64(135.9192183004675), np.float64(9.027786305189409))"
2966,"((5, 16), (14, 19))","(np.float64(0.1447728025769755), np.float64(0.11377241956435932))","(np.float64(122.99214602635101), np.float64(69.21545416153822))"
2967,"((7, 15), (11, 18))","(np.float64(0.14574713070092796), np.float64(0.11630666104338443))","(np.float64(231.79083814139182), np.float64(-156.48262269927426))"
2969,"((1, 15), (10, 11), (1, 8))","(np.float64(0.09413945261370317), np.float64(0.13759570025924053), np.float64(0.12396167466797364))","(np.float64(124.85771346757497), np.float64(-45.20053659813209), np.float64(38.194793045157894))"
2970,"((1, 10), (5, 14), (8, 12))","(np.float64(0.10295540621778716), np.float64(0.008922813293572486), np.float64(0.09236724853341902))","(np.float64(169.28617943258268), np.float64(-197.94027462537082), np.float64(-66.46691698119798))"
2971,"((2, 18), (9, 15))","(np.float64(0.1409430798164206), np.float64(0.1412133545076033))","(np.float64(50.15041451137597), np.float64(-287.0210894247928))"
2972,"((1, 16), (6, 11))","(np.float64(0.06600788736957074), np.float64(0.09354022799449971))","(np.float64(107.89414989544196), np.float64(252.00134074002432))"
2973,"((2, 5), (11, 16))","(np.float64(0.14196624249655035), np.float64(0.022303050352000774))","(np.float64(-39.06505369427845), np.float64(-187.27582132145272))"
2975,"((6, 9), (4, 8))","(np.float64(0.10587526589099293), np.float64(0.14383161313778278))","(np.float64(-7.989172133180489), np.float64(321.12707884351954))"
2976,"((8, 12), (4, 17))","(np.float64(0.06648804609035669), np.float64(0.1486503405527575))","(np.float64(-100.1046556162521), np.float64(90.03918855728205))"
2977,"((1, 10), (0, 11))","(np.float64(0.1309013205138132), np.float64(0.10169698708489847))","(np.float64(225.6408607851368), np.float64(175.67664824343785))"
2979,"((2, 8), (9, 15))","(np.float64(0.11201233745271241), np.float64(0.1353007619336097))","(np.float64(-83.71663264224185), np.float64(-146.94926587081403))"
2980,"((14, 19), (0, 11))","(np.float64(0.10020501868933561), np.float64(0.14271208809295124))","(np.float64(142.54008600057514), np.float64(215.22372696525304))"
2981,"((0, 6), (0, 9), (6, 9), (10, 12))","(np.float64(0.11806695792423455), np.float64(0.09788422370657994), np.float64(0.0863149226799233), np.float64(0.1351373354048875))","(np.float64(251.0955040713103), np.float64(204.64414865099798), np.float64(-1.457041226586739), np.float64(-54.274100297865004))"
2983,"((7, 11), (8, 10))","(np.float64(0.03640943194210408), np.float64(0.10496095038381568))","(np.float64(-140.08547451824433), np.float64(21.838940161989854))"
2984,"((11, 18),)","(np.float64(0.04855429507794612),)","(np.float64(-169.4823161752762),)"
2986,"((2, 15), (12, 17))","(np.float64(0.1385590275913486), np.float64(0.12272891748436524))","(np.float64(193.8140597439039), np.float64(-81.335972320319))"
2987,"((2, 14), (2, 8))","(np.float64(0.1273007518309414), np.float64(0.13842636033864716))","(np.float64(230.19637161591714), np.float64(310.5492210815579))"
2988,"((8, 18),)","(np.float64(0.1434014855081708),)","(np.float64(-198.26052216334085),)"
2989,"((8, 18), (14, 17), (12, 18))","(np.float64(0.09307493457157892), np.float64(0.11261995059737377), np.float64(0.13193257607315534))","(np.float64(-211.49006809863045), np.float64(-28.385613077269795), np.float64(-158.66406862826233))"
2990,"((6, 8),)","(np.float64(0.1426812825834271),)","(np.float64(-10.554382317122815),)"
2991,"((3, 12), (13, 19), (9, 19))","(np.float64(0.06693560274089445), np.float64(0.07351244948885595), np.float64(0.14643038225986899))","(np.float64(202.58102308192196), np.float64(-202.10877139252284), np.float64(100.97156807865395))"
2992,"((17, 18),)","(np.float64(0.13960937849887012),)","(np.float64(-14.577061647028017),)"
2993,"((6, 12), (17, 18))","(np.float64(0.1120768613317119), np.float64(0.14461452036613814))","(np.float64(-122.48917679837683), np.float64(-46.083118163617826))"
2994,"((2, 7), (12, 18))","(np.float64(0.14693372582758832), np.float64(0.13527332889999227))","(np.float64(270.28486644145534), np.float64(-171.58856616732714))"
2995,"((1, 15),)","(np.float64(0.09969224884044238),)","(np.float64(-140.73579880908295),)"
2996,"((1, 18),)","(np.float64(0.1337813583114693),)","(np.float64(82.425249745109),)"
2998,"((1, 10),)","(np.float64(0.14605594591986823),)","(np.float64(183.1656486509645),)"
2999,"((4, 8), (4, 10), (8, 10), (13, 15), (10, 19))","(np.float64(0.09452373301081016), np.float64(0.14271949689598584), np.float64(0.13121127357766318), np.float64(0.1147356652749694), np.float64(0.133074514835789))","(np.float64(-35.88752314310108), np.float64(275.3782429206994), np.float64(311.26576606380047), np.float64(-64.55324511609791), np.float64(180.90218919432948))"
3000,"((8, 18), (6, 17), (17, 19))","(np.float64(0.06284369024821965), np.float64(0.13659881678309593), np.float64(0.12802725900364947))","(np.float64(-208.69835537477553), np.float64(-202.01728051493643), np.float64(282.2030214426865))"
3001,"((3, 18), (4, 9), (10, 12), (17, 18))","(np.float64(0.1324205375322477), np.float64(0.10969951201240641), np.float64(0.13734440719437951), np.float64(0.0653253266637465))","(np.float64(118.81948963591805), np.float64(247.65996834898522), np.float64(-70.87863238368573), np.float64(-15.390184060129286))"
3002,"((2, 19),)","(np.float64(0.11287202685461935),)","(np.float64(-213.61013398991304),)"
3003,"((0, 2), (5, 13), (5, 15), (6, 13), (9, 17), (5, 16), (4, 14), (13, 15))","(np.float64(0.11108167467890981), np.float64(0.09582595317954183), np.float64(0.13130608563789764), np.float64(0.14652103336470734), np.float64(0.13478516315993821), np.float64(0.05087222330680971), np.float64(0.08005387930424623), np.float64(0.13639756818425838))","(np.float64(31.531491256570348), np.float64(219.11517647770086), np.float64(104.15386891205759), np.float64(261.7614792155), np.float64(-191.02772258178396), np.float64(101.80047513524454), np.float64(259.19193940678855), np.float64(-90.6108832759399))"
3004,"((3, 6), (7, 11))","(np.float64(0.13761156898769486), np.float64(0.1496607405225631))","(np.float64(-51.891091032677366), np.float64(-81.02800652280956))"
3006,"((2, 10), (5, 11), (10, 12))","(np.float64(0.1144625884562326), np.float64(0.1063983941459853), np.float64(0.13325503828783863))","(np.float64(195.01087886011732), np.float64(-70.26397644009757), np.float64(21.20501459299851))"
3007,"((12, 14),)","(np.float64(0.14605831740074648),)","(np.float64(-101.48722274809103),)"
3008,"((1, 18), (16, 18), (5, 14))","(np.float64(0.14758306557269454), np.float64(0.1245670320391482), np.float64(0.14637420310308336))","(np.float64(45.588295386986374), np.float64(-71.31226680044884), np.float64(182.2171921800595))"
3009,"((6, 11), (8, 18))","(np.float64(0.0007028571498935821), np.float64(0.10291272615339203))","(np.float64(176.48151479604252), np.float64(216.47797306486171))"
3012,"((2, 10),)","(np.float64(0.07413056734821481),)","(np.float64(167.82799878793526),)"
3013,"((4, 14), (1, 10))","(np.float64(0.12221281555165049), np.float64(0.1475355512495538))","(np.float64(11.674896507700169), np.float64(-171.01441798967628))"
3014,"((3, 18),)","(np.float64(0.12722868398254772),)","(np.float64(177.97106877819675),)"
3015,"((7, 13), (7, 14), (11, 15), (16, 18), (10, 17), (11, 17))","(np.float64(0.10799098191984113), np.float64(0.07742759536764304), np.float64(0.1492255331080081), np.float64(0.14371758331696435), np.float64(0.13092727480004215), np.float64(0.07042747319402468))","(np.float64(175.90719833941375), np.float64(253.1027784562823), np.float64(-29.99289400196284), np.float64(-116.55686331045251), np.float64(-85.0426317056631), np.float64(-144.88725022304544))"
3016,"((7, 12),)","(np.float64(0.056575646017952445),)","(np.float64(229.2031115438944),)"
3017,"((0, 6), (2, 13), (8, 17), (9, 15))","(np.float64(0.12407570313915224), np.float64(0.03408210993053203), np.float64(0.056559504760879536), np.float64(0.10544636667252083))","(np.float64(-28.305620061414288), np.float64(250.28929004560013), np.float64(-198.31998338882232), np.float64(48.838332766357496))"
3018,"((3, 6), (9, 18))","(np.float64(0.13465556984405494), np.float64(0.13354093033872222))","(np.float64(-66.04911662140188), np.float64(-168.57996817536667))"
3019,"((3, 13),)","(np.float64(0.1230867567830045),)","(np.float64(220.21099087186906),)"
3020,"((0, 13), (0, 19), (14, 15))","(np.float64(0.1294735727414157), np.float64(0.05339762565858619), np.float64(0.11449357785809479))","(np.float64(122.13135953573692), np.float64(65.86142667902502), np.float64(-65.04529894050057))"
3021,"((0, 13), (2, 8), (2, 11), (4, 15), (8, 11), (8, 13), (0, 5))","(np.float64(0.0914284967682811), np.float64(0.14053059168731294), np.float64(0.045972142231611245), np.float64(0.14658137197229765), np.float64(0.1197854056027239), np.float64(0.04105672505989936), np.float64(0.13026246558257226))","(np.float64(24.776036577080617), np.float64(-131.9524122158243), np.float64(26.935344368320017), np.float64(143.6002496654304), np.float64(158.8877565841443), np.float64(121.04342099766393), np.float64(-83.06729098591404))"
3022,"((10, 15),)","(np.float64(0.10318068981573836),)","(np.float64(-89.2822363685878),)"
3023,"((0, 3), (1, 4), (6, 8), (11, 16), (0, 4))","(np.float64(0.12623443116971536), np.float64(0.10590101628839052), np.float64(0.13680747524962), np.float64(0.09027432918102221), np.float64(0.13096625911283896))","(np.float64(-122.03341383455512), np.float64(-36.49077535831725), np.float64(313.20768266484635), np.float64(-60.20590801639008), np.float64(-164.36493233097235))"
3024,"((7, 8), (8, 13))","(np.float64(0.044882005071065295), np.float64(0.10242494888630671))","(np.float64(-67.76103429656507), np.float64(256.63951867220874))"
3025,"((6, 15),)","(np.float64(0.12594740544714925),)","(np.float64(274.52291314495733),)"
3026,"((0, 3), (5, 16))","(np.float64(0.10849239243294471), np.float64(0.11586175719669821))","(np.float64(-76.20494616693082), np.float64(134.27171074050779))"
3027,"((6, 15), (6, 16), (10, 16), (6, 10), (0, 11), (8, 14))","(np.float64(0.12045768594243951), np.float64(0.11456228974899536), np.float64(0.049328400223974826), np.float64(0.13471714619350425), np.float64(0.1459877952231256), np.float64(0.10644996312828224))","(np.float64(-152.6842991869081), np.float64(-269.4610466969293), np.float64(-194.09822368587476), np.float64(-30.455729962958856), np.float64(187.9007598628362), np.float64(-163.16102813913432))"
3029,"((2, 12), (0, 10), (8, 17))","(np.float64(0.12440781441291049), np.float64(0.14973593969999593), np.float64(0.14648441204637327))","(np.float64(218.44222085526758), np.float64(131.2614928683692), np.float64(-186.75422966336578))"
3030,"((9, 12), (10, 18))","(np.float64(0.10718026868111064), np.float64(0.09509774206358586))","(np.float64(-76.29412894074807), np.float64(-153.9459805154408))"
3031,"((3, 17),)","(np.float64(0.14121971323290627),)","(np.float64(138.25810355596147),)"
3033,"((11, 18),)","(np.float64(0.04610051561877459),)","(np.float64(-174.70096160518972),)"
3034,"((4, 15), (6, 15), (12, 18), (11, 17))","(np.float64(0.1175245984542081), np.float64(0.14828109236629924), np.float64(0.1475672660356321), np.float64(0.13924462818561079))","(np.float64(-105.8869615949987), np.float64(-84.20869979296424), np.float64(113.25966176521109), np.float64(64.09473569191755))"
3035,"((5, 16),)","(np.float64(0.12133884402705777),)","(np.float64(-136.2715005503539),)"
3036,"((0, 15), (8, 11), (3, 12), (4, 17))","(np.float64(0.12668403436203837), np.float64(0.08046294633990753), np.float64(0.1450098772401745), np.float64(0.12002608254940274))","(np.float64(143.90786363853613), np.float64(278.9887162729223), np.float64(215.20030198862594), np.float64(86.18363337349695))"
3037,"((4, 19),)","(np.float64(0.13605868205288954),)","(np.float64(83.11407317039118),)"
3038,"((14, 17),)","(np.float64(0.14731016174365946),)","(np.float64(-39.698153696099496),)"
3039,"((3, 5), (6, 18))","(np.float64(0.12524154959206646), np.float64(0.07747772355976623))","(np.float64(237.9954228648504), np.float64(179.73569680418888))"
3040,"((18, 19),)","(np.float64(0.14547255611987348),)","(np.float64(316.0755276036953),)"
3041,"((12, 19), (0, 15))","(np.float64(0.07461987760930941), np.float64(0.12361120947155674))","(np.float64(-213.5184819498894), np.float64(178.8275373899121))"
3042,"((2, 6), (5, 12), (5, 17), (3, 12), (2, 8), (0, 8))","(np.float64(0.13443841018456093), np.float64(0.11001413770500332), np.float64(0.12417020966282045), np.float64(0.02044139897922928), np.float64(0.06526677627238923), np.float64(0.1487809143852975))","(np.float64(162.89451242163403), np.float64(-31.122956873356543), np.float64(-141.3546063698515), np.float64(161.0593860461223), np.float64(97.01171422570587), np.float64(187.28363543377424))"
3043,"((4, 14), (5, 14), (5, 15), (6, 8), (14, 15), (0, 14))","(np.float64(0.14381037929940874), np.float64(0.04805335211671814), np.float64(0.07554940632989106), np.float64(0.1083312987608207), np.float64(0.059206246380291074), np.float64(0.11093929897343224))","(np.float64(176.476765513676), np.float64(233.77815813676835), np.float64(227.28272146071947), np.float64(-82.93483883523083), np.float64(-6.522130020165093), np.float64(143.10852061765598))"
3044,"((3, 5), (3, 12))","(np.float64(0.13730185671780998), np.float64(0.1248315649771945))","(np.float64(33.71816061723456), np.float64(156.90844144504))"
3045,"((2, 11), (0, 12))","(np.float64(0.10951061961015393), np.float64(0.13779764169947814))","(np.float64(-113.44220604046566), np.float64(-25.306283656987034))"
3046,"((6, 16),)","(np.float64(0.12808418076080544),)","(np.float64(168.25044852015037),)"
3047,"((3, 16),)","(np.float64(0.14230857249162154),)","(np.float64(85.88254548219226),)"
3048,"((6, 13), (1, 10), (4, 10), (5, 17))","(np.float64(0.14919034164823464), np.float64(0.12020603749076975), np.float64(0.13841973012150827), np.float64(0.09981856336840374))","(np.float64(233.72121859700968), np.float64(198.72832956905387), np.float64(153.93587943408016), np.float64(113.90134942555392))"
3049,"((5, 9), (6, 10), (8, 14), (9, 18), (0, 2))","(np.float64(0.12516720898791112), np.float64(0.14154705837565396), np.float64(0.13004664097044516), np.float64(0.12666256981230226), np.float64(0.13045402354161445))","(np.float64(181.239087114725), np.float64(174.8448391586045), np.float64(165.49447354994248), np.float64(-4.539302648125499), np.float64(-28.164097032956704))"
3050,"((10, 14), (11, 19), (1, 13))","(np.float64(0.029128735862261862), np.float64(0.10756316432160766), np.float64(0.12997138010663478))","(np.float64(-33.31187070973067), np.float64(184.82418908405725), np.float64(195.38975887268688))"
3051,"((0, 19), (5, 17), (11, 14), (3, 16))","(np.float64(0.13456775053141715), np.float64(0.11974185225778639), np.float64(0.043237513745487594), np.float64(0.13267698547529322))","(np.float64(21.586087725147536), np.float64(139.3811866983463), np.float64(-136.23947708930302), np.float64(171.72826099465937))"
3052,"((3, 9), (4, 19), (9, 12))","(np.float64(0.11250571331715863), np.float64(0.07133329698651644), np.float64(0.14267483165236153))","(np.float64(333.0029304875893), np.float64(52.64581597805261), np.float64(-106.33321721120706))"
3053,"((12, 16),)","(np.float64(0.06830784007167783),)","(np.float64(-109.21715513728287),)"
3054,"((1, 3), (3, 11), (17, 19), (2, 15), (3, 7))","(np.float64(0.09693340273600774), np.float64(0.10914348868758084), np.float64(0.12640034463070826), np.float64(0.14435974617216935), np.float64(0.12407614663540141))","(np.float64(-22.968351999418076), np.float64(206.19497904033364), np.float64(-15.917082371001356), np.float64(88.26526505270584), np.float64(301.51644478558455))"
3055,"((10, 14),)","(np.float64(0.1469696159922976),)","(np.float64(-31.84760769905313),)"
3057,"((2, 8),)","(np.float64(0.1331952878310777),)","(np.float64(143.27060179347208),)"
3058,"((1, 11),)","(np.float64(0.12699556417509592),)","(np.float64(82.2077409677226),)"
3059,"((5, 11), (12, 13), (3, 12), (3, 10))","(np.float64(0.10148035181546468), np.float64(0.07088531485437648), np.float64(0.12741115216371124), np.float64(0.10420457541960888))","(np.float64(-82.24507179151908), np.float64(40.38865519686584), np.float64(-85.59794826981442), np.float64(-48.1634317765006))"
3060,"((7, 19), (9, 12))","(np.float64(0.128701482068086), np.float64(0.14249478159979687))","(np.float64(-182.9390611351073), np.float64(-47.388331426124466))"
3061,"((11, 16),)","(np.float64(0.0992167358045714),)","(np.float64(-21.672941284126637),)"
3062,"((2, 5), (3, 9))","(np.float64(0.11991346480363167), np.float64(0.14723896167543674))","(np.float64(-60.88168457564876), np.float64(154.43880162352127))"
3063,"((2, 9), (5, 14), (7, 10))","(np.float64(0.1227120116273792), np.float64(0.044659554666220895), np.float64(0.11954311313047308))","(np.float64(189.57215502944962), np.float64(176.54180036673324), np.float64(249.3723339229811))"
3064,"((1, 17), (5, 14), (6, 17))","(np.float64(0.1275738162405613), np.float64(0.1419171915026737), np.float64(0.12211538077304289))","(np.float64(89.01309338581353), np.float64(192.5357776019797), np.float64(192.830040963182))"
3065,"((3, 13), (6, 8), (2, 15))","(np.float64(0.1366787215086926), np.float64(0.14026704108614238), np.float64(0.10917105968387526))","(np.float64(208.45218580639994), np.float64(27.217414449668695), np.float64(-65.48801349488997))"
3066,"((5, 18), (10, 13))","(np.float64(0.055142702797426675), np.float64(0.06688875648956988))","(np.float64(135.33862700057458), np.float64(-118.58480052644063))"
3067,"((1, 11), (5, 16), (6, 13), (14, 17), (6, 14), (6, 17), (7, 18))","(np.float64(0.09155333070717854), np.float64(0.14353970462012336), np.float64(0.1372878934452205), np.float64(0.1373296769670143), np.float64(0.0554622914417916), np.float64(0.08915107873967998), np.float64(0.1229848646889205))","(np.float64(161.24053236191378), np.float64(-144.62805512460233), np.float64(232.39443881857363), np.float64(-38.8880834464436), np.float64(134.18470191131638), np.float64(173.44956589071506), np.float64(28.03181966653841))"
3069,"((5, 11), (15, 16))","(np.float64(0.14612936471864948), np.float64(0.04591088090019224))","(np.float64(-83.93409204061248), np.float64(-65.27277798339162))"
3071,"((1, 4), (1, 9), (2, 19), (3, 5), (4, 9), (9, 13), (9, 16), (13, 16), (0, 9), (14, 19))","(np.float64(0.011074134492434568), np.float64(0.026754580424495786), np.float64(0.14273474761579472), np.float64(0.0692727330240128), np.float64(0.03954697491486826), np.float64(0.07096304966184212), np.float64(0.13410967464904708), np.float64(0.06317113146463815), np.float64(0.12238703891629212), np.float64(0.12886376770697733))","(np.float64(-9.635589381663749), np.float64(-36.806315024063), np.float64(-30.314243966304332), np.float64(9.685183003091709), np.float64(-28.239010630802568), np.float64(-68.56080272193924), np.float64(-46.95624412077137), np.float64(21.604558601167867), np.float64(262.06733922188545), np.float64(-250.98373240744024))"
3072,"((2, 17),)","(np.float64(0.09363076383369034),)","(np.float64(73.15176980677975),)"
3073,"((5, 19), (10, 17))","(np.float64(0.07284277801239052), np.float64(0.10333004620326826))","(np.float64(82.93414644179006), np.float64(-82.94668142445607))"
3074,"((0, 7), (0, 18), (2, 16), (4, 5), (7, 18))","(np.float64(0.11771306481813022), np.float64(0.10576895967527146), np.float64(0.14362479238098538), np.float64(0.04992403855070262), np.float64(0.12940667695139674))","(np.float64(210.61412151648722), np.float64(-33.082497793978916), np.float64(41.76011267985632), np.float64(297.642594460179), np.float64(-243.69661931046613))"
3075,"((8, 13),)","(np.float64(0.06895852297359853),)","(np.float64(24.360860178272162),)"
3076,"((12, 19),)","(np.float64(0.14465640866931326),)","(np.float64(99.68270826924368),)"
3077,"((3, 7), (4, 9))","(np.float64(0.11000802653480087), np.float64(0.14620047308388914))","(np.float64(332.90069581896284), np.float64(270.2629694687384))"
3078,"((10, 16), (4, 16))","(np.float64(0.14375688691229574), np.float64(0.14044186519740087))","(np.float64(271.05236894147083), np.float64(266.3728981251105))"
3079,"((3, 15), (9, 17), (2, 12))","(np.float64(0.13347974171912685), np.float64(0.1202850157892122), np.float64(0.14285086773664155))","(np.float64(-161.21180719720323), np.float64(-167.7214804586239), np.float64(-163.36948939183014))"
3080,"((6, 14), (5, 14))","(np.float64(0.08234051947577256), np.float64(0.14115761594597254))","(np.float64(200.58511457350755), np.float64(194.71748312677408))"
3082,"((14, 19),)","(np.float64(0.13376687107134963),)","(np.float64(-229.8746238353588),)"
3084,"((2, 5), (4, 8), (6, 15))","(np.float64(0.1171603982654954), np.float64(0.12564327985628898), np.float64(0.13751453647016618))","(np.float64(-54.82584536803023), np.float64(-89.3214026604166), np.float64(-147.03552022910557))"
3086,"((0, 9), (2, 10))","(np.float64(0.030800112848694543), np.float64(0.06161472663989791))","(np.float64(178.57856390102967), np.float64(250.70409173426816))"
3087,"((1, 12),)","(np.float64(0.14880927221062176),)","(np.float64(199.94947533542654),)"
3088,"((4, 17), (5, 19))","(np.float64(0.13000210605973622), np.float64(0.12429820642166424))","(np.float64(180.84223458496294), np.float64(-123.5924564185674))"
3089,"((0, 7), (2, 13), (4, 7), (8, 15), (9, 16))","(np.float64(0.11818775942961056), np.float64(0.10853125603698109), np.float64(0.10114717292655748), np.float64(0.07064626468324024), np.float64(0.12998409266976946))","(np.float64(190.46841878409657), np.float64(168.49103883113162), np.float64(282.9957395612581), np.float64(-172.67743427531494), np.float64(-206.042653133755))"
3090,"((4, 10), (7, 14), (9, 11), (16, 19), (1, 11))","(np.float64(0.1090445670203038), np.float64(0.07519828271400947), np.float64(0.11286858165165924), np.float64(0.14717932816576754), np.float64(0.1362329030325527))","(np.float64(270.27593487974906), np.float64(286.0388240694836), np.float64(277.21943131187794), np.float64(-49.92845837772242), np.float64(170.7897717423822))"
3092,"((1, 4),)","(np.float64(0.1411307582759009),)","(np.float64(-91.98742479214906),)"
3093,"((0, 3), (0, 9), (3, 9), (6, 17), (3, 5), (4, 10))","(np.float64(0.12305555767931838), np.float64(0.13236146482382885), np.float64(0.12764227326277186), np.float64(0.10392304859401386), np.float64(0.14236989670502434), np.float64(0.14494376103635212))","(np.float64(-47.63483331563057), np.float64(177.66030450435764), np.float64(225.2951378199882), np.float64(-81.95549795303245), np.float64(1.5240168311678985), np.float64(155.820517861145))"
3094,"((7, 17), (8, 11), (12, 18), (11, 18))","(np.float64(0.12458987748370741), np.float64(0.06701901865201589), np.float64(0.062444548357687465), np.float64(0.08866193201069351))","(np.float64(-163.2795648829681), np.float64(-63.4703831587164), np.float64(-228.76614596895354), np.float64(-112.84042706666776))"
3095,"((6, 12), (13, 14), (2, 12))","(np.float64(0.05952443479099949), np.float64(0.0257269886066811), np.float64(0.1348656460917429))","(np.float64(222.68858077722285), np.float64(-53.154116944978796), np.float64(224.6171522104944))"
3096,"((5, 6),)","(np.float64(0.1219601062475095),)","(np.float64(-4.939395590979416),)"
3097,"((3, 13), (0, 9))","(np.float64(0.12363448276440991), np.float64(0.14789915881449597))","(np.float64(-85.3654404535693), np.float64(233.17986532972697))"
3098,"((12, 15),)","(np.float64(0.13262073042748074),)","(np.float64(-21.712756523751096),)"
3099,"((4, 13), (5, 7), (5, 10), (7, 10), (5, 16))","(np.float64(0.024317412937181426), np.float64(0.09799327165875976), np.float64(0.08788538903027956), np.float64(0.0962197098922933), np.float64(0.1483923094825673))","(np.float64(206.9943316024315), np.float64(246.56591603536907), np.float64(199.86334427094118), np.float64(-46.70257176442789), np.float64(8.856887127045866))"
3102,"((2, 6), (1, 13))","(np.float64(0.12265243057985072), np.float64(0.14874080442971235))","(np.float64(-48.81006817573041), np.float64(217.5614905715379))"
3103,"((7, 15),)","(np.float64(0.07567229942666577),)","(np.float64(137.00140926514706),)"
3104,"((5, 12), (1, 12))","(np.float64(0.14866271651255253), np.float64(0.14913741286579116))","(np.float64(209.66910401900645), np.float64(151.62551728854982))"
3105,"((1, 4),)","(np.float64(0.09033625503990197),)","(np.float64(-77.21503165450403),)"
3106,"((11, 15), (17, 19), (3, 7), (5, 17), (9, 19))","(np.float64(0.08187373904637182), np.float64(0.06911636306521554), np.float64(0.13500941977526368), np.float64(0.13066205861814842), np.float64(0.1196555231335237))","(np.float64(-79.73398538904513), np.float64(-3.1087018081941267), np.float64(168.0693713471727), np.float64(-108.94183108207676), np.float64(-29.10012875316599))"
3107,"((4, 10), (4, 18))","(np.float64(0.09284814507629108), np.float64(0.1290364788595693))","(np.float64(244.80398468882487), np.float64(216.097317430752))"
3108,"((1, 10),)","(np.float64(0.12660192478209922),)","(np.float64(180.20188629400138),)"
3109,"((1, 2), (4, 6))","(np.float64(0.12866655714365374), np.float64(0.08469058920947906))","(np.float64(-317.6517613159479), np.float64(-85.72645325982603))"
3110,"((2, 18), (13, 19))","(np.float64(0.12378608921341043), np.float64(0.13917980887780015))","(np.float64(122.62516167183998), np.float64(-82.95338118654124))"
3111,"((5, 9),)","(np.float64(0.11829279003223314),)","(np.float64(-35.6247420517131),)"
3113,"((0, 1), (13, 18))","(np.float64(0.12239497365742397), np.float64(0.1475793339670863))","(np.float64(-10.890113199251232), np.float64(-187.73032764711138))"
3114,"((5, 11), (12, 16), (13, 18))","(np.float64(0.12340157401193169), np.float64(0.08893739508402097), np.float64(0.14390677544458652))","(np.float64(216.14761719740483), np.float64(-149.64323164539655), np.float64(-119.0496273578866))"
3115,"((0, 12), (9, 15))","(np.float64(0.11070567058269176), np.float64(0.12510874115884996))","(np.float64(-148.4433771729617), np.float64(-48.06939826777733))"
3116,"((0, 7), (1, 9))","(np.float64(0.14574039464676733), np.float64(0.05444715627295328))","(np.float64(-88.60218663727582), np.float64(-49.14372355050216))"
3117,"((7, 12), (8, 16), (9, 11), (2, 11))","(np.float64(0.14153758155282153), np.float64(0.10813484681718562), np.float64(0.14384194910336195), np.float64(0.14439488468356737))","(np.float64(-1.412814489770426), np.float64(-133.83076985374657), np.float64(23.60057165060573), np.float64(203.95241610749002))"
3118,"((4, 11), (6, 15), (10, 18))","(np.float64(0.07493998945119032), np.float64(0.1124423265352952), np.float64(0.13194639615681927))","(np.float64(198.52584754692037), np.float64(73.72365686935106), np.float64(-203.94920294079859))"
3120,"((4, 12),)","(np.float64(0.14675471872787949),)","(np.float64(-165.65448028912454),)"
3122,"((16, 17),)","(np.float64(0.12561305347808538),)","(np.float64(-42.17849498646825),)"
3123,"((10, 19),)","(np.float64(0.14582413712890857),)","(np.float64(-203.77804823952908),)"
3124,"((3, 5),)","(np.float64(0.13267865319863456),)","(np.float64(167.94419021846),)"
3125,"((1, 11), (2, 6), (4, 17), (12, 18), (15, 19), (14, 19), (0, 8))","(np.float64(0.09256102451193356), np.float64(0.09081483357633564), np.float64(0.10567332177681435), np.float64(0.10190454577820764), np.float64(0.09800738320686195), np.float64(0.12960299258861127), np.float64(0.14114180626787862))","(np.float64(170.01844088842677), np.float64(0.3394705864990897), np.float64(16.03550713809591), np.float64(-193.03134447948662), np.float64(50.63907237096967), np.float64(-243.45162846164794), np.float64(236.7631602284173))"
3127,"((1, 15), (1, 13), (14, 17))","(np.float64(0.13903186070842852), np.float64(0.14277061920150097), np.float64(0.1443368519099444))","(np.float64(-135.28801412577087), np.float64(-83.97044593329764), np.float64(173.20926999475301))"
3128,"((3, 18), (6, 13), (10, 14), (10, 17))","(np.float64(0.0947973913979508), np.float64(0.10381248339719494), np.float64(0.12525069267685401), np.float64(0.1260826855396939))","(np.float64(96.25025996248488), np.float64(217.9294473991448), np.float64(-51.5278567638959), np.float64(-201.13836045827543))"
3129,"((15, 19), (12, 19))","(np.float64(0.14516468937194593), np.float64(0.13907581153673276))","(np.float64(-145.5405647904388), np.float64(-161.54937642663515))"
3131,"((1, 15), (5, 6))","(np.float64(0.05318587058900853), np.float64(0.13772663717881306))","(np.float64(168.20274642701844), np.float64(-345.89521755122007))"
3133,"((3, 11), (5, 8), (8, 18), (9, 18))","(np.float64(0.12389276989885903), np.float64(0.07441591060078216), np.float64(0.1158333621315726), np.float64(0.12052048622209084))","(np.float64(265.4837164698909), np.float64(261.44644531637255), np.float64(-184.09440094450838), np.float64(-123.43499644603935))"
3134,"((6, 10), (6, 19), (16, 19), (7, 10), (4, 7), (4, 10), (3, 17))","(np.float64(0.14907076754949364), np.float64(0.012319438597325242), np.float64(0.13009344704868117), np.float64(0.1258914567048476), np.float64(0.10691779902323613), np.float64(0.1263017432918016), np.float64(0.13407996424681312))","(np.float64(208.1889383338741), np.float64(94.77540255449327), np.float64(-63.70163790757931), np.float64(339.52680186235307), np.float64(245.87187909813963), np.float64(139.49336365397414), np.float64(25.117803013318735))"
3135,"((1, 6), (13, 14), (10, 15))","(np.float64(0.07273827301951), np.float64(0.1307813083531509), np.float64(0.08774058702849637))","(np.float64(235.81857931351993), np.float64(321.2285608489506), np.float64(-212.69283009445684))"
3136,"((9, 18), (14, 15), (0, 14))","(np.float64(0.09061663896079102), np.float64(0.14638317518523467), np.float64(0.13002841396404569))","(np.float64(-226.65071525169463), np.float64(26.113579080108934), np.float64(88.28071675473865))"
3137,"((11, 17),)","(np.float64(0.14458893180988444),)","(np.float64(-158.08424912946458),)"
3138,"((0, 9), (15, 19))","(np.float64(0.13465065035393733), np.float64(0.07729394472686098))","(np.float64(183.811151606372), np.float64(-107.72415216619893))"
3139,"((14, 17),)","(np.float64(0.1469715035920117),)","(np.float64(-16.978035208825247),)"
3142,"((4, 15),)","(np.float64(0.08642459555345938),)","(np.float64(79.91593342453706),)"
3144,"((15, 19),)","(np.float64(0.14363903766604308),)","(np.float64(-35.48604584581227),)"
3145,"((1, 3), (0, 12))","(np.float64(0.12941842741289544), np.float64(0.146777650684976))","(np.float64(196.68426807623587), np.float64(183.04064697495414))"
3146,"((3, 9), (6, 12), (11, 15))","(np.float64(0.1314292091993671), np.float64(0.07259825419973535), np.float64(0.05086057962308371))","(np.float64(105.73931575494649), np.float64(-64.26543756895484), np.float64(-141.20278010321792))"
3147,"((0, 2), (0, 11), (2, 11), (12, 19))","(np.float64(0.13709545830338288), np.float64(0.14321859260861738), np.float64(0.006591252612369673), np.float64(0.12898714967424976))","(np.float64(-55.874231816230576), np.float64(206.29555214738934), np.float64(262.1697839636199), np.float64(-242.91317532087277))"
3150,"((9, 17),)","(np.float64(0.0715917459045707),)","(np.float64(-199.78483269267053),)"
3151,"((5, 13), (13, 15))","(np.float64(0.06764383633693097), np.float64(0.12874538248945197))","(np.float64(-70.51304458747978), np.float64(333.5381022542803))"
3152,"((1, 6), (2, 12), (8, 19))","(np.float64(0.14639861788561667), np.float64(0.12458181876091094), np.float64(0.14247144830564074))","(np.float64(-145.68538172283505), np.float64(173.27767596528216), np.float64(-178.50519580603094))"
3153,"((3, 8), (13, 19), (11, 19), (8, 14))","(np.float64(0.14516196206823614), np.float64(0.10593864799301701), np.float64(0.14194054865738967), np.float64(0.13557640442785845))","(np.float64(202.38390720408097), np.float64(-157.74741995716522), np.float64(-125.45440035341738), np.float64(-157.59775084174277))"
3154,"((0, 18), (7, 18))","(np.float64(0.020534748334880327), np.float64(0.1227945154845815))","(np.float64(36.169510280760164), np.float64(-146.32943138366085))"
3155,"((2, 5), (15, 16))","(np.float64(0.14611572008805712), np.float64(0.12443010758992595))","(np.float64(0.2381976610241736), np.float64(334.6823373708381))"
3156,"((3, 9), (5, 13))","(np.float64(0.042579596281874535), np.float64(0.08685005678521238))","(np.float64(126.9338137388462), np.float64(91.70639474496201))"
3157,"((3, 5),)","(np.float64(0.1133717373678343),)","(np.float64(-30.14979691930955),)"
3158,"((3, 10), (5, 14), (8, 17), (16, 18), (3, 17))","(np.float64(0.0888041899600095), np.float64(0.09415254972752604), np.float64(0.1377431138279672), np.float64(0.12394088578713168), np.float64(0.14417546274584359))","(np.float64(-79.0233336804016), np.float64(-125.54442634520225), np.float64(-116.373034750952), np.float64(169.53227625538455), np.float64(134.4262517878018))"
3160,"((2, 11),)","(np.float64(0.13338465306745215),)","(np.float64(104.82355028696668),)"
3161,"((1, 14), (5, 19), (11, 19), (1, 17))","(np.float64(0.07791983492721198), np.float64(0.11849033885669805), np.float64(0.14976520679644761), np.float64(0.1149193293469473))","(np.float64(123.50997803129974), np.float64(119.44908693273285), np.float64(-10.153706227829474), np.float64(121.77391773049516))"
3162,"((2, 5), (4, 19), (13, 16), (6, 18))","(np.float64(0.12085890537461068), np.float64(0.13606873726775653), np.float64(0.11673612962349685), np.float64(0.1462521151290243))","(np.float64(300.1926895833523), np.float64(-226.6069764016482), np.float64(43.78025309364352), np.float64(172.50128696386523))"
3163,"((1, 15), (14, 19), (15, 19))","(np.float64(0.11013941263916595), np.float64(0.14233383788814896), np.float64(0.13720643490970802))","(np.float64(-164.1971689474244), np.float64(187.32640843322181), np.float64(-186.41265343460603))"
3164,"((13, 16),)","(np.float64(0.10810380320754656),)","(np.float64(-55.48291309279932),)"
3166,"((3, 14), (3, 18), (14, 18), (1, 14))","(np.float64(0.053824850668408954), np.float64(0.11474748111507896), np.float64(0.13071440729609013), np.float64(0.11583115406922334))","(np.float64(220.49495680878317), np.float64(111.2981085742691), np.float64(-109.19684823451408), np.float64(65.01602615077803))"
3167,"((1, 13), (9, 13), (10, 12))","(np.float64(0.11661209711349124), np.float64(0.14818261760160711), np.float64(0.13479289219350415))","(np.float64(89.80400058697467), np.float64(10.831535699508663), np.float64(37.36950747923322))"
3168,"((0, 10),)","(np.float64(0.128682419039554),)","(np.float64(132.27052566747275),)"
3169,"((1, 4), (14, 15), (17, 18), (12, 18), (4, 12))","(np.float64(0.07515654250575897), np.float64(0.09456406133147713), np.float64(0.09463671015258335), np.float64(0.09428958551115629), np.float64(0.12971172126550307))","(np.float64(-23.749762665835704), np.float64(59.6697966816356), np.float64(-219.60639763021192), np.float64(140.0279692883965), np.float64(-138.12855588152684))"
3170,"((3, 10), (6, 12), (12, 19))","(np.float64(0.08733875700282123), np.float64(0.12273023626358481), np.float64(0.1305294738264342))","(np.float64(128.0134034380638), np.float64(181.00923145338515), np.float64(-91.35873775002122))"
3171,"((9, 18), (2, 3))","(np.float64(0.11650601616765809), np.float64(0.12431185461428396))","(np.float64(-163.6058580700823), np.float64(-179.99363602619923))"
3172,"((1, 9),)","(np.float64(0.08102837060361656),)","(np.float64(266.3603854905736),)"
3173,"((10, 18),)","(np.float64(0.12036947168521124),)","(np.float64(-224.31179270740282),)"
3174,"((1, 18), (4, 10))","(np.float64(0.07270975944417808), np.float64(0.10394682758635902))","(np.float64(128.88067698472952), np.float64(265.6976523303825))"
3176,"((2, 5), (2, 7), (5, 7), (9, 17), (7, 10))","(np.float64(0.11079383697614004), np.float64(0.11041253559880715), np.float64(0.13061649118402746), np.float64(0.08987263189605961), np.float64(0.13238572818337446))","(np.float64(139.44256446996698), np.float64(196.38509011922), np.float64(56.942525649253014), np.float64(-136.4498212774111), np.float64(-52.91118313773319))"
3177,"((2, 5), (2, 18), (5, 18), (1, 13))","(np.float64(0.04460068177904866), np.float64(0.08323457995513546), np.float64(0.08500439746761221), np.float64(0.13510613643521138))","(np.float64(263.6584934682401), np.float64(39.18364163595169), np.float64(-224.47485183228844), np.float64(156.08383450513844))"
3178,"((14, 16),)","(np.float64(0.11612593931584475),)","(np.float64(-128.85665339095107),)"
3179,"((3, 18), (5, 7))","(np.float64(0.06283260859740432), np.float64(0.14586703677728916))","(np.float64(81.00407883428869), np.float64(32.18509665748138))"
3183,"((7, 8), (12, 18), (7, 12))","(np.float64(0.11519264711505758), np.float64(0.10939923444059182), np.float64(0.042116602237004835))","(np.float64(-19.51241514095142), np.float64(21.43231901157054), np.float64(-62.18405482889153))"
3184,"((3, 11), (1, 10))","(np.float64(0.08160420211435379), np.float64(0.14220787431915116))","(np.float64(178.84973103287183), np.float64(211.53379072640996))"
3185,"((5, 14), (12, 19))","(np.float64(0.0806036304010512), np.float64(0.14990697238787576))","(np.float64(-174.43212144138533), np.float64(-63.08529276797282))"
3186,"((0, 6), (5, 15), (10, 14), (3, 14))","(np.float64(0.12162815963419128), np.float64(0.09598205144999365), np.float64(0.12669229833049142), np.float64(0.14025776180585314))","(np.float64(-102.86579036905076), np.float64(201.37309289328175), np.float64(229.46194691883414), np.float64(232.93773265088856))"
3187,"((2, 10), (3, 19), (5, 6))","(np.float64(0.14937380960949925), np.float64(0.13751933232225244), np.float64(0.14176068044206264))","(np.float64(-84.17189867936025), np.float64(2.1782708998212), np.float64(-20.75647789984066))"
3188,"((1, 8), (6, 9))","(np.float64(0.12318941899368237), np.float64(0.11694618174383069))","(np.float64(258.1069044821636), np.float64(-15.141549618451563))"
3189,"((2, 11), (4, 12))","(np.float64(0.10412818776622657), np.float64(0.14575816012133153))","(np.float64(223.7203786566891), np.float64(67.62654344422896))"
3190,"((1, 10), (5, 13), (2, 17))","(np.float64(0.11628784120723529), np.float64(0.12539907992600993), np.float64(0.12046872813450452))","(np.float64(211.12438645215587), np.float64(-44.17325459779914), np.float64(-179.12638680345228))"
3191,"((2, 10), (5, 13))","(np.float64(0.13052259506387662), np.float64(0.13030019748240745))","(np.float64(181.25051295336033), np.float64(242.90044505328115))"
3194,"((5, 19), (5, 17))","(np.float64(0.0926549091546039), np.float64(0.1465746296400472))","(np.float64(-210.80356852935114), np.float64(150.22101634674937))"
3195,"((4, 16), (6, 14))","(np.float64(0.10209508168170998), np.float64(0.12470052543870984))","(np.float64(168.6451143652514), np.float64(172.58603445166784))"
3196,"((4, 7),)","(np.float64(0.09923118590926575),)","(np.float64(242.02688590188052),)"
3197,"((1, 11),)","(np.float64(0.13741703355483464),)","(np.float64(-134.70441052920995),)"
3198,"((7, 14),)","(np.float64(0.13958054212885118),)","(np.float64(102.60933914455927),)"
3199,"((6, 18), (1, 11))","(np.float64(0.10203487954287722), np.float64(0.13795777710001947))","(np.float64(-202.51780890059018), np.float64(88.6689376839721))"
3200,"((16, 18),)","(np.float64(0.08360543827777767),)","(np.float64(34.24722848767817),)"
3201,"((13, 19), (15, 19))","(np.float64(0.13674205117662105), np.float64(0.13674652360599862))","(np.float64(188.33559702583085), np.float64(188.88254086927327))"
3202,"((4, 7),)","(np.float64(0.12026772758365402),)","(np.float64(-71.73979263271599),)"
3203,"((0, 19),)","(np.float64(0.11271913586657277),)","(np.float64(49.20158800080691),)"
3205,"((9, 15), (15, 18))","(np.float64(0.12357779095086682), np.float64(0.13065256481033957))","(np.float64(-79.10441510593498), np.float64(-4.8990330942220055))"
3206,"((0, 16), (3, 13), (10, 17), (12, 17), (5, 13))","(np.float64(0.029899367685509094), np.float64(0.11684546127639296), np.float64(0.12332936552195092), np.float64(0.08478296774687914), np.float64(0.14879768974421545))","(np.float64(216.1188473507185), np.float64(195.01921519691035), np.float64(-203.07162977610756), np.float64(-177.5709298324719), np.float64(223.368614701819))"
3207,"((1, 19), (10, 18), (15, 18), (3, 12))","(np.float64(0.14349084863475872), np.float64(0.13567907449656455), np.float64(0.13323759223519027), np.float64(0.1428366648336321))","(np.float64(66.50678959905906), np.float64(-32.356613792072125), np.float64(-83.32539942774665), np.float64(150.32593534672867))"
3208,"((0, 18), (4, 15))","(np.float64(0.12325583597791415), np.float64(0.10720202459430588))","(np.float64(114.53746278904794), np.float64(180.6465422987211))"
3209,"((7, 10), (13, 18))","(np.float64(0.14457105564477937), np.float64(0.13452166809599986))","(np.float64(280.29646934421845), np.float64(-112.71771776403452))"
3210,"((2, 12), (11, 19))","(np.float64(0.03298281474538198), np.float64(0.13683949242626559))","(np.float64(167.90874036727456), np.float64(-98.90852494174663))"
3211,"((2, 16), (3, 14), (4, 5), (8, 16), (2, 7), (2, 9))","(np.float64(0.10571939458062335), np.float64(0.08733931524922436), np.float64(0.09090124699172032), np.float64(0.13401754780366026), np.float64(0.11520608782338561), np.float64(0.14613076570876418))","(np.float64(-37.11942252418038), np.float64(234.0012121237786), np.float64(-26.33851184276108), np.float64(-289.3099328602223), np.float64(167.34927807435696), np.float64(181.4874474798213))"
3212,"((0, 7), (2, 15), (4, 12))","(np.float64(0.0875009280422068), np.float64(0.14220968094399583), np.float64(0.14820455206422392))","(np.float64(145.35762853938024), np.float64(103.4443791198266), np.float64(217.1312628462614))"
3213,"((3, 15), (5, 14), (17, 19))","(np.float64(0.05632550590967846), np.float64(0.09264640084866244), np.float64(0.13796381783838957))","(np.float64(235.71952716383794), np.float64(-69.32594906961253), np.float64(-168.11938382275463))"
3214,"((14, 16),)","(np.float64(0.14675058909645247),)","(np.float64(-57.144141830901276),)"
3215,"((0, 14), (7, 10))","(np.float64(0.1346596544944804), np.float64(0.04455214173773882))","(np.float64(-263.7909718051191), np.float64(-43.333486397823265))"
3216,"((3, 12), (11, 15), (11, 19))","(np.float64(0.1358866942837604), np.float64(0.11965301660701942), np.float64(0.11767760068952714))","(np.float64(-122.95117306832498), np.float64(-291.11134212534984), np.float64(-155.84040714318866))"
3217,"((4, 16), (9, 18), (12, 19))","(np.float64(0.0375993352456884), np.float64(0.09667703834205545), np.float64(0.14963791538922624))","(np.float64(113.30469662643299), np.float64(-176.1075416546554), np.float64(-131.3068212821449))"
3218,"((0, 14), (1, 13), (6, 15), (9, 18))","(np.float64(0.14282237500390893), np.float64(0.11599427594773294), np.float64(0.12806351922846385), np.float64(0.14000271997066854))","(np.float64(54.74746467565609), np.float64(102.06195338899394), np.float64(-146.97942270880247), np.float64(-63.78083276887483))"
3219,"((5, 17), (11, 15), (16, 18), (3, 17))","(np.float64(0.11425460890100626), np.float64(0.08921962304346114), np.float64(0.14734218838660773), np.float64(0.12180939340076624))","(np.float64(114.62427409740675), np.float64(53.772686214999794), np.float64(-92.86509104620848), np.float64(220.05874289391267))"
3220,"((3, 6),)","(np.float64(0.14909324691335105),)","(np.float64(-30.862377893186874),)"
3221,"((3, 10), (6, 7), (6, 15), (7, 15), (1, 17), (0, 16))","(np.float64(0.05868097890290767), np.float64(0.08805645101239637), np.float64(0.08967037139308622), np.float64(0.0017585068958173738), np.float64(0.066729848282135), np.float64(0.14493773356116493))","(np.float64(-137.4953380444959), np.float64(-57.57246577253909), np.float64(-85.89383816680072), np.float64(-28.32137239426163), np.float64(-144.46703603709904), np.float64(195.92960072805118))"
3222,"((1, 2),)","(np.float64(0.10447166307943531),)","(np.float64(-97.29294497339168),)"
3223,"((3, 5), (4, 11), (4, 17), (5, 14), (8, 10), (9, 16), (11, 17))","(np.float64(0.14194521996550682), np.float64(0.13225747372974866), np.float64(0.03769631794535389), np.float64(0.12775677999827953), np.float64(0.08302305594788052), np.float64(0.1355656531841836), np.float64(0.13819635857328025))","(np.float64(-41.2312234176174), np.float64(252.18138206685865), np.float64(115.42527980012267), np.float64(222.10184154933995), np.float64(275.96463067092213), np.float64(243.7913520136796), np.float64(-115.7695948509645))"
3224,"((3, 10), (4, 6), (5, 8), (5, 18), (8, 18), (16, 17))","(np.float64(0.09641473713729544), np.float64(0.11766419257590524), np.float64(0.13049640589676678), np.float64(0.08653712411705594), np.float64(0.04450303066986422), np.float64(0.125457600701608))","(np.float64(218.9775903419657), np.float64(-65.65925766354974), np.float64(14.000334252068228), np.float64(-226.13220889807042), np.float64(-240.13254315013864), np.float64(210.8859028215295))"
3226,"((5, 9), (7, 8))","(np.float64(0.14716682714121448), np.float64(0.05982017528087138))","(np.float64(224.7034828181906), np.float64(-19.554398134125677))"
3228,"((11, 17), (7, 15))","(np.float64(0.1475133606192657), np.float64(0.14245480545681427))","(np.float64(-79.06889434931381), np.float64(194.65204529567438))"
3229,"((1, 9),)","(np.float64(0.1469192346842049),)","(np.float64(123.80237213606586),)"
3231,"((7, 11), (9, 12), (12, 18), (12, 17))","(np.float64(0.11652594927384038), np.float64(0.05058637805308568), np.float64(0.13944897405251885), np.float64(0.13691796075160234))","(np.float64(272.1571253486936), np.float64(26.625950091750042), np.float64(-191.23660423332024), np.float64(-279.2864279602745))"
3232,"((1, 7), (2, 15))","(np.float64(0.1370007475113005), np.float64(0.13224192319120529))","(np.float64(206.590715547692), np.float64(75.1417731772782))"
3233,"((0, 11), (10, 13), (0, 9))","(np.float64(0.11459973894963896), np.float64(0.0799781639797317), np.float64(0.14638613634088532))","(np.float64(-134.9411357015624), np.float64(15.781819569363563), np.float64(-127.95754002019376))"
3234,"((8, 16),)","(np.float64(0.081299283929179),)","(np.float64(171.53865736563),)"
3235,"((0, 15), (3, 16), (17, 18), (4, 14))","(np.float64(0.11618923074268055), np.float64(0.06970988853193698), np.float64(0.009833291198088064), np.float64(0.14283779351657447))","(np.float64(18.87839182959158), np.float64(29.633172241512113), np.float64(-6.68014176716008), np.float64(98.55058246957577))"
3236,"((10, 12), (10, 19))","(np.float64(0.09666242308243196), np.float64(0.07257691160118515))","(np.float64(284.51627852731514), np.float64(148.59965902538116))"
3237,"((2, 5), (15, 19))","(np.float64(0.03148447382325595), np.float64(0.13820417168485563))","(np.float64(-48.16945878249038), np.float64(-10.36799001981899))"
3238,"((2, 15),)","(np.float64(0.11073572731096977),)","(np.float64(172.48953005862927),)"
3239,"((3, 4), (7, 18), (8, 17), (10, 16))","(np.float64(0.12181095552021627), np.float64(0.12328183099016209), np.float64(0.142694962932095), np.float64(0.07466204357699384))","(np.float64(44.166670528588156), np.float64(115.74601867335303), np.float64(-187.81535342423348), np.float64(-164.01102306689017))"
3240,"((0, 15), (2, 4))","(np.float64(0.11369442686100024), np.float64(0.14511533246366484))","(np.float64(56.32831362364786), np.float64(179.0849881224989))"
3241,"((0, 17), (1, 2), (5, 13), (9, 19))","(np.float64(0.07854713916966907), np.float64(0.1477500759515566), np.float64(0.13203348277025093), np.float64(0.14101653157897878))","(np.float64(73.96485994526017), np.float64(31.92568436527887), np.float64(180.09266437997832), np.float64(155.77236064598435))"
3242,"((0, 10), (7, 13))","(np.float64(0.09760719110131062), np.float64(0.13844594312855246))","(np.float64(184.09069834539298), np.float64(-79.00878310385497))"
3245,"((1, 19), (3, 9), (10, 13), (4, 19))","(np.float64(0.08086158958188545), np.float64(0.1470021298508682), np.float64(0.11399675314122044), np.float64(0.1467720741076322))","(np.float64(82.15768570977954), np.float64(219.1221230758365), np.float64(-6.938057438719625), np.float64(108.46487035684189))"
3246,"((8, 15),)","(np.float64(0.023913108558917418),)","(np.float64(-136.13021436231645),)"
3247,"((1, 17), (5, 15), (7, 15), (9, 14), (4, 19), (14, 17))","(np.float64(0.08698434516432423), np.float64(0.12984691801337053), np.float64(0.1088564614829675), np.float64(0.14142750102079416), np.float64(0.13427243211168527), np.float64(0.032425589416678745))","(np.float64(64.31845661487094), np.float64(145.4193987347017), np.float64(198.63035391048635), np.float64(-4.94234746940316), np.float64(107.17663724333295), np.float64(144.09195250293322))"
3248,"((0, 14), (0, 12))","(np.float64(0.1439530971457586), np.float64(0.14663781422869754))","(np.float64(153.56138629114855), np.float64(171.94824579069984))"
3249,"((5, 16), (1, 9))","(np.float64(0.1479204487357032), np.float64(0.1340629618749172))","(np.float64(-180.45564059964738), np.float64(97.32446596091256))"
3250,"((15, 18), (16, 18), (2, 18))","(np.float64(0.14658322878500746), np.float64(0.13819602861293878), np.float64(0.13071680148362583))","(np.float64(-7.4658705138706125), np.float64(7.562577484557465), np.float64(131.6411131725844))"
3251,"((3, 18), (6, 15), (7, 8), (10, 17))","(np.float64(0.12358875369389252), np.float64(0.09545071171499625), np.float64(0.11394988608516565), np.float64(0.036845273852649865))","(np.float64(67.98874009678832), np.float64(163.3142137428447), np.float64(-316.9422553736207), np.float64(-196.9833658844093))"
3252,"((0, 7), (0, 14), (10, 14), (5, 17), (11, 19))","(np.float64(0.09646317345010642), np.float64(0.10780034953031493), np.float64(0.03581194516240479), np.float64(0.14822543809056726), np.float64(0.11044294933241469))","(np.float64(-127.91792304695079), np.float64(96.08635914628482), np.float64(-56.90119105758049), np.float64(149.83072260966316), np.float64(151.6406029772512))"
3253,"((6, 9), (8, 12))","(np.float64(0.09522203442902442), np.float64(0.10693774924563737))","(np.float64(-87.0830827642531), np.float64(-67.59292927871832))"
3255,"((2, 8),)","(np.float64(0.13008022954491497),)","(np.float64(214.253516978385),)"
3256,"((16, 17), (3, 7), (6, 18), (7, 18))","(np.float64(0.02106927362223636), np.float64(0.13974285494134878), np.float64(0.1432611309276921), np.float64(0.14459460860494597))","(np.float64(-0.9201317665921067), np.float64(257.6886516642982), np.float64(-60.421980741059826), np.float64(-133.76271121579538))"
3259,"((4, 17), (13, 17))","(np.float64(0.11962508254810848), np.float64(0.04182358020923033))","(np.float64(25.0800590599099), np.float64(-126.7215917652178))"
3260,"((5, 8),)","(np.float64(0.10837532626777095),)","(np.float64(145.89182759795506),)"
3262,"((0, 1), (1, 18), (5, 10), (10, 16))","(np.float64(0.09437641936082493), np.float64(0.09480250299557143), np.float64(0.09048600428006641), np.float64(0.06985779921314039))","(np.float64(-49.90080972191063), np.float64(30.95507967364486), np.float64(284.8194999225157), np.float64(-53.799103450593975))"
3263,"((8, 12),)","(np.float64(0.14324352944629543),)","(np.float64(-54.93235379378115),)"
3265,"((12, 19),)","(np.float64(0.1380110750227845),)","(np.float64(-84.05406526852437),)"
3266,"((10, 16), (17, 19))","(np.float64(0.06878162173543258), np.float64(0.13051277633132247))","(np.float64(-186.14378077330412), np.float64(-7.6883698248851715))"
3267,"((3, 14), (8, 18), (6, 17))","(np.float64(0.09673645176984821), np.float64(0.11899974968917999), np.float64(0.13999335146664973))","(np.float64(148.43909242933142), np.float64(204.0395315754855), np.float64(189.8988126893783))"
3268,"((5, 16), (0, 16))","(np.float64(0.0910523125175389), np.float64(0.1436954339672388))","(np.float64(-115.81246208247586), np.float64(-76.5380750525535))"
3269,"((1, 2), (11, 14), (1, 14), (13, 19))","(np.float64(0.12270976540526407), np.float64(0.12312884104714829), np.float64(0.10391390738543592), np.float64(0.1419055068526962))","(np.float64(38.45368727321784), np.float64(40.41823657270038), np.float64(217.6978143922658), np.float64(-170.55406916512635))"
3270,"((4, 19), (6, 13), (5, 12))","(np.float64(0.06606464912836431), np.float64(0.0837395799401547), np.float64(0.14397295987535014))","(np.float64(-209.65788219709128), np.float64(-96.65975116151276), np.float64(-55.921537248644995))"
3271,"((4, 9),)","(np.float64(0.11158444605136442),)","(np.float64(259.23076223633205),)"
3272,"((4, 11), (12, 16))","(np.float64(0.13385898773566274), np.float64(0.08463850958267398))","(np.float64(246.27266386100524), np.float64(-159.49343370811036))"
3273,"((0, 17), (8, 9), (9, 19), (1, 11), (1, 10), (11, 18), (1, 6))","(np.float64(0.13568543786243906), np.float64(0.13088167026034092), np.float64(0.09098295455233102), np.float64(0.12833139346770764), np.float64(0.1390381908055981), np.float64(0.11251415583375195), np.float64(0.13016516094852704))","(np.float64(4.040474947766938), np.float64(-7.612763016365875), np.float64(-220.28116944505018), np.float64(214.0408843698536), np.float64(182.5677977324723), np.float64(140.8412949421171), np.float64(-45.38507449954915))"
3275,"((1, 8), (3, 6), (16, 18))","(np.float64(0.1233082998412793), np.float64(0.11718751441677107), np.float64(0.10770445944382034))","(np.float64(231.1236675688366), np.float64(24.161056703506688), np.float64(-145.76605717414637))"
3276,"((1, 2), (3, 6), (11, 17))","(np.float64(0.0972642641606772), np.float64(0.11288934620399542), np.float64(0.1474688825532545))","(np.float64(44.73078587295748), np.float64(-31.167322628194995), np.float64(-143.75018071910858))"
3278,"((3, 4), (8, 18), (11, 13), (3, 7), (7, 19), (4, 12))","(np.float64(0.08434717323695998), np.float64(0.04213370536566344), np.float64(0.09382507481846504), np.float64(0.1376644114523657), np.float64(0.148245793419157), np.float64(0.1447686058194545))","(np.float64(-44.946434279571804), np.float64(-133.95925163858604), np.float64(-44.75993883229097), np.float64(231.51052255493914), np.float64(-151.99441719408924), np.float64(156.87568311786316))"
3279,"((8, 12), (8, 19), (12, 19), (12, 15))","(np.float64(0.05867420381037604), np.float64(0.05220952405180524), np.float64(0.06294511842582685), np.float64(0.12765855971928164))","(np.float64(-23.50718728385732), np.float64(-161.28175818770939), np.float64(-137.77457090385207), np.float64(-110.72528422930418))"
3280,"((0, 9), (2, 5), (7, 10))","(np.float64(0.09132998214856466), np.float64(0.06725264396423351), np.float64(0.08929148603600212))","(np.float64(-131.78880595646658), np.float64(-70.92438344942755), np.float64(283.6635212677954))"
3281,"((2, 7),)","(np.float64(0.14293556612829011),)","(np.float64(223.89601816018558),)"
3282,"((0, 6), (3, 9), (6, 8))","(np.float64(0.13690022713122824), np.float64(0.1350108427636398), np.float64(0.13205341101193788))","(np.float64(252.24958808357832), np.float64(246.33767692929695), np.float64(-68.98448779318772))"
3283,"((2, 17), (1, 17), (2, 12))","(np.float64(0.13149670491219412), np.float64(0.13621236979304832), np.float64(0.14583361515283716))","(np.float64(206.28572124512863), np.float64(263.2751758688778), np.float64(-37.25037928211799))"
3284,"((0, 7), (9, 11), (15, 19), (0, 10), (1, 8))","(np.float64(0.1388985261350152), np.float64(0.1092418936993604), np.float64(0.1222293804254115), np.float64(0.13910621172851817), np.float64(0.1325204343955275))","(np.float64(210.87427406347803), np.float64(-55.10792817472958), np.float64(51.40468302193386), np.float64(231.18661913993986), np.float64(-52.60740936676848))"
3285,"((4, 7), (9, 19))","(np.float64(0.11255783557154418), np.float64(0.1320707257313061))","(np.float64(299.13297427746534), np.float64(-149.1533868548247))"
3287,"((1, 12), (11, 13), (13, 19), (8, 19), (11, 19), (5, 11), (14, 17))","(np.float64(0.01164830223732527), np.float64(0.138744423052913), np.float64(0.08674701799665033), np.float64(0.11381744659833842), np.float64(0.11764927988167757), np.float64(0.044731067079435805), np.float64(0.1476654960569515))","(np.float64(212.3625062201304), np.float64(-5.7834666854222405), np.float64(-145.34782866117962), np.float64(149.03148759216748), np.float64(-193.91924692033137), np.float64(208.7929128110548), np.float64(-200.26664022451092))"
3288,"((10, 11), (10, 16), (10, 17), (11, 16), (11, 17), (16, 17))","(np.float64(0.11801901510810923), np.float64(0.08756299574696931), np.float64(0.06935787083697852), np.float64(0.04950206571835145), np.float64(0.0508117903952902), np.float64(0.025220349490892618))","(np.float64(36.353432986024416), np.float64(91.75701827756893), np.float64(148.9514529788911), np.float64(55.403585291544516), np.float64(112.59801999286668), np.float64(57.194434701322166))"
3289,"((0, 12), (7, 8), (9, 14), (15, 17))","(np.float64(0.14983778028316813), np.float64(0.0828548955397231), np.float64(0.12091397442291103), np.float64(0.1467063999257899))","(np.float64(-167.94584188634477), np.float64(334.2718143809917), np.float64(301.2400898121875), np.float64(-252.29729879145498))"
3291,"((1, 4), (8, 12))","(np.float64(0.14195701696994767), np.float64(0.0864385233193002))","(np.float64(256.6867923305909), np.float64(-60.302640126800384))"
3292,"((11, 14), (11, 17), (14, 17), (11, 19))","(np.float64(0.04345646150991936), np.float64(0.11727298757200286), np.float64(0.10708857774468142), np.float64(0.10222543628117702))","(np.float64(-19.181364654386527), np.float64(-115.8792012354387), np.float64(-96.69529027062737), np.float64(-154.55454779105833))"
3293,"((1, 12), (0, 12), (13, 18))","(np.float64(0.09756356413345921), np.float64(0.08424689949306258), np.float64(0.1007909549131889))","(np.float64(129.19494085871415), np.float64(123.03675835430909), np.float64(-129.42287933976803))"
3294,"((15, 18), (0, 11))","(np.float64(0.09932348174389412), np.float64(0.13736630944564648))","(np.float64(-208.23457619708694), np.float64(194.57636375052567))"
3295,"((15, 16), (7, 16), (6, 14))","(np.float64(0.14377594316842685), np.float64(0.12939983976187783), np.float64(0.14332730986836908))","(np.float64(43.49258130081492), np.float64(-91.67616980173716), np.float64(230.14885820955607))"
3296,"((13, 17), (11, 17), (3, 15), (11, 15))","(np.float64(0.1283112252272644), np.float64(0.10366132305606043), np.float64(0.14830630066900377), np.float64(0.1389777344491748))","(np.float64(-120.42207449154193), np.float64(157.2050700576193), np.float64(141.43526151461532), np.float64(-148.88497902738266))"
3299,"((3, 8), (4, 15), (14, 17), (3, 13))","(np.float64(0.1273445399735695), np.float64(0.14831846433190166), np.float64(0.1330788067177502), np.float64(0.10369296234567628))","(np.float64(299.90318514680695), np.float64(-19.236944182043487), np.float64(-210.19654550029327), np.float64(239.8024770969892))"
3300,"((7, 13),)","(np.float64(0.05663397523494024),)","(np.float64(-202.18809015187037),)"
3301,"((0, 13), (8, 17))","(np.float64(0.057510344157895625), np.float64(0.05159758918908733))","(np.float64(135.1773051123933), np.float64(-135.59626878761645))"
3302,"((2, 14), (12, 17))","(np.float64(0.13497639681710652), np.float64(0.14498993556797096))","(np.float64(113.10644772213288), np.float64(-117.16644703864543))"
3303,"((2, 18), (6, 19), (9, 16), (9, 19))","(np.float64(0.09714892247718673), np.float64(0.1335303670279719), np.float64(0.14919123532233072), np.float64(0.11505500615177221))","(np.float64(-267.7906974653309), np.float64(-184.93176593533605), np.float64(-248.18939530106258), np.float64(-175.1824190343218))"
3304,"((8, 9),)","(np.float64(0.13145074385870764),)","(np.float64(324.44985667245237),)"
3305,"((3, 15),)","(np.float64(0.13853957361245167),)","(np.float64(178.4840100567235),)"
3307,"((4, 10), (5, 10), (8, 17), (9, 17))","(np.float64(0.07712199160793191), np.float64(0.05436200989997818), np.float64(0.12481890902916103), np.float64(0.14174174441752496))","(np.float64(242.17497146991388), np.float64(257.39875663586645), np.float64(-211.866914147096), np.float64(31.364239866406137))"
3308,"((4, 14), (8, 19))","(np.float64(0.10704486662796028), np.float64(0.12818166966400385))","(np.float64(125.55137661124007), np.float64(-98.72031426872152))"
3309,"((1, 6),)","(np.float64(0.14332775271203027),)","(np.float64(171.1018817393844),)"
3310,"((8, 9),)","(np.float64(0.13534523233279916),)","(np.float64(25.07341586516435),)"
3312,"((3, 14), (11, 13))","(np.float64(0.12555649667726182), np.float64(0.06815136155916451))","(np.float64(61.25772748399373), np.float64(-181.2500592329008))"
3313,"((0, 2), (7, 9), (2, 10), (5, 19))","(np.float64(0.0633176954107486), np.float64(0.06738843522480345), np.float64(0.12370022356739487), np.float64(0.14228803697031459))","(np.float64(40.05028712681229), np.float64(41.370844115845784), np.float64(69.98416659363363), np.float64(-90.15067807545472))"
3314,"((1, 5), (5, 10), (7, 14), (7, 16), (14, 16), (5, 13))","(np.float64(0.10088599299363861), np.float64(0.12257753309897017), np.float64(0.07704007847187264), np.float64(0.13431416619305023), np.float64(0.09072467868153203), np.float64(0.14051676482422903))","(np.float64(4.00843403506542), np.float64(249.399749191696), np.float64(273.99860711487264), np.float64(312.18006093453715), np.float64(38.18145381966451), np.float64(179.06121772825168))"
3315,"((6, 19),)","(np.float64(0.1371919663176537),)","(np.float64(106.36085251900994),)"
3316,"((3, 14), (8, 17), (11, 13), (8, 19))","(np.float64(0.07531011446898378), np.float64(0.14056720124057123), np.float64(0.09392890816969154), np.float64(0.1396689434136862))","(np.float64(199.2503791089439), np.float64(-13.489167410066784), np.float64(306.32134101118703), np.float64(-233.78388178657946))"
3317,"((3, 19),)","(np.float64(0.03698979894182914),)","(np.float64(102.72232810878458),)"
3318,"((0, 19), (3, 18), (3, 17), (3, 9), (0, 10))","(np.float64(0.11842388075897686), np.float64(0.0836560864653629), np.float64(0.1330244433498705), np.float64(0.08779729027994394), np.float64(0.11826340896407218))","(np.float64(84.26613347927122), np.float64(96.15106377119557), np.float64(54.17125329360124), np.float64(217.02067075293712), np.float64(315.32102240041996))"
3319,"((11, 18), (12, 13))","(np.float64(0.015773561119311812), np.float64(0.05565370821635519))","(np.float64(-160.3733587882066), np.float64(42.00267782694539))"
3321,"((1, 8), (3, 16))","(np.float64(0.1437379320101181), np.float64(0.14816957628874164))","(np.float64(202.67158780694996), np.float64(-161.07031487584482))"
3322,"((6, 13),)","(np.float64(0.08992268670175044),)","(np.float64(-116.19790258090302),)"
3324,"((2, 18), (3, 5), (11, 14), (10, 13))","(np.float64(0.04903148411895762), np.float64(0.11024026948084487), np.float64(0.14934539006260986), np.float64(0.13265513850049696))","(np.float64(83.16990691085317), np.float64(-8.66894365031959), np.float64(-332.46863627355566), np.float64(-197.41741057616792))"
3325,"((2, 11), (5, 9), (10, 15), (15, 16))","(np.float64(0.08386263050557832), np.float64(0.12522781369714125), np.float64(0.13956534424231018), np.float64(0.1383853354068413))","(np.float64(51.42192382596522), np.float64(15.092799701921649), np.float64(-89.87312230472352), np.float64(43.40290574067279))"
3326,"((13, 16), (5, 11), (5, 9))","(np.float64(0.1260736362541769), np.float64(0.12178005600666465), np.float64(0.1290387584912253))","(np.float64(-100.38750650808299), np.float64(-110.94821935610764), np.float64(221.1647019874277))"
3327,"((6, 11),)","(np.float64(0.13030072844852805),)","(np.float64(-126.66499709762917),)"
3328,"((0, 3), (8, 12), (0, 5), (3, 16))","(np.float64(0.08493205525310966), np.float64(0.10394150014189958), np.float64(0.11922105329144916), np.float64(0.09750999698105531))","(np.float64(248.28495546309966), np.float64(-75.05984268040413), np.float64(239.5910147067964), np.float64(-134.57084440568565))"
3329,"((8, 10), (11, 16))","(np.float64(0.10282098402850583), np.float64(0.11037332272338357))","(np.float64(-25.47345657120559), np.float64(60.61918595904871))"
3331,"((4, 8), (14, 15), (0, 14))","(np.float64(0.14927999303920056), np.float64(0.1327958093394761), np.float64(0.1406643748063159))","(np.float64(257.2522898724415), np.float64(-50.25967245101498), np.float64(110.0031008271066))"
3333,"((0, 15), (7, 19), (4, 15), (14, 19), (0, 19))","(np.float64(0.12131438898135498), np.float64(0.060576946486077914), np.float64(0.14236674988297748), np.float64(0.1347947137401325), np.float64(0.14769158225524365))","(np.float64(122.55204031189277), np.float64(-199.9561205855371), np.float64(-78.89293784607543), np.float64(-48.7061483617708), np.float64(42.767014339295855))"
3334,"((1, 10), (7, 9), (15, 19))","(np.float64(0.13383935892441487), np.float64(0.11654016095213578), np.float64(0.05295115684936378))","(np.float64(161.27002207677424), np.float64(-53.93487548474042), np.float64(-118.52544120016282))"
3335,"((5, 9), (14, 17))","(np.float64(0.049340636699498897), np.float64(0.08955996354616783))","(np.float64(-87.57940273848936), np.float64(-149.82690533734205))"
3336,"((6, 18), (2, 12))","(np.float64(0.14110585026027167), np.float64(0.14265167325811756))","(np.float64(-195.55020567395928), np.float64(222.82964826236287))"
3337,"((4, 9), (5, 16), (7, 16), (5, 11), (4, 13))","(np.float64(0.09146698276452063), np.float64(0.1435522828331688), np.float64(0.1054974766006778), np.float64(0.14975941721784602), np.float64(0.0646275809642623))","(np.float64(158.85131095039998), np.float64(97.01345459955189), np.float64(-75.5565862759077), np.float64(199.49174400906168), np.float64(94.2385803663438))"
3338,"((11, 17),)","(np.float64(0.13011271933876375),)","(np.float64(-251.61167907895066),)"
3339,"((1, 14), (11, 13))","(np.float64(0.08292067770238819), np.float64(0.12720860475180618))","(np.float64(-210.0244036278419), np.float64(2.0926222399481844))"
3340,"((0, 18), (3, 18), (6, 16))","(np.float64(0.13951117705143232), np.float64(0.1355440373096217), np.float64(0.08910009937816143))","(np.float64(42.826383681774274), np.float64(-170.26849142793037), np.float64(254.50260686976486))"
3342,"((8, 14),)","(np.float64(0.12088729607195439),)","(np.float64(169.21085661773236),)"
3343,"((1, 13), (8, 9))","(np.float64(0.14417847008467993), np.float64(0.11750039572184075))","(np.float64(80.88601779474567), np.float64(-323.82586894297947))"
3344,"((10, 11), (11, 18))","(np.float64(0.10742788587455954), np.float64(0.1439114819753858))","(np.float64(47.380922534656236), np.float64(-193.4814868053603))"
3345,"((1, 17), (12, 14), (12, 19), (14, 19), (3, 19), (3, 15))","(np.float64(0.06504801530012251), np.float64(0.0746262664871236), np.float64(0.10100417083360197), np.float64(0.08250316773000202), np.float64(0.14794758659749213), np.float64(0.13570840233051915))","(np.float64(123.65062413146518), np.float64(298.04659149296043), np.float64(189.3384820341215), np.float64(-65.00696428671978), np.float64(38.96967415529923), np.float64(179.66372298213946))"
3346,"((8, 10), (9, 18), (13, 16), (9, 14), (8, 16), (8, 15))","(np.float64(0.11987624832399009), np.float64(0.0337905051590684), np.float64(0.1110600534561784), np.float64(0.11690160843095042), np.float64(0.12707462673005515), np.float64(0.1368025219595096))","(np.float64(15.973014853560073), np.float64(151.48367957498243), np.float64(74.84251994446021), np.float64(125.78814794908101), np.float64(188.50142549677452), np.float64(129.89799670789318))"
3347,"((2, 6), (2, 14), (6, 14), (8, 10), (17, 18), (8, 16), (14, 17), (2, 10))","(np.float64(0.09955632362753883), np.float64(0.059141049135787736), np.float64(0.06893848318490345), np.float64(0.018208834713898368), np.float64(0.11146017547350823), np.float64(0.11383686672279456), np.float64(0.13059031455347941), np.float64(0.12058826061785005))","(np.float64(112.18806189174424), np.float64(89.23508508637494), np.float64(-22.938582045237467), np.float64(-9.446410753177588), np.float64(-46.29482981524987), np.float64(-58.64075428480942), np.float64(-67.74895543305715), np.float64(155.00866119429688))"
3348,"((2, 9), (3, 14), (4, 17), (14, 18), (12, 18))","(np.float64(0.11914873903999855), np.float64(0.10010163513408282), np.float64(0.04640133928736305), np.float64(0.1404553687153602), np.float64(0.1382729643134903))","(np.float64(259.3602872177896), np.float64(217.55986237621448), np.float64(78.82593326459187), np.float64(-154.64570745911755), np.float64(-281.8282313392248))"
3349,"((4, 13), (3, 15))","(np.float64(0.11223527164011234), np.float64(0.13922338390352376))","(np.float64(-151.26593105860553), np.float64(-163.02006258481333))"
3350,"((4, 5), (10, 13), (1, 13))","(np.float64(0.10026637640823578), np.float64(0.14639794480297436), np.float64(0.09583054831376009))","(np.float64(26.752731650338376), np.float64(22.580642434187553), np.float64(193.36944203995358))"
3351,"((6, 15),)","(np.float64(0.11271883489614389),)","(np.float64(-74.46364801332089),)"
3352,"((11, 16),)","(np.float64(0.14097133400155362),)","(np.float64(-149.06987650966585),)"
3353,"((2, 9), (6, 7))","(np.float64(0.11342897209287262), np.float64(0.11106573565422732))","(np.float64(154.97259644828853), np.float64(-91.53953414697406))"
3354,"((2, 16), (5, 10), (6, 7), (8, 15), (10, 13))","(np.float64(0.1294019585918266), np.float64(0.06600142333016196), np.float64(0.13350418422619625), np.float64(0.08259835497529348), np.float64(0.11171950082768817))","(np.float64(-3.142789056392388), np.float64(204.37780158817606), np.float64(41.398402140497524), np.float64(213.18359345733268), np.float64(17.048415456106454))"
3355,"((1, 2), (1, 7), (2, 7), (11, 14), (15, 17), (4, 8))","(np.float64(0.11664186078900586), np.float64(0.05484543692615091), np.float64(0.07581839486359848), np.float64(0.12224313932926116), np.float64(0.11721338606724029), np.float64(0.13436719878432551))","(np.float64(-45.6731871636938), np.float64(258.7950666234833), np.float64(304.4682537871771), np.float64(-292.03305331298793), np.float64(96.42240638641346), np.float64(293.09944924328545))"
3356,"((8, 10),)","(np.float64(0.07539977929528958),)","(np.float64(40.76874701396821),)"
3357,"((11, 17), (8, 13))","(np.float64(0.12812379714988562), np.float64(0.12867196641506723))","(np.float64(12.90587740445227), np.float64(37.06357523435099))"
3358,"((2, 16), (2, 9), (2, 13))","(np.float64(0.14807865416446825), np.float64(0.13007399130014197), np.float64(0.13780488871096966))","(np.float64(100.60205962051259), np.float64(250.5529339702111), np.float64(-91.06524777912927))"
3359,"((3, 17),)","(np.float64(0.10170335965424607),)","(np.float64(-277.23544062805564),)"
3361,"((3, 16),)","(np.float64(0.13343563701588693),)","(np.float64(63.7045378779529),)"
3362,"((0, 12),)","(np.float64(0.12407537419935075),)","(np.float64(144.34969356072241),)"
3363,"((13, 18),)","(np.float64(0.11717888240379809),)","(np.float64(-153.37991100681273),)"
3364,"((6, 14), (10, 13), (4, 12), (1, 7), (1, 12))","(np.float64(0.11685336219379776), np.float64(0.09366199145815839), np.float64(0.1361824917166391), np.float64(0.04645718050228231), np.float64(0.13706759655318754))","(np.float64(190.88622229253116), np.float64(-58.78871293127213), np.float64(195.74494892129462), np.float64(-115.40468484818598), np.float64(154.05698233020178))"
3365,"((1, 19), (3, 7), (11, 18), (6, 13))","(np.float64(0.13318512263629168), np.float64(0.12279526626508754), np.float64(0.11291167852024257), np.float64(0.14304350219183998))","(np.float64(108.12357375603406), np.float64(-69.61694205205333), np.float64(-76.38101479261874), np.float64(-146.58843126224673))"
3366,"((1, 19), (4, 9))","(np.float64(0.13060815770781573), np.float64(0.12625997704489658))","(np.float64(87.39133150640205), np.float64(276.7623138082481))"
3367,"((0, 18), (2, 6), (15, 18))","(np.float64(0.12971715513659537), np.float64(0.06638982538643426), np.float64(0.14855829362469009))","(np.float64(-27.995957515124417), np.float64(308.04440018917893), np.float64(-187.40798652416913))"
3368,"((3, 18), (2, 15))","(np.float64(0.13757859881741935), np.float64(0.14901349079170526))","(np.float64(93.70483454526212), np.float64(135.6046150067467))"
3369,"((4, 12),)","(np.float64(0.1494700523774451),)","(np.float64(248.62510887704832),)"
3370,"((2, 14),)","(np.float64(0.1483841784859262),)","(np.float64(154.10882378535223),)"
3371,"((0, 16),)","(np.float64(0.1202336504209517),)","(np.float64(98.58665188284564),)"
3372,"((7, 10),)","(np.float64(0.14563074765043313),)","(np.float64(95.24366393505358),)"
3373,"((9, 15),)","(np.float64(0.13046530155594493),)","(np.float64(-121.66596172715757),)"
3374,"((3, 8), (14, 16), (1, 16), (16, 18), (1, 9))","(np.float64(0.1404458415414099), np.float64(0.12458286387709405), np.float64(0.09036788995380352), np.float64(0.1467717625609894), np.float64(0.14669391356952427))","(np.float64(-145.8915970730766), np.float64(39.30279238077111), np.float64(155.31995159518348), np.float64(-197.39533264778947), np.float64(-128.55346704593123))"
3375,"((4, 9),)","(np.float64(0.10825646329770418),)","(np.float64(-106.23356822400933),)"
3376,"((6, 10), (4, 13))","(np.float64(0.1441200347542451), np.float64(0.14820640885630645))","(np.float64(229.11432702191274), np.float64(177.68975501879288))"
3377,"((9, 14),)","(np.float64(0.13289248958444755),)","(np.float64(-128.46330172110487),)"
3378,"((7, 19), (11, 19))","(np.float64(0.1264014981018293), np.float64(0.1282519527075259))","(np.float64(-117.37348955204817), np.float64(-146.18778305973666))"
3380,"((2, 9),)","(np.float64(0.14444022549753366),)","(np.float64(183.47785916495684),)"
3381,"((2, 4),)","(np.float64(0.13117749957944275),)","(np.float64(-91.2399353945952),)"
3382,"((2, 5),)","(np.float64(0.08193468367377289),)","(np.float64(-93.18205173093645),)"
3383,"((2, 9), (6, 7))","(np.float64(0.13848813837429544), np.float64(0.13574313448342576))","(np.float64(257.1355890256833), np.float64(-322.17791944411186))"
3385,"((4, 15), (6, 17))","(np.float64(0.11978090291406462), np.float64(0.12256830152010353))","(np.float64(226.21280747140145), np.float64(113.41526910470722))"
3386,"((1, 14), (14, 19))","(np.float64(0.13086915096699409), np.float64(0.10959651097043843))","(np.float64(-122.65314038460696), np.float64(-215.9944687944864))"
3389,"((7, 8),)","(np.float64(0.09466292931866807),)","(np.float64(40.28914439957623),)"
3390,"((2, 12), (2, 13), (8, 17))","(np.float64(0.1347422596836142), np.float64(0.13346296604617586), np.float64(0.12885100912092695))","(np.float64(159.69261775904783), np.float64(204.2081161989688), np.float64(83.9071192192213))"
3391,"((1, 6),)","(np.float64(0.08090951686839484),)","(np.float64(-11.699399108413331),)"
3392,"((5, 13), (6, 9), (0, 6))","(np.float64(0.13230661117092554), np.float64(0.09026537652118137), np.float64(0.1374993007896424))","(np.float64(242.41929664725768), np.float64(28.006777675130593), np.float64(194.77599031504917))"
3394,"((3, 15), (6, 11))","(np.float64(0.09387072373929307), np.float64(0.13373963845426023))","(np.float64(-219.12617984581107), np.float64(-27.76723810578619))"
3395,"((0, 10),)","(np.float64(0.14676656595051416),)","(np.float64(196.63570069887118),)"
3396,"((0, 10),)","(np.float64(0.12512279262153125),)","(np.float64(207.46756232643162),)"
3397,"((0, 13),)","(np.float64(0.1246221672364278),)","(np.float64(95.70792651540222),)"
3398,"((0, 11),)","(np.float64(0.14549000397356326),)","(np.float64(121.70066735130067),)"
3399,"((4, 8), (10, 15), (1, 4))","(np.float64(0.13083612159819852), np.float64(0.11092468152654672), np.float64(0.13209400599012006))","(np.float64(-327.82059529353234), np.float64(240.89487022385538), np.float64(-56.37975111042084))"
3400,"((9, 11), (14, 19))","(np.float64(0.04493020171053611), np.float64(0.08708561245132022))","(np.float64(242.8590525586605), np.float64(-90.29869587052323))"
3401,"((2, 6), (2, 10), (6, 10), (7, 17))","(np.float64(0.11871021494585537), np.float64(0.10861925080046055), np.float64(0.13014358579425764), np.float64(0.1354841505564943))","(np.float64(13.46127953551121), np.float64(196.75101655310232), np.float64(183.2897370175911), np.float64(-219.54971764196875))"
3402,"((13, 18), (3, 5))","(np.float64(0.11984051047731055), np.float64(0.1459740051834458))","(np.float64(-157.91925140993564), np.float64(-145.064731592042))"
3403,"((2, 17), (4, 5), (4, 6), (5, 6), (8, 19), (17, 18), (6, 16), (4, 16))","(np.float64(0.07758937669582014), np.float64(0.12392030385245716), np.float64(0.09316575224152826), np.float64(0.05397817617078945), np.float64(0.07704390244689725), np.float64(0.09123445677178822), np.float64(0.14806446113469524), np.float64(0.06504841607430759))","(np.float64(91.15352988450417), np.float64(34.137948889495306), np.float64(-22.104138278819846), np.float64(-56.24208716831515), np.float64(173.73500521161847), np.float64(-1.1202774842970769), np.float64(-157.25638003589347), np.float64(180.2573478400468))"
3404,"((1, 6), (2, 19), (3, 8), (7, 9), (0, 16))","(np.float64(0.08221503023484512), np.float64(0.0926489345300714), np.float64(0.14724571806607148), np.float64(0.14993844982396873), np.float64(0.1380840050219863))","(np.float64(-40.69497045504693), np.float64(91.32220803500616), np.float64(167.78529085840495), np.float64(-1.2168151618112688), np.float64(68.67521507238234))"
3405,"((10, 19),)","(np.float64(0.09613540057004105),)","(np.float64(-94.06419372877315),)"
3406,"((0, 2), (12, 13))","(np.float64(0.10387069718168013), np.float64(0.10312964845954013))","(np.float64(-56.02881450947473), np.float64(-134.2504060527213))"
3407,"((5, 19),)","(np.float64(0.1489781121556618),)","(np.float64(109.09594904949932),)"
3408,"((5, 6),)","(np.float64(0.11037589881078859),)","(np.float64(-47.86531035854978),)"
3409,"((0, 4), (6, 10))","(np.float64(0.09161189248657048), np.float64(0.11195559201034477))","(np.float64(37.043801271215074), np.float64(272.79493018431833))"
3410,"((5, 19), (10, 15))","(np.float64(0.08424766704070567), np.float64(0.1495799135196694))","(np.float64(-176.3065069593994), np.float64(131.670719122433))"
3411,"((15, 16), (5, 15), (1, 15))","(np.float64(0.14651530161833304), np.float64(0.10637545175413891), np.float64(0.13821597952857465))","(np.float64(-196.19213031686502), np.float64(212.82744134936098), np.float64(262.07997565802253))"
3412,"((2, 18),)","(np.float64(0.1490469549601869),)","(np.float64(-258.0052781479302),)"
3414,"((6, 15),)","(np.float64(0.1437187254498422),)","(np.float64(159.75360017772917),)"
3415,"((1, 13), (2, 14), (10, 14), (8, 19), (15, 19), (2, 10))","(np.float64(0.14124956857694904), np.float64(0.12599882602568546), np.float64(0.043055078964930805), np.float64(0.0879032061920193), np.float64(0.1452523270643807), np.float64(0.13560274340171544))","(np.float64(50.43036103560692), np.float64(57.202080651876344), np.float64(-76.1480628797166), np.float64(80.40858489161471), np.float64(13.74047869507936), np.float64(218.38402567270623))"
3416,"((0, 5), (13, 19), (5, 13), (7, 14), (8, 12))","(np.float64(0.13469128401621053), np.float64(0.12484034019206956), np.float64(0.1261010541942751), np.float64(0.13872574897551332), np.float64(0.1267668647355613))","(np.float64(-12.004847426820874), np.float64(-142.4094428688601), np.float64(84.51497043673942), np.float64(143.9870369693134), np.float64(36.28030115665962))"
3418,"((7, 18), (10, 19), (0, 10))","(np.float64(0.12844759118777638), np.float64(0.06731685470601628), np.float64(0.1449780394732826))","(np.float64(134.15372887834053), np.float64(-192.71853036145757), np.float64(172.74075124166436))"
3420,"((6, 10), (6, 17))","(np.float64(0.14831878979713756), np.float64(0.06099396807692318))","(np.float64(57.00882668602139), np.float64(196.5495043648374))"
3421,"((10, 16),)","(np.float64(0.11217539716745853),)","(np.float64(183.71978713094012),)"
3422,"((12, 14), (12, 15))","(np.float64(0.14725603826285624), np.float64(0.13022015592066988))","(np.float64(24.37757063929996), np.float64(223.81067034414298))"
3423,"((2, 11), (2, 16), (3, 6), (7, 18), (6, 14))","(np.float64(0.13969406088950903), np.float64(0.13659296059845488), np.float64(0.10905053167910919), np.float64(0.12308693619048541), np.float64(0.1439871424432375))","(np.float64(243.5967645950539), np.float64(6.796068996659926), np.float64(-46.453285625118724), np.float64(-184.8091196068273), np.float64(52.969037115874016))"
3424,"((9, 17),)","(np.float64(0.1420264185019908),)","(np.float64(-195.17193135471916),)"
3425,"((1, 12),)","(np.float64(0.0427944921298384),)","(np.float64(192.43105663974006),)"
3426,"((18, 19),)","(np.float64(0.11567759090578757),)","(np.float64(39.704582106504574),)"
3427,"((1, 12),)","(np.float64(0.10987296117268745),)","(np.float64(190.47901154732665),)"
3428,"((11, 13), (8, 11))","(np.float64(0.044598547200887254), np.float64(0.12057482882447133))","(np.float64(36.72874778283233), np.float64(99.90887161891078))"
3430,"((0, 5), (0, 11))","(np.float64(0.08361850477581023), np.float64(0.08637593078146077))","(np.float64(249.19045234218316), np.float64(183.05629211875691))"
3431,"((0, 11), (3, 12))","(np.float64(0.05866912313457963), np.float64(0.10006958408588161))","(np.float64(147.5352705440497), np.float64(182.66593600488432))"
3432,"((0, 18), (1, 9))","(np.float64(0.14704087132851432), np.float64(0.14449539341514597))","(np.float64(53.624535711425665), np.float64(177.09322117287547))"
3434,"((6, 8), (6, 13))","(np.float64(0.08860746185151853), np.float64(0.13184065511810208))","(np.float64(-72.06134349479993), np.float64(-67.70750178210602))"
3435,"((0, 6), (0, 15), (6, 15))","(np.float64(0.10141406222242416), np.float64(0.13202099726696556), np.float64(0.07256358157851385))","(np.float64(201.20669178667822), np.float64(-6.895050515959667), np.float64(-208.1017423026379))"
3436,"((5, 9),)","(np.float64(0.11130390356900471),)","(np.float64(190.9607083213799),)"
3437,"((5, 14), (12, 18), (14, 15))","(np.float64(0.10182189789290291), np.float64(0.06578863666071308), np.float64(0.10095653926569842))","(np.float64(-126.44258511029318), np.float64(-106.056448986276), np.float64(16.842309574945205))"
3438,"((1, 13),)","(np.float64(0.13537540292101854),)","(np.float64(160.97921084748253),)"
3439,"((9, 13),)","(np.float64(0.13685540121184378),)","(np.float64(231.73156177899148),)"
3441,"((5, 13),)","(np.float64(0.13534504050216428),)","(np.float64(156.12779069667056),)"
3442,"((1, 17), (4, 18))","(np.float64(0.10463179199155077), np.float64(0.1260741016104274))","(np.float64(-5.22056725244434), np.float64(114.26825329788929))"
3443,"((1, 16), (2, 9), (3, 10), (3, 11), (6, 19), (9, 17))","(np.float64(0.07376419023474381), np.float64(0.06582453678018638), np.float64(0.11205504775010444), np.float64(0.10302499433863159), np.float64(0.1451689173414532), np.float64(0.14715538469275427))","(np.float64(-26.277506392880014), np.float64(169.22491860447144), np.float64(196.96636864842725), np.float64(235.1126584694548), np.float64(-153.91503595035175), np.float64(-188.93363863406512))"
3444,"((0, 15), (4, 7), (13, 16), (8, 18))","(np.float64(0.12053758032367681), np.float64(0.12017011341651035), np.float64(0.07705636691589035), np.float64(0.14502901589863523))","(np.float64(206.13908091694037), np.float64(289.3317880745343), np.float64(41.60329954762244), np.float64(-191.13725495603245))"
3445,"((8, 11),)","(np.float64(0.11071279629641739),)","(np.float64(16.68387819864205),)"
3446,"((2, 11),)","(np.float64(0.08555040333599027),)","(np.float64(237.98327577872607),)"
3447,"((5, 17), (6, 17), (0, 7), (0, 14))","(np.float64(0.12644844572529576), np.float64(0.12465367128650014), np.float64(0.1277308930931425), np.float64(0.1372400544163248))","(np.float64(85.62568964361503), np.float64(143.02292177463522), np.float64(-109.08813383336997), np.float64(137.90566310929597))"
3448,"((5, 15), (8, 18), (10, 13))","(np.float64(0.09546034056539845), np.float64(0.07896536303536561), np.float64(0.09152767981599629))","(np.float64(-211.05872264871772), np.float64(-182.34973360521167), np.float64(-76.67000185930843))"
3449,"((2, 9),)","(np.float64(0.10463561399528185),)","(np.float64(-91.88138791705461),)"
3450,"((8, 9), (14, 15))","(np.float64(0.10415646581299445), np.float64(0.09202489659602224))","(np.float64(-2.4247948972700897), np.float64(-61.00321724601832))"
3451,"((8, 19), (11, 17), (10, 17))","(np.float64(0.0732373059823292), np.float64(0.13938454112580456), np.float64(0.1344421035528948))","(np.float64(155.8380207752579), np.float64(-212.33949707442156), np.float64(88.48465821329444))"
3452,"((2, 11),)","(np.float64(0.1457875558317984),)","(np.float64(-170.85848431064034),)"
3453,"((7, 19),)","(np.float64(0.07492223102291112),)","(np.float64(174.69262366561537),)"
3454,"((5, 9), (6, 18))","(np.float64(0.12124820683062965), np.float64(0.14313371490887253))","(np.float64(319.52699157912656), np.float64(119.72922905960257))"
3455,"((5, 10), (5, 19), (6, 14), (8, 13))","(np.float64(0.1434027931874281), np.float64(0.10897940079418814), np.float64(0.07068644511130423), np.float64(0.10519874581092609))","(np.float64(197.2700161548252), np.float64(101.16157016790314), np.float64(128.7114470938031), np.float64(53.3061254568303))"
3456,"((2, 11), (1, 7))","(np.float64(0.08360567815773176), np.float64(0.13710637790765462))","(np.float64(142.94009793083862), np.float64(213.10179663077918))"
3457,"((7, 12), (7, 16), (12, 16))","(np.float64(0.09245182526813289), np.float64(0.05739872010310007), np.float64(0.14005268936650106))","(np.float64(235.22044880748285), np.float64(92.5512514982455), np.float64(-97.9264318826016))"
3458,"((2, 18), (10, 14))","(np.float64(0.14378587441643173), np.float64(0.14665036853196292))","(np.float64(-316.62443745279734), np.float64(-114.29071347206258))"
3459,"((2, 3),)","(np.float64(0.131107215723181),)","(np.float64(153.53038549131264),)"
3460,"((0, 9), (5, 8), (6, 7), (17, 19), (4, 9), (5, 13), (4, 17), (0, 16))","(np.float64(0.12468646821461715), np.float64(0.12734078470578133), np.float64(0.14143475132077), np.float64(0.11826861001424198), np.float64(0.13894586531512618), np.float64(0.14178635638500725), np.float64(0.12082269561853194), np.float64(0.127246658362827))","(np.float64(-147.17639233374143), np.float64(7.642364532319164), np.float64(-53.09759798180801), np.float64(-3.743382577042894), np.float64(265.0062741198685), np.float64(276.57346733935157), np.float64(64.29849256476382), np.float64(203.45964089192114))"
3462,"((6, 14),)","(np.float64(0.13566617862584238),)","(np.float64(200.91066854488417),)"
3463,"((2, 7), (15, 18))","(np.float64(0.054399748448223685), np.float64(0.05321478083095922))","(np.float64(-76.07885313862113), np.float64(-138.04333145760003))"
3464,"((2, 17),)","(np.float64(0.0727864365050232),)","(np.float64(-280.2579477291562),)"
3465,"((0, 15), (2, 3))","(np.float64(0.13824336616035532), np.float64(0.12384075102987468))","(np.float64(26.560576974354603), np.float64(-24.02921333880647))"
3466,"((8, 11), (5, 17))","(np.float64(0.134487664381036), np.float64(0.14604636154281586))","(np.float64(-0.07567886253599454), np.float64(-177.24647626909433))"
3467,"((7, 11),)","(np.float64(0.08616665332301998),)","(np.float64(-42.56247368570058),)"
3468,"((1, 9), (3, 17))","(np.float64(0.05946974521743704), np.float64(0.1094479379291433))","(np.float64(-91.02233320916574), np.float64(81.42494289477366))"
3471,"((0, 6), (1, 14), (7, 19), (10, 14), (11, 14), (16, 18), (1, 10))","(np.float64(0.11266814002310525), np.float64(0.021490781982200988), np.float64(0.1344238838674112), np.float64(0.10235077051962387), np.float64(0.11198374655777277), np.float64(0.09764519601409037), np.float64(0.022983426012827442))","(np.float64(149.338091408533), np.float64(92.67997216863102), np.float64(-198.59355553481333), np.float64(-29.022158277240862), np.float64(-117.50086666957958), np.float64(9.475230367100437), np.float64(106.00944221917206))"
3472,"((6, 18),)","(np.float64(0.1367033850429636),)","(np.float64(97.90775403971634),)"
3473,"((0, 9),)","(np.float64(0.10678788624336275),)","(np.float64(-130.9263502517747),)"
3474,"((0, 17),)","(np.float64(0.09932727923701863),)","(np.float64(130.35346664710409),)"
3475,"((11, 16),)","(np.float64(0.0493027372465499),)","(np.float64(-186.9101911441258),)"
3476,"((0, 4),)","(np.float64(0.14512584253847222),)","(np.float64(-64.68928149328957),)"
3477,"((12, 14), (15, 16), (9, 14))","(np.float64(0.003088756214542969), np.float64(0.10456300317145774), np.float64(0.1484236602874235))","(np.float64(-12.826686775247765), np.float64(-1.4083757460218749), np.float64(-111.69919428366927))"
3479,"((4, 16), (0, 10), (1, 17))","(np.float64(0.13220096368561865), np.float64(0.08100905956235528), np.float64(0.12029817088625337))","(np.float64(237.26408152339417), np.float64(172.19920003732096), np.float64(182.02180965823072))"
3480,"((0, 17),)","(np.float64(0.1414569681149893),)","(np.float64(127.33666808997009),)"
3481,"((0, 8), (0, 7))","(np.float64(0.13976391657508971), np.float64(0.12393237059326175))","(np.float64(-110.82557176479872), np.float64(-0.48640874267897516))"
3483,"((11, 12),)","(np.float64(0.07526917482707658),)","(np.float64(42.5592284290459),)"
3484,"((3, 7),)","(np.float64(0.09235808692091438),)","(np.float64(-34.80286576256549),)"
3485,"((1, 18), (13, 19), (14, 18), (1, 14))","(np.float64(0.13208621008391996), np.float64(0.08748979301592168), np.float64(0.11474065421188354), np.float64(0.11747146305451307))","(np.float64(103.1374133930899), np.float64(-164.51923334166315), np.float64(-161.95387588846626), np.float64(220.53889059991553))"
3486,"((1, 8), (6, 12), (7, 17), (0, 6))","(np.float64(0.03330721872674023), np.float64(0.11737788036299367), np.float64(0.09634420631828304), np.float64(0.14837933682332918))","(np.float64(68.86824605251434), np.float64(-64.13501472451128), np.float64(-132.30909775998146), np.float64(158.58721628863844))"
3488,"((9, 11),)","(np.float64(0.10078142346655924),)","(np.float64(-46.37496271140924),)"
3490,"((2, 12), (2, 13), (12, 13), (4, 10), (4, 17), (1, 19))","(np.float64(0.07041070394252988), np.float64(0.1365924173450449), np.float64(0.13112519269034817), np.float64(0.12286302862288226), np.float64(0.12588179180383155), np.float64(0.14172688923121313))","(np.float64(149.01968773541552), np.float64(145.71217858905675), np.float64(-2.379555426265995), np.float64(112.68730650545916), np.float64(114.53288043549213), np.float64(174.02449231366825))"
3491,"((1, 6),)","(np.float64(0.11170900913542316),)","(np.float64(-0.3022091588334206),)"
3493,"((4, 8),)","(np.float64(0.04629124645532153),)","(np.float64(284.1840963793019),)"
3494,"((8, 14), (10, 18))","(np.float64(0.0744769150642566), np.float64(0.14438735174297376))","(np.float64(-180.08881138838206), np.float64(-173.14515625440202))"
3495,"((2, 17), (4, 15), (1, 10))","(np.float64(0.11524197466180706), np.float64(0.07116397368202278), np.float64(0.142122131757842))","(np.float64(93.59058025741044), np.float64(-165.3550725640879), np.float64(196.37249604591466))"
3497,"((12, 16),)","(np.float64(0.10552981185441979),)","(np.float64(-105.67686389345309),)"
3498,"((1, 4), (1, 6), (4, 6), (12, 19), (3, 9))","(np.float64(0.10161658806723146), np.float64(0.04753344774294842), np.float64(0.14860290070412766), np.float64(0.12148401203674195), np.float64(0.13807877546995498))","(np.float64(-15.39092736014777), np.float64(177.16129112656665), np.float64(192.55221848671442), np.float64(-157.3070277824474), np.float64(-167.7230290778395))"
3499,"((0, 10), (1, 16))","(np.float64(0.10443684962424227), np.float64(0.10605356800224802))","(np.float64(-87.59739537763579), np.float64(161.76582361642244))"
3502,"((13, 17),)","(np.float64(0.14114107136859003),)","(np.float64(-123.48325417967033),)"
3503,"((3, 15),)","(np.float64(0.12779610228180735),)","(np.float64(150.32256905837642),)"
3504,"((0, 14), (12, 19))","(np.float64(0.11137038382393198), np.float64(0.09986959189334592))","(np.float64(-15.66319326097215), np.float64(-113.20237773567356))"
3505,"((7, 12), (8, 13))","(np.float64(0.14662023401105875), np.float64(0.13869950993248545))","(np.float64(178.18858319608225), np.float64(93.3121742354067))"
3507,"((3, 11), (6, 13), (0, 5))","(np.float64(0.05814459388312237), np.float64(0.01509054137401309), np.float64(0.13817864772015911))","(np.float64(153.43615931002864), np.float64(210.74996475427167), np.float64(-141.40922424718488))"
3508,"((1, 19),)","(np.float64(0.1323016033171157),)","(np.float64(48.580396540893275),)"
3509,"((11, 18),)","(np.float64(0.14897964253323095),)","(np.float64(-5.874963456959506),)"
3511,"((8, 16), (9, 12), (12, 17), (1, 16))","(np.float64(0.14728535386336555), np.float64(0.14361121168890148), np.float64(0.0962076782296385), np.float64(0.1384593970014955))","(np.float64(-123.83308062320452), np.float64(273.71222790418597), np.float64(-131.82533161038666), np.float64(122.94671251038591))"
3512,"((0, 9), (4, 10), (5, 19), (14, 19), (10, 13))","(np.float64(0.1340294079740584), np.float64(0.0640438583500615), np.float64(0.09979789696558682), np.float64(0.14902355976527856), np.float64(0.06662731661379696))","(np.float64(-70.89859462516725), np.float64(-65.26459793037216), np.float64(80.9628937449547), np.float64(-73.84675471817815), np.float64(114.80532323879464))"
3513,"((7, 9), (3, 7), (3, 12), (0, 6))","(np.float64(0.1251944164025349), np.float64(0.14160999383763193), np.float64(0.1215871868151166), np.float64(0.138058752214865))","(np.float64(-56.15512825442465), np.float64(197.8814740973938), np.float64(179.5373463738699), np.float64(156.21361652842683))"
3514,"((16, 19), (7, 19), (8, 16))","(np.float64(0.05119589866523218), np.float64(0.13181140444393055), np.float64(0.14202520169527305))","(np.float64(14.912320637003148), np.float64(-181.21359475288924), np.float64(148.00740088436282))"
3515,"((1, 16),)","(np.float64(0.047432193076415614),)","(np.float64(93.05806420767283),)"
3516,"((4, 19), (11, 13))","(np.float64(0.12848924461992173), np.float64(0.1395277140150308))","(np.float64(29.50420356418553), np.float64(-88.33145493689227))"
3517,"((12, 17), (15, 18), (12, 18))","(np.float64(0.13530443696974787), np.float64(0.1464246127490109), np.float64(0.11425260069504695))","(np.float64(213.31046506420785), np.float64(-67.35404593420083), np.float64(-102.27641316132355))"
3518,"((10, 12), (10, 18), (12, 18), (14, 17))","(np.float64(0.11349959547861672), np.float64(0.020123641499340938), np.float64(0.1329359326642841), np.float64(0.1321124554119469))","(np.float64(-51.5898850932075), np.float64(-180.85191874998014), np.float64(-129.26203365677264), np.float64(-102.40084341197976))"
3519,"((7, 17), (4, 18))","(np.float64(0.12587900524948728), np.float64(0.14234614866465017))","(np.float64(-131.97927901061593), np.float64(-124.18861896843029))"
3520,"((0, 15), (7, 12))","(np.float64(0.12902116995295382), np.float64(0.0328442274629729))","(np.float64(124.61856190363062), np.float64(-96.98878745062342))"
3521,"((0, 9),)","(np.float64(0.11810112261449221),)","(np.float64(-142.1231861332514),)"
3522,"((4, 16),)","(np.float64(0.1488378079084338),)","(np.float64(173.0782339252782),)"
3523,"((1, 11), (1, 17), (2, 6), (11, 17), (0, 6))","(np.float64(0.08592674511589393), np.float64(0.11944008617673804), np.float64(0.04964398891813695), np.float64(0.09603474766022377), np.float64(0.12245288037121946))","(np.float64(152.64091042801255), np.float64(75.36370432687528), np.float64(129.30175775443877), np.float64(-77.27720610113727), np.float64(85.15135491739636))"
3524,"((7, 14),)","(np.float64(0.11303127579415634),)","(np.float64(254.7004195055951),)"
3526,"((2, 18), (3, 10), (7, 17), (13, 17))","(np.float64(0.10721023885782185), np.float64(0.14548624179021324), np.float64(0.136207580232947), np.float64(0.09120283514714832))","(np.float64(-324.15565663266165), np.float64(-180.56476149287187), np.float64(-234.27277933804015), np.float64(-41.686350327472525))"
3527,"((2, 14), (9, 18))","(np.float64(0.10512702313099004), np.float64(0.14445197503561238))","(np.float64(-137.3845524077343), np.float64(162.45756824842846))"
3528,"((1, 3), (15, 16))","(np.float64(0.11849856914440605), np.float64(0.08191816633177526))","(np.float64(-136.7587364240306), np.float64(25.67523046603236))"
3529,"((4, 17), (6, 14))","(np.float64(0.09335541235342648), np.float64(0.11406301490790767))","(np.float64(166.37805160827634), np.float64(-208.58842528769753))"
3530,"((0, 18), (3, 8), (12, 19))","(np.float64(0.1469330117630377), np.float64(0.03271487875706853), np.float64(0.09280073581892488))","(np.float64(9.515288629459462), np.float64(-42.48323176017476), np.float64(-201.36634926774974))"
3531,"((2, 16), (2, 14))","(np.float64(0.12100714886846616), np.float64(0.11560531206855885))","(np.float64(223.85856684419912), np.float64(188.11780856736806))"
3533,"((5, 12),)","(np.float64(0.14944219351584287),)","(np.float64(207.83504004176314),)"
3534,"((6, 16), (9, 19), (4, 13), (3, 16))","(np.float64(0.09730273929627521), np.float64(0.051053841138923216), np.float64(0.06405067148456171), np.float64(0.029997549888755918))","(np.float64(177.3994750449383), np.float64(-168.76168235334774), np.float64(162.52656655105937), np.float64(207.6233005163831))"
3535,"((8, 19), (2, 14))","(np.float64(0.10602632890504715), np.float64(0.13316020388643154))","(np.float64(-198.14635205254984), np.float64(331.76468255455654))"
3536,"((0, 18), (7, 8), (3, 14))","(np.float64(0.12605377233099913), np.float64(0.023952467114704203), np.float64(0.14524840032436995))","(np.float64(-17.767252585267784), np.float64(181.0993680219289), np.float64(110.77681479115955))"
3537,"((0, 8), (0, 17), (0, 19), (2, 4), (4, 6), (5, 16), (7, 9), (8, 19), (15, 16), (8, 18))","(np.float64(0.027634424092342357), np.float64(0.11991624134385907), np.float64(0.14584778745252372), np.float64(0.13900523573862095), np.float64(0.10187416614236264), np.float64(0.13949852594682846), np.float64(0.12249565131290607), np.float64(0.1193340952738765), np.float64(0.12472640229830678), np.float64(0.12715702584623614))","(np.float64(230.6790847932773), np.float64(40.24157582107409), np.float64(64.47500949413512), np.float64(275.1850893329623), np.float64(-51.011103109103544), np.float64(-145.22715369647344), np.float64(34.89401344756834), np.float64(-166.20407529914218), np.float64(42.88748422034536), np.float64(-108.0747911895437))"
3538,"((13, 19),)","(np.float64(0.09265168422839856),)","(np.float64(-183.02626316026146),)"
3540,"((14, 15),)","(np.float64(0.08237698866894964),)","(np.float64(-127.60624527989398),)"
3542,"((2, 4), (4, 9))","(np.float64(0.10607660323209742), np.float64(0.13360567173950005))","(np.float64(-7.464777134312385), np.float64(198.13963154629113))"
3544,"((6, 7), (3, 7), (7, 16))","(np.float64(0.09605772291790672), np.float64(0.11150809521955714), np.float64(0.10151620503920022))","(np.float64(-49.41912212062647), np.float64(-132.72773296484138), np.float64(86.74248835967114))"
3545,"((1, 9), (6, 10), (6, 11), (18, 19))","(np.float64(0.1192872475486351), np.float64(0.038959371472290165), np.float64(0.13263026606160777), np.float64(0.11477557375121628))","(np.float64(-66.38597960798597), np.float64(258.83230910107244), np.float64(249.26879037456757), np.float64(42.040597487601445))"
3546,"((5, 10),)","(np.float64(0.03638099432571457),)","(np.float64(304.0996425760472),)"
3547,"((0, 16), (2, 3), (9, 18), (14, 15), (9, 19), (8, 15))","(np.float64(0.13123460451501942), np.float64(0.1479900967540471), np.float64(0.12126078745042482), np.float64(0.12084084029990051), np.float64(0.13191328732709692), np.float64(0.11242332277699006))","(np.float64(-2.9400616169904765), np.float64(312.1075733998211), np.float64(-197.75377460684228), np.float64(330.17268533163417), np.float64(-156.17316536087054), np.float64(32.637464809335256))"
3548,"((1, 10), (6, 19))","(np.float64(0.10139892917423328), np.float64(0.09741275751957937))","(np.float64(227.40319214228703), np.float64(-249.01390699616275))"
3549,"((11, 18), (10, 17), (5, 14))","(np.float64(0.1396271843107629), np.float64(0.13952793297055796), np.float64(0.1486400960790839))","(np.float64(-151.25193062414212), np.float64(-149.15282205415406), np.float64(-197.62649599960378))"
3550,"((1, 16), (10, 11), (6, 12))","(np.float64(0.14536533581685293), np.float64(0.11001264240432997), np.float64(0.14183161947743422))","(np.float64(111.4219610527621), np.float64(-6.716669236897246), np.float64(127.52962089972567))"
3551,"((10, 14),)","(np.float64(0.14389511012431336),)","(np.float64(-2.1542507504328796),)"
3552,"((7, 12),)","(np.float64(0.11810418780356177),)","(np.float64(-89.72634294634861),)"
3553,"((17, 19), (10, 13))","(np.float64(0.1172535212599658), np.float64(0.14564435867915573))","(np.float64(319.0509427399221), np.float64(73.23873701680134))"
3554,"((13, 16),)","(np.float64(0.14788944630080134),)","(np.float64(-238.48301202222666),)"
3555,"((11, 19), (3, 17))","(np.float64(0.09564056473992269), np.float64(0.10863028760503814))","(np.float64(-195.047700108581), np.float64(-168.40810543159404))"
3556,"((3, 14),)","(np.float64(0.1347602092694709),)","(np.float64(147.3810229995979),)"
3557,"((0, 15), (3, 19))","(np.float64(0.08507617740305888), np.float64(0.11705652850401652))","(np.float64(155.68387802188892), np.float64(-277.0744196632903))"
3558,"((4, 9), (4, 19), (5, 14), (9, 12))","(np.float64(0.10428039529735139), np.float64(0.07259764521461287), np.float64(0.07532421795441833), np.float64(0.09453657172367054))","(np.float64(-30.88559240042298), np.float64(123.65396014026334), np.float64(172.8580177351232), np.float64(3.1399927954883537))"
3559,"((7, 16), (5, 14), (14, 18))","(np.float64(0.14919236951332138), np.float64(0.14119015992771775), np.float64(0.1320432617214655))","(np.float64(172.5855583929042), np.float64(205.18008144240775), np.float64(-177.03818601285315))"
3560,"((9, 16),)","(np.float64(0.043727701258285526),)","(np.float64(-225.78580656260533),)"
3561,"((12, 14),)","(np.float64(0.08352451692839112),)","(np.float64(-57.142922704705825),)"
3562,"((0, 1), (10, 14))","(np.float64(0.11026945492216178), np.float64(0.14713852724564064))","(np.float64(-112.8322369930188), np.float64(-130.97512750924443))"
3563,"((0, 7), (3, 4), (3, 16), (4, 16), (8, 19), (6, 19), (9, 17))","(np.float64(0.0933551768885505), np.float64(0.10883594056613893), np.float64(0.14921054530151492), np.float64(0.09021830365743651), np.float64(0.11053041660235148), np.float64(0.149576024590392), np.float64(0.13689975601916474))","(np.float64(-130.48614236508902), np.float64(36.315841089635), np.float64(76.22758601015039), np.float64(39.91174492051539), np.float64(4.835974459654722), np.float64(69.2624457127306), np.float64(-177.1434521963114))"
3564,"((9, 17),)","(np.float64(0.13687490311069805),)","(np.float64(191.6677497660054),)"
3565,"((14, 16),)","(np.float64(0.08377212644881786),)","(np.float64(-145.04644734144352),)"
3566,"((1, 12),)","(np.float64(0.14288081648092923),)","(np.float64(192.70691270144795),)"
3567,"((4, 19), (5, 16))","(np.float64(0.10584344906035313), np.float64(0.09594759541322123))","(np.float64(-3.0444882507858892), np.float64(-162.92272219023954))"
3569,"((2, 14),)","(np.float64(0.10699609533517494),)","(np.float64(248.66202573775195),)"
3571,"((1, 15), (2, 18), (4, 6), (11, 12))","(np.float64(0.07453284669261685), np.float64(0.09330480479448867), np.float64(0.13593006334537996), np.float64(0.1333061784395114))","(np.float64(139.50351666318258), np.float64(25.79926845027387), np.float64(-32.701424032748946), np.float64(-10.519866788197703))"
3572,"((2, 3), (5, 8))","(np.float64(0.1143520732675741), np.float64(0.09757634599363692))","(np.float64(39.133855705747976), np.float64(-42.565138494778296))"
3573,"((7, 13), (9, 10), (15, 18), (17, 18))","(np.float64(0.0699034799349261), np.float64(0.01602034031357032), np.float64(0.06803373095568263), np.float64(0.128924971444521))","(np.float64(156.81082846693133), np.float64(15.242185262789576), np.float64(-61.54470341388924), np.float64(-74.1112462440376))"
3574,"((0, 7),)","(np.float64(0.07933801070946737),)","(np.float64(186.00934765814208),)"
3575,"((13, 16), (7, 16), (8, 16), (7, 19))","(np.float64(0.1397902910366522), np.float64(0.13832220976039022), np.float64(0.11045668544811088), np.float64(0.131067057443421))","(np.float64(-2.6510781957886707), np.float64(-182.10833399257643), np.float64(237.01317983980778), np.float64(183.99153088868945))"
3576,"((12, 17), (8, 16), (4, 13))","(np.float64(0.13352299873638154), np.float64(0.1266486135680299), np.float64(0.14949861364714093))","(np.float64(-125.91388950632063), np.float64(117.79394764140591), np.float64(215.52497040630874))"
3577,"((8, 16),)","(np.float64(0.012818919895967597),)","(np.float64(-149.14041226594657),)"
3578,"((3, 8), (12, 18))","(np.float64(0.1204049727243406), np.float64(0.09946597850683578))","(np.float64(260.6140461184301), np.float64(-193.13018095121365))"
3579,"((0, 17), (13, 15))","(np.float64(0.11021601511390015), np.float64(0.11889021582015384))","(np.float64(16.819642158222905), np.float64(-64.1752822177167))"
3580,"((16, 19),)","(np.float64(0.07189180996864286),)","(np.float64(-148.83032181068228),)"
3581,"((0, 4), (3, 5), (13, 14), (14, 19))","(np.float64(0.11520017796536258), np.float64(0.07267943790590585), np.float64(0.12969512092172716), np.float64(0.10396174034204754))","(np.float64(194.3688327736071), np.float64(266.4259262364674), np.float64(-22.124833754980614), np.float64(-119.28382121045024))"
3582,"((7, 16),)","(np.float64(0.08946369533480683),)","(np.float64(-174.0297721800536),)"
3583,"((1, 12), (7, 8), (10, 16), (11, 13), (7, 16), (9, 16))","(np.float64(0.14567575160130003), np.float64(0.033098136215336936), np.float64(0.07344200912324848), np.float64(0.09215011129964432), np.float64(0.0927234026744551), np.float64(0.057217162221992156))","(np.float64(134.41071979321487), np.float64(1.6430561798158578), np.float64(-94.63565614121197), np.float64(-51.13531349658342), np.float64(-164.40268433882537), np.float64(-116.48478073726065))"
3584,"((2, 3), (3, 16), (9, 15))","(np.float64(0.1290155605642768), np.float64(0.14825819694048809), np.float64(0.13819639802404834))","(np.float64(40.2367588529344), np.float64(-2.1418513483837955), np.float64(79.8257268725826))"
3585,"((0, 4), (2, 14), (8, 10), (13, 19))","(np.float64(0.11767590730209006), np.float64(0.1323856611804008), np.float64(0.14517024457281402), np.float64(0.11051600202801455))","(np.float64(-74.13119532991007), np.float64(-106.88135155168709), np.float64(-41.75571777118739), np.float64(159.1176288953102))"
3586,"((1, 12), (3, 10))","(np.float64(0.10635241527314097), np.float64(0.06835942352329627))","(np.float64(200.890437135581), np.float64(254.90623815919486))"
3587,"((3, 8), (5, 19), (8, 19))","(np.float64(0.07788995966896084), np.float64(0.1492646128102676), np.float64(0.1476424928956336))","(np.float64(-93.19043010002025), np.float64(81.54774736389874), np.float64(79.94099743787626))"
3588,"((0, 3), (3, 14), (6, 7), (10, 19))","(np.float64(0.12627411327340513), np.float64(0.1139544111752859), np.float64(0.1002040844428761), np.float64(0.12389776716693167))","(np.float64(8.601936938012642), np.float64(143.95982667876885), np.float64(46.58391022601728), np.float64(-141.31005977982844))"
3589,"((1, 13), (13, 19), (10, 18))","(np.float64(0.1309060367546746), np.float64(0.13715379587674884), np.float64(0.14568579818367777))","(np.float64(-16.32112693899643), np.float64(58.24892829050265), np.float64(-204.11639308008887))"
3592,"((0, 2), (0, 16), (8, 19))","(np.float64(0.09097394930939733), np.float64(0.12313304473675522), np.float64(0.12641004572339049))","(np.float64(-50.979664284363), np.float64(54.785535513100996), np.float64(166.19270453982426))"
3593,"((3, 8), (12, 17), (2, 8))","(np.float64(0.06570549161792547), np.float64(0.14031002515252694), np.float64(0.11515464538969117))","(np.float64(175.11921439855712), np.float64(-99.89277521265461), np.float64(193.23541687802415))"
3594,"((4, 11), (6, 14), (16, 19), (2, 13))","(np.float64(0.1315310206511326), np.float64(0.08216393806620519), np.float64(0.13111521475758608), np.float64(0.14717011329109939))","(np.float64(236.30448146887068), np.float64(-89.1659709452872), np.float64(-282.88316143252223), np.float64(299.6568007096625))"
3595,"((6, 9),)","(np.float64(0.046593247930579396),)","(np.float64(217.1201425584244),)"
3596,"((12, 13),)","(np.float64(0.13483139799605842),)","(np.float64(-55.02798315406187),)"
3597,"((0, 15), (7, 9), (4, 7))","(np.float64(0.0900585160815106), np.float64(0.11466920117977976), np.float64(0.04785445732009059))","(np.float64(88.4227693600584), np.float64(210.20260167202707), np.float64(272.2075876874787))"
3598,"((4, 19), (8, 9))","(np.float64(0.03530188879847215), np.float64(0.09940761642556117))","(np.float64(189.05436198360883), np.float64(37.31461114006794))"
3599,"((4, 9),)","(np.float64(0.05525205506212876),)","(np.float64(-72.91190684862062),)"
3600,"((7, 12),)","(np.float64(0.0977544590481986),)","(np.float64(-50.38242354646911),)"
3601,"((1, 6), (7, 12), (1, 8), (0, 8))","(np.float64(0.03940796399204714), np.float64(0.14889302291984502), np.float64(0.1476965546211727), np.float64(0.14794890529752308))","(np.float64(164.65532774856194), np.float64(-76.16971802544481), np.float64(167.20263363482263), np.float64(-97.84406499294286))"
3603,"((5, 19),)","(np.float64(0.10798752751094623),)","(np.float64(-171.18560526597867),)"
3604,"((3, 8), (15, 19), (2, 10))","(np.float64(0.10983450265775262), np.float64(0.02249227490058097), np.float64(0.0724706331597641))","(np.float64(160.81615175182745), np.float64(-108.38807549349843), np.float64(183.51732519959776))"
3605,"((7, 17), (1, 11), (5, 14), (4, 11))","(np.float64(0.08727660400499428), np.float64(0.08541412487060071), np.float64(0.06476205834153238), np.float64(0.1408017285533131))","(np.float64(167.20020099708418), np.float64(207.5477790499283), np.float64(175.342064462088), np.float64(-43.625117219882156))"
3606,"((6, 12), (6, 13))","(np.float64(0.11706535782029658), np.float64(0.0535709933566356))","(np.float64(-37.58275069405181), np.float64(-76.07720809425484))"
3607,"((0, 19), (10, 18))","(np.float64(0.13411656426774793), np.float64(0.1347421988058428))","(np.float64(-35.81289079631762), np.float64(-221.4771902874109))"
3608,"((3, 14), (11, 13), (12, 18), (10, 16))","(np.float64(0.14672320867629915), np.float64(0.13598165356858394), np.float64(0.1459889691215545), np.float64(0.14973672598840443))","(np.float64(110.00581465707504), np.float64(-1.4792445475681006), np.float64(-180.7223679635048), np.float64(-162.79920024253042))"
3609,"((1, 2), (11, 13), (8, 14))","(np.float64(0.10830586219259965), np.float64(0.11476625834304566), np.float64(0.14229603308402902))","(np.float64(-13.995562340428023), np.float64(-119.46070485971086), np.float64(-149.96143832491342))"
3610,"((2, 11), (13, 18))","(np.float64(0.10334997920132409), np.float64(0.1310480913047099))","(np.float64(-119.92966316369933), np.float64(-183.66862564559983))"
3612,"((2, 13), (5, 15))","(np.float64(0.13129539981459193), np.float64(0.13947609532517263))","(np.float64(129.15094906294826), np.float64(147.27635550470512))"
3613,"((0, 15), (17, 18))","(np.float64(0.08015507776914632), np.float64(0.12647032563069374))","(np.float64(256.43188683068746), np.float64(-38.57256609354829))"
3614,"((0, 17), (9, 19))","(np.float64(0.1396284271207304), np.float64(0.13640133107203198))","(np.float64(-20.498785479204997), np.float64(-37.44584345170077))"
3616,"((2, 6), (11, 17))","(np.float64(0.1346647060598432), np.float64(0.14517189699913247))","(np.float64(31.465932107560945), np.float64(93.69774198732978))"
3617,"((0, 7),)","(np.float64(0.07443413794943286),)","(np.float64(188.09519492678828),)"
3618,"((4, 12),)","(np.float64(0.11646277662108506),)","(np.float64(181.3399270659329),)"
3619,"((4, 12),)","(np.float64(0.1459739967228756),)","(np.float64(-91.57604292799226),)"
3621,"((0, 2), (0, 15), (2, 15))","(np.float64(0.05434371508229992), np.float64(0.04834473219709017), np.float64(0.10245973789496425))","(np.float64(-34.77081401008718), np.float64(3.7771115287603436), np.float64(38.54792553884752))"
3622,"((7, 11), (7, 17), (7, 18), (11, 14), (5, 15))","(np.float64(0.0928579134966544), np.float64(0.11796971628700695), np.float64(0.14910846244322787), np.float64(0.05507786877349523), np.float64(0.14730810475705258))","(np.float64(-31.537076041925673), np.float64(177.7477326354272), np.float64(152.6194399487502), np.float64(254.29958018576332), np.float64(273.2543202283056))"
3623,"((3, 19), (8, 13))","(np.float64(0.12137046532619271), np.float64(0.1393716069512181))","(np.float64(139.94346571870975), np.float64(4.568764900284918))"
3624,"((6, 8), (1, 10))","(np.float64(0.14973376900276153), np.float64(0.09399582269648163))","(np.float64(74.7865688296776), np.float64(161.50691088279558))"
3625,"((12, 18), (13, 14))","(np.float64(0.08288417983702288), np.float64(0.09881189658180116))","(np.float64(-136.6087746221244), np.float64(29.91129188285538))"
3626,"((0, 19), (4, 13), (5, 8), (9, 14), (10, 13))","(np.float64(0.12056437122151668), np.float64(0.13693460036349364), np.float64(0.12224456151552596), np.float64(0.0865872054893711), np.float64(0.13946553250911561))","(np.float64(-13.077275988785459), np.float64(294.2187965414655), np.float64(16.632282941979724), np.float64(-314.17615693479746), np.float64(307.6927401866251))"
3627,"((0, 4), (2, 17), (2, 18), (17, 18), (4, 19), (0, 7))","(np.float64(0.06353776412948108), np.float64(0.11968620018061726), np.float64(0.13029708661684705), np.float64(0.036046929161889195), np.float64(0.020307297035904944), np.float64(0.09865280163612741))","(np.float64(178.68959631406864), np.float64(180.0065505711712), np.float64(172.35860815852317), np.float64(-7.6510227806900275), np.float64(147.83953316843917), np.float64(-167.1573159860938))"
3630,"((7, 12), (8, 14), (7, 14), (5, 14), (3, 12), (0, 8), (8, 9))","(np.float64(0.14443051705836862), np.float64(0.12977166224447625), np.float64(0.13504901699842461), np.float64(0.1104757873208558), np.float64(0.14685941677621622), np.float64(0.13100135815351488), np.float64(0.13371640413493133))","(np.float64(147.69472260785096), np.float64(-11.491087179308465), np.float64(198.24665542292166), np.float64(75.68687093250014), np.float64(156.20763715257067), np.float64(193.11881966187514), np.float64(178.37205920060205))"
3631,"((0, 5), (12, 13))","(np.float64(0.09029933297596603), np.float64(0.11438592400793562))","(np.float64(228.83558364223722), np.float64(-49.60645492905553))"
3632,"((5, 10), (6, 10), (12, 19))","(np.float64(0.14704234229819038), np.float64(0.12994667661799597), np.float64(0.09843562195731528))","(np.float64(269.86453597210993), np.float64(283.9346093566705), np.float64(-175.7839089089524))"
3633,"((5, 8),)","(np.float64(0.07017152192032265),)","(np.float64(-15.700161500754405),)"
3634,"((9, 14),)","(np.float64(0.07370420491424597),)","(np.float64(-174.627538083841),)"
3636,"((3, 15), (0, 13), (1, 13))","(np.float64(0.10856525047755054), np.float64(0.12900068096558456), np.float64(0.13803702969532233))","(np.float64(283.52765685699035), np.float64(172.66192840086984), np.float64(235.57914512331058))"
3637,"((3, 13), (5, 8), (7, 16), (10, 18), (15, 16))","(np.float64(0.13910573612843752), np.float64(0.09114314941301502), np.float64(0.1068869347557824), np.float64(0.039730076800463525), np.float64(0.08503483225298179))","(np.float64(-130.1324153934499), np.float64(36.76622108500601), np.float64(-156.75384520887891), np.float64(-206.82600235166194), np.float64(-66.45753538289338))"
3638,"((0, 12), (2, 9), (2, 14), (10, 14), (1, 16))","(np.float64(0.10014105172493161), np.float64(0.09728956039496538), np.float64(0.0792668132038867), np.float64(0.12041236554132433), np.float64(0.1452520138403489))","(np.float64(167.62710457022305), np.float64(-111.51622207450635), np.float64(180.40340334082646), np.float64(-3.8898183626438936), np.float64(135.31180727388778))"
3639,"((0, 18), (5, 10))","(np.float64(0.11798637029112542), np.float64(0.14921714624640792))","(np.float64(-34.78526388998952), np.float64(231.49115377710234))"
3642,"((0, 14), (2, 16))","(np.float64(0.05571731438051359), np.float64(0.14364844379041444))","(np.float64(177.59193894468348), np.float64(154.69445379455186))"
3643,"((3, 16), (4, 14), (6, 14), (9, 10), (0, 10), (0, 9))","(np.float64(0.10757602200487577), np.float64(0.13742574382707856), np.float64(0.1081266038338735), np.float64(0.14154087880795624), np.float64(0.12036893870300189), np.float64(0.14534517471575273))","(np.float64(79.04004024217733), np.float64(-41.13079322917088), np.float64(20.472262744027773), np.float64(-43.6980051134845), np.float64(-149.14077857344728), np.float64(-55.9494186625995))"
3644,"((9, 15),)","(np.float64(0.1424688696699764),)","(np.float64(180.3097334518431),)"
3645,"((2, 11),)","(np.float64(0.1493993274535265),)","(np.float64(215.4605942097498),)"
3646,"((2, 13), (4, 7), (10, 18), (15, 17))","(np.float64(0.11543694920857342), np.float64(0.11739215997169707), np.float64(0.14988487260557568), np.float64(0.1371529868970164))","(np.float64(219.88870689729447), np.float64(353.14794954247793), np.float64(-204.73326126401497), np.float64(-264.40077750639637))"
3647,"((3, 7), (3, 10), (7, 10), (15, 17), (1, 10), (1, 7), (2, 7))","(np.float64(0.0989615865294626), np.float64(0.14811804746564147), np.float64(0.10152872663036686), np.float64(0.1037430619097029), np.float64(0.13123816010164888), np.float64(0.1320534244592851), np.float64(0.13388776682108647))","(np.float64(152.15420118097887), np.float64(154.75465150298612), np.float64(2.600450322007248), np.float64(30.550557005572813), np.float64(170.21865940837336), np.float64(164.61877300591033), np.float64(136.04550401618596))"
3648,"((2, 19), (4, 15))","(np.float64(0.12223462178017495), np.float64(0.064334081386412))","(np.float64(65.90421708682703), np.float64(104.18712339073429))"
3649,"((3, 7), (13, 19))","(np.float64(0.1345612763650001), np.float64(0.1422578105533264))","(np.float64(-98.9993507394471), np.float64(-198.92434000574127))"
3650,"((11, 12), (11, 16))","(np.float64(0.14859359065889682), np.float64(0.09769363417201742))","(np.float64(-54.701868825213694), np.float64(-145.3171814884696))"
3651,"((8, 9), (8, 10), (13, 15), (15, 19), (11, 18))","(np.float64(0.12633301011154743), np.float64(0.11798938685489435), np.float64(0.07295913680283514), np.float64(0.1383205471875485), np.float64(0.13936156945760847))","(np.float64(-5.904553103245803), np.float64(18.05882138044052), np.float64(71.4994447106036), np.float64(-234.12430933433546), np.float64(-134.2266089107489))"
3652,"((11, 19), (12, 19), (12, 18))","(np.float64(0.12085757172104315), np.float64(0.06446127016834005), np.float64(0.13238903868117))","(np.float64(108.16689165598643), np.float64(-180.79077402839908), np.float64(-214.76820521010075))"
3653,"((2, 6), (2, 11))","(np.float64(0.07834112870755186), np.float64(0.08032746146008841))","(np.float64(307.08056159870233), np.float64(141.55470663523647))"
3654,"((7, 18),)","(np.float64(0.10775911185122904),)","(np.float64(-218.91220650798732),)"
3656,"((12, 16), (6, 16))","(np.float64(0.12324612209438093), np.float64(0.1289345267407309))","(np.float64(-103.74089907208389), np.float64(-241.97221861549866))"
3657,"((4, 7),)","(np.float64(0.12888739242797706),)","(np.float64(-126.4000013713133),)"
3658,"((5, 11),)","(np.float64(0.09444165087850263),)","(np.float64(178.18785198484522),)"
3659,"((14, 19),)","(np.float64(0.1432887116968191),)","(np.float64(137.93833969974992),)"
3660,"((1, 2), (17, 19), (4, 8), (4, 10), (1, 13), (6, 9))","(np.float64(0.12079746619708139), np.float64(0.11675812806182602), np.float64(0.13818099853183585), np.float64(0.1436950488704179), np.float64(0.14250505632429739), np.float64(0.13972956019321678))","(np.float64(44.7810817507455), np.float64(-4.399198844575437), np.float64(180.3644516420376), np.float64(185.5389171466724), np.float64(155.79638255691782), np.float64(119.04643240083064))"
3661,"((1, 13), (1, 17), (13, 17))","(np.float64(0.01099175835100057), np.float64(0.046411809501991176), np.float64(0.0397712292000448))","(np.float64(166.93505654338435), np.float64(106.8879947197864), np.float64(-60.04706182359794))"
3662,"((2, 9), (5, 6), (6, 13), (1, 6))","(np.float64(0.10398866160388523), np.float64(0.12086967142566138), np.float64(0.1385587455952716), np.float64(0.13564478095591675))","(np.float64(81.33267415639455), np.float64(44.030716547442296), np.float64(-114.28499436378291), np.float64(211.73953569499253))"
3663,"((5, 7),)","(np.float64(0.13910086150146467),)","(np.float64(240.10266403806088),)"
3665,"((6, 11), (9, 17), (10, 11))","(np.float64(0.12683863941794013), np.float64(0.10338179270862397), np.float64(0.13035512150581455))","(np.float64(-148.23404241373385), np.float64(-94.39744472453265), np.float64(-80.98969649506608))"
3666,"((10, 16),)","(np.float64(0.11854103136230026),)","(np.float64(-151.25235623951556),)"
3667,"((3, 5),)","(np.float64(0.14244937371711686),)","(np.float64(-51.19863074530673),)"
3668,"((1, 2), (6, 11))","(np.float64(0.12076714846551975), np.float64(0.11014393621477261))","(np.float64(324.01546148603313), np.float64(-131.62572994128448))"
3669,"((2, 15), (10, 17))","(np.float64(0.08041921611004525), np.float64(0.05390254347227827))","(np.float64(149.31948368777674), np.float64(225.77365295773888))"
3670,"((1, 19), (12, 18))","(np.float64(0.13701625868925305), np.float64(0.11975582884778685))","(np.float64(50.769078059119806), np.float64(-144.2572130737151))"
3671,"((3, 16), (10, 14), (13, 19))","(np.float64(0.14018447812023271), np.float64(0.14093360054338488), np.float64(0.053846248204620334))","(np.float64(-122.45158116947354), np.float64(-116.15186206328758), np.float64(-98.14213658097006))"
3672,"((1, 3), (5, 15))","(np.float64(0.07274638949992758), np.float64(0.14709552890100838))","(np.float64(275.2669486977421), np.float64(42.837315273491754))"
3674,"((0, 8), (12, 18))","(np.float64(0.12962929947639668), np.float64(0.03125489003361622))","(np.float64(185.75217604868192), np.float64(-158.56198169807124))"
3675,"((1, 5), (18, 19))","(np.float64(0.13230519468325752), np.float64(0.10782839717416828))","(np.float64(-94.25460644561366), np.float64(34.27823168096029))"
3676,"((0, 13), (3, 6))","(np.float64(0.0913057673187953), np.float64(0.11243902712052406))","(np.float64(152.08664410021964), np.float64(290.62517822347365))"
3678,"((4, 12), (13, 16))","(np.float64(0.14401450794020648), np.float64(0.11808055503806415))","(np.float64(264.176084401628), np.float64(-93.70691596417134))"
3679,"((0, 7),)","(np.float64(0.14947768105992654),)","(np.float64(124.9895882113255),)"
3680,"((4, 9),)","(np.float64(0.1180099572772464),)","(np.float64(242.84040874726276),)"
3681,"((4, 12), (10, 19))","(np.float64(0.14258241991754364), np.float64(0.092466555241102))","(np.float64(234.44231949272768), np.float64(-189.07685291990663))"
3682,"((10, 19), (12, 15))","(np.float64(0.14692488729899952), np.float64(0.11290572336230417))","(np.float64(155.4808487180297), np.float64(-2.0937292302016317))"
3683,"((0, 10), (1, 15), (10, 16))","(np.float64(0.1276142067961967), np.float64(0.09321618156266283), np.float64(0.124873109929099))","(np.float64(183.67484240684502), np.float64(139.76776530062872), np.float64(-128.80578772702552))"
3684,"((4, 12), (8, 19))","(np.float64(0.1164525681253811), np.float64(0.1203672411719312))","(np.float64(183.91075283295226), np.float64(-92.89856876502506))"
3685,"((2, 5), (8, 9))","(np.float64(0.11268646257540488), np.float64(0.14668470562510175))","(np.float64(292.186650245665), np.float64(-16.1835196577469))"
3686,"((3, 16),)","(np.float64(0.09520378663104304),)","(np.float64(85.46743727540019),)"
3687,"((9, 14),)","(np.float64(0.13535897192715035),)","(np.float64(204.54613762629174),)"
3688,"((2, 11), (8, 13))","(np.float64(0.04517480594447761), np.float64(0.10191673057709898))","(np.float64(229.33215073561166), np.float64(-120.63977035745921))"
3689,"((1, 11), (3, 13), (5, 18), (14, 17), (7, 16), (1, 12))","(np.float64(0.0941495489549053), np.float64(0.10642856927398417), np.float64(0.1314517905940587), np.float64(0.057023525500672176), np.float64(0.14441270656412056), np.float64(0.13740330067530612))","(np.float64(202.82773183345887), np.float64(-25.1904605719879), np.float64(-171.10458662035427), np.float64(-61.08895952442893), np.float64(-64.13067957497282), np.float64(69.20342615027135))"
3690,"((6, 18), (8, 9), (9, 12))","(np.float64(0.13143669121020318), np.float64(0.13506707728844314), np.float64(0.06570361044494522))","(np.float64(-191.4375375638055), np.float64(4.244968190102952), np.float64(-62.95936184798842))"
3691,"((1, 19), (6, 7))","(np.float64(0.12249073054457252), np.float64(0.053068128877370904))","(np.float64(14.36860725337084), np.float64(302.5723577932571))"
3692,"((4, 17), (1, 14), (5, 14))","(np.float64(0.12918985678592165), np.float64(0.1406101968908849), np.float64(0.13103387215957582))","(np.float64(65.78624376216206), np.float64(234.4268517404479), np.float64(205.00763809911837))"
3693,"((4, 8),)","(np.float64(0.029010240783937196),)","(np.float64(263.3764731773809),)"
3694,"((5, 11),)","(np.float64(0.1378917970112461),)","(np.float64(210.8247554568121),)"
3695,"((6, 7), (6, 15))","(np.float64(0.10197433623269542), np.float64(0.1497543969049595))","(np.float64(-4.497139718112692), np.float64(-57.966010474528275))"
3697,"((1, 14), (6, 18))","(np.float64(0.04426017134805328), np.float64(0.10996244743556625))","(np.float64(172.02351694033283), np.float64(-162.37680211879297))"
3698,"((0, 9), (3, 7))","(np.float64(0.11469831857864532), np.float64(0.11328897621520845))","(np.float64(175.28217126621615), np.float64(-143.67683799077435))"
3699,"((0, 3), (8, 15))","(np.float64(0.12427647149020835), np.float64(0.14275219967642566))","(np.float64(-62.370963503444415), np.float64(191.84305939054173))"
3701,"((0, 8), (1, 8))","(np.float64(0.1153936202242427), np.float64(0.1491736530837181))","(np.float64(102.84323220094086), np.float64(106.16606624318723))"
3702,"((2, 16), (9, 13), (6, 13))","(np.float64(0.09026285579214506), np.float64(0.11239425251297533), np.float64(0.09452643315937154))","(np.float64(76.53105696875213), np.float64(144.20472189939824), np.float64(-195.74602135640652))"
3703,"((2, 10), (10, 16))","(np.float64(0.10498785383941484), np.float64(0.12876389602532318))","(np.float64(191.81347906478533), np.float64(-78.79629216596078))"
3704,"((4, 13), (8, 16), (7, 13))","(np.float64(0.09910646081626852), np.float64(0.13002608648327005), np.float64(0.12577001339527885))","(np.float64(169.27479581263424), np.float64(241.26772263479654), np.float64(261.11473939876834))"
3705,"((2, 7), (6, 14), (10, 18))","(np.float64(0.0165559098290121), np.float64(0.13130507580153072), np.float64(0.09941881657857085))","(np.float64(-146.31903253397374), np.float64(254.37175519879645), np.float64(208.48929074586346))"
3706,"((5, 12), (14, 15), (2, 16))","(np.float64(0.050641732273991096), np.float64(0.1486876149597813), np.float64(0.13606432627997994))","(np.float64(192.99096202961584), np.float64(29.625491712298242), np.float64(114.85822512493706))"
3707,"((0, 17), (2, 5))","(np.float64(0.08728470414142636), np.float64(0.10306921194997087))","(np.float64(62.511786664244), np.float64(22.481231891941263))"
3708,"((4, 15), (7, 17))","(np.float64(0.14947292997120382), np.float64(0.12834079355327063))","(np.float64(-91.65214511625732), np.float64(-231.61783541435784))"
3709,"((1, 16), (10, 11), (10, 18))","(np.float64(0.14666810822300785), np.float64(0.10544451349333993), np.float64(0.11592314540628867))","(np.float64(123.46022577453718), np.float64(-320.94606635436236), np.float64(61.122970354674806))"
3710,"((6, 19),)","(np.float64(0.11857065201383185),)","(np.float64(-156.81619709839777),)"
3712,"((1, 14),)","(np.float64(0.0491825436086947),)","(np.float64(183.21954750732402),)"
3713,"((5, 9), (0, 8))","(np.float64(0.055703900165384), np.float64(0.12929107218289948))","(np.float64(54.20284290889731), np.float64(142.71095411901982))"
3714,"((7, 11), (10, 13), (0, 10), (4, 14))","(np.float64(0.11686565224615969), np.float64(0.0549140219690197), np.float64(0.1469040067007974), np.float64(0.13785678135231405))","(np.float64(223.06785809038223), np.float64(-86.02694370696406), np.float64(230.2110554918304), np.float64(197.90278151194894))"
3715,"((15, 19),)","(np.float64(0.11605265417327346),)","(np.float64(-133.53360580471883),)"
3716,"((3, 10), (6, 9))","(np.float64(0.1100779101260383), np.float64(0.1355724326236164))","(np.float64(-85.06021109638237), np.float64(-77.22365408541992))"
3718,"((4, 7), (6, 14), (13, 18))","(np.float64(0.12812830155509966), np.float64(0.0693869101978017), np.float64(0.1362148438515609))","(np.float64(34.74924687364614), np.float64(160.39672512008684), np.float64(-90.91139797570895))"
3719,"((1, 9), (3, 11), (10, 18))","(np.float64(0.020168612438684466), np.float64(0.008394984233677696), np.float64(0.05545054702211869))","(np.float64(209.32411475314007), np.float64(179.93491850998942), np.float64(-152.2920528940028))"
3720,"((1, 15), (5, 14), (12, 15))","(np.float64(0.13165554424559336), np.float64(0.14508227841050986), np.float64(0.14017262469075276))","(np.float64(-31.17393966017272), np.float64(-224.82061572438806), np.float64(-293.5851677166639))"
3721,"((2, 11),)","(np.float64(0.0662277151407392),)","(np.float64(-140.4096804125591),)"
3722,"((0, 15), (2, 9), (4, 14))","(np.float64(0.09811617753380303), np.float64(0.06541528871911939), np.float64(0.14929774463948042))","(np.float64(-15.135752129475804), np.float64(-131.54285823626532), np.float64(72.16775256055459))"
3723,"((0, 9), (2, 14), (14, 16))","(np.float64(0.1307971001161171), np.float64(0.09642565485929695), np.float64(0.07135288077911638))","(np.float64(159.44101075644141), np.float64(57.370441030450536), np.float64(-72.35016834459526))"
3724,"((2, 14),)","(np.float64(0.1386568634486902),)","(np.float64(167.93608853961535),)"
3725,"((5, 11),)","(np.float64(0.13379726576909026),)","(np.float64(-111.3531533434383),)"
3727,"((5, 19), (6, 17), (7, 15), (7, 18), (15, 18))","(np.float64(0.11451758925040041), np.float64(0.0830778948085323), np.float64(0.11466876134117003), np.float64(0.10229433657259455), np.float64(0.07886884783771163))","(np.float64(-243.71154296233092), np.float64(-157.31409084528022), np.float64(-183.69552402009685), np.float64(-219.3556390717753), np.float64(-35.660115051678446))"
3728,"((6, 16), (4, 14))","(np.float64(0.12797329321332607), np.float64(0.12779239170408369))","(np.float64(176.19740669044728), np.float64(164.73756395772847))"
3729,"((8, 13),)","(np.float64(0.10318261852260051),)","(np.float64(-104.50916687006077),)"
3730,"((2, 18),)","(np.float64(0.14152529353580254),)","(np.float64(76.86825526565215),)"
3731,"((10, 15), (12, 16))","(np.float64(0.13247947666899437), np.float64(0.08117603273743697))","(np.float64(261.97831557191734), np.float64(187.12121912604766))"
3732,"((3, 14),)","(np.float64(0.09548366354563727),)","(np.float64(174.13533013157678),)"
3733,"((9, 17),)","(np.float64(0.12317437163742889),)","(np.float64(-126.53054598837502),)"
3734,"((8, 13), (7, 18))","(np.float64(0.05213375156486051), np.float64(0.14467642252499957))","(np.float64(220.14391742812234), np.float64(91.40818593712157))"
3735,"((1, 9), (2, 17), (10, 12), (12, 13))","(np.float64(0.10862525549614371), np.float64(0.14539450533982812), np.float64(0.07020766087366132), np.float64(0.11882664750971009))","(np.float64(177.7918502490494), np.float64(91.45664882228655), np.float64(-8.947161650179055), np.float64(-65.12622589429463))"
3736,"((8, 15), (15, 18))","(np.float64(0.05735346313224855), np.float64(0.14677283463140914))","(np.float64(-200.1307577074378), np.float64(2.5984736108780453))"
3738,"((1, 16),)","(np.float64(0.13406845237524426),)","(np.float64(180.11516075576804),)"
3739,"((6, 12), (7, 19))","(np.float64(0.09265448092950694), np.float64(0.1460064973794993))","(np.float64(-70.60715593109018), np.float64(-187.49303404853896))"
3740,"((0, 14),)","(np.float64(0.1294116293097044),)","(np.float64(82.97095843528086),)"
3741,"((7, 18), (2, 9))","(np.float64(0.03836749927611613), np.float64(0.14794792635202983))","(np.float64(-150.85292192083807), np.float64(200.99206945526709))"
3742,"((2, 3),)","(np.float64(0.05602716904209107),)","(np.float64(-108.70422057547646),)"
3744,"((8, 11), (13, 16), (10, 14))","(np.float64(0.12314206544244059), np.float64(0.1425484330315817), np.float64(0.11180276141160539))","(np.float64(-27.2434749249054), np.float64(-98.37255001750441), np.float64(196.9889139845356))"
3745,"((3, 4), (18, 19), (10, 19), (1, 10))","(np.float64(0.10107297899154792), np.float64(0.07106172648709966), np.float64(0.11756788660606798), np.float64(0.1440758315424743))","(np.float64(36.96465286763001), np.float64(-6.018072093210662), np.float64(-91.51495556923214), np.float64(124.35875363692872))"
3746,"((15, 16),)","(np.float64(0.111364213549857),)","(np.float64(-37.21460334145161),)"
3747,"((2, 10),)","(np.float64(0.14664387036981982),)","(np.float64(291.7614548787889),)"
3748,"((4, 7), (4, 11))","(np.float64(0.07830364931866995), np.float64(0.1308506010801136))","(np.float64(5.8294487855385455), np.float64(-110.14155303823912))"
3749,"((7, 18),)","(np.float64(0.1348246913874623),)","(np.float64(-272.46039919073814),)"
3750,"((1, 10), (9, 19), (8, 18))","(np.float64(0.11330941414055903), np.float64(0.14733749473034052), np.float64(0.1362428300820318))","(np.float64(174.32344471564588), np.float64(175.3953499949318), np.float64(150.39916337770364))"
3751,"((6, 8), (12, 18), (2, 8))","(np.float64(0.07878393846380993), np.float64(0.1492375537864954), np.float64(0.10143013934564105))","(np.float64(-13.575154194631807), np.float64(-149.3077997365293), np.float64(197.45227450949028))"
3752,"((2, 18), (6, 13))","(np.float64(0.1386762006580063), np.float64(0.05215089908032591))","(np.float64(102.3074644544455), np.float64(191.93116448344182))"
3753,"((10, 11),)","(np.float64(0.03742462172676204),)","(np.float64(-85.84246680083109),)"
3754,"((8, 19), (11, 16))","(np.float64(0.11538801176207293), np.float64(0.1372349603285133))","(np.float64(-197.3293541395406), np.float64(-92.96396272632586))"
3757,"((4, 15), (9, 15))","(np.float64(0.08087926412471354), np.float64(0.14457152667628234))","(np.float64(177.48780093598742), np.float64(-54.65949095368342))"
3758,"((11, 12),)","(np.float64(0.11059843706438713),)","(np.float64(-22.77060161405359),)"
3760,"((1, 17), (3, 7), (11, 18))","(np.float64(0.12249650515278128), np.float64(0.10608071789838881), np.float64(0.09923944362685995))","(np.float64(102.53669827602621), np.float64(-101.65030156090461), np.float64(197.50057561953548))"
3762,"((7, 19), (9, 14), (8, 19))","(np.float64(0.14122507017793723), np.float64(0.08073075885861093), np.float64(0.11856479939901196))","(np.float64(126.94211772218708), np.float64(258.95956720753867), np.float64(138.67497033460515))"
3763,"((1, 11), (3, 8), (6, 10), (10, 13), (1, 4))","(np.float64(0.11512724197018943), np.float64(0.10513290310131071), np.float64(0.11453109489943174), np.float64(0.1007281039787323), np.float64(0.13843512520079093))","(np.float64(-140.68552774537227), np.float64(-104.98998327320737), np.float64(-59.99076414656787), np.float64(-44.774763675027486), np.float64(-11.844081790553389))"
3764,"((7, 17), (8, 9))","(np.float64(0.1351653796548026), np.float64(0.06638517828401767))","(np.float64(-106.70570453726651), np.float64(-89.86695712855715))"
3765,"((0, 10), (4, 8), (12, 19), (4, 14))","(np.float64(0.12194046201595542), np.float64(0.10494160753696603), np.float64(0.0938746586744004), np.float64(0.028314696315407884))","(np.float64(-34.530609095090654), np.float64(274.47095799921317), np.float64(-114.94850471574853), np.float64(159.4748022651221))"
3766,"((4, 15), (9, 17), (4, 13))","(np.float64(0.08551644464639527), np.float64(0.03277009414669833), np.float64(0.12952760707308503))","(np.float64(159.40115037119892), np.float64(143.24876265127818), np.float64(136.7815514828054))"
3767,"((2, 7), (9, 16))","(np.float64(0.10455197583846763), np.float64(0.13398798036623671))","(np.float64(-64.33534318182251), np.float64(213.46854984883532))"
3769,"((9, 19), (10, 19), (7, 18))","(np.float64(0.13452503194910892), np.float64(0.11250092308139552), np.float64(0.13608460512754672))","(np.float64(130.65545383045253), np.float64(-120.61594235105366), np.float64(-185.3365047996095))"
3770,"((4, 16),)","(np.float64(0.11723727143554834),)","(np.float64(108.6913655418615),)"
3771,"((9, 13), (10, 19))","(np.float64(0.046410877863435646), np.float64(0.04782222385322241))","(np.float64(-85.55212217851363), np.float64(-165.1339581530527))"
3774,"((4, 17),)","(np.float64(0.10631061426357152),)","(np.float64(-223.96624879377356),)"
3775,"((2, 5), (6, 14), (8, 19))","(np.float64(0.1313109837308219), np.float64(0.05251393596468559), np.float64(0.13652899120734854))","(np.float64(-80.8015496392905), np.float64(189.566153210173), np.float64(107.99413037884608))"
3776,"((0, 7), (14, 18))","(np.float64(0.06477081857086096), np.float64(0.02747611007604195))","(np.float64(-89.05504695622733), np.float64(-193.4056565926503))"
3777,"((1, 6), (5, 13), (4, 19), (1, 5))","(np.float64(0.09050879551563581), np.float64(0.014378517302591095), np.float64(0.12931923808446855), np.float64(0.11981799308079752))","(np.float64(-173.98991488522108), np.float64(-123.45440820997612), np.float64(-251.92408692051094), np.float64(-70.26714955193802))"
3778,"((10, 16), (12, 19))","(np.float64(0.12001014391930433), np.float64(0.13778627608609095))","(np.float64(-21.32708285976696), np.float64(-141.7695981346896))"
3779,"((2, 11), (11, 17), (12, 15))","(np.float64(0.11711512595428278), np.float64(0.1191472361514926), np.float64(0.13207094388255738))","(np.float64(-45.87702305524846), np.float64(271.9909425556141), np.float64(-26.22133487109602))"
3780,"((1, 13), (15, 19))","(np.float64(0.14339776808810098), np.float64(0.12707250832892414))","(np.float64(148.18243919388277), np.float64(18.15344393429271))"
3781,"((4, 14), (5, 15), (13, 17), (5, 17))","(np.float64(0.11698742941091914), np.float64(0.06353799044995136), np.float64(0.14368206152870092), np.float64(0.1427731497202126))","(np.float64(113.44865968393012), np.float64(81.31934241408663), np.float64(-98.8001453488543), np.float64(78.85408919756952))"
3782,"((8, 17),)","(np.float64(0.11849751051950706),)","(np.float64(-157.40277722033153),)"
3783,"((1, 9),)","(np.float64(0.12618263357528567),)","(np.float64(-98.79340267504654),)"
3784,"((0, 5), (0, 9))","(np.float64(0.06489826728903045), np.float64(0.13472798688431623))","(np.float64(231.42289054499008), np.float64(243.6427379715048))"
3785,"((0, 2), (9, 12), (16, 18))","(np.float64(0.09800361884142328), np.float64(0.14024949108908416), np.float64(0.13341513819538617))","(np.float64(-51.481834424034105), np.float64(-113.69868404656137), np.float64(32.844919937979114))"
3786,"((3, 7), (4, 15), (13, 19))","(np.float64(0.09593352000537635), np.float64(0.06849363920143717), np.float64(0.1292239579187242))","(np.float64(-15.610109383510178), np.float64(-139.97325325951908), np.float64(-182.55938275248093))"
3787,"((1, 5), (3, 6), (15, 19))","(np.float64(0.06970743641155464), np.float64(0.14868191389445637), np.float64(0.1397716299174361))","(np.float64(197.97533175309408), np.float64(17.808637719584056), np.float64(-86.17287200344828))"
3788,"((8, 16),)","(np.float64(0.13920127818579237),)","(np.float64(-76.25431634955589),)"
3791,"((7, 15), (9, 17), (6, 16), (10, 19))","(np.float64(0.14899777775778952), np.float64(0.03233511452896881), np.float64(0.12631547030733253), np.float64(0.14502371771428682))","(np.float64(-223.32452883734754), np.float64(-223.6267999237656), np.float64(-268.33532570475234), np.float64(-174.05296592431256))"
3792,"((8, 19), (0, 5), (5, 11), (5, 10))","(np.float64(0.02911419821320528), np.float64(0.12483996994042716), np.float64(0.14002578273104516), np.float64(0.10528559664126519))","(np.float64(-143.81475881627478), np.float64(204.53424649607638), np.float64(-108.56026678418164), np.float64(-112.20625243343244))"
3793,"((3, 7), (6, 18), (9, 13))","(np.float64(0.12666022396077523), np.float64(0.027226157182616957), np.float64(0.13256699816555773))","(np.float64(-83.02562745766983), np.float64(129.17502639633045), np.float64(251.32640940279327))"
3794,"((7, 16), (9, 12), (12, 13))","(np.float64(0.09894802086925279), np.float64(0.08963504350456765), np.float64(0.1097343923154684))","(np.float64(143.77605176706268), np.float64(-35.96760524790335), np.float64(258.02342333277795))"
3795,"((1, 10), (4, 19), (8, 18))","(np.float64(0.1336949617357395), np.float64(0.10474754843042632), np.float64(0.11347326487286287))","(np.float64(23.929576795271572), np.float64(108.73894704205853), np.float64(200.42209064820776))"
3796,"((4, 13),)","(np.float64(0.05282284414120439),)","(np.float64(224.45989657454192),)"
3798,"((7, 13),)","(np.float64(0.0936647367830213),)","(np.float64(-50.860688333800965),)"
3799,"((8, 12),)","(np.float64(0.13538323393982415),)","(np.float64(308.4058275866056),)"
3800,"((5, 8), (0, 8))","(np.float64(0.015272496979678462), np.float64(0.01697537569349693))","(np.float64(157.00971515513822), np.float64(189.62612697759698))"
3801,"((7, 19), (3, 18))","(np.float64(0.1081013000311757), np.float64(0.11867890399898953))","(np.float64(-143.924446030395), np.float64(134.95262836169888))"
3802,"((1, 8), (1, 7))","(np.float64(0.14007523670022473), np.float64(0.1368623052076537))","(np.float64(-94.95574924560108), np.float64(-86.186038445538))"
3803,"((11, 13),)","(np.float64(0.12145038110333263),)","(np.float64(-65.46658802675043),)"
3804,"((10, 15), (10, 17), (15, 17), (2, 11), (2, 9))","(np.float64(0.14777962530349129), np.float64(0.1475296865629276), np.float64(0.04826820400880147), np.float64(0.13975277626542348), np.float64(0.14210757312855876))","(np.float64(-75.15274934046113), np.float64(-164.86583440750772), np.float64(-89.71304310537667), np.float64(196.09735283980655), np.float64(204.36227936618593))"
3805,"((0, 11), (13, 17))","(np.float64(0.14108434944400572), np.float64(0.14859062329707154))","(np.float64(-168.60989687670371), np.float64(-78.10683655271174))"
3806,"((0, 1), (5, 13), (5, 19), (13, 19))","(np.float64(0.13351510095751906), np.float64(0.13164795715740527), np.float64(0.1377798152536731), np.float64(0.09657543026627313))","(np.float64(-64.67776945570319), np.float64(234.51579124269603), np.float64(74.43886957172441), np.float64(-160.07692167097161))"
3808,"((2, 8), (5, 18), (16, 19))","(np.float64(0.1411790572287769), np.float64(0.05964880682073299), np.float64(0.11197349076307976))","(np.float64(-60.535018994789255), np.float64(-326.4863100326823), np.float64(-233.88396701119552))"
3809,"((12, 17), (7, 15))","(np.float64(0.13166160734007293), np.float64(0.1292955809927996))","(np.float64(-174.75749525805367), np.float64(221.36126802608322))"
3810,"((6, 13), (10, 15))","(np.float64(0.14089112213180785), np.float64(0.1276749442003103))","(np.float64(145.21658973672544), np.float64(69.96448945550537))"
3811,"((3, 13),)","(np.float64(0.13886920523358176),)","(np.float64(-55.88255417894487),)"
3813,"((8, 17), (0, 6))","(np.float64(0.1371408777937663), np.float64(0.13924985861992858))","(np.float64(174.49968574450145), np.float64(-64.85583477905689))"
3814,"((7, 11), (18, 19), (9, 17))","(np.float64(0.13422467293735624), np.float64(0.07295003003297233), np.float64(0.12137955378760072))","(np.float64(257.64126019505795), np.float64(-1.7874858518576957), np.float64(-254.97822997490664))"
3815,"((5, 15),)","(np.float64(0.09866854393386588),)","(np.float64(222.72447846088255),)"
3816,"((3, 16), (5, 14), (12, 17))","(np.float64(0.13770484309033065), np.float64(0.04210946332825762), np.float64(0.14919444542302285))","(np.float64(91.93170887977791), np.float64(238.2412497965338), np.float64(-211.5729918004556))"
3817,"((4, 17), (4, 13))","(np.float64(0.14917031396201147), np.float64(0.1398626541683181))","(np.float64(95.506914276732), np.float64(328.2691773264082))"
3818,"((4, 17),)","(np.float64(0.07672057520165715),)","(np.float64(63.49552651385636),)"
3819,"((0, 14), (9, 12), (10, 14), (13, 17))","(np.float64(0.10110210034653896), np.float64(0.1145794067304921), np.float64(0.10173667075470429), np.float64(0.12856097832726696))","(np.float64(28.7883737398615), np.float64(-49.8111636145627), np.float64(-145.80353418425582), np.float64(-139.22550165184754))"
3820,"((3, 14), (8, 14), (13, 19), (3, 8), (3, 13), (12, 13))","(np.float64(0.14806615061326514), np.float64(0.1403190871900149), np.float64(0.13583780197593173), np.float64(0.14891575606835045), np.float64(0.13585789070558674), np.float64(0.14066400997262624))","(np.float64(-171.20990647117907), np.float64(-129.4799153236765), np.float64(-173.83563324231193), np.float64(-75.14309806583753), np.float64(-150.51112189255042), np.float64(-35.435295754412095))"
3821,"((15, 19),)","(np.float64(0.10995991864480632),)","(np.float64(-106.20410633539848),)"
3822,"((7, 14), (8, 13), (1, 12), (8, 19), (14, 19))","(np.float64(0.07981284477500922), np.float64(0.12933791077750925), np.float64(0.11488111918968322), np.float64(0.13484782488018865), np.float64(0.140622127506251))","(np.float64(270.5455946921698), np.float64(-11.892024016413984), np.float64(178.23061523563945), np.float64(-206.02714931619124), np.float64(-176.8162683365884))"
3823,"((0, 4), (5, 18))","(np.float64(0.14019292490453503), np.float64(0.1297851648222559))","(np.float64(-105.41113358610724), np.float64(6.503446222416443))"
3824,"((0, 8), (0, 10), (2, 4), (8, 13))","(np.float64(0.09524289653703602), np.float64(0.12031752267870023), np.float64(0.04871571214488876), np.float64(0.06635578677063525))","(np.float64(163.70303337850112), np.float64(179.66393354353988), np.float64(-45.19066894644942), np.float64(-172.5132457611685))"
3826,"((14, 19), (15, 17))","(np.float64(0.07755363890841338), np.float64(0.0936396208814054))","(np.float64(-114.8814867704379), np.float64(34.70431240901547))"
3828,"((0, 11),)","(np.float64(0.0478363640189864),)","(np.float64(185.3086797406263),)"
3829,"((2, 6), (3, 15))","(np.float64(0.14819573762792684), np.float64(0.14988802501156095))","(np.float64(-74.5242780729273), np.float64(215.61622668229882))"
3830,"((10, 18),)","(np.float64(0.06678033088610448),)","(np.float64(172.90909411603874),)"
3831,"((1, 4), (5, 17), (7, 8))","(np.float64(0.06850447648367222), np.float64(0.11517729729218902), np.float64(0.13769765118719865))","(np.float64(-87.94095750788313), np.float64(125.77959630107688), np.float64(171.55712099234452))"
3832,"((6, 11), (4, 14))","(np.float64(0.05230490260992796), np.float64(0.13748610955882057))","(np.float64(217.2115591226339), np.float64(200.48196654965346))"
3834,"((9, 11),)","(np.float64(0.09004611295508766),)","(np.float64(-8.64866809398319),)"
3835,"((3, 14),)","(np.float64(0.06910338421379414),)","(np.float64(-145.53048762816906),)"
3836,"((3, 15), (3, 17), (5, 14), (15, 17))","(np.float64(0.08287155268201854), np.float64(0.05139320854342562), np.float64(0.08182671446984674), np.float64(0.08865767550334064))","(np.float64(203.3826796625233), np.float64(131.2312974887931), np.float64(-184.52396470947616), np.float64(-72.15138217373018))"
3838,"((8, 13),)","(np.float64(0.13118563028963207),)","(np.float64(-12.37799754381706),)"
3839,"((8, 18),)","(np.float64(0.14523072385228883),)","(np.float64(-163.89588881360976),)"
3840,"((3, 8), (6, 19), (11, 12))","(np.float64(0.09926953798250998), np.float64(0.1297432590875899), np.float64(0.14760397598333863))","(np.float64(233.13870275363604), np.float64(169.85614439008506), np.float64(36.810524161034266))"
3842,"((0, 10), (3, 4))","(np.float64(0.13425084811460267), np.float64(0.031584044421881924))","(np.float64(171.29438892284708), np.float64(-182.4461271923999))"
3844,"((1, 2), (5, 13))","(np.float64(0.12990832041629186), np.float64(0.1420151764405328))","(np.float64(-45.16225358531466), np.float64(256.88218397026924))"
3845,"((8, 11), (5, 16), (5, 13))","(np.float64(0.13832695660326755), np.float64(0.12544770810080794), np.float64(0.13945663877443648))","(np.float64(186.26381594742378), np.float64(151.38908550014816), np.float64(191.94099866276804))"
3846,"((8, 9), (6, 17))","(np.float64(0.12231314453515665), np.float64(0.14217764257863028))","(np.float64(-54.734758407672246), np.float64(135.09351759078803))"
3847,"((2, 16), (6, 17))","(np.float64(0.08902814387070684), np.float64(0.14946815381324483))","(np.float64(230.0956928254294), np.float64(277.47204189552514))"
3849,"((0, 18), (1, 11), (6, 7), (9, 13), (11, 16))","(np.float64(0.12175397534696683), np.float64(0.11449578239633904), np.float64(0.1375584869428462), np.float64(0.124205213038346), np.float64(0.13856218389460212))","(np.float64(47.78891986803313), np.float64(212.2652229701609), np.float64(-60.87172842951816), np.float64(-188.03570766942335), np.float64(32.21042988062021))"
3850,"((4, 8), (6, 9), (10, 19))","(np.float64(0.12114092850816718), np.float64(0.13831200949883585), np.float64(0.08532070679056748))","(np.float64(32.91238173152351), np.float64(29.55467822293292), np.float64(-135.64883493225295))"
3851,"((8, 17), (8, 18), (9, 15), (12, 15), (5, 17))","(np.float64(0.05090105864853197), np.float64(0.13130414685004255), np.float64(0.12851406593626458), np.float64(0.12791757222889055), np.float64(0.14655308535935793))","(np.float64(-109.26235987009062), np.float64(-159.73745550107247), np.float64(-125.96888935206817), np.float64(-76.2606798407752), np.float64(-252.27009189765897))"
3853,"((4, 12), (9, 19), (11, 19))","(np.float64(0.029582736930580736), np.float64(0.07163894439686326), np.float64(0.12606525840177898))","(np.float64(-170.41473226434982), np.float64(-110.08547211208713), np.float64(-149.95934209398615))"
3855,"((7, 18),)","(np.float64(0.023884298204600155),)","(np.float64(-192.88187922607813),)"
3857,"((6, 14),)","(np.float64(0.14228853168355432),)","(np.float64(131.0497880424528),)"
3858,"((7, 18),)","(np.float64(0.12960109909382692),)","(np.float64(157.23860028886241),)"
3859,"((5, 17),)","(np.float64(0.1456463698267089),)","(np.float64(126.66726229977854),)"
3860,"((2, 5), (5, 8))","(np.float64(0.14539468179428175), np.float64(0.10593092127845542))","(np.float64(-2.6948171863396055), np.float64(-87.55852071780089))"
3861,"((1, 2), (5, 9), (7, 18))","(np.float64(0.13854493933351544), np.float64(0.14882574438831667), np.float64(0.12645694899962437))","(np.float64(12.730862417270657), np.float64(220.25023376787897), np.float64(103.33549451516194))"
3862,"((4, 11),)","(np.float64(0.044847348965343634),)","(np.float64(254.72678350635573),)"
3867,"((10, 17),)","(np.float64(0.0406596599971086),)","(np.float64(-117.68808645073531),)"
3868,"((2, 12), (14, 19))","(np.float64(0.0393958815448407), np.float64(0.13958772210711112))","(np.float64(192.1405644723909), np.float64(-181.00440004172162))"
3869,"((4, 14), (5, 7), (1, 14))","(np.float64(0.06577631592103952), np.float64(0.11534780380762019), np.float64(0.11944219940463173))","(np.float64(160.61848136554056), np.float64(-58.867015985032), np.float64(168.04403389110502))"
3870,"((15, 16),)","(np.float64(0.14109294406690598),)","(np.float64(-99.76306351561891),)"
3871,"((2, 14), (4, 10))","(np.float64(0.1117364289496144), np.float64(0.1363048312698191))","(np.float64(0.6502847502371196), np.float64(-102.8943218970391))"
3872,"((2, 13), (17, 19))","(np.float64(0.1326760832374675), np.float64(0.11097289412214364))","(np.float64(158.46841558926644), np.float64(-5.119139678941792))"
3873,"((7, 15),)","(np.float64(0.052407457309619376),)","(np.float64(-138.51734654113346),)"
3874,"((3, 4), (5, 16), (9, 11), (2, 19))","(np.float64(0.12184147899253796), np.float64(0.08705822311004847), np.float64(0.13602551323387665), np.float64(0.14008780840127966))","(np.float64(50.78529320394074), np.float64(100.32037861208164), np.float64(52.990100197949914), np.float64(148.67097594990048))"
3875,"((9, 19), (1, 4))","(np.float64(0.10459202479659455), np.float64(0.13729401634745492))","(np.float64(-159.74097079722543), np.float64(292.7109433878782))"
3876,"((0, 12),)","(np.float64(0.111216015261156),)","(np.float64(168.21938196749505),)"
3877,"((4, 9), (5, 16), (5, 18), (16, 18))","(np.float64(0.14672774093450708), np.float64(0.10605970109464759), np.float64(0.1403314513984635), np.float64(0.10708355657396915))","(np.float64(130.36505704444386), np.float64(-42.00506346412351), np.float64(-18.45324238020362), np.float64(23.55182108391989))"
3878,"((0, 18), (1, 2), (3, 4), (3, 8), (4, 8), (3, 9))","(np.float64(0.11926661343698436), np.float64(0.10122339523817415), np.float64(0.12884819984875132), np.float64(0.1355581113079075), np.float64(0.0269227937990473), np.float64(0.14945891834497552))","(np.float64(73.54675913029615), np.float64(39.232046032660435), np.float64(-7.91688396323309), np.float64(197.55517198531044), np.float64(205.47205594854353), np.float64(253.6197664713863))"
3879,"((0, 17), (2, 17))","(np.float64(0.10953419095294108), np.float64(0.12218271493364098))","(np.float64(186.59300167450783), np.float64(167.0485841455935))"
3880,"((0, 3), (1, 2), (15, 16), (1, 16))","(np.float64(0.0752174427522086), np.float64(0.13033267067868035), np.float64(0.12601463349283215), np.float64(0.13782517056062096))","(np.float64(-59.38315583290989), np.float64(39.154701468922894), np.float64(38.27447014707002), np.float64(182.2110634629105))"
3881,"((2, 9), (3, 9))","(np.float64(0.13171092053202363), np.float64(0.14719188186155785))","(np.float64(-37.36556553771641), np.float64(282.6762104710918))"
3882,"((4, 7),)","(np.float64(0.10219424996824393),)","(np.float64(-11.807589379478031),)"
3885,"((1, 11),)","(np.float64(0.08265754400847873),)","(np.float64(185.5053943447034),)"
3887,"((1, 4), (3, 8))","(np.float64(0.09732351338709408), np.float64(0.13785409134848386))","(np.float64(105.77083813069214), np.float64(184.98806437009944))"
3888,"((3, 7), (7, 9), (3, 11), (1, 6), (10, 19))","(np.float64(0.14189583599756334), np.float64(0.10654102378968745), np.float64(0.12342767910499002), np.float64(0.1474093868979156), np.float64(0.13220554872912632))","(np.float64(208.93780597269716), np.float64(-42.47806216818117), np.float64(191.35781521560267), np.float64(235.94121595344575), np.float64(-143.04850341626673))"
3890,"((3, 5), (3, 15), (7, 8), (14, 19), (14, 18), (16, 19))","(np.float64(0.14495026542771935), np.float64(0.1247049064105135), np.float64(0.010196317799371208), np.float64(0.13126805820994902), np.float64(0.1419924254756776), np.float64(0.14998182632946183))","(np.float64(-63.000413753169795), np.float64(214.04576301927344), np.float64(-17.55116636566669), np.float64(177.30069929371902), np.float64(59.36226596875295), np.float64(127.22410847556827))"
3891,"((0, 7), (3, 8), (0, 6), (0, 13))","(np.float64(0.07350161539427172), np.float64(0.0158622455756204), np.float64(0.1263992537032745), np.float64(0.1393411107543236))","(np.float64(192.47622437444997), np.float64(148.04099817010692), np.float64(176.9693627468894), np.float64(150.90161529887624))"
3892,"((1, 3), (3, 6), (4, 8), (1, 6))","(np.float64(0.1215819352230362), np.float64(0.1165941935443187), np.float64(0.03985949488596127), np.float64(0.12311850823432761))","(np.float64(-1.7182545767412023), np.float64(-65.53453818166821), np.float64(184.6067675058155), np.float64(-50.23699085182375))"
3893,"((10, 18), (5, 11), (3, 11))","(np.float64(0.14770888470780782), np.float64(0.14793075701100622), np.float64(0.13086899848481304))","(np.float64(124.75223580756236), np.float64(282.8112965650916), np.float64(196.17959514752533))"
3894,"((7, 17),)","(np.float64(0.107320563066604),)","(np.float64(-95.27247194197938),)"
3895,"((1, 10), (6, 12))","(np.float64(0.11191141543917248), np.float64(0.08935350720501951))","(np.float64(-50.07321448947448), np.float64(-79.37165805387212))"
3896,"((6, 9), (6, 14), (9, 14), (0, 8), (3, 13))","(np.float64(0.06899900775409344), np.float64(0.04352290590835102), np.float64(0.10257009317449274), np.float64(0.12932547037024353), np.float64(0.1302930112817852))","(np.float64(-96.07380187207013), np.float64(-193.07722921251286), np.float64(-97.00342734044273), np.float64(172.367515530094), np.float64(-138.83037967446887))"
3899,"((15, 16),)","(np.float64(0.08031529421803513),)","(np.float64(-66.25040406336063),)"
3900,"((0, 6), (1, 17), (8, 9))","(np.float64(0.1195555612097576), np.float64(0.11871330064201302), np.float64(0.10451040713497615))","(np.float64(193.85155002357806), np.float64(76.33451912931389), np.float64(-59.30773367506174))"
3901,"((0, 2), (7, 10), (6, 13))","(np.float64(0.07708504668282758), np.float64(0.14926680883953253), np.float64(0.14796844353009614))","(np.float64(-62.43852683785889), np.float64(-66.61150278394842), np.float64(-26.39447425906934))"
3902,"((0, 17), (7, 14), (8, 14), (5, 15))","(np.float64(0.05159221089562155), np.float64(0.09876038179153225), np.float64(0.11800812851266038), np.float64(0.14422903324996258))","(np.float64(89.93799749101282), np.float64(-128.23667102822293), np.float64(-29.7434292475333), np.float64(-175.1016148562329))"
3904,"((0, 5),)","(np.float64(0.14687142771238915),)","(np.float64(-124.90084987172668),)"
3905,"((4, 17),)","(np.float64(0.14355906625619405),)","(np.float64(-275.88017705922874),)"
3906,"((2, 13), (7, 12))","(np.float64(0.13042206257519537), np.float64(0.13148247254225437))","(np.float64(201.83472064782046), np.float64(35.4085589261303))"
3907,"((0, 2), (6, 19), (3, 17))","(np.float64(0.10688966791552479), np.float64(0.14966456163345138), np.float64(0.14596285979146442))","(np.float64(197.43588548678116), np.float64(-286.54128163875777), np.float64(-174.1270285757351))"
3908,"((0, 16),)","(np.float64(0.06917678157998877),)","(np.float64(165.13241428378834),)"
3909,"((2, 4), (9, 11), (9, 12))","(np.float64(0.1281881726525233), np.float64(0.13207416322360443), np.float64(0.14680529884292123))","(np.float64(-89.35769616264844), np.float64(12.78795851153518), np.float64(-102.7816387596655))"
3910,"((4, 11), (12, 15), (13, 17), (3, 13))","(np.float64(0.09105785025703102), np.float64(0.10510823614369655), np.float64(0.01846492706687271), np.float64(0.14458274525430206))","(np.float64(-154.75472486128763), np.float64(-14.974441735214441), np.float64(-196.77614265361194), np.float64(-103.3059718040916))"
3911,"((5, 6), (5, 15), (15, 18))","(np.float64(0.12670514299033198), np.float64(0.14527161998192764), np.float64(0.09545766569862053))","(np.float64(-10.461903989659447), np.float64(-248.541969258201), np.float64(46.701798827073105))"
3912,"((1, 5), (1, 12), (5, 12))","(np.float64(0.09494674076052333), np.float64(0.04588175452507251), np.float64(0.07153932296694614))","(np.float64(244.5120030134264), np.float64(41.27323466818797), np.float64(-203.23876834523844))"
3913,"((0, 18),)","(np.float64(0.09264921647241176),)","(np.float64(57.213681779663375),)"
3914,"((6, 18), (10, 17), (0, 13))","(np.float64(0.11401888586064124), np.float64(0.1302532317807225), np.float64(0.13141933061171585))","(np.float64(179.40653670615177), np.float64(-165.38279649358216), np.float64(127.18731382516793))"
3915,"((0, 2), (4, 12), (5, 19), (8, 19), (2, 12))","(np.float64(0.08441402327005486), np.float64(0.13778311768720075), np.float64(0.14118593850816327), np.float64(0.13623269972745244), np.float64(0.09742203596565384))","(np.float64(-99.37215284159998), np.float64(242.30794790462403), np.float64(-208.55470620610492), np.float64(-217.22555702813543), np.float64(202.19402488516693))"
3916,"((1, 19), (5, 13))","(np.float64(0.13899803069427547), np.float64(0.14751295646190213))","(np.float64(22.905907741368793), np.float64(197.9559589710688))"
3917,"((12, 17),)","(np.float64(0.14559066460616757),)","(np.float64(-99.71864111599052),)"
3918,"((5, 18), (0, 7))","(np.float64(0.09066834100539763), np.float64(0.14957319792075968))","(np.float64(-176.31374957262975), np.float64(-78.13409080722101))"
3919,"((7, 15), (1, 8))","(np.float64(0.13730869932671777), np.float64(0.12852728784437253))","(np.float64(-31.888378496516793), np.float64(203.9107635009904))"
3920,"((1, 4),)","(np.float64(0.10283640542237216),)","(np.float64(8.000223451300656),)"
3921,"((8, 16), (17, 19))","(np.float64(0.0484357644911705), np.float64(0.07313978249580635))","(np.float64(169.52884587096645), np.float64(-69.69678946871704))"
3922,"((11, 16), (17, 18))","(np.float64(0.11187577453433624), np.float64(0.1373008455777899))","(np.float64(108.39913483100685), np.float64(-311.85857620504925))"
3923,"((1, 12), (9, 14))","(np.float64(0.1361405819376568), np.float64(0.14807794667410523))","(np.float64(82.30001935430909), np.float64(177.46130344734217))"
3924,"((3, 8),)","(np.float64(0.13554496439646632),)","(np.float64(267.66533028887164),)"
3925,"((4, 11),)","(np.float64(0.10497392056061883),)","(np.float64(-51.23502460938579),)"
3926,"((5, 15),)","(np.float64(0.1398291439688022),)","(np.float64(163.54512612910656),)"
3927,"((7, 9), (1, 9))","(np.float64(0.13715367412736523), np.float64(0.13493671375925984))","(np.float64(47.49337129662257), np.float64(173.78232070355682))"
3928,"((5, 7), (6, 14))","(np.float64(0.13825919508760617), np.float64(0.09732400524605951))","(np.float64(-51.78001170706625), np.float64(-87.51603243185616))"
3929,"((0, 2), (0, 16))","(np.float64(0.09492569083554135), np.float64(0.09209260244362494))","(np.float64(-15.351848256297501), np.float64(99.08973946915455))"
3930,"((5, 12), (1, 13))","(np.float64(0.10103464887343774), np.float64(0.13210160207294078))","(np.float64(236.0752684864139), np.float64(209.84187368606183))"
3932,"((1, 10), (2, 11))","(np.float64(0.1374886139993662), np.float64(0.09827045016366513))","(np.float64(186.13069392256966), np.float64(193.30878246942837))"
3933,"((7, 14),)","(np.float64(0.12278341353097491),)","(np.float64(265.56399961968737),)"
3934,"((8, 17),)","(np.float64(0.14435855220714816),)","(np.float64(47.94622502703166),)"
3935,"((2, 13), (3, 18))","(np.float64(0.09866682621123042), np.float64(0.1494723740720519))","(np.float64(207.25122756378272), np.float64(-198.57140782280462))"
3936,"((6, 18), (8, 17), (8, 19), (17, 19), (4, 18), (0, 8))","(np.float64(0.13024966067036153), np.float64(0.09551568062316275), np.float64(0.052882612239137004), np.float64(0.14816821120857998), np.float64(0.12224861717450837), np.float64(0.053456074690063124))","(np.float64(-156.28909316877025), np.float64(-148.10111931217182), np.float64(-207.9882058082893), np.float64(-59.88708649611749), np.float64(-154.54821961574066), np.float64(145.85842183203755))"
3937,"((3, 16), (9, 13), (13, 18), (11, 16))","(np.float64(0.1009952709074074), np.float64(0.1273763158557197), np.float64(0.12721649588184042), np.float64(0.12787101279763138))","(np.float64(46.570321103546036), np.float64(76.70576071138623), np.float64(24.262679477570998), np.float64(128.0221411802846))"
3938,"((5, 13), (11, 18), (15, 18))","(np.float64(0.09966571030167168), np.float64(0.09278602981535641), np.float64(0.1409448588951443))","(np.float64(151.96126284915357), np.float64(47.12858637963345), np.float64(-44.7270774657253))"
3939,"((3, 18),)","(np.float64(0.053923325931676716),)","(np.float64(28.34770407638507),)"
3941,"((2, 14),)","(np.float64(0.11705188498319033),)","(np.float64(-159.7453534889143),)"
3942,"((0, 18), (11, 13))","(np.float64(0.13045328430869427), np.float64(0.12008353123277407))","(np.float64(12.906454534647708), np.float64(38.55297559064013))"
3943,"((2, 5), (5, 11), (7, 18), (5, 19))","(np.float64(0.10832067882883852), np.float64(0.11654132902640804), np.float64(0.08571767381899664), np.float64(0.14014104978865824))","(np.float64(-60.8031252415405), np.float64(189.1004886392218), np.float64(-181.78684206011843), np.float64(112.79805462556459))"
3944,"((5, 10), (12, 13), (14, 16))","(np.float64(0.13321326166344213), np.float64(0.08888204723367754), np.float64(0.09973282336295333))","(np.float64(148.90068628310763), np.float64(-41.873574379969), np.float64(11.962294099238648))"
3945,"((13, 16), (14, 15), (5, 15), (15, 18))","(np.float64(0.03808001038378308), np.float64(0.12633541770998574), np.float64(0.009222907980216258), np.float64(0.13677795353085306))","(np.float64(-122.06660395918692), np.float64(-35.97283187533583), np.float64(-155.28222806368274), np.float64(-3.086148895468824))"
3946,"((0, 9), (7, 11), (8, 15))","(np.float64(0.05932536689270419), np.float64(0.12745907512224328), np.float64(0.04644687165539282))","(np.float64(175.34636625885378), np.float64(-16.737620792495534), np.float64(-215.19897544469745))"
3947,"((7, 14),)","(np.float64(0.04510568090232432),)","(np.float64(213.4729555527615),)"
3948,"((6, 15), (12, 18))","(np.float64(0.08445562609498257), np.float64(0.14240059582384035))","(np.float64(115.08954232237707), np.float64(-57.62981644278517))"
3949,"((5, 15), (13, 15))","(np.float64(0.05554955163151875), np.float64(0.1299074713725772))","(np.float64(173.11792553420503), np.float64(-5.411430911151115))"
3950,"((2, 13),)","(np.float64(0.06297570852936492),)","(np.float64(176.7596585994633),)"
3951,"((5, 7), (8, 15), (1, 8), (11, 18))","(np.float64(0.08178034194010746), np.float64(0.08907219234010358), np.float64(0.14152249820431725), np.float64(0.1469310931175092))","(np.float64(-74.61400854739571), np.float64(-144.9384114203313), np.float64(-90.36176485693511), np.float64(-171.85575025627452))"
3952,"((2, 10),)","(np.float64(0.13455004099292334),)","(np.float64(259.98851821668126),)"
3953,"((3, 10), (5, 12), (15, 19))","(np.float64(0.13269543852507878), np.float64(0.1307679753420886), np.float64(0.14310215876520793))","(np.float64(208.90326920465492), np.float64(317.3908684704253), np.float64(-184.63824533325746))"
3954,"((1, 17), (12, 15))","(np.float64(0.09928261625945058), np.float64(0.11933517076324526))","(np.float64(119.5291406290699), np.float64(-60.709757479994664))"
3955,"((14, 15), (2, 19), (14, 19))","(np.float64(0.1373706553582048), np.float64(0.12825478279978966), np.float64(0.11267716687737495))","(np.float64(-57.4602562506613), np.float64(30.98220415651474), np.float64(-33.738949410404416))"
3956,"((1, 17), (9, 16), (14, 18))","(np.float64(0.07139834668848566), np.float64(0.0947825813210945), np.float64(0.13990643322089785))","(np.float64(48.86781169412089), np.float64(146.07338053015638), np.float64(9.063998397747355))"
3958,"((2, 16), (17, 18))","(np.float64(0.14599299726475212), np.float64(0.13252325777714608))","(np.float64(107.9081963515917), np.float64(6.196829331015579))"
3959,"((1, 19), (2, 8), (9, 17), (12, 15))","(np.float64(0.133651717599881), np.float64(0.1089190171737719), np.float64(0.1365719507362366), np.float64(0.14668349374104003))","(np.float64(65.87848085286754), np.float64(-52.893457114581), np.float64(108.31458604245819), np.float64(-213.2364736816843))"
3960,"((10, 18),)","(np.float64(0.07973055047784913),)","(np.float64(-193.65335371090663),)"
3961,"((0, 7), (5, 10), (10, 19))","(np.float64(0.14363791925924324), np.float64(0.14418758727172856), np.float64(0.1203474149988521))","(np.float64(216.8817886489952), np.float64(-81.71887787915335), np.float64(-235.61134228263018))"
3962,"((13, 18), (11, 19))","(np.float64(0.07800035845677089), np.float64(0.11402040778133819))","(np.float64(-130.24931328441158), np.float64(-148.79955744948285))"
3963,"((7, 18), (10, 18), (13, 16))","(np.float64(0.12414547240696422), np.float64(0.1415248900258936), np.float64(0.07722931024903187))","(np.float64(231.31011720726104), np.float64(197.3673869102335), np.float64(241.09991460635183))"
3964,"((2, 5),)","(np.float64(0.07222559220800595),)","(np.float64(183.84059335989588),)"
3966,"((11, 16), (4, 19))","(np.float64(0.11751914976794434), np.float64(0.13899002870711713))","(np.float64(-110.31931224543945), np.float64(-168.32694760254373))"
3968,"((11, 16),)","(np.float64(0.08799177189328394),)","(np.float64(-139.9263798987918),)"
3969,"((3, 10),)","(np.float64(0.04235117040819729),)","(np.float64(-118.53292340382649),)"
3970,"((2, 10), (3, 12), (7, 9), (8, 14), (14, 19))","(np.float64(0.12231141271934542), np.float64(0.07215110121496586), np.float64(0.08236958177868103), np.float64(0.10271776069227899), np.float64(0.11578163135429072))","(np.float64(-54.24709723505606), np.float64(-100.53079582723689), np.float64(-14.23561044572574), np.float64(-77.03620415622026), np.float64(-58.04374788970148))"
3971,"((0, 3), (6, 13), (7, 13))","(np.float64(0.1293159285995872), np.float64(0.13300990069180485), np.float64(0.1317836085484049))","(np.float64(-103.15574000581267), np.float64(-199.93412704956575), np.float64(-116.47491780350612))"
3972,"((3, 12), (11, 18))","(np.float64(0.13194902347011025), np.float64(0.09478203351978053))","(np.float64(182.21681884353768), np.float64(-117.46790577648943))"
3973,"((1, 2), (1, 12), (4, 12), (9, 17))","(np.float64(0.11624744060875895), np.float64(0.044860675753787216), np.float64(0.11115758718340721), np.float64(0.09679653502010953))","(np.float64(-17.559433762884055), np.float64(149.21419579958325), np.float64(-121.069483232621), np.float64(-187.60460448679083))"
3974,"((2, 6), (14, 17), (0, 13))","(np.float64(0.08652438587073748), np.float64(0.13927240136024233), np.float64(0.14563673925304255))","(np.float64(-96.49067624742435), np.float64(-158.2554221786769), np.float64(-41.2991610667917))"
3977,"((10, 19),)","(np.float64(0.11753558971336014),)","(np.float64(-149.58716798810696),)"
3978,"((6, 10),)","(np.float64(0.021331283044811526),)","(np.float64(-40.37294168238304),)"
3979,"((8, 17), (10, 11), (7, 13))","(np.float64(0.08533173088845315), np.float64(0.12477827025176978), np.float64(0.12914547601505785))","(np.float64(142.96332326609536), np.float64(0.21264755876865138), np.float64(212.99062291528685))"
3980,"((3, 7), (8, 9))","(np.float64(0.10366446556614732), np.float64(0.12965644076786892))","(np.float64(-34.686629521583484), np.float64(-61.35926619051406))"
3981,"((5, 12),)","(np.float64(0.1073381558975643),)","(np.float64(207.7273494262497),)"
3982,"((4, 14),)","(np.float64(0.09724456228377251),)","(np.float64(222.66611458861354),)"
3983,"((1, 13), (3, 12), (8, 16), (12, 13), (9, 11))","(np.float64(0.12005957317258933), np.float64(0.05380110092867582), np.float64(0.05109616904797089), np.float64(0.1259222607789369), np.float64(0.1439723629511009))","(np.float64(131.71918355795492), np.float64(164.8467256957168), np.float64(140.57753792011667), np.float64(10.56512883603844), np.float64(103.39201823189941))"
3985,"((8, 12),)","(np.float64(0.10795463386120466),)","(np.float64(25.57765480213618),)"
3986,"((0, 4), (4, 13))","(np.float64(0.11276786942015293), np.float64(0.04753771250387506))","(np.float64(9.41996782515696), np.float64(213.36984297479967))"
3987,"((2, 6), (11, 12))","(np.float64(0.11578795989221735), np.float64(0.11691903028508419))","(np.float64(-127.93081956786273), np.float64(315.43421965056416))"
3988,"((4, 9), (0, 8))","(np.float64(0.14701373059575534), np.float64(0.09286528452860897))","(np.float64(-49.16687893957709), np.float64(-126.86671114161192))"
3990,"((1, 13), (10, 19))","(np.float64(0.11002136299319339), np.float64(0.1458893441455903))","(np.float64(202.12269551989283), np.float64(109.30153083137759))"
3991,"((0, 18), (2, 12))","(np.float64(0.05224066446013887), np.float64(0.06524998484605742))","(np.float64(57.08449238937487), np.float64(175.11049883327962))"
3992,"((8, 9), (15, 19), (1, 14), (9, 17))","(np.float64(0.11014338520771964), np.float64(0.06664877864400526), np.float64(0.11723806195902388), np.float64(0.14190098716167604))","(np.float64(34.15674250070214), np.float64(-92.97803167225689), np.float64(79.86410280099821), np.float64(-176.70840313824542))"
3995,"((12, 16),)","(np.float64(0.13892673079257936),)","(np.float64(-113.35131461474572),)"
3996,"((1, 4), (2, 6), (7, 15))","(np.float64(0.14255224397731306), np.float64(0.12005438706360336), np.float64(0.14627223650920176))","(np.float64(-80.15666556219094), np.float64(-102.31446243525596), np.float64(142.76325747124193))"
3997,"((11, 19),)","(np.float64(0.11877738847638766),)","(np.float64(-159.59641975111475),)"
3998,"((7, 15), (14, 15))","(np.float64(0.03392406841266919), np.float64(0.11283355309572002))","(np.float64(-23.083586106432904), np.float64(170.5585818935047))"
3999,"((10, 17), (11, 17))","(np.float64(0.10917513912728712), np.float64(0.13056853389029136))","(np.float64(-103.22248665097462), np.float64(-144.77500918046948))"
4000,"((2, 14), (3, 10), (13, 19))","(np.float64(0.1489496298150898), np.float64(0.07115050325307198), np.float64(0.13869685140172006))","(np.float64(225.53571167992533), np.float64(-82.63587579061317), np.float64(-224.15793579817944))"
4001,"((0, 19), (1, 8))","(np.float64(0.13351296588102401), np.float64(0.12545162718614764))","(np.float64(-27.940476331746567), np.float64(197.4510533310613))"
4002,"((10, 19), (4, 15))","(np.float64(0.11653379133420763), np.float64(0.13873100884593492))","(np.float64(-162.05769757741905), np.float64(251.7913053556316))"
4003,"((6, 16), (16, 17))","(np.float64(0.12885598054526914), np.float64(0.12374166929797728))","(np.float64(226.2544880739839), np.float64(-55.25861736666553))"
4004,"((2, 3), (8, 19), (2, 12))","(np.float64(0.10263391282620354), np.float64(0.13044067336976264), np.float64(0.14181057156743035))","(np.float64(-57.6146388794711), np.float64(95.5880122946761), np.float64(-40.279153044812574))"
4005,"((4, 15),)","(np.float64(0.12755599124845984),)","(np.float64(171.9064695182559),)"
4006,"((14, 19),)","(np.float64(0.13937304693590896),)","(np.float64(-111.69418087671971),)"
4007,"((0, 11), (2, 19), (12, 16))","(np.float64(0.0434373479554612), np.float64(0.1445155471315223), np.float64(0.08291337694176268))","(np.float64(168.80871592297478), np.float64(27.63954799779438), np.float64(-53.75376741844161))"
4008,"((1, 19), (4, 12))","(np.float64(0.07065937552162413), np.float64(0.13764435644290313))","(np.float64(40.75859767018642), np.float64(185.51268421729378))"
4009,"((3, 12),)","(np.float64(0.14882224213145695),)","(np.float64(211.83583299966318),)"
4010,"((3, 16), (12, 18), (13, 19))","(np.float64(0.10379726489870844), np.float64(0.12326739552309975), np.float64(0.0813035295103185))","(np.float64(145.40004435538026), np.float64(-189.84371149057256), np.float64(-190.41861322091506))"
4011,"((3, 17), (8, 13), (0, 3))","(np.float64(0.13727522316527652), np.float64(0.07442458920583295), np.float64(0.1453706617860975))","(np.float64(79.50072666346324), np.float64(301.66065165165855), np.float64(-70.18330304688286))"
4012,"((13, 17),)","(np.float64(0.11917230630751409),)","(np.float64(-195.4742586532021),)"
4013,"((12, 18), (0, 13))","(np.float64(0.10604363180685376), np.float64(0.07561126130536192))","(np.float64(197.44288681005662), np.float64(-139.87627030631225))"
4014,"((8, 14), (15, 17))","(np.float64(0.14043542399467177), np.float64(0.10808357620762273))","(np.float64(-28.954756399286623), np.float64(62.56132070996608))"
4015,"((7, 17), (3, 7))","(np.float64(0.062429652524664356), np.float64(0.13726127775160255))","(np.float64(-115.12409459675342), np.float64(189.32962678587336))"
4016,"((3, 8), (7, 14))","(np.float64(0.053425892707078045), np.float64(0.04431696978088937))","(np.float64(251.1978576238979), np.float64(-138.9182015461875))"
4018,"((0, 11),)","(np.float64(0.09311113002386015),)","(np.float64(-138.93280422214812),)"
4019,"((6, 16), (8, 15), (18, 19), (2, 16), (3, 18), (12, 19))","(np.float64(0.1454687270819743), np.float64(0.12176364616004162), np.float64(0.1371464615498586), np.float64(0.12824192828042122), np.float64(0.14358942383823764), np.float64(0.14274557149648254))","(np.float64(244.30617138367364), np.float64(24.356707752515376), np.float64(3.1784932621050075), np.float64(-44.24262242307981), np.float64(27.39679058282661), np.float64(-243.62831799030124))"
4020,"((15, 16),)","(np.float64(0.14867781899493973),)","(np.float64(36.72022973347805),)"
4022,"((0, 7), (8, 18), (11, 14), (2, 10))","(np.float64(0.08343921124330554), np.float64(0.043494483244449135), np.float64(0.05740704904845683), np.float64(0.1483967614240565))","(np.float64(159.61656108647412), np.float64(-122.81862132731737), np.float64(-47.44174294517205), np.float64(108.83958122319632))"
4024,"((1, 16), (3, 11))","(np.float64(0.11699770455058008), np.float64(0.14904270778641063))","(np.float64(55.659772820900685), np.float64(194.8270506851385))"
4025,"((6, 16), (10, 13))","(np.float64(0.13747196160918843), np.float64(0.11914964554140745))","(np.float64(-125.36347951341509), np.float64(-83.04808506272704))"
4026,"((6, 9),)","(np.float64(0.12269987884438434),)","(np.float64(301.06750788524243),)"
4027,"((4, 17),)","(np.float64(0.10054242880916606),)","(np.float64(149.97397946393988),)"
4028,"((3, 4), (4, 9), (6, 7))","(np.float64(0.14867361129376003), np.float64(0.09808193519895077), np.float64(0.14136650385976093))","(np.float64(9.901141663947044), np.float64(126.0243952580326), np.float64(-170.76223442945013))"
4029,"((3, 4), (8, 14), (11, 14))","(np.float64(0.12221109726944973), np.float64(0.12965581623087055), np.float64(0.07689470717994613))","(np.float64(-19.246023438367274), np.float64(-70.19794179322366), np.float64(-81.71100597932946))"
4030,"((7, 11), (11, 13))","(np.float64(0.10512192930286063), np.float64(0.1475183282090318))","(np.float64(314.9473657117151), np.float64(-69.78500344088093))"
4031,"((4, 15), (9, 12), (16, 17), (7, 14))","(np.float64(0.09095695148739061), np.float64(0.09292690639175297), np.float64(0.1088138149461957), np.float64(0.14786796570777927))","(np.float64(164.20562409415066), np.float64(124.41448236222493), np.float64(34.32750884851191), np.float64(166.39098654882997))"
4032,"((4, 8), (6, 10), (7, 12), (14, 17), (16, 18), (1, 9))","(np.float64(0.061543363273946564), np.float64(0.059901903803806146), np.float64(0.1308177719530256), np.float64(0.13041153697158367), np.float64(0.14740217361984417), np.float64(0.14869367966799962))","(np.float64(162.63019585948348), np.float64(159.6517456606163), np.float64(63.37322525827835), np.float64(-102.93681719897378), np.float64(19.577816680018202), np.float64(84.84873023543759))"
4033,"((3, 13),)","(np.float64(0.023025133120310175),)","(np.float64(-149.07560696476418),)"
4034,"((2, 19), (11, 18), (2, 8), (6, 14))","(np.float64(0.11634391668114039), np.float64(0.1310093872221532), np.float64(0.11723101376647366), np.float64(0.11846531095526572))","(np.float64(67.70185466489517), np.float64(-129.26232988692715), np.float64(249.88931854700712), np.float64(76.77887644658574))"
4035,"((11, 17),)","(np.float64(0.1381987562491098),)","(np.float64(-161.87355022955103),)"
4036,"((0, 6), (2, 4), (2, 15), (4, 15), (5, 16), (5, 13))","(np.float64(0.0006812818318745029), np.float64(0.05077220560519876), np.float64(0.12535507278824368), np.float64(0.09896159757186054), np.float64(0.12956399331156607), np.float64(0.03839690730644781))","(np.float64(-153.27750144186828), np.float64(-70.28093300920261), np.float64(123.11538908336126), np.float64(193.39632209256388), np.float64(186.78311218585668), np.float64(195.31812125928036))"
4038,"((1, 14), (2, 3), (2, 14))","(np.float64(0.08097308110130544), np.float64(0.048930898512222085), np.float64(0.06344427831735586))","(np.float64(165.16399829809467), np.float64(-322.3854421017946), np.float64(-112.63231162165198))"
4039,"((13, 15), (5, 11))","(np.float64(0.12008409580626092), np.float64(0.14001869778683795))","(np.float64(19.419566305942112), np.float64(-32.714438399610515))"
4040,"((3, 6), (3, 10), (6, 10))","(np.float64(0.13272980601255527), np.float64(0.08428978187133539), np.float64(0.1499846941965727))","(np.float64(16.9298850682452), np.float64(217.05023161197118), np.float64(200.120346543726))"
4041,"((7, 12),)","(np.float64(0.1058082798485445),)","(np.float64(-69.16135294366353),)"
4043,"((1, 7), (8, 15))","(np.float64(0.03993507569486658), np.float64(0.13575844701156947))","(np.float64(163.98368571890282), np.float64(-129.8603716042674))"
4044,"((7, 9), (15, 17))","(np.float64(0.11271365475274207), np.float64(0.12592947735526705))","(np.float64(264.63221233200085), np.float64(8.14071362029648))"
4045,"((2, 7), (8, 16), (10, 14))","(np.float64(0.08373249361977203), np.float64(0.07933896429977297), np.float64(0.07790548330164883))","(np.float64(-28.006051790566687), np.float64(-102.99452970245358), np.float64(-65.1704322315689))"
4047,"((0, 7), (0, 8), (7, 8), (11, 14))","(np.float64(0.06798011582942379), np.float64(0.03513193462450194), np.float64(0.09792111149005336), np.float64(0.08538414900898841))","(np.float64(233.29403982310123), np.float64(-85.95226187836806), np.float64(-319.2463017014693), np.float64(-308.3245397479197))"
4048,"((4, 8),)","(np.float64(0.09123731731354287),)","(np.float64(-185.74917051017292),)"
4049,"((8, 12), (8, 13), (14, 15), (8, 16))","(np.float64(0.10435164720964067), np.float64(0.12978175138349796), np.float64(0.11305436994771238), np.float64(0.12214084888468339))","(np.float64(-91.42873977502262), np.float64(186.91629998382354), np.float64(-48.84551108464757), np.float64(158.6836204418541))"
4050,"((0, 4), (15, 17))","(np.float64(0.06441466730965935), np.float64(0.1475192273082057))","(np.float64(-119.35819395116195), np.float64(-152.84503924710737))"
4051,"((7, 10), (15, 19))","(np.float64(0.1277951236534214), np.float64(0.1499129275537153))","(np.float64(213.24801563142245), np.float64(-162.84951563988204))"
4052,"((1, 3), (2, 10), (5, 17))","(np.float64(0.11170794707533896), np.float64(0.13110468481353593), np.float64(0.11770011244639195))","(np.float64(-4.516915316320961), np.float64(-118.93915799579804), np.float64(147.82578336543338))"
4053,"((0, 8), (6, 10), (7, 9))","(np.float64(0.11264423935239429), np.float64(0.07709221890606927), np.float64(0.143396110435236))","(np.float64(228.28234587926937), np.float64(-61.42163688871426), np.float64(-15.090049071543547))"
4055,"((10, 16),)","(np.float64(0.13761389199107618),)","(np.float64(-84.056228286183),)"
4056,"((2, 10),)","(np.float64(0.1172962287441386),)","(np.float64(213.06050688745137),)"
4057,"((0, 6), (8, 15))","(np.float64(0.13154310804918404), np.float64(0.07468921025351576))","(np.float64(213.52524736197472), np.float64(-175.05014082479192))"
4059,"((15, 17),)","(np.float64(0.05810567258866454),)","(np.float64(-47.46109517503578),)"
4061,"((2, 14),)","(np.float64(0.08780181463050356),)","(np.float64(108.38756983426802),)"
4062,"((0, 2),)","(np.float64(0.141776324487501),)","(np.float64(-6.213166354804287),)"
4063,"((4, 9), (13, 15), (2, 9))","(np.float64(0.017895575825720555), np.float64(0.13677356265433396), np.float64(0.12751308955211058))","(np.float64(244.3336811101707), np.float64(41.86591842777818), np.float64(257.46383477101494))"
4064,"((1, 12),)","(np.float64(0.10754531545088401),)","(np.float64(156.2750958022616),)"
4065,"((0, 14), (5, 18))","(np.float64(0.023610039299379198), np.float64(0.11292165170377706))","(np.float64(150.98968528011937), np.float64(22.349005183497923))"
4066,"((1, 7), (5, 18), (6, 8), (7, 9), (4, 9), (7, 18))","(np.float64(0.13120514933299113), np.float64(0.1379955868178391), np.float64(0.11190630066127571), np.float64(0.14986040894777292), np.float64(0.13611814178935747), np.float64(0.13109475174091906))","(np.float64(173.59946381167305), np.float64(52.432015455697496), np.float64(-42.34889916927642), np.float64(-19.594793540427077), np.float64(166.13319994182652), np.float64(-155.81059122159806))"
4068,"((3, 4), (9, 18))","(np.float64(0.12411744251366616), np.float64(0.1404619027399553))","(np.float64(-16.498546279122422), np.float64(-137.1192983531945))"
4069,"((3, 13), (5, 13))","(np.float64(0.1232482036312667), np.float64(0.09758294159383062))","(np.float64(113.81438737185982), np.float64(83.97254111617801))"
4070,"((2, 14),)","(np.float64(0.14676539021405857),)","(np.float64(68.26651922366491),)"
4071,"((10, 12), (7, 11), (3, 15))","(np.float64(0.14756756810407343), np.float64(0.1413186048864919), np.float64(0.13055735694500445))","(np.float64(-48.220620096715436), np.float64(-41.824198105444054), np.float64(50.97270633880149))"
4072,"((6, 10), (4, 11))","(np.float64(0.12088132822582814), np.float64(0.1366409612098781))","(np.float64(-150.21538523526942), np.float64(187.7857841943653))"
4074,"((3, 10), (8, 13), (17, 18), (10, 15))","(np.float64(0.11282184604514289), np.float64(0.08490354897084844), np.float64(0.140292473633854), np.float64(0.13412710448902784))","(np.float64(258.1761640639848), np.float64(-267.45944018389207), np.float64(50.19330976374928), np.float64(-289.1422050818774))"
4075,"((0, 3), (7, 9), (1, 10))","(np.float64(0.014100491136016295), np.float64(0.0770079120094889), np.float64(0.1494362941035261))","(np.float64(-7.369302572091101), np.float64(-21.909994678610758), np.float64(168.77813837222413))"
4076,"((2, 9), (4, 10), (4, 17))","(np.float64(0.14235957790722337), np.float64(0.10429256036531204), np.float64(0.09315207816170608))","(np.float64(-108.60705728067114), np.float64(-64.66502154732044), np.float64(-42.79756432373179))"
4078,"((6, 9), (5, 10), (1, 8), (2, 6), (6, 11))","(np.float64(0.14043067302982076), np.float64(0.12517979890277164), np.float64(0.13625648420719183), np.float64(0.14688646009882966), np.float64(0.14892767006506175))","(np.float64(-41.032985783620916), np.float64(181.9231107532613), np.float64(-174.6846091723828), np.float64(-195.37340392957782), np.float64(243.77544690487275))"
4079,"((4, 6), (4, 15), (6, 7), (6, 15), (7, 15))","(np.float64(0.10235534574718731), np.float64(0.07363663712762371), np.float64(0.11808988803814448), np.float64(0.13722902033657508), np.float64(0.12603103636401888))","(np.float64(347.0224897274506), np.float64(118.23648575162821), np.float64(-4.324389299235236), np.float64(-228.78600397582238), np.float64(-224.46161467658715))"
4080,"((1, 17),)","(np.float64(0.08224231803858141),)","(np.float64(60.14506602056707),)"
4082,"((1, 9), (8, 16), (11, 18))","(np.float64(0.10092715634404484), np.float64(0.06508877932260937), np.float64(0.1120865174752745))","(np.float64(226.60445418385984), np.float64(-172.35871568953365), np.float64(-179.62965230893695))"
4083,"((1, 5), (1, 9))","(np.float64(0.0964922409309098), np.float64(0.14615003603227839))","(np.float64(212.43739098248676), np.float64(230.11743770362318))"
4084,"((0, 10), (1, 9), (13, 18), (2, 9))","(np.float64(0.054834594769536386), np.float64(0.1414847394626492), np.float64(0.11113311100997521), np.float64(0.14622457855428572))","(np.float64(196.81909559321798), np.float64(-101.10321149800734), np.float64(-106.75325569875838), np.float64(231.8561993482706))"
4085,"((0, 19), (4, 5), (4, 8), (4, 11), (5, 8), (16, 19))","(np.float64(0.1178968422281374), np.float64(0.12910658122003632), np.float64(0.1420264570074737), np.float64(0.06584336541865625), np.float64(0.12822061276978314), np.float64(0.1358316211608076))","(np.float64(-1.2238228732421135), np.float64(-29.75954898324966), np.float64(217.95802374160758), np.float64(195.28862418700942), np.float64(247.71757272485723), np.float64(-205.26817623652835))"
4086,"((0, 8), (4, 18))","(np.float64(0.05542338193031521), np.float64(0.13803156081002257))","(np.float64(231.24640869241892), np.float64(-187.50942657691496))"
4087,"((1, 16), (3, 6), (18, 19))","(np.float64(0.11811416232918566), np.float64(0.12017872526882706), np.float64(0.13605907239554452))","(np.float64(12.528515533851618), np.float64(34.81708133111417), np.float64(24.515516342573193))"
4088,"((9, 16), (12, 15), (12, 19), (15, 19))","(np.float64(0.13262127492799375), np.float64(0.09672531495306845), np.float64(0.1098752078637158), np.float64(0.13638618208629252))","(np.float64(-146.4567942946842), np.float64(-153.36576539101162), np.float64(-153.96903259085826), np.float64(-0.6032671998466412))"
4089,"((9, 13), (5, 11))","(np.float64(0.06753911161570657), np.float64(0.130072752988282))","(np.float64(243.71526238590678), np.float64(290.5271173523173))"
4090,"((4, 10),)","(np.float64(0.12374456842811969),)","(np.float64(285.79692016621726),)"
4091,"((7, 18),)","(np.float64(0.12680969343356918),)","(np.float64(-168.3295959517285),)"
4092,"((2, 11), (7, 10))","(np.float64(0.10999715472070565), np.float64(0.06962023801907212))","(np.float64(187.47527900693308), np.float64(-78.33564512807015))"
4093,"((1, 18), (2, 18))","(np.float64(0.06233397596699899), np.float64(0.14624580852344823))","(np.float64(146.89008350873706), np.float64(158.79863183866684))"
4094,"((5, 10), (10, 16), (6, 18))","(np.float64(0.12197424564309133), np.float64(0.10996387723334962), np.float64(0.1425315232398321))","(np.float64(-11.409536334365157), np.float64(-198.28791992353598), np.float64(187.58611209956877))"
4095,"((1, 4), (0, 11))","(np.float64(0.0667669453686097), np.float64(0.13274616795025573))","(np.float64(-133.8572896068925), np.float64(153.90454113546346))"
4097,"((1, 7),)","(np.float64(0.14835114918651063),)","(np.float64(-32.33893385195029),)"
4098,"((0, 13), (7, 18), (9, 13), (14, 19))","(np.float64(0.11612086032117819), np.float64(0.0963375928776009), np.float64(0.10232217385937364), np.float64(0.13183280931464278))","(np.float64(189.32939441537195), np.float64(-199.92915477466272), np.float64(-23.812700679367026), np.float64(-174.04923265882968))"
4099,"((10, 19),)","(np.float64(0.05965856723031354),)","(np.float64(-139.7382872286721),)"
4100,"((2, 8), (5, 11))","(np.float64(0.14122237006118715), np.float64(0.12483343131206869))","(np.float64(230.6160556701863), np.float64(260.4989579965208))"
4101,"((0, 15), (2, 13))","(np.float64(0.11410338568174247), np.float64(0.14535244695178545))","(np.float64(132.48826766066463), np.float64(200.5486456176107))"
4102,"((0, 5), (9, 12), (11, 14))","(np.float64(0.11465618792137038), np.float64(0.11095482284914092), np.float64(0.03610758940681662))","(np.float64(-52.41557642111388), np.float64(265.1981447402231), np.float64(-125.17333909372968))"
4103,"((1, 14), (6, 17))","(np.float64(0.07338171175219735), np.float64(0.021377945106314956))","(np.float64(143.27493697987921), np.float64(169.482814766434))"
4104,"((3, 17), (5, 13))","(np.float64(0.06965931861986675), np.float64(0.1282373440435816))","(np.float64(204.41881750814883), np.float64(-39.18849435317492))"
4105,"((6, 19), (6, 13), (14, 18), (0, 18))","(np.float64(0.11213971765675272), np.float64(0.14555702287016287), np.float64(0.12697671918394857), np.float64(0.14628693812301144))","(np.float64(-238.86469119969848), np.float64(-62.17939895748546), np.float64(-54.800307460832556), np.float64(32.780084063333675))"
4106,"((1, 10), (5, 12))","(np.float64(0.0428952472332445), np.float64(0.11874241528656113))","(np.float64(198.66628735956579), np.float64(225.44209001969))"
4107,"((0, 17), (2, 5), (7, 9))","(np.float64(0.03165403287573517), np.float64(0.11770722194052517), np.float64(0.12784446415865017))","(np.float64(37.39185197743109), np.float64(-94.6125541406712), np.float64(-25.461926128742334))"
4108,"((1, 12),)","(np.float64(0.1388231095891988),)","(np.float64(196.22535759735237),)"
4109,"((0, 13),)","(np.float64(0.1394670735798166),)","(np.float64(98.3090288278521),)"
4110,"((4, 7), (16, 17))","(np.float64(0.09904249942200967), np.float64(0.13415512410991548))","(np.float64(292.9899875060142), np.float64(-40.69417313678406))"
4111,"((0, 5), (0, 8))","(np.float64(0.1372654427689576), np.float64(0.1126804872733519))","(np.float64(-105.6587334730504), np.float64(169.66129587663664))"
4112,"((0, 15), (8, 9), (2, 13))","(np.float64(0.08011643460833144), np.float64(0.14002396202683773), np.float64(0.14665530995225198))","(np.float64(126.6119909620686), np.float64(-8.361842503299329), np.float64(248.74507271223496))"
4113,"((5, 9), (12, 16), (3, 14))","(np.float64(0.05810799635325091), np.float64(0.10818069965173191), np.float64(0.1382731064848695))","(np.float64(305.48779009053646), np.float64(-136.82211520264934), np.float64(197.5463013870846))"
4114,"((13, 15),)","(np.float64(0.13169745139479974),)","(np.float64(3.3693926477336618),)"
4115,"((0, 9), (3, 8), (4, 11), (5, 11), (12, 17), (5, 8))","(np.float64(0.12890679006352415), np.float64(0.08574862619643207), np.float64(0.14964642786279078), np.float64(0.09143862670475014), np.float64(0.10709212362006801), np.float64(0.14488101855318514))","(np.float64(-84.38577389348671), np.float64(258.5287058879119), np.float64(-100.87091968586753), np.float64(-81.66593258193575), np.float64(-236.6408493282462), np.float64(237.43507895008753))"
4116,"((3, 18), (5, 16), (11, 15), (13, 16), (3, 16), (1, 16), (3, 11))","(np.float64(0.1367440464308841), np.float64(0.09910824075348088), np.float64(0.08009229304686963), np.float64(0.12249068235756036), np.float64(0.10773545173915366), np.float64(0.044718866916119246), np.float64(0.13389287111919318))","(np.float64(95.0995434106446), np.float64(174.75885187383682), np.float64(-99.84764884036713), np.float64(16.455556903279785), np.float64(182.39844944511958), np.float64(158.52704538476473), np.float64(-32.9689736409718))"
4117,"((7, 13), (13, 16), (5, 9))","(np.float64(0.14819901046339365), np.float64(0.0714069071516684), np.float64(0.14494362050559334))","(np.float64(270.56779093570043), np.float64(-80.66898527821434), np.float64(172.47925578834167))"
4118,"((1, 3),)","(np.float64(0.1361586561264101),)","(np.float64(6.6655858391378615),)"
4119,"((0, 3), (0, 4), (0, 8), (3, 8), (7, 10), (4, 8))","(np.float64(0.09740908483182183), np.float64(0.11033169029562036), np.float64(0.12080369090455706), np.float64(0.056675801063085986), np.float64(0.06805730375881834), np.float64(0.14933145738506373))","(np.float64(273.98776460010913), np.float64(225.46243599618288), np.float64(241.66528559199878), np.float64(-32.32247900811035), np.float64(-97.0121739672366), np.float64(-10.4830463239839))"
4121,"((3, 8), (0, 7))","(np.float64(0.1454597868188109), np.float64(0.11180596089994783))","(np.float64(108.28936487650799), np.float64(79.09371314570032))"
4122,"((0, 5), (4, 13), (5, 11), (10, 19))","(np.float64(0.12793547843018854), np.float64(0.14186867872826767), np.float64(0.08600860799196021), np.float64(0.1275414307637117))","(np.float64(-29.895236618711237), np.float64(160.26445622355016), np.float64(223.59137678855342), np.float64(82.96391079895079))"
4123,"((0, 17), (12, 18), (2, 14))","(np.float64(0.0876599784778406), np.float64(0.13459126898431223), np.float64(0.13539893594194635))","(np.float64(46.59454236871272), np.float64(-158.52678412642103), np.float64(156.34921444532512))"
4124,"((1, 5),)","(np.float64(0.0931847373573378),)","(np.float64(277.6260019799585),)"
4126,"((0, 5), (2, 6), (7, 10))","(np.float64(0.0775922190063609), np.float64(0.11295936023001316), np.float64(0.10467037809812679))","(np.float64(227.03459954040363), np.float64(221.7162282285658), np.float64(-95.72099888084728))"
4127,"((1, 6),)","(np.float64(0.13307385901187646),)","(np.float64(291.49414509181554),)"
4128,"((10, 12), (13, 19))","(np.float64(0.05681402116509569), np.float64(0.14517012908309174))","(np.float64(43.193206702235784), np.float64(-179.52623856205264))"
4129,"((4, 6), (5, 18), (6, 13))","(np.float64(0.13062718768298553), np.float64(0.1373216642706591), np.float64(0.09403060374774301))","(np.float64(-71.60544874670921), np.float64(125.05669928036065), np.float64(290.3551414696372))"
4130,"((3, 9), (3, 13), (4, 17), (9, 13))","(np.float64(0.1288439507296349), np.float64(0.10950308267058534), np.float64(0.12990923430200527), np.float64(0.11137948967995295))","(np.float64(-2.3375944222953535), np.float64(-122.42936155146299), np.float64(-240.18211917092896), np.float64(-75.63700753138932))"
4131,"((5, 19), (6, 19), (4, 19), (4, 14))","(np.float64(0.14651063619756505), np.float64(0.12888924689291606), np.float64(0.13590096199736418), np.float64(0.06884351059032286))","(np.float64(195.38263336876054), np.float64(215.40596138555918), np.float64(168.3385790309258), np.float64(-74.7238143565973))"
4132,"((6, 17),)","(np.float64(0.10097301562388236),)","(np.float64(110.96161074322555),)"
4134,"((1, 2), (4, 14), (11, 18))","(np.float64(0.07831234718258863), np.float64(0.1053219121423597), np.float64(0.029566170907930588))","(np.float64(-42.72868724520106), np.float64(139.13304173528002), np.float64(-103.79150175898752))"
4135,"((3, 13),)","(np.float64(0.13629330025052055),)","(np.float64(-100.41948220840902),)"
4136,"((4, 5),)","(np.float64(0.13258312461038865),)","(np.float64(-72.74590539423667),)"
4137,"((11, 17), (11, 19), (12, 18))","(np.float64(0.13282349617105385), np.float64(0.0850237576316746), np.float64(0.06405988515047381))","(np.float64(-142.97820847132044), np.float64(-186.0740251901659), np.float64(-159.8243044407232))"
4138,"((5, 13), (4, 8))","(np.float64(0.08668063212956398), np.float64(0.14372762830081673))","(np.float64(-108.44148035494356), np.float64(-101.76936246947344))"
4140,"((4, 6), (9, 13), (4, 13), (11, 17))","(np.float64(0.12124759876784857), np.float64(0.12899756061122733), np.float64(0.023695949021288357), np.float64(0.14201747672080714))","(np.float64(-52.41671041029116), np.float64(-68.22556302515801), np.float64(157.79679140114018), np.float64(-103.55724364624504))"
4141,"((6, 12), (13, 18), (2, 12), (13, 19), (11, 18))","(np.float64(0.06368252166444673), np.float64(0.13016020161297018), np.float64(0.12466326989752237), np.float64(0.1493692743701699), np.float64(0.12134851661467515))","(np.float64(-128.29406496776005), np.float64(-143.05160047399414), np.float64(108.68356277126406), np.float64(-147.15011135684762), np.float64(-175.2238114041424))"
4142,"((0, 2), (7, 16), (11, 14), (1, 10))","(np.float64(0.14892014277139673), np.float64(0.0927431901701501), np.float64(0.14535286107893933), np.float64(0.13741266677578617))","(np.float64(-69.65626839194604), np.float64(130.6696524524404), np.float64(-39.735403925993126), np.float64(140.8306972634322))"
4144,"((9, 10),)","(np.float64(0.08722304189523859),)","(np.float64(-50.21502697699873),)"
4145,"((1, 16), (9, 16), (3, 15))","(np.float64(0.03673930907439832), np.float64(0.14991253916064837), np.float64(0.1472631807584222))","(np.float64(218.17096448581117), np.float64(8.281248291363966), np.float64(192.24091915566487))"
4146,"((3, 13), (7, 17))","(np.float64(0.07482296736944913), np.float64(0.12398685951578017))","(np.float64(-167.62711989904), np.float64(-179.3822853144432))"
4147,"((5, 15),)","(np.float64(0.05627725016479138),)","(np.float64(142.03845205659337),)"
4149,"((12, 17), (14, 16))","(np.float64(0.11397620075136675), np.float64(0.12841390228297145))","(np.float64(-75.67524621116624), np.float64(21.154846448262333))"
4150,"((1, 5), (1, 18), (5, 18))","(np.float64(0.08603345281746974), np.float64(0.0662512722543208), np.float64(0.12235600567237159))","(np.float64(21.39912713856171), np.float64(90.25245934318963), np.float64(68.85333220462792))"
4152,"((7, 11), (9, 18))","(np.float64(0.135223694482617), np.float64(0.13770514784071045))","(np.float64(218.95049017472041), np.float64(156.25123034973325))"
4153,"((0, 4), (6, 15), (7, 18), (3, 14), (7, 16))","(np.float64(0.13901148571476923), np.float64(0.1412611070374119), np.float64(0.11704907875724332), np.float64(0.14676933425192173), np.float64(0.1439319192754827))","(np.float64(-42.94357270672043), np.float64(-61.827357197307606), np.float64(83.04762051406288), np.float64(152.42477966289312), np.float64(-130.97533486823903))"
4154,"((2, 19), (10, 13))","(np.float64(0.07963413661677686), np.float64(0.08486184518181324))","(np.float64(4.872074928024915), np.float64(-72.79554695209583))"
4155,"((5, 17), (7, 9))","(np.float64(0.12662206518471697), np.float64(0.11331018587531116))","(np.float64(112.49674448533762), np.float64(-77.9940937799654))"
4156,"((11, 16),)","(np.float64(0.14446337316713728),)","(np.float64(-2.222077700865327),)"
4157,"((1, 19), (2, 14), (4, 13), (7, 9))","(np.float64(0.13232712768567287), np.float64(0.04184085363282514), np.float64(0.11233642133966182), np.float64(0.13458863216397543))","(np.float64(52.7523369603891), np.float64(117.32085476445349), np.float64(174.46436874121247), np.float64(-59.22898730308572))"
4160,"((3, 5),)","(np.float64(0.05697848329066105),)","(np.float64(11.841979770985006),)"
4161,"((15, 18), (3, 7))","(np.float64(0.1178272920052131), np.float64(0.1289147687125091))","(np.float64(-75.68161124405071), np.float64(145.58773329389632))"
4163,"((2, 3),)","(np.float64(0.09955539585263945),)","(np.float64(-47.12906211632236),)"
4164,"((3, 10), (10, 12), (2, 10))","(np.float64(0.03343781501055558), np.float64(0.13864496936912346), np.float64(0.13457147566764172))","(np.float64(172.14308787923238), np.float64(19.205749153873796), np.float64(-83.50531652200476))"
4165,"((7, 14), (11, 15), (17, 18))","(np.float64(0.1323610257822839), np.float64(0.10859690096094257), np.float64(0.14151877103898183))","(np.float64(-123.98124542953451), np.float64(190.02607589684334), np.float64(-52.04381662501578))"
4166,"((0, 9), (1, 5))","(np.float64(0.09470195023585412), np.float64(0.1403641656438781))","(np.float64(194.19820248688984), np.float64(35.132708741509646))"
4168,"((7, 17),)","(np.float64(0.06761653264730355),)","(np.float64(-185.5953629099449),)"
4169,"((0, 6),)","(np.float64(0.11454293016236515),)","(np.float64(-15.67853155218296),)"
4173,"((2, 16), (2, 17), (5, 7))","(np.float64(0.123149901238382), np.float64(0.043646978615365), np.float64(0.13646142214354867))","(np.float64(144.68401993762882), np.float64(94.7788819806405), np.float64(-87.50749302934366))"
4174,"((6, 16),)","(np.float64(0.10056023410841246),)","(np.float64(27.231852628694725),)"
4175,"((12, 19), (13, 17))","(np.float64(0.09362183203577314), np.float64(0.0809327432570075))","(np.float64(-134.97219250730592), np.float64(-90.69572771546933))"
4176,"((1, 6),)","(np.float64(0.12216700808359705),)","(np.float64(254.27750455703483),)"
4178,"((8, 19), (9, 14))","(np.float64(0.0745284749250965), np.float64(0.06069301810411526))","(np.float64(157.8464704773017), np.float64(-181.20196695595794))"
4179,"((1, 7),)","(np.float64(0.11404039342822812),)","(np.float64(247.13664723021594),)"
4181,"((10, 19), (14, 18))","(np.float64(0.047031580023022414), np.float64(0.10292134317665537))","(np.float64(-168.85824072086388), np.float64(-56.10901681076916))"
4182,"((5, 18),)","(np.float64(0.1453482912224334),)","(np.float64(-173.09429078807818),)"
4183,"((5, 7), (7, 17))","(np.float64(0.1279825029409265), np.float64(0.06834407582888864))","(np.float64(47.19398783681811), np.float64(-189.56952774184998))"
4184,"((1, 2), (5, 12), (6, 10))","(np.float64(0.10994756474686312), np.float64(0.1470641045370727), np.float64(0.1494535394659388))","(np.float64(27.353740395770018), np.float64(341.77333384414976), np.float64(283.84231076413636))"
4186,"((9, 16), (12, 17))","(np.float64(0.1444638196607406), np.float64(0.13398060102747422))","(np.float64(93.64940360515786), np.float64(130.43224271772013))"
4188,"((0, 8), (4, 9), (5, 12), (7, 16))","(np.float64(0.11820280108265364), np.float64(0.036949169834746706), np.float64(0.07786557836869266), np.float64(0.14236603958221483))","(np.float64(-122.12005757407167), np.float64(-159.66254797404034), np.float64(226.82982159135935), np.float64(18.631793748013706))"
4189,"((5, 15), (8, 18), (8, 17), (6, 8))","(np.float64(0.1098303827289326), np.float64(0.14672734266944495), np.float64(0.11054028121733815), np.float64(0.13959535931179803))","(np.float64(184.89681787173873), np.float64(166.11318511111693), np.float64(202.6659731040632), np.float64(-47.26400602436672))"
4190,"((10, 13),)","(np.float64(0.14730238022337702),)","(np.float64(180.37704722595066),)"
4191,"((14, 18),)","(np.float64(0.13077743526431782),)","(np.float64(-128.77345106990282),)"
4192,"((7, 11), (1, 12), (3, 13))","(np.float64(0.10020658996324712), np.float64(0.1391231055850808), np.float64(0.14591593569270636))","(np.float64(-103.0585991317102), np.float64(177.79200043776973), np.float64(166.65842102537943))"
4193,"((6, 15), (11, 15))","(np.float64(0.1093769153634893), np.float64(0.12835893222592965))","(np.float64(59.2497157185515), np.float64(80.23766838541832))"
4194,"((3, 6),)","(np.float64(0.1297733513595477),)","(np.float64(-113.48853231512345),)"
4195,"((6, 15), (3, 11))","(np.float64(0.09289893764460781), np.float64(0.1356460148499851))","(np.float64(-251.5636504475603), np.float64(322.4042362221509))"
4196,"((1, 3),)","(np.float64(0.14013279676024076),)","(np.float64(24.07341457575575),)"
4197,"((4, 5),)","(np.float64(0.115534238686632),)","(np.float64(-44.54210532587058),)"
4198,"((6, 10), (13, 18), (1, 12))","(np.float64(0.12656493419025133), np.float64(0.115780140221645), np.float64(0.13626526189596047))","(np.float64(273.9613681119195), np.float64(-129.16698904460108), np.float64(185.9757543773194))"
4199,"((2, 6), (4, 18), (6, 8), (9, 10), (6, 15), (2, 18))","(np.float64(0.1445530721000919), np.float64(0.07996403575906072), np.float64(0.06888615011024567), np.float64(0.11509600885525159), np.float64(0.11662220470646048), np.float64(0.14906638211668402))","(np.float64(-19.066042577910594), np.float64(130.47291802530881), np.float64(75.210563355256), np.float64(87.32145300511459), np.float64(175.57587802065302), np.float64(29.92016304436254))"
4200,"((9, 12), (4, 14))","(np.float64(0.1404945714962956), np.float64(0.134187783682279))","(np.float64(-54.01776652777073), np.float64(-253.2804117079669))"
4201,"((7, 18), (15, 17), (13, 19))","(np.float64(0.08946207140877088), np.float64(0.13254586067580865), np.float64(0.1465200024550851))","(np.float64(50.44154347159969), np.float64(-202.38217964087954), np.float64(-185.56316788443377))"
4202,"((1, 19), (5, 18), (3, 8))","(np.float64(0.1220670031216401), np.float64(0.033231777846325875), np.float64(0.12523217407924558))","(np.float64(63.223650963895466), np.float64(168.18078186030323), np.float64(-113.7126488992588))"
4203,"((10, 17), (2, 19))","(np.float64(0.12594860999882776), np.float64(0.13246758143777881))","(np.float64(82.12347800181792), np.float64(10.06774700290677))"
4204,"((0, 4), (2, 16), (0, 11))","(np.float64(0.08145988487700596), np.float64(0.13051418379405555), np.float64(0.14360415517713782))","(np.float64(3.7342028168069987), np.float64(119.9791690742156), np.float64(188.80308225997703))"
4205,"((5, 15),)","(np.float64(0.1435373083617387),)","(np.float64(155.41799924543864),)"
4206,"((0, 11), (2, 11), (0, 7))","(np.float64(0.14956427095403402), np.float64(0.13144888304723187), np.float64(0.12419458212374596))","(np.float64(150.7330968920342), np.float64(173.75875224012185), np.float64(-217.76237868456576))"
4207,"((9, 19), (13, 16), (9, 17))","(np.float64(0.1331590110856751), np.float64(0.0869606483601462), np.float64(0.12877912026778712))","(np.float64(123.59779917680953), np.float64(-39.38823079417773), np.float64(111.7608504753415))"
4208,"((5, 11), (7, 14), (8, 19), (1, 9), (9, 19))","(np.float64(0.08773260287614343), np.float64(0.05887548521202556), np.float64(0.11233230351118571), np.float64(0.14987581759869426), np.float64(0.13144558434347292))","(np.float64(162.3640845394773), np.float64(-115.33111830528895), np.float64(-175.5112094534004), np.float64(-105.44598483684649), np.float64(-171.48650912105677))"
4211,"((5, 15),)","(np.float64(0.08963548284036933),)","(np.float64(240.41593745073976),)"
4212,"((2, 9),)","(np.float64(0.05131341573258493),)","(np.float64(232.31435347426952),)"
4213,"((4, 5), (6, 12))","(np.float64(0.1276428238277711), np.float64(0.1034639025995254))","(np.float64(-4.484228316210249), np.float64(-112.7503612151661))"
4215,"((4, 18), (8, 15))","(np.float64(0.10852346606480746), np.float64(0.11321338566807593))","(np.float64(-83.18600119470455), np.float64(-48.509060561431056))"
4216,"((0, 3), (5, 13), (5, 18), (13, 18))","(np.float64(0.1208344646457931), np.float64(0.059360707669416556), np.float64(0.12586051194924278), np.float64(0.11762757191267896))","(np.float64(-48.6893989782034), np.float64(-35.24810288243128), np.float64(-153.54447553855334), np.float64(-160.44984555651268))"
4218,"((6, 8), (14, 17))","(np.float64(0.12653256767344212), np.float64(0.015347131702554686))","(np.float64(0.7985258359522049), np.float64(-0.6624574503651957))"
4219,"((2, 9), (2, 19), (3, 12), (9, 19))","(np.float64(0.09668621937512034), np.float64(0.04062732111965272), np.float64(0.10311123643171806), np.float64(0.11943627235283605))","(np.float64(255.40040200203174), np.float64(38.998793257648174), np.float64(171.75815332199534), np.float64(-216.40160874438357))"
4220,"((5, 13), (14, 19), (10, 19), (11, 19))","(np.float64(0.04472628962158015), np.float64(0.13317288798696436), np.float64(0.1349149589366439), np.float64(0.13269399620480649))","(np.float64(214.2400351478417), np.float64(178.0774022446083), np.float64(109.45469576395382), np.float64(-167.8813223775609))"
4222,"((0, 15), (3, 7), (3, 8), (5, 9), (5, 17), (9, 17), (10, 17), (5, 10), (14, 19))","(np.float64(0.10802998049585397), np.float64(0.13268688397093345), np.float64(0.04975449372555727), np.float64(0.006776411483449971), np.float64(0.07700110804563474), np.float64(0.09386212703554044), np.float64(0.1324845347820735), np.float64(0.13232755016925754), np.float64(0.11135275975057522))","(np.float64(157.45364354583853), np.float64(263.00406415207874), np.float64(213.31571587712085), np.float64(250.6810286875625), np.float64(94.7557096237826), np.float64(-200.9252084375592), np.float64(-94.52368173617714), np.float64(215.6585570093738), np.float64(-175.31146015046687))"
4223,"((5, 19),)","(np.float64(0.1455598828447798),)","(np.float64(169.60469044112375),)"
4224,"((4, 18), (5, 6))","(np.float64(0.09352809415800926), np.float64(0.12742319138723837))","(np.float64(-264.77946730604833), np.float64(5.945396466037778))"
4225,"((1, 8), (6, 12))","(np.float64(0.07256609673773694), np.float64(0.1447327121139553))","(np.float64(-108.7232384152166), np.float64(230.44586732071082))"
4226,"((0, 6), (3, 15), (1, 10))","(np.float64(0.10107650572666944), np.float64(0.10512105197942924), np.float64(0.14620165285410697))","(np.float64(-115.56541419500417), np.float64(205.65482668943093), np.float64(-77.25158141108346))"
4227,"((9, 10),)","(np.float64(0.12365798044722787),)","(np.float64(317.92688865033557),)"
4228,"((3, 15), (10, 14))","(np.float64(0.09415318796959889), np.float64(0.12481238303129281))","(np.float64(181.85683176840652), np.float64(296.26098166116253))"
4230,"((5, 18),)","(np.float64(0.1008054598447521),)","(np.float64(-166.82523176008516),)"
4231,"((5, 17),)","(np.float64(0.07299090015821641),)","(np.float64(-202.31333317670737),)"
4232,"((0, 4), (6, 10))","(np.float64(0.1248661776806276), np.float64(0.1412994566727435))","(np.float64(-70.83669010745234), np.float64(-9.64080960394233))"
4234,"((0, 9),)","(np.float64(0.12812501657325556),)","(np.float64(-94.41390869300136),)"
4236,"((4, 8),)","(np.float64(0.13556954338082405),)","(np.float64(-58.221655881159336),)"
4237,"((10, 18),)","(np.float64(0.06281339476517374),)","(np.float64(-162.2857100306245),)"
4238,"((3, 15), (10, 12), (4, 12), (9, 12), (9, 16), (12, 16), (1, 9))","(np.float64(0.14865244243361708), np.float64(0.07287723709512983), np.float64(0.12445924155173325), np.float64(0.14169977276722856), np.float64(0.14789219531225545), np.float64(0.12604734826091), np.float64(0.14745357144454688))","(np.float64(-167.99996268924946), np.float64(42.45940151767866), np.float64(210.76174605236326), np.float64(4.8213676378192645), np.float64(-91.75207213126822), np.float64(-41.7042573612315), np.float64(162.6799923110488))"
4239,"((2, 11), (5, 12))","(np.float64(0.14157175025925867), np.float64(0.07390677556124671))","(np.float64(-81.60802350292775), np.float64(-88.4212409756395))"
4240,"((0, 5), (6, 7), (6, 14), (7, 14), (7, 15))","(np.float64(0.1326760151230602), np.float64(0.11237870037424148), np.float64(0.0829717439655451), np.float64(0.11000149103755742), np.float64(0.14179031879719226))","(np.float64(-8.340773732898242), np.float64(44.985570540198296), np.float64(265.16792181382954), np.float64(175.19842259321132), np.float64(120.75210747722838))"
4241,"((0, 4), (0, 12), (4, 12), (9, 19))","(np.float64(0.01580726447428823), np.float64(0.06050376109399122), np.float64(0.07584816348822007), np.float64(0.09930922979753085))","(np.float64(-107.31191187547302), np.float64(138.702654288394), np.float64(246.01456616386702), np.float64(112.52608367543752))"
4242,"((13, 14),)","(np.float64(0.14519319778164713),)","(np.float64(-44.51854204623311),)"
4243,"((2, 6), (7, 18))","(np.float64(0.13029586375467941), np.float64(0.1378700444847088))","(np.float64(3.319100013862055), np.float64(83.06527104663064))"
4244,"((3, 11), (4, 11), (13, 16))","(np.float64(0.11918018237335339), np.float64(0.14997689604592826), np.float64(0.11592253362626001))","(np.float64(-89.62736717368932), np.float64(232.58495673509827), np.float64(-204.66731987410515))"
4246,"((7, 13), (7, 18))","(np.float64(0.12557972346430774), np.float64(0.13241904952191513))","(np.float64(-121.54498898646398), np.float64(-312.3924922999448))"
4247,"((6, 11), (6, 16), (11, 16))","(np.float64(0.14004113142268068), np.float64(0.06785022124148388), np.float64(0.08121359660480167))","(np.float64(-76.06750867372676), np.float64(-184.26036514650107), np.float64(-108.19285647277431))"
4248,"((1, 8), (6, 17), (12, 19))","(np.float64(0.10008454731281237), np.float64(0.14601594254201397), np.float64(0.1404827829943029))","(np.float64(117.83843174213268), np.float64(-107.40256594868464), np.float64(-4.115296284853315))"
4252,"((8, 13), (6, 14))","(np.float64(0.13618509478897972), np.float64(0.11893788440753537))","(np.float64(-120.991076892791), np.float64(-69.86152790948512))"
4253,"((4, 19),)","(np.float64(0.14524951448798426),)","(np.float64(-209.09349309837575),)"
4254,"((2, 12), (4, 11))","(np.float64(0.12144626059751122), np.float64(0.1359629270613281))","(np.float64(218.20978838053628), np.float64(227.99495401919916))"
4255,"((1, 14), (3, 7), (10, 16), (0, 12))","(np.float64(0.09564335205852065), np.float64(0.10897147245768624), np.float64(0.12558131573814363), np.float64(0.11659649361003427))","(np.float64(161.89205681348793), np.float64(-79.70767325336533), np.float64(-149.32422364788965), np.float64(-185.81472073950113))"
4256,"((2, 7), (9, 16), (7, 13), (1, 7), (7, 19))","(np.float64(0.07496996715169094), np.float64(0.12004743345258596), np.float64(0.13841177949228092), np.float64(0.14762616328554126), np.float64(0.1264036265331683))","(np.float64(155.31298027031988), np.float64(-129.71286907395074), np.float64(-49.73448761594938), np.float64(151.47597243408754), np.float64(135.49960751310462))"
4257,"((0, 8), (9, 12))","(np.float64(0.1289692643835756), np.float64(0.10962639535010013))","(np.float64(174.80266238245844), np.float64(-53.10092342052479))"
4259,"((0, 5), (11, 17))","(np.float64(0.12529921477084394), np.float64(0.12695590126651113))","(np.float64(-119.74980504652532), np.float64(-16.46985186404612))"
4260,"((2, 5), (6, 15))","(np.float64(0.1283123290759338), np.float64(0.1481418417523177))","(np.float64(300.8246493658752), np.float64(-70.54051132111994))"
4261,"((1, 12), (6, 11), (16, 18))","(np.float64(0.03899259803317935), np.float64(0.0888914841866253), np.float64(0.1496026521924681))","(np.float64(239.98641084659187), np.float64(-70.12972643097652), np.float64(-158.8936139281065))"
4262,"((0, 13),)","(np.float64(0.1467298649603515),)","(np.float64(132.39229842308038),)"
4264,"((0, 8),)","(np.float64(0.05446918125375778),)","(np.float64(208.9563792429342),)"
4265,"((2, 18), (7, 14))","(np.float64(0.05247109107681376), np.float64(0.13876853502513065))","(np.float64(43.61514764784923), np.float64(35.068355277385876))"
4266,"((0, 1), (8, 19), (14, 17), (5, 19), (12, 19))","(np.float64(0.07483692139258347), np.float64(0.06364134020785457), np.float64(0.10942060419815298), np.float64(0.14985576544703483), np.float64(0.1480949780518797))","(np.float64(46.33530962752579), np.float64(-161.49327080698868), np.float64(-113.31539937896432), np.float64(-180.5755153018825), np.float64(-194.31937808331128))"
4267,"((2, 12), (1, 8))","(np.float64(0.050913527889237864), np.float64(0.13373924704208975))","(np.float64(-141.1648159440532), np.float64(-92.25244153355385))"
4269,"((10, 17),)","(np.float64(0.14239427200580618),)","(np.float64(-160.91334147896072),)"
4271,"((0, 1), (0, 14))","(np.float64(0.02491632489554768), np.float64(0.1393261411315417))","(np.float64(-15.736837794124256), np.float64(140.82613884066234))"
4272,"((1, 12),)","(np.float64(0.14341478121648474),)","(np.float64(119.02750502514266),)"
4273,"((5, 9),)","(np.float64(0.12092241069898588),)","(np.float64(-34.14489861659945),)"
4274,"((0, 3), (3, 13), (4, 12))","(np.float64(0.1213654363652755), np.float64(0.14911599540756015), np.float64(0.14891801307701866))","(np.float64(-19.562520033171666), np.float64(180.22661625428984), np.float64(198.80958214742913))"
4275,"((2, 17),)","(np.float64(0.13228972132642866),)","(np.float64(184.78434202981106),)"
4276,"((0, 13), (11, 15))","(np.float64(0.1408444051930172), np.float64(0.09787195686774107))","(np.float64(135.65388606646283), np.float64(-106.07567333047984))"
4277,"((3, 7), (1, 10))","(np.float64(0.06974434651607118), np.float64(0.13054701163343999))","(np.float64(-5.081160846008231), np.float64(-120.89138252290957))"
4279,"((6, 17), (16, 19), (1, 15))","(np.float64(0.05633118599460002), np.float64(0.14271165880748107), np.float64(0.14935058936494508))","(np.float64(-189.96236739644172), np.float64(-120.01640396870067), np.float64(107.99750021100022))"
4280,"((14, 19),)","(np.float64(0.13115106851581138),)","(np.float64(160.73526567950535),)"
4281,"((10, 15),)","(np.float64(0.13997895658786413),)","(np.float64(-9.866332960632235),)"
4283,"((5, 17), (9, 15), (9, 19), (15, 18))","(np.float64(0.12112754142799784), np.float64(0.07033787715445466), np.float64(0.09962771388620811), np.float64(0.12650038031215172))","(np.float64(-259.2536839495359), np.float64(-15.985314428849989), np.float64(-185.9918157650191), np.float64(-172.53356436846545))"
4284,"((8, 17), (10, 12), (13, 14))","(np.float64(0.13552246648485708), np.float64(0.05143225349556642), np.float64(0.015306280577863079))","(np.float64(4.287646809019407), np.float64(323.4317175308507), np.float64(17.684725409540704))"
4285,"((3, 11),)","(np.float64(0.07755017817452464),)","(np.float64(-129.05089647317646),)"
4286,"((2, 7),)","(np.float64(0.06927236601308406),)","(np.float64(-18.704655663296364),)"
4287,"((0, 8), (13, 14), (9, 13), (5, 10))","(np.float64(0.12992227861391806), np.float64(0.12152018320485275), np.float64(0.13815429333926257), np.float64(0.11216328533150347))","(np.float64(207.52687616376025), np.float64(20.127101501169022), np.float64(-26.30635844654836), np.float64(217.9569698604928))"
4288,"((0, 17), (15, 17), (8, 15))","(np.float64(0.12227137583195435), np.float64(0.10961758377749521), np.float64(0.10900699112600715))","(np.float64(102.55876609592946), np.float64(-25.979456747690506), np.float64(174.21820207932268))"
4289,"((2, 11), (5, 11))","(np.float64(0.07899187466203594), np.float64(0.10931096279535261))","(np.float64(197.7977843114003), np.float64(133.95340195610834))"
4290,"((8, 12),)","(np.float64(0.035062559531763966),)","(np.float64(-77.47770775964494),)"
4292,"((0, 6), (8, 16))","(np.float64(0.14034442350623702), np.float64(0.1197892541908074))","(np.float64(-18.41437599652079), np.float64(57.429531098945915))"
4294,"((4, 10), (12, 16), (10, 16))","(np.float64(0.05462714795871287), np.float64(0.13780162128321644), np.float64(0.1383398269767259))","(np.float64(193.16785642889977), np.float64(-215.05072363266174), np.float64(-147.14284081334483))"
4295,"((1, 6), (11, 17))","(np.float64(0.07627982985376616), np.float64(0.14103989111715529))","(np.float64(-62.071963394296404), np.float64(-172.93480985813477))"
4296,"((6, 15),)","(np.float64(0.1226483197354748),)","(np.float64(-183.2852856380664),)"
4298,"((5, 8),)","(np.float64(0.09144259871136012),)","(np.float64(9.061980473959238),)"
4299,"((14, 19), (11, 17))","(np.float64(0.12123205940911871), np.float64(0.14083412328744419))","(np.float64(-94.40197061466489), np.float64(-81.11299778690574))"
4300,"((2, 19), (11, 15), (12, 15))","(np.float64(0.12634561594755847), np.float64(0.06773587030690843), np.float64(0.13611212628112845))","(np.float64(29.326448760965548), np.float64(-156.88567446797526), np.float64(-70.85145491597001))"
4301,"((8, 15), (3, 15), (8, 17))","(np.float64(0.09022303284395239), np.float64(0.09131360796762732), np.float64(0.14670101734127577))","(np.float64(-110.37363432717481), np.float64(165.27190966595626), np.float64(-129.3645348564906))"
4302,"((2, 15), (5, 9), (7, 13), (10, 11))","(np.float64(0.06308922726059135), np.float64(0.07976483081211141), np.float64(0.13407643067146874), np.float64(0.09231983894729519))","(np.float64(144.8037049110548), np.float64(-95.5525873153561), np.float64(-154.9364495003192), np.float64(15.806079600736325))"
4303,"((0, 6), (8, 18))","(np.float64(0.14689434582054062), np.float64(0.1393531691738951))","(np.float64(-172.50967812076686), np.float64(-164.22889377577255))"
4304,"((6, 13),)","(np.float64(0.1477997812408511),)","(np.float64(-72.04965614300681),)"
4305,"((12, 18),)","(np.float64(0.12866356367093978),)","(np.float64(156.3902342981586),)"
4306,"((3, 11),)","(np.float64(0.13953276617138852),)","(np.float64(193.45924492178324),)"
4308,"((5, 17), (6, 19), (6, 16), (9, 17))","(np.float64(0.07600633179217473), np.float64(0.0992120015399895), np.float64(0.12140475425577697), np.float64(0.1352942074479666))","(np.float64(136.91764136669548), np.float64(96.7440799859485), np.float64(-171.4440995358193), np.float64(161.86844240828515))"
4309,"((2, 14), (7, 13))","(np.float64(0.1333500265225636), np.float64(0.1401507573931452))","(np.float64(120.26485528998822), np.float64(-162.06251772783224))"
4310,"((16, 18),)","(np.float64(0.1351042969537839),)","(np.float64(-33.84122464325367),)"
4311,"((1, 12), (14, 15), (9, 18))","(np.float64(0.10963223807418361), np.float64(0.1302632956734776), np.float64(0.13489015115424358))","(np.float64(-121.20860177474555), np.float64(-57.922425402823905), np.float64(-187.06519563051097))"
4312,"((3, 19),)","(np.float64(0.1479807565604084),)","(np.float64(-188.67989886193917),)"
4313,"((2, 5), (7, 9), (7, 10), (9, 10))","(np.float64(0.14446672724313997), np.float64(0.0699161146178169), np.float64(0.13100075677984416), np.float64(0.08660794664527548))","(np.float64(232.35871876401313), np.float64(-46.38869023188994), np.float64(-64.79445762492088), np.float64(-18.405767393030942))"
4314,"((3, 14), (17, 19))","(np.float64(0.039179606185923525), np.float64(0.13652152737277548))","(np.float64(144.0560760308029), np.float64(-117.74578506794734))"
4315,"((11, 19),)","(np.float64(0.09751771795097516),)","(np.float64(-107.04858457202829),)"
4316,"((9, 17), (0, 7))","(np.float64(0.14240022726274856), np.float64(0.14973011382916998))","(np.float64(-172.6518953150279), np.float64(-70.26206991039368))"
4317,"((10, 14),)","(np.float64(0.14104211180397677),)","(np.float64(-56.98055694198655),)"
4319,"((12, 17),)","(np.float64(0.13581229846653353),)","(np.float64(-163.9899414394555),)"
4320,"((1, 4), (1, 12), (0, 8), (1, 14))","(np.float64(0.08126550492386168), np.float64(0.10927528793521821), np.float64(0.1463493961884087), np.float64(0.12963427081511733))","(np.float64(269.8417521355996), np.float64(162.1423488113429), np.float64(176.76359101777587), np.float64(110.04905457094617))"
4322,"((3, 11), (15, 19))","(np.float64(0.075607872774712), np.float64(0.075627640762591))","(np.float64(-172.21617583526898), np.float64(42.39976590901574))"
4323,"((3, 16), (9, 12), (0, 8))","(np.float64(0.11616723806194779), np.float64(0.08051965740231568), np.float64(0.13580539604589253))","(np.float64(-83.22719302183549), np.float64(-56.86837863551034), np.float64(212.6039993129146))"
4325,"((3, 5), (7, 8), (7, 16), (8, 16), (7, 15))","(np.float64(0.13476316628035917), np.float64(0.09837028177219378), np.float64(0.09502060515203627), np.float64(0.021488552651075042), np.float64(0.1008172834919941))","(np.float64(-56.59580116940015), np.float64(-7.014722905318649), np.float64(183.54599452904984), np.float64(190.56071743436848), np.float64(-79.45368098291192))"
4326,"((5, 8),)","(np.float64(0.13781724817987986),)","(np.float64(-126.16763449255126),)"
4327,"((12, 16),)","(np.float64(0.09422105960033364),)","(np.float64(-182.8769796329293),)"
4328,"((2, 5), (7, 16), (18, 19))","(np.float64(0.02989632343321906), np.float64(0.12294156222498655), np.float64(0.09664379447047407))","(np.float64(-209.94397775863092), np.float64(-104.42927604959408), np.float64(-51.519410736065424))"
4330,"((8, 18), (12, 15), (13, 14), (0, 12))","(np.float64(0.05462761549003348), np.float64(0.1137325672276824), np.float64(0.1310323516243459), np.float64(0.14882381202780318))","(np.float64(-144.89352645604407), np.float64(-82.1928693033941), np.float64(-10.811630283393526), np.float64(123.71548977499438))"
4331,"((4, 18), (10, 13), (8, 17))","(np.float64(0.08634903606296468), np.float64(0.1107744896575359), np.float64(0.1311612079305988))","(np.float64(-207.86731623342), np.float64(-209.4763022455582), np.float64(-208.92220936848554))"
4332,"((9, 18),)","(np.float64(0.14453101886668307),)","(np.float64(-159.90164313416994),)"
4333,"((12, 18), (4, 18))","(np.float64(0.08055560769309544), np.float64(0.14544220299226174))","(np.float64(88.46186704434413), np.float64(163.05146325078138))"
4334,"((0, 11), (2, 18), (8, 11), (1, 19))","(np.float64(0.13064148167711853), np.float64(0.12154893827117128), np.float64(0.12633537758638458), np.float64(0.14461277896777752))","(np.float64(147.94293109139082), np.float64(-215.81096044417217), np.float64(-35.51999845981092), np.float64(-231.40064993412363))"
4335,"((1, 6),)","(np.float64(0.12228668210244385),)","(np.float64(242.5583018761111),)"
4337,"((5, 11), (7, 18), (5, 16))","(np.float64(0.12537415372072022), np.float64(0.13939809020798338), np.float64(0.1423180786639527))","(np.float64(18.747482609167548), np.float64(-149.14153628233345), np.float64(-180.06292483607402))"
4339,"((1, 17), (13, 15))","(np.float64(0.13913894346136094), np.float64(0.14569280270064558))","(np.float64(87.16640022167059), np.float64(-61.504419297532536))"
4340,"((12, 17),)","(np.float64(0.10711302580543167),)","(np.float64(-119.0539062859697),)"
4341,"((4, 12), (5, 17), (1, 8))","(np.float64(0.14030790940726381), np.float64(0.12841073079840648), np.float64(0.1065902573816853))","(np.float64(-145.4817711104078), np.float64(-162.52346779447615), np.float64(170.82581757934327))"
4342,"((0, 11), (5, 6), (5, 19), (6, 11), (0, 5), (7, 13), (0, 7))","(np.float64(0.1068577822887883), np.float64(0.12411965563310871), np.float64(0.12387717752793452), np.float64(0.1349139089171742), np.float64(0.11171025092068539), np.float64(0.1429059004557994), np.float64(0.11152040544114372))","(np.float64(208.74763931119912), np.float64(26.193886792118008), np.float64(-163.31233712124617), np.float64(-35.257009971717764), np.float64(128.61434945063775), np.float64(-106.00959796408279), np.float64(165.29512758249496))"
4343,"((3, 17), (12, 16), (5, 16))","(np.float64(0.1466509953086611), np.float64(0.1438381377427965), np.float64(0.13709061385475713))","(np.float64(82.86876399696109), np.float64(-168.74131834416443), np.float64(152.5312366053252))"
4344,"((11, 19), (12, 19), (6, 14))","(np.float64(0.08203921306143426), np.float64(0.11764981808339918), np.float64(0.14928952017899547))","(np.float64(-196.11783947619273), np.float64(-118.28150777591185), np.float64(257.4446849530621))"
4345,"((2, 6),)","(np.float64(0.0395737542133423),)","(np.float64(181.73655551801835),)"
4346,"((9, 14), (11, 19))","(np.float64(0.08780635445383624), np.float64(0.07728637559630058))","(np.float64(211.15958869443125), np.float64(146.07743732357048))"
4347,"((4, 17), (6, 18))","(np.float64(0.05367078178444089), np.float64(0.11923047366387267))","(np.float64(27.607171407653993), np.float64(134.037107319389))"
4348,"((5, 15),)","(np.float64(0.09212234073209967),)","(np.float64(164.46349221457098),)"
4349,"((0, 16),)","(np.float64(0.12941164539853378),)","(np.float64(61.84426434546231),)"
4350,"((6, 19), (7, 17))","(np.float64(0.09582188147592531), np.float64(0.07822959424386278))","(np.float64(134.22068620427677), np.float64(-174.6523540040872))"
4351,"((1, 4),)","(np.float64(0.13450562271375258),)","(np.float64(278.66599578593576),)"
4352,"((3, 11),)","(np.float64(0.14290669489435306),)","(np.float64(151.76134014550996),)"
4353,"((7, 19), (8, 11), (8, 13), (11, 13), (7, 13), (4, 13))","(np.float64(0.1465469000044914), np.float64(0.10528004121415267), np.float64(0.1283237967553147), np.float64(0.10743812626527183), np.float64(0.13416882789785425), np.float64(0.1447120123509686))","(np.float64(-281.8854653991565), np.float64(305.47570370859086), np.float64(262.0860999803449), np.float64(-43.38960372824596), np.float64(276.3079056621949), np.float64(271.698939146562))"
4354,"((2, 16), (3, 4))","(np.float64(0.14328672474466647), np.float64(0.05380840745301922))","(np.float64(102.83431777867736), np.float64(44.862548612600506))"
4355,"((11, 15),)","(np.float64(0.06871587180073369),)","(np.float64(-227.41348248763916),)"
4356,"((9, 19),)","(np.float64(0.08832801961284231),)","(np.float64(-179.4363777086439),)"
4357,"((0, 2),)","(np.float64(0.14869153528187537),)","(np.float64(-104.34271966826671),)"
4358,"((12, 18),)","(np.float64(0.14849143251014119),)","(np.float64(-130.3973158359799),)"
4359,"((11, 12), (14, 16))","(np.float64(0.14891401868370188), np.float64(0.02290834623486198))","(np.float64(66.46895990737167), np.float64(8.521911330024409))"
4360,"((4, 5), (17, 18))","(np.float64(0.06627746276635792), np.float64(0.1484937630194467))","(np.float64(-69.35614043111792), np.float64(-149.25171334610846))"
4361,"((3, 5), (6, 17))","(np.float64(0.06616624405544333), np.float64(0.1143672599362599))","(np.float64(-6.393383303579924), np.float64(-186.66057012457242))"
4362,"((3, 11), (6, 19))","(np.float64(0.10263927538342192), np.float64(0.08275177701798295))","(np.float64(196.04343501976206), np.float64(-198.41296189389107))"
4364,"((0, 11), (12, 16))","(np.float64(0.06324830763163236), np.float64(0.10334143907318413))","(np.float64(182.56421261988146), np.float64(-28.16067682463739))"
4365,"((4, 11), (6, 15), (10, 12))","(np.float64(0.052623221149903476), np.float64(0.14037979218860486), np.float64(0.14015909507016236))","(np.float64(200.41617808776925), np.float64(257.0634128479495), np.float64(29.620804897294818))"
4367,"((4, 17),)","(np.float64(0.092206839280425),)","(np.float64(-288.88444804927565),)"
4371,"((4, 10),)","(np.float64(0.0965931230032419),)","(np.float64(138.10045900903157),)"
4372,"((11, 14), (11, 16), (7, 18), (13, 19))","(np.float64(0.14705883434833464), np.float64(0.14609412501159114), np.float64(0.1462203966848125), np.float64(0.1479669450564643))","(np.float64(88.53857483749835), np.float64(82.77095253053517), np.float64(66.36851454001874), np.float64(-219.69194763022574))"
4373,"((1, 7), (1, 17), (0, 6), (1, 6), (6, 17))","(np.float64(0.04153778243296731), np.float64(0.1348148412397198), np.float64(0.1357700079733172), np.float64(0.12730916739407566), np.float64(0.10895639244342747))","(np.float64(136.2236811815832), np.float64(-4.765539509836941), np.float64(-87.22898681825455), np.float64(243.69794270472983), np.float64(219.19660985613194))"
4374,"((2, 9), (12, 17))","(np.float64(0.04057668607258602), np.float64(0.07943280720800705))","(np.float64(220.85506289777373), np.float64(38.195057009945685))"
4375,"((5, 19), (2, 5))","(np.float64(0.12338225521009014), np.float64(0.14924325598842642))","(np.float64(-255.23495726953558), np.float64(267.5731420820343))"
4376,"((8, 15), (9, 15))","(np.float64(0.018761572139240644), np.float64(0.11490339665143301))","(np.float64(169.54170358459152), np.float64(-188.43630599861234))"
4378,"((0, 19), (4, 8))","(np.float64(0.08524103641940803), np.float64(0.056237397253467415))","(np.float64(45.57626468776763), np.float64(-133.4604112864089))"
4380,"((5, 12),)","(np.float64(0.14807214850707767),)","(np.float64(-83.5582035427359),)"
4381,"((9, 14),)","(np.float64(0.1445219704119213),)","(np.float64(209.9444900766652),)"
4383,"((7, 10),)","(np.float64(0.05220835462047632),)","(np.float64(-27.35485475173789),)"
4385,"((1, 8), (8, 16))","(np.float64(0.06487205572166929), np.float64(0.11818682027867923))","(np.float64(166.03615523986235), np.float64(-172.07516779685494))"
4386,"((7, 15),)","(np.float64(0.09351997942188538),)","(np.float64(-179.57621064455907),)"
4387,"((8, 11), (12, 13), (12, 19))","(np.float64(0.13244261206952537), np.float64(0.13846503232309681), np.float64(0.03459986838310808))","(np.float64(-40.11119149243348), np.float64(41.06159760704986), np.float64(-168.21086188408913))"
4389,"((0, 10), (0, 19), (10, 19))","(np.float64(0.08401236252391477), np.float64(0.06997250735164862), np.float64(0.05368670345433362))","(np.float64(117.1022237860548), np.float64(-21.22147653426012), np.float64(-138.3237003203149))"
4390,"((1, 4),)","(np.float64(0.08424006141467985),)","(np.float64(-81.98841968690138),)"
4391,"((6, 18), (15, 17))","(np.float64(0.08517174583960498), np.float64(0.09470658688251833))","(np.float64(-201.64224419442354), np.float64(-115.79678531138893))"
4392,"((3, 13), (7, 15), (8, 15), (13, 19))","(np.float64(0.1264216869135548), np.float64(0.10849033008286751), np.float64(0.1447074585686871), np.float64(0.13022167689861489))","(np.float64(265.3799952479485), np.float64(-207.8533008446135), np.float64(-234.0914380649075), np.float64(-127.7719568058053))"
4394,"((0, 7), (15, 18), (0, 13), (0, 9))","(np.float64(0.08599962777898457), np.float64(0.054517599503258754), np.float64(0.08498597045395757), np.float64(0.1398776773118781))","(np.float64(156.36207129338356), np.float64(-101.81035275751364), np.float64(44.676119908867065), np.float64(164.3476680630926))"
4395,"((0, 5), (6, 18), (1, 11), (5, 19))","(np.float64(0.08580318288167191), np.float64(0.13473981195116702), np.float64(0.1217833902423984), np.float64(0.14829267007797456))","(np.float64(186.1802659598024), np.float64(134.2997135299355), np.float64(185.13542550954543), np.float64(139.89210239236326))"
4398,"((8, 15),)","(np.float64(0.0811703065438259),)","(np.float64(-129.4789548896731),)"
4400,"((4, 15), (5, 6), (8, 17))","(np.float64(0.07804218160858817), np.float64(0.12086387853585849), np.float64(0.10163407727889058))","(np.float64(120.48183976549598), np.float64(-49.13705311444062), np.float64(186.6690327309443))"
4401,"((0, 15), (2, 11), (14, 17), (4, 13))","(np.float64(0.04062221941736201), np.float64(0.12172274028229892), np.float64(0.13756371933027248), np.float64(0.13717910026530594))","(np.float64(149.74946174241725), np.float64(-143.9089179640868), np.float64(-173.37377618763566), np.float64(-130.24526315614582))"
4402,"((14, 19),)","(np.float64(0.12024754339578743),)","(np.float64(59.11876555697688),)"
4403,"((0, 17), (6, 13), (17, 19))","(np.float64(0.14436679820508047), np.float64(0.14209526532983877), np.float64(0.12480101899506618))","(np.float64(26.36492861054319), np.float64(266.34013034316416), np.float64(-20.658623910623987))"
4404,"((5, 12), (8, 11), (8, 17), (15, 17))","(np.float64(0.142121532192991), np.float64(0.11669725908240862), np.float64(0.1491930038941096), np.float64(0.11117446095112554))","(np.float64(-122.98724199928324), np.float64(-22.685595677122535), np.float64(-151.30791085651663), np.float64(-105.64309257596685))"
4405,"((4, 17), (12, 15), (10, 17))","(np.float64(0.14535790979112806), np.float64(0.12048364871795456), np.float64(0.09401775878330859))","(np.float64(109.00679952491248), np.float64(-127.5110616876741), np.float64(237.58539834949755))"
4406,"((11, 12), (13, 16), (11, 14), (0, 9))","(np.float64(0.11819585592624826), np.float64(0.1338657761474387), np.float64(0.13683573931523285), np.float64(0.13496927926327587))","(np.float64(-50.913538550133865), np.float64(-91.08561639051382), np.float64(-70.30886768375439), np.float64(133.62930550939276))"
4407,"((12, 16), (4, 12))","(np.float64(0.10547396445105481), np.float64(0.14487765940922484))","(np.float64(-10.319733516730935), np.float64(214.47937537127711))"
4408,"((2, 14), (4, 12), (4, 18), (5, 15), (6, 17), (5, 16))","(np.float64(0.11232430801121646), np.float64(0.1452755810076715), np.float64(0.03205129982470038), np.float64(0.07366969503799861), np.float64(0.1273524613241653), np.float64(0.13867493849273438))","(np.float64(79.5074862917445), np.float64(-52.79585630455688), np.float64(-135.41615819835312), np.float64(-151.0460065613441), np.float64(-177.58425083942757), np.float64(151.94531636733498))"
4409,"((10, 16), (10, 12))","(np.float64(0.1387822286585083), np.float64(0.12137090629922523))","(np.float64(-122.86692661903595), np.float64(-36.70562979054438))"
4410,"((3, 18), (6, 11))","(np.float64(0.06429386572764482), np.float64(0.12005598136126301))","(np.float64(80.73468228860276), np.float64(0.3855221509525677))"
4411,"((3, 12),)","(np.float64(0.135394691569009),)","(np.float64(-125.91644926315104),)"
4412,"((2, 11), (2, 13))","(np.float64(0.030222429611228206), np.float64(0.12807266444535445))","(np.float64(159.8656004669087), np.float64(203.02600749071587))"
4413,"((5, 19), (7, 16))","(np.float64(0.04908468944581306), np.float64(0.07933805005175434))","(np.float64(110.34556015370796), np.float64(-176.88675777290155))"
4414,"((2, 10), (6, 13), (7, 13))","(np.float64(0.14811046561660934), np.float64(0.12873340250575238), np.float64(0.13731981892632159))","(np.float64(-71.75036167439902), np.float64(239.86043933014332), np.float64(236.3020361699675))"
4415,"((4, 15), (6, 9))","(np.float64(0.13714360563025876), np.float64(0.05126685566891547))","(np.float64(-177.28119464333582), np.float64(14.66986877302918))"
4416,"((0, 17), (1, 10), (3, 5), (8, 19))","(np.float64(0.1153908685025417), np.float64(0.08833819519339677), np.float64(0.11334214814639351), np.float64(0.14992093699512024))","(np.float64(53.91067654689704), np.float64(227.55815154728077), np.float64(304.08699594544674), np.float64(-186.77002652167232))"
4418,"((0, 15), (12, 14), (1, 9))","(np.float64(0.06250556351842403), np.float64(0.14214655968880244), np.float64(0.14574371655520837))","(np.float64(85.95455719413343), np.float64(0.2521326683954612), np.float64(66.04124606379668))"
4419,"((0, 1), (5, 19), (8, 15))","(np.float64(0.13151201255675377), np.float64(0.0625447376802024), np.float64(0.13793771245693198))","(np.float64(306.5300076589461), np.float64(-211.2934491959208), np.float64(-136.72383249579616))"
4420,"((2, 11), (3, 10), (7, 14))","(np.float64(0.11104748787289795), np.float64(0.05970804539083107), np.float64(0.08269063492290636))","(np.float64(144.69339359557222), np.float64(171.9740157594219), np.float64(-108.77146231067707))"
4422,"((4, 5),)","(np.float64(0.12203544806621305),)","(np.float64(-315.73305834216825),)"
4425,"((7, 11), (16, 18), (4, 16))","(np.float64(0.06824236228436752), np.float64(0.09963221529830125), np.float64(0.06476364507938356))","(np.float64(-70.97436571844821), np.float64(-72.33853880009445), np.float64(-109.83895277809171))"
4426,"((0, 11), (5, 19), (6, 10), (12, 19), (0, 12))","(np.float64(0.10181231833175386), np.float64(0.14201231634338016), np.float64(0.0824086746738918), np.float64(0.11792083166378335), np.float64(0.136806679264732))","(np.float64(219.40974903935592), np.float64(-255.077519234001), np.float64(-69.01930250384567), np.float64(-174.11663304100188), np.float64(194.0103823353212))"
4427,"((2, 18), (5, 12), (2, 17))","(np.float64(0.14899130469152758), np.float64(0.005222372888910682), np.float64(0.12907087997479616))","(np.float64(123.65945200320135), np.float64(193.72155115850387), np.float64(180.55822967518958))"
4428,"((4, 5), (3, 16))","(np.float64(0.13847480997021272), np.float64(0.11436635231231755))","(np.float64(24.164467746494324), np.float64(-176.8187369701617))"
4429,"((7, 9), (12, 16), (17, 18), (5, 11))","(np.float64(0.06470851443592351), np.float64(0.0861901716612994), np.float64(0.11042872380217676), np.float64(0.1315833789354416))","(np.float64(-59.30608191883266), np.float64(-164.49134422265553), np.float64(40.42957602811913), np.float64(212.37138967361147))"
4430,"((1, 9), (8, 15))","(np.float64(0.01060568219919363), np.float64(0.0788297290250754))","(np.float64(216.78121913419272), np.float64(-169.0719991263622))"
4431,"((12, 18), (15, 18), (12, 19))","(np.float64(0.10675268455141111), np.float64(0.14985983867063296), np.float64(0.14072654538346915))","(np.float64(-154.0890501822804), np.float64(-6.809392767288131), np.float64(-26.62526122183982))"
4432,"((0, 1), (4, 14), (8, 11), (4, 16))","(np.float64(0.1304435839245444), np.float64(0.09844741670833797), np.float64(0.14918618918141277), np.float64(0.1483143291988968))","(np.float64(-13.499871309527407), np.float64(-98.45892219152904), np.float64(-6.01020113956605), np.float64(-135.80194704152646))"
4433,"((5, 11),)","(np.float64(0.027481294223494435),)","(np.float64(242.35521960104973),)"
4434,"((1, 6),)","(np.float64(0.0978088815387329),)","(np.float64(292.3954783281186),)"
4435,"((2, 9), (2, 10), (9, 10), (16, 19), (4, 17), (0, 5), (10, 17))","(np.float64(0.024125469391650764), np.float64(0.08835753355065762), np.float64(0.1027127787501067), np.float64(0.1173855052395882), np.float64(0.1388363646958984), np.float64(0.14633935723747113), np.float64(0.13640464175506795))","(np.float64(-76.61355785344222), np.float64(-128.51771747818955), np.float64(-51.90415962474734), np.float64(-4.448081972901264), np.float64(-149.3407824718168), np.float64(152.25152597488807), np.float64(-116.3471350026044))"
4436,"((8, 18),)","(np.float64(0.1237658386705192),)","(np.float64(-131.3536004358172),)"
4437,"((2, 16),)","(np.float64(0.1424203228995245),)","(np.float64(104.82349914235368),)"
4438,"((3, 11), (3, 15), (3, 16), (11, 15))","(np.float64(0.1268333485035284), np.float64(0.13081102801792366), np.float64(0.12492890234081963), np.float64(0.117373236604527))","(np.float64(69.42589319063953), np.float64(30.75493827055348), np.float64(69.64278248192502), np.float64(-38.67095492008605))"
4439,"((13, 18),)","(np.float64(0.10124335640330952),)","(np.float64(-167.2282828268068),)"
4440,"((0, 13),)","(np.float64(0.09469993378096778),)","(np.float64(170.098440312388),)"
4441,"((1, 13),)","(np.float64(0.11728391600582339),)","(np.float64(198.35464540034945),)"
4442,"((7, 19), (12, 13))","(np.float64(0.12032828958020651), np.float64(0.14542408612818641))","(np.float64(96.8945073996968), np.float64(55.52936776991476))"
4443,"((5, 11),)","(np.float64(0.12190249738582551),)","(np.float64(134.13315132124944),)"
4444,"((2, 18), (9, 19), (11, 18), (10, 18))","(np.float64(0.1447227234466987), np.float64(0.13609366303519194), np.float64(0.1457921497897499), np.float64(0.14690306280484652))","(np.float64(83.35381888255807), np.float64(123.66230337625353), np.float64(116.26675752727658), np.float64(-187.61245948956042))"
4445,"((4, 15), (1, 9), (5, 12))","(np.float64(0.13984353647742345), np.float64(0.1321569285990178), np.float64(0.13509608545182866))","(np.float64(86.7535473197494), np.float64(135.87764562439065), np.float64(-174.03593993364836))"
4446,"((5, 8), (7, 16))","(np.float64(0.13208502026794983), np.float64(0.0393276661925745))","(np.float64(-57.03776972009382), np.float64(179.69960488629505))"
4447,"((4, 10), (11, 16))","(np.float64(0.13975735642839715), np.float64(0.0820712977189217))","(np.float64(16.812803450718604), np.float64(-167.1996050643439))"
4448,"((0, 12), (1, 15), (15, 18))","(np.float64(0.13637718403299876), np.float64(0.12480849418298356), np.float64(0.14682914527803367))","(np.float64(213.0813345869435), np.float64(-191.8390768209889), np.float64(-33.531506437132975))"
4449,"((5, 17), (6, 13), (6, 16))","(np.float64(0.09811335918735736), np.float64(0.12739626309056987), np.float64(0.057594083202903594))","(np.float64(-131.5636461977938), np.float64(-147.33874904991325), np.float64(-169.75852787862374))"
4450,"((6, 18), (11, 18), (1, 16), (15, 17))","(np.float64(0.12657001720033667), np.float64(0.050899223638017244), np.float64(0.13679425348529137), np.float64(0.11978170059333992))","(np.float64(120.3179576555853), np.float64(-181.97389742985854), np.float64(216.43661514312487), np.float64(-163.9726468424817))"
4451,"((0, 12), (1, 10), (5, 9), (6, 13), (14, 16), (14, 17))","(np.float64(0.09363009610939589), np.float64(0.14835634750213575), np.float64(0.05256111173536797), np.float64(0.12876874440963573), np.float64(0.14496083305666974), np.float64(0.06142025927717552))","(np.float64(93.03045700914558), np.float64(91.81906455356898), np.float64(94.46718435173796), np.float64(-97.1963445778357), np.float64(-86.81018978370315), np.float64(-44.338757868034065))"
4452,"((2, 18), (5, 7), (9, 13), (13, 19), (3, 13))","(np.float64(0.08865117804574918), np.float64(0.14597455320559038), np.float64(0.1493191773602696), np.float64(0.06006687408327944), np.float64(0.13578252968250218))","(np.float64(100.29297838454158), np.float64(285.5094101643633), np.float64(221.16333762292385), np.float64(-132.67368502066347), np.float64(186.73504047875406))"
4453,"((1, 4), (1, 18), (4, 18))","(np.float64(0.13391157707205265), np.float64(0.05768298918301172), np.float64(0.11980699902642371))","(np.float64(-95.78484356348349), np.float64(13.085145481656582), np.float64(108.86998904514007))"
4454,"((3, 19),)","(np.float64(0.13697211893464803),)","(np.float64(-26.975462472839297),)"
4455,"((0, 11),)","(np.float64(0.024420321570997012),)","(np.float64(180.30154159914503),)"
4456,"((2, 10),)","(np.float64(0.12915184444060973),)","(np.float64(48.35918834624846),)"
4457,"((0, 9), (8, 10), (2, 14))","(np.float64(0.13782073013772841), np.float64(0.13631755074285098), np.float64(0.09029479987498071))","(np.float64(172.0110419512569), np.float64(-130.7814608722357), np.float64(72.96627994521072))"
4459,"((3, 11), (3, 17), (8, 12))","(np.float64(0.06362187563254193), np.float64(0.13597290672590945), np.float64(0.14386118692858763))","(np.float64(184.09442126807494), np.float64(118.8476299276522), np.float64(187.09029502609064))"
4460,"((8, 18), (1, 12))","(np.float64(0.1385619198124493), np.float64(0.132319210407257))","(np.float64(165.68348130967797), np.float64(217.74287284324117))"
4461,"((10, 11), (11, 15))","(np.float64(0.09435591344683793), np.float64(0.14192830563843378))","(np.float64(-44.213988920654), np.float64(241.7746862535691))"
4463,"((14, 15),)","(np.float64(0.14773126484464366),)","(np.float64(-61.60567064498659),)"
4464,"((2, 18), (7, 17))","(np.float64(0.14321667539559838), np.float64(0.08510039560041555))","(np.float64(87.30659896271686), np.float64(-210.15161545651944))"
4465,"((14, 15), (14, 17))","(np.float64(0.09786311959174478), np.float64(0.13077641352541322))","(np.float64(-55.75230208783512), np.float64(-91.62908507748347))"
4466,"((4, 19),)","(np.float64(0.09587374681250523),)","(np.float64(111.12139108371414),)"
4467,"((1, 11), (2, 15), (4, 10))","(np.float64(0.13765421646074333), np.float64(0.14392583891975563), np.float64(0.10724256777595165))","(np.float64(-136.0026276013777), np.float64(-306.94786451250206), np.float64(192.7339133739016))"
4468,"((15, 18),)","(np.float64(0.14764334618905964),)","(np.float64(-60.81353763583854),)"
4469,"((5, 8), (7, 18), (5, 18))","(np.float64(0.12296455827092982), np.float64(0.14785075901742326), np.float64(0.09033055115201509))","(np.float64(312.8746412309177), np.float64(167.35024143368827), np.float64(-113.44622582989803))"
4470,"((4, 11), (7, 15), (8, 16), (14, 16))","(np.float64(0.08860727613785319), np.float64(0.07105069218271663), np.float64(0.12199124880291146), np.float64(0.1434305395940304))","(np.float64(-120.28044706805218), np.float64(242.2009193912043), np.float64(285.9158151788508), np.float64(-16.23038598183973))"
4473,"((2, 6), (6, 8), (10, 13), (13, 17), (2, 8))","(np.float64(0.13538362053892464), np.float64(0.11109084049868984), np.float64(0.14949512707806278), np.float64(0.04645191340532451), np.float64(0.1320285878251033))","(np.float64(-113.61265287619108), np.float64(29.06024921667199), np.float64(-51.32999521733382), np.float64(-19.221714113383314), np.float64(-39.558608264621625))"
4474,"((1, 12),)","(np.float64(0.14377617719140687),)","(np.float64(183.83535833787516),)"
4475,"((13, 16), (14, 18), (8, 18))","(np.float64(0.1477611208559731), np.float64(0.09629067009215878), np.float64(0.13593873215077282))","(np.float64(-102.95563017560175), np.float64(-95.07941654231377), np.float64(-199.5602223439373))"
4476,"((11, 18), (5, 18))","(np.float64(0.1125574541071661), np.float64(0.11757036040754479))","(np.float64(195.4925982972092), np.float64(69.69308389843806))"
4477,"((14, 18),)","(np.float64(0.14543192588494303),)","(np.float64(-193.2031960499163),)"
4479,"((12, 17), (7, 16))","(np.float64(0.1460517627847318), np.float64(0.1340379984740814))","(np.float64(179.39889990375303), np.float64(-236.18804975561346))"
4480,"((4, 15), (7, 17))","(np.float64(0.1271687758951849), np.float64(0.11272525225256518))","(np.float64(235.12007695829197), np.float64(217.74997992188986))"
4481,"((3, 6),)","(np.float64(0.11727203222222472),)","(np.float64(261.8465144756009),)"
4482,"((5, 9), (8, 14))","(np.float64(0.035775283604297124), np.float64(0.13089340632174454))","(np.float64(142.76996964964206), np.float64(-7.1071016582907305))"
4483,"((1, 3), (4, 8), (7, 16), (8, 19))","(np.float64(0.10353306838768958), np.float64(0.1454076989840402), np.float64(0.08969922527082339), np.float64(0.10169550402657793))","(np.float64(29.664041007823073), np.float64(-49.03216041821918), np.float64(-256.432795004268), np.float64(-227.69763797404568))"
4485,"((0, 2), (1, 8), (7, 10), (8, 19), (13, 14), (1, 11))","(np.float64(0.14612518137390285), np.float64(0.14597478761969684), np.float64(0.12237141846104282), np.float64(0.11272839646808697), np.float64(0.08998763635202602), np.float64(0.13514194065583748))","(np.float64(-79.99848787087973), np.float64(147.9945702688389), np.float64(234.5173701954689), np.float64(-164.39070114186381), np.float64(-61.059774235299415), np.float64(66.69383372068074))"
4486,"((5, 15),)","(np.float64(0.11881306443920639),)","(np.float64(102.16842017153428),)"
4488,"((6, 7), (10, 19))","(np.float64(0.09273080970626618), np.float64(0.08090193733408343))","(np.float64(266.8440603561085), np.float64(-177.72640666195468))"
4489,"((9, 18), (8, 16))","(np.float64(0.10504202139422578), np.float64(0.149423674980544))","(np.float64(-145.57998875575205), np.float64(-141.68284564586844))"
4490,"((4, 18), (7, 13))","(np.float64(0.06231470663343052), np.float64(0.12745116107261506))","(np.float64(116.53036745238612), np.float64(81.85987516920659))"
4491,"((1, 15),)","(np.float64(0.12639447615532484),)","(np.float64(197.65539978853724),)"
4492,"((9, 18), (9, 16))","(np.float64(0.06869678603415659), np.float64(0.14791132772981969))","(np.float64(-191.91430361240953), np.float64(208.4033782572467))"
4494,"((0, 3), (2, 11), (17, 18))","(np.float64(0.11707082580727865), np.float64(0.13700784043261666), np.float64(0.08899474302059726))","(np.float64(-339.0345812025006), np.float64(203.74616484787794), np.float64(323.1600336867291))"
4496,"((0, 14), (3, 18), (17, 19))","(np.float64(0.11000802045902713), np.float64(0.14779726167527285), np.float64(0.09674517584689753))","(np.float64(188.36299411410633), np.float64(119.86574121434006), np.float64(-116.233198896846))"
4497,"((0, 2), (5, 14), (9, 12), (13, 18))","(np.float64(0.1128890951388795), np.float64(0.11063611842508293), np.float64(0.13630050658788137), np.float64(0.06701684038828433))","(np.float64(-95.09732580042129), np.float64(197.66873323445384), np.float64(-13.565313281115493), np.float64(-142.76294398270758))"
4498,"((10, 13), (10, 18))","(np.float64(0.09010590326854719), np.float64(0.12866210144305198))","(np.float64(-21.60698682822266), np.float64(-214.52434043249144))"
4499,"((7, 13),)","(np.float64(0.11050943748843671),)","(np.float64(72.42417843122848),)"
4500,"((1, 12), (4, 12), (0, 15))","(np.float64(0.12584044504324024), np.float64(0.1486785318927945), np.float64(0.12922501891048135))","(np.float64(220.60204984460313), np.float64(-36.19550845544836), np.float64(140.33153320668896))"
4501,"((0, 16), (1, 9), (3, 8), (1, 8), (5, 13))","(np.float64(0.14415298878279154), np.float64(0.13189252152828984), np.float64(0.07175305111545995), np.float64(0.1061067667607608), np.float64(0.14278512461034776))","(np.float64(-39.597150870423036), np.float64(209.60757345637734), np.float64(-102.71265138922632), np.float64(185.6361621086798), np.float64(-123.82329885037353))"
4502,"((5, 7), (7, 11))","(np.float64(0.14001245720317337), np.float64(0.13865626643223408))","(np.float64(-3.553102954671715), np.float64(-18.055725555811136))"
4504,"((2, 12), (2, 19), (0, 7))","(np.float64(0.11104957416966536), np.float64(0.14608725465766464), np.float64(0.14173953205285675))","(np.float64(114.77462473579328), np.float64(0.624233425818602), np.float64(154.1019399829301))"
4505,"((1, 10), (13, 15))","(np.float64(0.09434739097810846), np.float64(0.1292108123258876))","(np.float64(265.6924525606112), np.float64(-202.63156743562502))"
4506,"((17, 19), (7, 14), (1, 8))","(np.float64(0.04209841548418384), np.float64(0.09844867350449131), np.float64(0.14317227428954055))","(np.float64(-243.46050064129355), np.float64(-63.0067516567683), np.float64(252.69874013677878))"
4507,"((0, 9), (0, 18), (13, 17))","(np.float64(0.09273455836503838), np.float64(0.1468673221343707), np.float64(0.044144864241224394))","(np.float64(212.98423771425897), np.float64(-122.06755692550999), np.float64(306.47480143201676))"
4509,"((1, 18), (2, 16), (3, 9))","(np.float64(0.10017228273458038), np.float64(0.07634237681866822), np.float64(0.04150434299522951))","(np.float64(24.17583114162369), np.float64(228.31481003445708), np.float64(-71.66491006097846))"
4511,"((3, 19), (7, 13), (10, 15), (3, 15))","(np.float64(0.12031400034448324), np.float64(0.1480659793294926), np.float64(0.0892534199257904), np.float64(0.09308685045543852))","(np.float64(55.06223167447615), np.float64(-89.90594461335405), np.float64(-86.59546039554209), np.float64(174.01234294181359))"
4512,"((8, 18),)","(np.float64(0.1494844661878939),)","(np.float64(144.4618417821116),)"
4513,"((5, 16),)","(np.float64(0.13711725974881359),)","(np.float64(178.95015994578137),)"
4514,"((2, 8), (11, 15))","(np.float64(0.049838745210968705), np.float64(0.09391638804022133))","(np.float64(269.4652626523383), np.float64(-79.24752222517145))"
4515,"((2, 7), (2, 18))","(np.float64(0.09009429021877403), np.float64(0.09815727820331897))","(np.float64(-33.674974109586), np.float64(98.65490957283515))"
4516,"((7, 16),)","(np.float64(0.0844791291358001),)","(np.float64(201.7187032867011),)"
4517,"((0, 9), (3, 10))","(np.float64(0.13888642661162665), np.float64(0.12800279341531218))","(np.float64(179.37522652097516), np.float64(189.17167163548658))"
4518,"((0, 8), (0, 13), (1, 12))","(np.float64(0.06754228875060303), np.float64(0.021667832125697065), np.float64(0.13165832359144558))","(np.float64(217.1912475532518), np.float64(142.7880372758113), np.float64(175.4383940815526))"
4519,"((13, 14),)","(np.float64(0.10427553385954821),)","(np.float64(-183.12786778443234),)"
4521,"((6, 9), (9, 19))","(np.float64(0.010921722910072228), np.float64(0.11887289469346493))","(np.float64(-3.573834303510125), np.float64(196.64234228830617))"
4522,"((2, 16), (3, 13), (4, 9), (4, 15), (2, 11), (3, 11))","(np.float64(0.14749521799918588), np.float64(0.07422087700722746), np.float64(0.12114998685836571), np.float64(0.14023783078885552), np.float64(0.1304572206687448), np.float64(0.1306520366628463))","(np.float64(88.23412329400207), np.float64(127.09611818828085), np.float64(245.96611163554059), np.float64(132.0718947116007), np.float64(211.69528292358677), np.float64(179.00303060014653))"
4523,"((5, 14), (7, 14), (6, 16))","(np.float64(0.09613052354565532), np.float64(0.10605743045619721), np.float64(0.14370884006759213))","(np.float64(-170.68643032544156), np.float64(-205.12358833396064), np.float64(154.6452162769629))"
4524,"((8, 13),)","(np.float64(0.10657955326795727),)","(np.float64(-96.77433838551872),)"
4525,"((0, 9), (3, 13))","(np.float64(0.14143273816269872), np.float64(0.14097521092562307))","(np.float64(146.02511827402458), np.float64(291.7146886244185))"
4526,"((8, 13), (0, 9))","(np.float64(0.026984203361133798), np.float64(0.14543697825793522))","(np.float64(205.56881650046444), np.float64(196.697528419438))"
4527,"((4, 14), (6, 8), (13, 15), (7, 13))","(np.float64(0.06858327816480886), np.float64(0.11310486157524767), np.float64(0.07580642201978742), np.float64(0.14845118480637387))","(np.float64(139.63801754229024), np.float64(-40.599703700844714), np.float64(-89.02301584282844), np.float64(-132.81458050702747))"
4528,"((9, 12), (11, 16), (0, 13))","(np.float64(0.0996920164545598), np.float64(0.04289972455593108), np.float64(0.12379552221825836))","(np.float64(-49.320838283128126), np.float64(-12.948783946735432), np.float64(105.36932802487686))"
4529,"((11, 12), (14, 19))","(np.float64(0.07500278299267141), np.float64(0.09742778028581527))","(np.float64(39.80674152355857), np.float64(-98.00814058951781))"
4530,"((2, 14), (4, 5), (7, 19))","(np.float64(0.12027292104191438), np.float64(0.05814511229927483), np.float64(0.11974216947720044))","(np.float64(-275.9190741706202), np.float64(292.94302924391127), np.float64(156.59933967739485))"
4531,"((4, 10), (7, 11))","(np.float64(0.14634726403871245), np.float64(0.03729948144725224))","(np.float64(226.43074179709157), np.float64(-26.575567146421463))"
4532,"((5, 15),)","(np.float64(0.1454140023644493),)","(np.float64(-107.11573298816353),)"
4533,"((0, 3), (6, 12))","(np.float64(0.03579242139680253), np.float64(0.13115605359204374))","(np.float64(155.61535136963664), np.float64(-69.32772293597714))"
4534,"((0, 8), (0, 12), (2, 3))","(np.float64(0.14090216774353947), np.float64(0.11869224391777375), np.float64(0.06051551121537304))","(np.float64(-77.74327592680632), np.float64(117.38440918708594), np.float64(24.657204179100688))"
4535,"((0, 7), (6, 13), (8, 12), (8, 16), (10, 17), (12, 16))","(np.float64(0.09530834062938712), np.float64(0.09149829843992535), np.float64(0.10113348731542089), np.float64(0.11914177775534955), np.float64(0.08352735388910698), np.float64(0.09295029696453683))","(np.float64(-103.82730820493563), np.float64(156.92972117338928), np.float64(120.2657745303103), np.float64(102.44204695747163), np.float64(69.93059923927214), np.float64(-10.719713176171183))"
4536,"((1, 6), (2, 19), (4, 12))","(np.float64(0.06212711985776387), np.float64(0.13806221965965443), np.float64(0.13994738007139557))","(np.float64(222.89078285516223), np.float64(28.41392871939354), np.float64(273.2499646795773))"
4537,"((10, 15), (4, 15))","(np.float64(0.11325519634492656), np.float64(0.09422914680354659))","(np.float64(37.92366378194828), np.float64(102.0025038160395))"
4539,"((4, 16), (7, 16))","(np.float64(0.12655863572926765), np.float64(0.13188672498892084))","(np.float64(157.48357047768758), np.float64(-115.11034283249376))"
4540,"((2, 18), (2, 16))","(np.float64(0.14384708646229624), np.float64(0.14296522935974693))","(np.float64(58.25620491236015), np.float64(110.18462705588365))"
4541,"((5, 17),)","(np.float64(0.06769204147409853),)","(np.float64(-169.15239429486752),)"
4542,"((1, 2), (2, 14))","(np.float64(0.14642506985866785), np.float64(0.12479576057714005))","(np.float64(-112.70211560746051), np.float64(44.92145653972369))"
4544,"((5, 18), (9, 14), (2, 13))","(np.float64(0.11357051791822868), np.float64(0.03983466779628806), np.float64(0.14789292986866892))","(np.float64(-186.48393916413903), np.float64(-141.0911871298606), np.float64(205.85598851266764))"
4545,"((0, 19), (11, 14))","(np.float64(0.13304446368046627), np.float64(0.13486964689513953))","(np.float64(99.25250083104504), np.float64(-83.1521749127524))"
4546,"((2, 19), (14, 16), (7, 19), (3, 11))","(np.float64(0.1463303190887114), np.float64(0.10584779709906136), np.float64(0.14557425214475792), np.float64(0.14623055374165425))","(np.float64(19.46003701658276), np.float64(-82.82334803675599), np.float64(163.11033762931976), np.float64(238.00684005164237))"
4548,"((9, 19),)","(np.float64(0.14060688232671825),)","(np.float64(11.679621334974144),)"
4549,"((13, 15), (2, 15), (5, 8), (2, 10))","(np.float64(0.09170282962233516), np.float64(0.1399106725448301), np.float64(0.14468759361075464), np.float64(0.14554897235066236))","(np.float64(-68.4956934775089), np.float64(116.8166500103988), np.float64(181.29223651205945), np.float64(174.46600779270693))"
4550,"((0, 6),)","(np.float64(0.0566710449307295),)","(np.float64(-58.73320253765368),)"
4551,"((2, 18), (10, 17))","(np.float64(0.04430943510681302), np.float64(0.07443583191099205))","(np.float64(98.06847711110314), np.float64(-109.93888157957417))"
4552,"((0, 15), (0, 16), (1, 9), (15, 16))","(np.float64(0.14324958354443346), np.float64(0.025659991537747128), np.float64(0.031227198862638632), np.float64(0.13246073257813346))","(np.float64(85.69886125059926), np.float64(37.92931290795556), np.float64(124.77564868971564), np.float64(-47.7695483426437))"
4553,"((6, 9),)","(np.float64(0.050398617476827105),)","(np.float64(-73.52929159052167),)"
4554,"((5, 13),)","(np.float64(0.13326957335810147),)","(np.float64(-114.48976725171093),)"
4555,"((2, 11), (6, 8), (7, 15))","(np.float64(0.1270836914626915), np.float64(0.05822344223923401), np.float64(0.09988872298473268))","(np.float64(-74.02301334000106), np.float64(24.7806461822002), np.float64(-182.71305298616028))"
4556,"((7, 10), (4, 19))","(np.float64(0.05625670075333507), np.float64(0.1179247087128897))","(np.float64(227.70039679931983), np.float64(115.78610229636323))"
4557,"((2, 14),)","(np.float64(0.1253113456099935),)","(np.float64(182.43841984642518),)"
4559,"((7, 8),)","(np.float64(0.05580941997032332),)","(np.float64(-51.30198108961184),)"
4560,"((4, 18), (0, 4))","(np.float64(0.10183390491480653), np.float64(0.12414014836531385))","(np.float64(179.47253246442534), np.float64(-59.398188960669586))"
4562,"((1, 3),)","(np.float64(0.06851486233440557),)","(np.float64(264.49405213353697),)"
4563,"((1, 2), (4, 8), (5, 12))","(np.float64(0.0450654231387692), np.float64(0.09537919209610826), np.float64(0.010976508283860863))","(np.float64(240.75892568029008), np.float64(-45.411435144812344), np.float64(-153.50179564022295))"
4564,"((2, 9),)","(np.float64(0.08358892177942175),)","(np.float64(206.58078964414767),)"
4565,"((1, 18), (6, 19), (8, 11), (12, 17), (2, 17), (7, 17), (12, 15))","(np.float64(0.08775326607560241), np.float64(0.11648471964454964), np.float64(0.13240849148530107), np.float64(0.1155818767676686), np.float64(0.1134203073086204), np.float64(0.09672227867362135), np.float64(0.14968418258465763))","(np.float64(13.042996972077844), np.float64(50.473983252338456), np.float64(134.46554800858215), np.float64(-21.858661024592067), np.float64(83.71011400402202), np.float64(74.37877256307095), np.float64(-54.73836650141021))"
4567,"((4, 12),)","(np.float64(0.06769597161215718),)","(np.float64(15.174781118723729),)"
4568,"((8, 14),)","(np.float64(0.12473731490135118),)","(np.float64(-113.50502992487446),)"
4569,"((0, 7), (3, 9), (7, 16), (8, 9), (15, 19), (0, 17), (2, 16), (2, 17), (4, 17))","(np.float64(0.11541763910449442), np.float64(0.1289769401299738), np.float64(0.10541989867617102), np.float64(0.08303402170777645), np.float64(0.10605701670354224), np.float64(0.14406175258757714), np.float64(0.1271196084098849), np.float64(0.13252233308955771), np.float64(0.14193734545649614))","(np.float64(207.7623533781986), np.float64(-85.63384132092551), np.float64(-163.2858271353282), np.float64(40.28250659096875), np.float64(-35.292313484076544), np.float64(23.586539702449045), np.float64(-215.1120496414348), np.float64(-229.455076304842), np.float64(-184.74601117098615))"
4570,"((2, 12), (6, 18))","(np.float64(0.08307390120155797), np.float64(0.05734620515322426))","(np.float64(-116.87911738798783), np.float64(148.73281522945175))"
4571,"((3, 4), (15, 16), (3, 10))","(np.float64(0.08231533445018004), np.float64(0.14698320864105338), np.float64(0.03089107459722825))","(np.float64(306.0348396028277), np.float64(-103.29083496695836), np.float64(180.4141911133475))"
4572,"((7, 18),)","(np.float64(0.13191156977031326),)","(np.float64(-178.3631926908407),)"
4573,"((8, 18),)","(np.float64(0.08648256104324892),)","(np.float64(-160.06092508397262),)"
4574,"((0, 3),)","(np.float64(0.020597125838387353),)","(np.float64(-150.80349696665388),)"
4576,"((0, 2), (2, 5), (3, 14), (6, 15), (16, 19), (5, 14))","(np.float64(0.0898706030248762), np.float64(0.12410538280685093), np.float64(0.08884587185830438), np.float64(0.12041407035936993), np.float64(0.1011747174856111), np.float64(0.11992838683149706))","(np.float64(14.58121539563163), np.float64(-73.4095657086487), np.float64(179.55419702611098), np.float64(-103.89649875869003), np.float64(-180.76527457447182), np.float64(-45.21804179978511))"
4578,"((14, 17),)","(np.float64(0.13711070191985583),)","(np.float64(-77.71801150692625),)"
4579,"((5, 9), (11, 18))","(np.float64(0.12299197173863086), np.float64(0.011805830444882814))","(np.float64(234.80735548329403), np.float64(-220.4247425432359))"
4580,"((0, 11), (6, 13), (8, 14), (8, 19), (14, 19), (9, 17))","(np.float64(0.1444484587718213), np.float64(0.1141293290998105), np.float64(0.006858139323613875), np.float64(0.14216971828213834), np.float64(0.14901768158518758), np.float64(0.1424890776710014))","(np.float64(199.3276029122759), np.float64(-105.69045017883235), np.float64(-48.03495012970757), np.float64(-221.55136874195722), np.float64(-173.51641861224965), np.float64(-200.6714495882286))"
4581,"((0, 6),)","(np.float64(0.06964431788984299),)","(np.float64(-122.70246336684178),)"
4582,"((6, 13), (3, 8))","(np.float64(0.10565293130943469), np.float64(0.13213779021280853))","(np.float64(179.6897041229314), np.float64(-115.4243172152697))"
4583,"((0, 3),)","(np.float64(0.14490720324315032),)","(np.float64(-47.93760984388692),)"
4584,"((1, 10), (13, 19), (9, 17))","(np.float64(0.12372605432869757), np.float64(0.1462172989991863), np.float64(0.14461792331718148))","(np.float64(161.8232089488348), np.float64(-169.9073620216035), np.float64(-226.81883369273913))"
4585,"((6, 18), (7, 15))","(np.float64(0.07057840318263685), np.float64(0.1289074806275775))","(np.float64(190.6222145299193), np.float64(166.0144502689149))"
4587,"((1, 18), (2, 17))","(np.float64(0.13818971215941767), np.float64(0.0658834012322231))","(np.float64(65.9886160672389), np.float64(93.40580576284799))"
4588,"((0, 1), (9, 11), (12, 18))","(np.float64(0.1269693821574676), np.float64(0.13346988015433697), np.float64(0.13553889009315043))","(np.float64(-57.96210232950142), np.float64(18.82991339667882), np.float64(-28.54039118997747))"
4589,"((10, 19),)","(np.float64(0.08869583818378363),)","(np.float64(92.52646736932147),)"
4590,"((5, 9), (8, 17), (11, 16), (12, 18), (6, 15))","(np.float64(0.12579096888518246), np.float64(0.12943924405815227), np.float64(0.07525771578171186), np.float64(0.10479578180870446), np.float64(0.14085362309385385))","(np.float64(212.32699509045602), np.float64(-208.54348717334068), np.float64(-172.40759989331474), np.float64(-222.7195150342938), np.float64(-195.75924358168322))"
4591,"((1, 18), (4, 6), (5, 19))","(np.float64(0.10029863190278397), np.float64(0.0844944732969563), np.float64(0.07874096454984847))","(np.float64(-27.03474735381235), np.float64(-63.42829613471224), np.float64(80.34950879833463))"
4592,"((9, 12), (15, 16), (4, 12), (10, 16), (2, 12))","(np.float64(0.1354782859198353), np.float64(0.11582952148356228), np.float64(0.06540389854922093), np.float64(0.09939598019876048), np.float64(0.12467055525315378))","(np.float64(-71.78549283947399), np.float64(-49.21881349127534), np.float64(136.00952373112312), np.float64(193.88045812185527), np.float64(170.579576913803))"
4593,"((0, 11), (8, 15), (7, 16), (9, 15))","(np.float64(0.10535860987307928), np.float64(0.11915530857404948), np.float64(0.14226095228645158), np.float64(0.1190426052678434))","(np.float64(273.94506528726754), np.float64(147.35145522137327), np.float64(154.25258327707064), np.float64(55.11463771054002))"
4594,"((7, 18), (2, 14))","(np.float64(0.1196401842667201), np.float64(0.12298900568880662))","(np.float64(-216.18951787583137), np.float64(-63.522214340046645))"
4595,"((1, 4), (1, 10), (5, 8), (4, 16))","(np.float64(0.03793943530400718), np.float64(0.12519027663283375), np.float64(0.07255657218310585), np.float64(0.12844319530695636))","(np.float64(-69.67792541365944), np.float64(-124.04136480199529), np.float64(-80.40802275868998), np.float64(188.51052753872693))"
4597,"((1, 9), (8, 17), (5, 11))","(np.float64(0.14564985761059923), np.float64(0.13045543921487046), np.float64(0.05606794585507036))","(np.float64(99.18189642776952), np.float64(86.6324131798691), np.float64(147.81092375449566))"
4598,"((2, 6),)","(np.float64(0.10969283155428489),)","(np.float64(-90.99083515136999),)"
4599,"((4, 11), (8, 18), (12, 16), (8, 9), (1, 12))","(np.float64(0.14833081687735655), np.float64(0.06728865332842934), np.float64(0.05667357918544225), np.float64(0.13758334747016748), np.float64(0.09278361737357388))","(np.float64(253.0717654871678), np.float64(-159.9387875283926), np.float64(-95.40591407099777), np.float64(6.44913731669277), np.float64(-121.24828476886267))"
4600,"((4, 17),)","(np.float64(0.047356925472427334),)","(np.float64(123.8149359296726),)"
4601,"((0, 16),)","(np.float64(0.1299374561426099),)","(np.float64(6.724084104187256),)"
4604,"((0, 13),)","(np.float64(0.1397962705233878),)","(np.float64(-167.61474550030556),)"
4605,"((2, 18), (7, 10), (10, 16))","(np.float64(0.13173770216025518), np.float64(0.10888685448736343), np.float64(0.14118385038272585))","(np.float64(110.95404635542795), np.float64(35.42368297820758), np.float64(-255.23461078052236))"
4606,"((0, 1), (1, 8), (14, 17), (1, 11))","(np.float64(0.10976957921362115), np.float64(0.12882714367742856), np.float64(0.11304599492526295), np.float64(0.13859128265299997))","(np.float64(310.980026038156), np.float64(243.63125417242952), np.float64(-121.76847124290134), np.float64(163.7121373939592))"
4607,"((14, 16), (15, 19), (10, 18), (13, 18))","(np.float64(0.13220724312024357), np.float64(0.045611121855301466), np.float64(0.13283962479463216), np.float64(0.13673908057570805))","(np.float64(21.721143529239384), np.float64(-157.64031529543405), np.float64(-172.8604675942917), np.float64(-168.53124681547422))"
4609,"((1, 10), (4, 16), (8, 19))","(np.float64(0.10851479569453616), np.float64(0.1467133275361587), np.float64(0.07820685181454849))","(np.float64(93.05043649232442), np.float64(-135.04667870685006), np.float64(130.36619069480997))"
4610,"((7, 9),)","(np.float64(0.07067414497371087),)","(np.float64(254.87935651695346),)"
4612,"((3, 9), (3, 19))","(np.float64(0.12770329236269942), np.float64(0.14393186445876838))","(np.float64(261.3010189893225), np.float64(64.49528579971891))"
4613,"((0, 15), (6, 18), (7, 14), (0, 11), (11, 15))","(np.float64(0.1481765624144912), np.float64(0.1316547798954155), np.float64(0.12547428173920555), np.float64(0.14884554998941932), np.float64(0.08643857957337624))","(np.float64(-297.3451408040758), np.float64(-235.4824105739528), np.float64(-126.16476444964144), np.float64(139.54415350454758), np.float64(-119.2536284150687))"
4614,"((3, 9),)","(np.float64(0.1379582229231308),)","(np.float64(225.581306190828),)"
4615,"((0, 9), (1, 4), (6, 13), (1, 13), (4, 13), (3, 13))","(np.float64(0.13029743362168628), np.float64(0.10717192650121657), np.float64(0.05714897701975865), np.float64(0.11791234219699764), np.float64(0.054858638300416714), np.float64(0.12031443116228051))","(np.float64(194.11935702374018), np.float64(324.3945904406913), np.float64(-121.13015418757578), np.float64(-128.24850457520654), np.float64(146.25735950528139), np.float64(-140.4016903456578))"
4616,"((4, 14), (5, 18))","(np.float64(0.08933448198533607), np.float64(0.04797521356619758))","(np.float64(-107.04419279621357), np.float64(-309.7861980280708))"
4617,"((2, 13),)","(np.float64(0.11828008105229953),)","(np.float64(204.46358412756177),)"
4618,"((6, 10),)","(np.float64(0.046365023293438),)","(np.float64(71.82177116602082),)"
4620,"((12, 17), (0, 11))","(np.float64(0.09508075254697369), np.float64(0.14798535311721187))","(np.float64(-89.36290695047947), np.float64(41.82574700093653))"
4621,"((2, 13), (3, 15))","(np.float64(0.1296032349657678), np.float64(0.11058779948338865))","(np.float64(244.56046535500394), np.float64(235.38331161073904))"
4622,"((6, 7), (8, 13), (10, 18))","(np.float64(0.1287872911495973), np.float64(0.06105080455424978), np.float64(0.07172195111836248))","(np.float64(-4.648350263673365), np.float64(-94.55176883468187), np.float64(-182.8084114793137))"
4623,"((4, 15),)","(np.float64(0.1365387057374099),)","(np.float64(-64.65854542636202),)"
4624,"((2, 12), (3, 7))","(np.float64(0.07294926744072035), np.float64(0.1311219553135857))","(np.float64(211.25651895513403), np.float64(-48.726845190132906))"
4625,"((2, 10), (2, 17), (4, 5), (10, 17))","(np.float64(0.13841520743037403), np.float64(0.09281536625216162), np.float64(0.12324935200194274), np.float64(0.046802044911336306))","(np.float64(208.56495788180194), np.float64(139.4901151317382), np.float64(-3.5297799222539084), np.float64(-69.07484275006374))"
4626,"((2, 6), (8, 14), (14, 15), (10, 17), (0, 12))","(np.float64(0.13921668387043107), np.float64(0.1246212020443118), np.float64(0.09438758284308633), np.float64(0.11632862820823209), np.float64(0.1484054836146362))","(np.float64(272.83567333692196), np.float64(-201.6609773926083), np.float64(41.84730119580087), np.float64(-176.00026838945473), np.float64(143.3318959242298))"
4627,"((3, 4), (1, 5))","(np.float64(0.09108287420905459), np.float64(0.1368543370446149))","(np.float64(25.687760617529705), np.float64(-59.297537795355254))"
4628,"((0, 13), (0, 19), (1, 18), (6, 10), (7, 13))","(np.float64(0.08371123070785266), np.float64(0.12313248705638388), np.float64(0.06791343246372462), np.float64(0.044997925436518954), np.float64(0.12937911560857165))","(np.float64(168.92339018718434), np.float64(12.79518042964338), np.float64(89.66896141891189), np.float64(171.2598682236756), np.float64(171.12865820728695))"
4629,"((4, 13), (5, 9))","(np.float64(0.09316455921901814), np.float64(0.11906703746498422))","(np.float64(146.43840023482784), np.float64(331.070556062877))"
4630,"((8, 17),)","(np.float64(0.08534559734892871),)","(np.float64(174.51083459186577),)"
4631,"((0, 10), (0, 7))","(np.float64(0.07902577901132299), np.float64(0.07901039022362318))","(np.float64(-148.1126825936844), np.float64(-122.25761034299441))"
4632,"((7, 19),)","(np.float64(0.1373596080674792),)","(np.float64(-298.07855217829376),)"
4634,"((0, 4), (1, 5))","(np.float64(0.11781332568998837), np.float64(0.13985861194377358))","(np.float64(-63.37545460314033), np.float64(-33.04701041034593))"
4635,"((15, 19), (6, 18), (15, 18))","(np.float64(0.13192427084008648), np.float64(0.12836624795742882), np.float64(0.13213330503035073))","(np.float64(-165.92166152553594), np.float64(-194.66429150939948), np.float64(-141.95211419238976))"
4636,"((0, 5), (14, 18))","(np.float64(0.12928475622049979), np.float64(0.12904697517038913))","(np.float64(240.9472619764303), np.float64(-39.277704015079564))"
4637,"((0, 1), (2, 11))","(np.float64(0.12902953810558718), np.float64(0.13846362034514623))","(np.float64(-16.347084551878368), np.float64(-134.06435796886888))"
4638,"((3, 12), (11, 12), (11, 14))","(np.float64(0.07740965660142556), np.float64(0.12870408384873924), np.float64(0.14978148067700617))","(np.float64(145.6769650548821), np.float64(-20.92800717107673), np.float64(-21.13075683588181))"
4639,"((12, 14),)","(np.float64(0.11625488231993364),)","(np.float64(-140.10504453029404),)"
4640,"((0, 6), (0, 10), (6, 10))","(np.float64(0.030409467207434496), np.float64(0.0885186731329881), np.float64(0.11891518057862704))","(np.float64(-76.5544749152809), np.float64(204.4334752529911), np.float64(280.987950168272))"
4641,"((10, 18),)","(np.float64(0.040029620867234876),)","(np.float64(-154.12881708680294),)"
4642,"((3, 17),)","(np.float64(0.09510503455330058),)","(np.float64(-310.9583930077088),)"
4643,"((1, 7), (11, 13))","(np.float64(0.1282093627282999), np.float64(0.1003204958336437))","(np.float64(237.4278150294844), np.float64(-21.22211791579707))"
4644,"((0, 5), (1, 13), (8, 11), (1, 6))","(np.float64(0.1405528498598886), np.float64(0.11164675757916867), np.float64(0.13107064320029344), np.float64(0.09225998430486729))","(np.float64(-187.627408658988), np.float64(165.32043483074128), np.float64(20.38705306719754), np.float64(182.63133843229204))"
4645,"((3, 13),)","(np.float64(0.06896547882206092),)","(np.float64(131.64153733318062),)"
4647,"((1, 8), (2, 11))","(np.float64(0.07775903985028322), np.float64(0.07204376172987235))","(np.float64(200.49535675125105), np.float64(231.19404133714517))"
4648,"((1, 11),)","(np.float64(0.13088235860274464),)","(np.float64(-96.3928310386998),)"
4650,"((0, 1),)","(np.float64(0.13240201262475876),)","(np.float64(38.584064342356356),)"
4651,"((2, 8), (6, 13), (10, 19))","(np.float64(0.13093326996580967), np.float64(0.10582162122703698), np.float64(0.149444109975358))","(np.float64(216.90567004576258), np.float64(-12.531944565533536), np.float64(157.35621614124972))"
4652,"((7, 18),)","(np.float64(0.10239452174764489),)","(np.float64(115.75669212637484),)"
4653,"((1, 14),)","(np.float64(0.1378633530533298),)","(np.float64(179.94163893564934),)"
4655,"((3, 12), (4, 17))","(np.float64(0.11400886273728945), np.float64(0.09532932093721116))","(np.float64(-136.71239373201223), np.float64(-140.78707337178315))"
4656,"((3, 5), (11, 16))","(np.float64(0.14113051338061194), np.float64(0.14128552351140522))","(np.float64(299.6619904810348), np.float64(-221.35048510028685))"
4658,"((4, 5), (7, 9), (11, 12), (4, 8))","(np.float64(0.12620265522779583), np.float64(0.11958712821526843), np.float64(0.11059816328508615), np.float64(0.1398496976958131))","(np.float64(-45.359009149992346), np.float64(249.85459052998328), np.float64(-44.99656956795849), np.float64(206.83660774355542))"
4659,"((16, 17), (11, 19))","(np.float64(0.12333281912884021), np.float64(0.14415384544097454))","(np.float64(45.839014298352424), np.float64(-158.58919869641846))"
4660,"((15, 19),)","(np.float64(0.13828826177188355),)","(np.float64(-50.69591703343099),)"
4661,"((0, 5), (5, 11))","(np.float64(0.13537145054352362), np.float64(0.14708894873473535))","(np.float64(-128.7499432716419), np.float64(238.0402304709304))"
4662,"((0, 7), (3, 7), (10, 17))","(np.float64(0.13493919186371411), np.float64(0.08776763735181994), np.float64(0.08399078696220029))","(np.float64(238.77612756589366), np.float64(241.48522863289838), np.float64(-197.0623204636876))"
4663,"((2, 3), (2, 19), (3, 19), (9, 11), (13, 19))","(np.float64(0.10612932314118201), np.float64(0.03172105121075057), np.float64(0.11097660727816376), np.float64(0.04675752019423682), np.float64(0.14994691438782223))","(np.float64(-316.17036470773235), np.float64(-274.4147128448808), np.float64(41.69072190069335), np.float64(-8.896177283576321), np.float64(156.11999304140778))"
4665,"((1, 13), (8, 13))","(np.float64(0.13924151284509545), np.float64(0.08533788643271151))","(np.float64(182.99700063463558), np.float64(303.8110459127732))"
4666,"((4, 14),)","(np.float64(0.14804187113534933),)","(np.float64(201.69209511102594),)"
4668,"((4, 14), (6, 16), (5, 17))","(np.float64(0.12642426829246442), np.float64(0.08198317061694471), np.float64(0.10519299340213607))","(np.float64(166.91417655685183), np.float64(-123.97971315583771), np.float64(-76.89017209677519))"
4669,"((4, 12), (8, 10))","(np.float64(0.0824255726777586), np.float64(0.11509677949370621))","(np.float64(-173.15886369254133), np.float64(21.69062233083224))"
4670,"((4, 14), (10, 19), (11, 15), (1, 7), (2, 7))","(np.float64(0.11723668169020678), np.float64(0.11786176444393674), np.float64(0.09440584235914261), np.float64(0.14066784659931383), np.float64(0.07051437012584662))","(np.float64(234.2634874628967), np.float64(-154.88741057962537), np.float64(-55.83446671816313), np.float64(177.49751628450568), np.float64(133.1693462743634))"
4671,"((1, 15), (3, 7), (9, 18), (3, 8), (1, 9))","(np.float64(0.11567758653502962), np.float64(0.08806186366797147), np.float64(0.09460285377072152), np.float64(0.13913194730026673), np.float64(0.11944536008324458))","(np.float64(82.43074561695687), np.float64(173.59788733370135), np.float64(-141.84830959034883), np.float64(181.5964765029451), np.float64(174.63946262458893))"
4674,"((0, 5), (2, 12))","(np.float64(0.04467784597216083), np.float64(0.06458589416399317))","(np.float64(259.840975586856), np.float64(169.91330690386843))"
4675,"((10, 11),)","(np.float64(0.12741481413539135),)","(np.float64(44.51194610772478),)"
4677,"((13, 15),)","(np.float64(0.1252228988651976),)","(np.float64(-252.68523476212675),)"
4678,"((5, 13),)","(np.float64(0.1096914633168313),)","(np.float64(164.79898875829872),)"
4679,"((7, 8), (7, 9))","(np.float64(0.14623041673824563), np.float64(0.08794864509864136))","(np.float64(-1.3469374565112275), np.float64(34.35574105275191))"
4680,"((1, 2),)","(np.float64(0.09887271828547622),)","(np.float64(-47.05188460616745),)"
4681,"((15, 17),)","(np.float64(0.14236301975220883),)","(np.float64(-86.20188368214033),)"
4682,"((0, 16), (2, 11))","(np.float64(0.13544142591163538), np.float64(0.10381642940092949))","(np.float64(81.04989659746877), np.float64(201.96400433609142))"
4684,"((4, 13), (14, 16))","(np.float64(0.11662272839754866), np.float64(0.12643917613386577))","(np.float64(0.4521597880757895), np.float64(-65.01024758817437))"
4685,"((3, 18), (0, 11), (6, 18), (0, 2), (2, 12))","(np.float64(0.14801579099169127), np.float64(0.14057836467635604), np.float64(0.13970879404136935), np.float64(0.14462183779611348), np.float64(0.13609114201084693))","(np.float64(130.00387663025532), np.float64(169.48433728589097), np.float64(160.10745102649588), np.float64(-31.598380305227295), np.float64(144.2036786303588))"
4686,"((0, 5), (9, 16))","(np.float64(0.1270061320891869), np.float64(0.12352911776208839))","(np.float64(-19.09316466208682), np.float64(-47.742831765312474))"
4687,"((2, 11), (2, 19), (7, 16), (8, 14), (13, 14), (11, 18), (0, 13))","(np.float64(0.13662940954314087), np.float64(0.08892898076835493), np.float64(0.12578913602899372), np.float64(0.1098599168309218), np.float64(0.1484990469545321), np.float64(0.11516176373646894), np.float64(0.11647395704551376))","(np.float64(-133.1398347539527), np.float64(26.457620200805394), np.float64(-25.04165027901314), np.float64(15.106178296218161), np.float64(-309.0809112080271), np.float64(118.80021405282776), np.float64(-107.76145640308502))"
4688,"((6, 16),)","(np.float64(0.05732779262731679),)","(np.float64(-122.70642641191631),)"
4689,"((16, 19), (8, 19), (13, 19))","(np.float64(0.10924699028707183), np.float64(0.1405870387825172), np.float64(0.10407802754127182))","(np.float64(-190.3639379073689), np.float64(-287.13870136236477), np.float64(-158.14041458857088))"
4690,"((0, 13),)","(np.float64(0.04818329958381493),)","(np.float64(155.52954525640723),)"
4691,"((10, 17),)","(np.float64(0.1117039094677699),)","(np.float64(-166.91125114562956),)"
4692,"((1, 14), (7, 14), (7, 19), (14, 19), (15, 18), (9, 19))","(np.float64(0.07678405056381934), np.float64(0.09232039587736161), np.float64(0.04055000915237808), np.float64(0.11622386759709077), np.float64(0.058247133315032874), np.float64(0.13689500954269623))","(np.float64(122.41559309869172), np.float64(160.5648231991384), np.float64(181.0045498276187), np.float64(-24.5602027996203), np.float64(-17.038146489323992), np.float64(177.08042392086088))"
4693,"((3, 7), (3, 8), (0, 14), (9, 16))","(np.float64(0.1212309777745312), np.float64(0.05831984538902411), np.float64(0.1418036328793155), np.float64(0.104083267892258))","(np.float64(234.8490963575179), np.float64(221.18925735797052), np.float64(188.31255921416596), np.float64(168.8465365981284))"
4694,"((1, 15),)","(np.float64(0.12492154272005888),)","(np.float64(198.14755717162137),)"
4695,"((2, 19), (8, 13))","(np.float64(0.05147773581233357), np.float64(0.1186456090376698))","(np.float64(44.46621028342429), np.float64(245.42379521724473))"
4696,"((2, 14),)","(np.float64(0.07692884314341342),)","(np.float64(198.31142859251844),)"
4700,"((6, 7), (11, 13))","(np.float64(0.10402100451136138), np.float64(0.11121402749718022))","(np.float64(322.1476145098761), np.float64(10.781826711707936))"
4701,"((1, 6), (5, 9), (7, 9))","(np.float64(0.018704257153532567), np.float64(0.11599267257245931), np.float64(0.0681872068857491))","(np.float64(-17.221008577706442), np.float64(-22.460867793298434), np.float64(-58.84642083028285))"
4702,"((9, 15), (5, 16))","(np.float64(0.09968647230103657), np.float64(0.1338990016862901))","(np.float64(199.7542597924924), np.float64(102.58199698332413))"
4703,"((7, 16),)","(np.float64(0.1488005234903071),)","(np.float64(-152.46713090142777),)"
4704,"((4, 7),)","(np.float64(0.047536954422625385),)","(np.float64(-49.92911579863835),)"
4705,"((2, 11), (1, 13))","(np.float64(0.14172934604531798), np.float64(0.13582257755803986))","(np.float64(-70.06514980210704), np.float64(-81.82580434605603))"
4706,"((3, 17),)","(np.float64(0.1336371261340004),)","(np.float64(-181.74446406195034),)"
4707,"((10, 17), (5, 18))","(np.float64(0.13892776706199336), np.float64(0.13875682154702865))","(np.float64(-64.05315536165068), np.float64(-197.92424563685864))"
4708,"((10, 18),)","(np.float64(0.13077462287819708),)","(np.float64(-139.42018328324616),)"
4709,"((1, 18), (6, 14), (2, 7))","(np.float64(0.12797089878235973), np.float64(0.1474435570344683), np.float64(0.13522366410354725))","(np.float64(29.368295480372808), np.float64(-132.25960877463103), np.float64(-70.8160823261145))"
4710,"((14, 17), (4, 8), (4, 14), (4, 6))","(np.float64(0.07014733627581085), np.float64(0.14787359417237375), np.float64(0.04338009255334007), np.float64(0.1338490969364047))","(np.float64(-103.35420865583754), np.float64(169.5934490728779), np.float64(207.61043401821155), np.float64(304.44196091339006))"
4711,"((4, 9), (12, 19))","(np.float64(0.1192932422363509), np.float64(0.1396989154511958))","(np.float64(121.8264563058064), np.float64(-107.24773367097023))"
4712,"((3, 12), (3, 15), (2, 14))","(np.float64(0.049415965780018216), np.float64(0.14784869009088616), np.float64(0.1476947789016172))","(np.float64(-155.57595214606914), np.float64(-175.11840211547445), np.float64(148.06805906122065))"
4713,"((7, 13),)","(np.float64(0.1356733890616787),)","(np.float64(90.03441893693878),)"
4714,"((6, 18),)","(np.float64(0.09110938817810221),)","(np.float64(-85.98904263941625),)"
4715,"((10, 14), (2, 12), (7, 13))","(np.float64(0.13507363968136235), np.float64(0.128515689853444), np.float64(0.1407850933665463))","(np.float64(30.28912473970496), np.float64(169.85427605751755), np.float64(146.41590497395805))"
4716,"((16, 17),)","(np.float64(0.14656651741040344),)","(np.float64(-13.235068055224474),)"
4717,"((1, 8), (9, 15))","(np.float64(0.1043289020189972), np.float64(0.09864544861210764))","(np.float64(125.01551988454378), np.float64(92.80805220043118))"
4720,"((10, 15), (18, 19), (3, 9))","(np.float64(0.09746193811159981), np.float64(0.03903736234919491), np.float64(0.016545648461332725))","(np.float64(-64.06665886640195), np.float64(-52.483755167916456), np.float64(194.96043291345643))"
4721,"((6, 14), (12, 16))","(np.float64(0.13068730479146784), np.float64(0.10759641536764794))","(np.float64(38.957008980191574), np.float64(-142.93188135416005))"
4722,"((10, 17),)","(np.float64(0.14237946770147444),)","(np.float64(-96.73723383153867),)"
4724,"((4, 16),)","(np.float64(0.06940469527763346),)","(np.float64(-13.84846072882857),)"
4725,"((2, 16), (5, 18), (10, 15), (12, 15), (0, 16))","(np.float64(0.09572640724653389), np.float64(0.09763906198389587), np.float64(0.14590573950254648), np.float64(0.1402395271299999), np.float64(0.11739697170066501))","(np.float64(225.8986424695625), np.float64(-249.48629807431882), np.float64(-29.039076196155577), np.float64(22.48337304647697), np.float64(290.9941968316225))"
4726,"((7, 15), (12, 16))","(np.float64(0.13452976613112536), np.float64(0.09537419369892909))","(np.float64(231.12398672131587), np.float64(0.901288766007383))"
4727,"((8, 11), (10, 15), (5, 16))","(np.float64(0.13341787574801497), np.float64(0.1405696527828309), np.float64(0.14315278739275702))","(np.float64(-111.2206153333052), np.float64(-115.92472000398084), np.float64(-137.08515662668435))"
4728,"((1, 7), (6, 14))","(np.float64(0.1282884676577039), np.float64(0.14524100727500644))","(np.float64(279.42192075853416), np.float64(218.57379043107574))"
4730,"((10, 17), (17, 18), (5, 14))","(np.float64(0.11678877832217369), np.float64(0.13556172141515574), np.float64(0.12534430840790148))","(np.float64(147.87597241349394), np.float64(-0.5589744235655871), np.float64(216.01570025299281))"
4731,"((0, 14), (14, 18))","(np.float64(0.1209908167081471), np.float64(0.13793411319774046))","(np.float64(114.08301012274029), np.float64(-13.492057044871387))"
4733,"((2, 17), (13, 17))","(np.float64(0.12876125037317349), np.float64(0.141525811494657))","(np.float64(-41.917146314216694), np.float64(-89.31299364871956))"
4734,"((3, 19), (1, 12), (6, 16), (1, 6))","(np.float64(0.14664685950016507), np.float64(0.147358751123653), np.float64(0.1492890591943749), np.float64(0.12002363576795222))","(np.float64(100.22238230401217), np.float64(166.03367460367343), np.float64(188.7109099058885), np.float64(-65.77720522627857))"
4735,"((1, 13), (1, 16), (4, 19), (12, 15), (13, 16), (16, 19))","(np.float64(0.089818993903375), np.float64(0.06121276154001275), np.float64(0.14262209826956046), np.float64(0.13889545024540856), np.float64(0.12699199141656395), np.float64(0.14900116420082427))","(np.float64(176.5912791877857), np.float64(219.2832580076501), np.float64(-232.6618395613255), np.float64(-51.956361288658286), np.float64(42.6919788198644), np.float64(162.85815181977313))"
4736,"((2, 4), (7, 14), (6, 15))","(np.float64(0.07551242769113606), np.float64(0.0668409272117447), np.float64(0.13500251968074364))","(np.float64(-67.63000548276932), np.float64(215.53119619320842), np.float64(-165.76300896024287))"
4737,"((3, 18), (9, 12), (16, 19))","(np.float64(0.13960497447798573), np.float64(0.05405332590421343), np.float64(0.12993189488713716))","(np.float64(13.489734015831004), np.float64(2.4651081077828962), np.float64(138.07614673057793))"
4738,"((8, 14),)","(np.float64(0.044602634008137985),)","(np.float64(204.70534696590346),)"
4740,"((13, 15), (7, 12), (9, 12))","(np.float64(0.10069046777847653), np.float64(0.13022350904341365), np.float64(0.13267896251106864))","(np.float64(35.59996158134146), np.float64(155.08230423073104), np.float64(144.02411802421693))"
4741,"((8, 18),)","(np.float64(0.14518202918603054),)","(np.float64(200.15284904301336),)"
4743,"((6, 18),)","(np.float64(0.10986576894788569),)","(np.float64(144.8201702727215),)"
4744,"((2, 7), (12, 13), (6, 15), (14, 16), (14, 15))","(np.float64(0.14417167483636864), np.float64(0.13042125403980576), np.float64(0.11487859183064164), np.float64(0.14875115019896454), np.float64(0.11259078584628637))","(np.float64(-40.58963064719035), np.float64(-338.59898144571173), np.float64(171.64956182835235), np.float64(81.04716002292281), np.float64(-221.92163433100103))"
4745,"((0, 17), (2, 8), (9, 19), (10, 11), (12, 19))","(np.float64(0.10397309222865252), np.float64(0.1329282938871363), np.float64(0.14809323964788776), np.float64(0.13231015202359603), np.float64(0.10874041903707174))","(np.float64(123.01157318845236), np.float64(232.6120751505843), np.float64(184.61509583773295), np.float64(-322.0324866649902), np.float64(201.76565412215888))"
4746,"((4, 9),)","(np.float64(0.11606303501704798),)","(np.float64(231.724241890671),)"
4747,"((1, 17), (5, 11), (14, 18))","(np.float64(0.08305679762792428), np.float64(0.10960797722418512), np.float64(0.1337637766124905))","(np.float64(95.5575233181068), np.float64(-93.38175651436245), np.float64(-117.31314853915774))"
4748,"((3, 11), (11, 18))","(np.float64(0.1445568982748844), np.float64(0.1401152816041455))","(np.float64(208.9291377899903), np.float64(-149.5027389669507))"
4749,"((1, 8),)","(np.float64(0.13971355979972497),)","(np.float64(-54.138169743489755),)"
4750,"((0, 6),)","(np.float64(0.11480195317829649),)","(np.float64(195.68530751085552),)"
4751,"((0, 15), (10, 12))","(np.float64(0.1451938753212153), np.float64(0.06475073099531414))","(np.float64(109.99548924119122), np.float64(113.38906423640503))"
4752,"((4, 5),)","(np.float64(0.14738863307310177),)","(np.float64(-26.400971642792967),)"
4753,"((9, 17),)","(np.float64(0.14851529442284708),)","(np.float64(-125.88420900324053),)"
4754,"((11, 13),)","(np.float64(0.09378597515401084),)","(np.float64(-45.33161678919174),)"
4755,"((12, 18),)","(np.float64(0.14107265241984776),)","(np.float64(-194.81855597804014),)"
4756,"((6, 15), (2, 11))","(np.float64(0.13002561005680022), np.float64(0.1305059713723571))","(np.float64(182.36222742292637), np.float64(195.23770314614205))"
4757,"((14, 19),)","(np.float64(0.0876198523795498),)","(np.float64(-196.65821785669027),)"
4759,"((4, 8),)","(np.float64(0.0430381213986824),)","(np.float64(-146.72454981624918),)"
4761,"((0, 3),)","(np.float64(0.07989951019061842),)","(np.float64(-65.73592097779877),)"
4762,"((2, 12), (3, 6), (10, 16), (14, 17))","(np.float64(0.08024221378565101), np.float64(0.10395440939550565), np.float64(0.1169067866318086), np.float64(0.14787434807637984))","(np.float64(87.71312351093073), np.float64(35.49725693981958), np.float64(3.617240234305541), np.float64(-65.84069706174176))"
4763,"((1, 3), (3, 8), (9, 19))","(np.float64(0.11160742626725187), np.float64(0.14659276903742052), np.float64(0.14857856980085737))","(np.float64(158.63236996199706), np.float64(-39.41745646233011), np.float64(-141.62872665194706))"
4764,"((4, 7), (4, 15), (5, 16), (9, 14))","(np.float64(0.12532093556339807), np.float64(0.0743337429471938), np.float64(0.12151233209532919), np.float64(0.1372965155869514))","(np.float64(-90.95345118315129), np.float64(-132.8231805986831), np.float64(-95.55693946411736), np.float64(-33.7994068667432))"
4765,"((2, 16), (2, 9), (10, 17), (2, 10))","(np.float64(0.05395918979235792), np.float64(0.1312299698490946), np.float64(0.1400839171111234), np.float64(0.14566362182562456))","(np.float64(123.08940212758591), np.float64(-123.36442975416406), np.float64(-146.79272972028218), np.float64(-151.6201067128257))"
4766,"((6, 10), (5, 15))","(np.float64(0.1448085871460186), np.float64(0.13870482330961934))","(np.float64(16.782927457825565), np.float64(-73.94258747319634))"
4767,"((5, 14), (6, 13), (4, 16), (5, 18))","(np.float64(0.11930633409210963), np.float64(0.07265186872066251), np.float64(0.14756726711246398), np.float64(0.09637707348931945))","(np.float64(-112.50093575648401), np.float64(-134.42624648378603), np.float64(-132.3810049437704), np.float64(-224.71694732521593))"
4768,"((3, 8), (9, 13), (11, 12), (11, 19))","(np.float64(0.14524348375778623), np.float64(0.09941810928229608), np.float64(0.132944156338954), np.float64(0.0745253050625939))","(np.float64(-36.04520255124345), np.float64(-115.75357537907661), np.float64(-13.204053340048745), np.float64(-141.21741528555515))"
4769,"((4, 16), (5, 8))","(np.float64(0.13496241495484726), np.float64(0.14893897363798278))","(np.float64(-116.54661348288477), np.float64(-27.051753503348323))"
4771,"((3, 11),)","(np.float64(0.06946565498998897),)","(np.float64(176.20921545023526),)"
4772,"((3, 13), (3, 18), (2, 15))","(np.float64(0.14844139774269474), np.float64(0.12371766086066376), np.float64(0.1342161768394973))","(np.float64(191.6482544891414), np.float64(97.2832872080406), np.float64(146.73213202980574))"
4773,"((7, 19), (0, 13))","(np.float64(0.13463340199488855), np.float64(0.1484816162061078))","(np.float64(60.82574581747065), np.float64(-182.71880400533678))"
4776,"((13, 16), (8, 17))","(np.float64(0.12977645949912364), np.float64(0.14646700414158698))","(np.float64(29.43908218636969), np.float64(-140.0152020801454))"
4777,"((8, 13), (9, 18), (10, 19), (0, 15))","(np.float64(0.09688771612254331), np.float64(0.09295826750105482), np.float64(0.0754187081665664), np.float64(0.14478323373155338))","(np.float64(-93.66152394050181), np.float64(-232.355061494793), np.float64(-226.49831195463378), np.float64(258.52097609937744))"
4778,"((1, 11), (6, 12), (11, 18))","(np.float64(0.029628079675377846), np.float64(0.09552088714573989), np.float64(0.09418851794924571))","(np.float64(159.78888255038157), np.float64(-109.6475563616529), np.float64(-149.7748979223038))"
4779,"((0, 3), (1, 18), (12, 14), (7, 14), (1, 11))","(np.float64(0.14169228868621112), np.float64(0.03894323426992939), np.float64(0.14257308702228802), np.float64(0.12525163827497868), np.float64(0.1432637842134314))","(np.float64(-75.60954700573339), np.float64(73.15763360042811), np.float64(141.1530693260341), np.float64(146.5318112327897), np.float64(-111.45944372322947))"
4780,"((0, 6), (1, 13), (14, 15), (17, 19), (0, 11), (12, 16))","(np.float64(0.11486244829216402), np.float64(0.11798700961008335), np.float64(0.11617233101575093), np.float64(0.14595623337519945), np.float64(0.1486557593421963), np.float64(0.1374671578566525))","(np.float64(-142.1917484981224), np.float64(176.88601635123382), np.float64(-102.70709665788365), np.float64(-1.1367831701372495), np.float64(177.81714510192413), np.float64(215.23106028685274))"
4781,"((5, 13), (8, 12))","(np.float64(0.08622970361417244), np.float64(0.015554891534171115))","(np.float64(-153.46766794507275), np.float64(-30.615758526401635))"
4784,"((11, 19), (16, 19))","(np.float64(0.14151383385189858), np.float64(0.11787142665201099))","(np.float64(-223.66773645803107), np.float64(-102.74890864027344))"
4785,"((4, 6), (8, 11))","(np.float64(0.14337959711495665), np.float64(0.10036356769009874))","(np.float64(287.627889496911), np.float64(-99.69583360495704))"
4786,"((1, 8),)","(np.float64(0.0796246987349306),)","(np.float64(-63.97552211044376),)"
4788,"((14, 19),)","(np.float64(0.1246684297609864),)","(np.float64(-135.40741736967107),)"
4789,"((2, 18), (0, 11))","(np.float64(0.06439380394204795), np.float64(0.14881088651165764))","(np.float64(99.70843945498731), np.float64(167.91675546767107))"
4790,"((3, 4),)","(np.float64(0.11886627011643279),)","(np.float64(40.68606550314712),)"
4791,"((1, 13), (8, 17), (9, 10), (15, 18), (5, 12))","(np.float64(0.11719934846658697), np.float64(0.14733911625190524), np.float64(0.09578912893201905), np.float64(0.14467558213632836), np.float64(0.14631105667256583))","(np.float64(200.2178052459747), np.float64(115.40211575769433), np.float64(272.79497031107945), np.float64(-2.2357175698250558), np.float64(253.4514013595316))"
4792,"((4, 13),)","(np.float64(0.12208440313687671),)","(np.float64(-27.923836643643313),)"
4793,"((6, 17),)","(np.float64(0.05432201200116221),)","(np.float64(-209.24890964925254),)"
4794,"((2, 17), (4, 10), (14, 17), (1, 12))","(np.float64(0.060094697240849634), np.float64(0.145867387549262), np.float64(0.14275455540923543), np.float64(0.12963176957424177))","(np.float64(19.474251865184158), np.float64(260.7857703242451), np.float64(-164.21348513561435), np.float64(189.3877024562749))"
4795,"((0, 1), (1, 12), (9, 17), (0, 12))","(np.float64(0.14279700329299336), np.float64(0.10536156977435165), np.float64(0.07428430073219919), np.float64(0.12159773095501407))","(np.float64(44.061384068016196), np.float64(-109.66345001026491), np.float64(108.53510987052584), np.float64(-20.60926427598895))"
4796,"((5, 18),)","(np.float64(0.04472130319889778),)","(np.float64(-152.458339362348),)"
4797,"((0, 5), (8, 11), (11, 16), (14, 15), (8, 16), (4, 11), (4, 8))","(np.float64(0.13869845457132413), np.float64(0.14936675515152073), np.float64(0.04721923996829005), np.float64(0.10714098898547851), np.float64(0.05986785793336459), np.float64(0.13390745645334426), np.float64(0.10457882267116587))","(np.float64(-110.96441452033895), np.float64(22.270618803374475), np.float64(-147.42548300562237), np.float64(43.380490892346245), np.float64(-117.36522472928647), np.float64(240.2812741504152), np.float64(169.9502190982614))"
4798,"((9, 14),)","(np.float64(0.14064625656474292),)","(np.float64(-159.1109537543345),)"
4799,"((2, 10), (3, 17), (3, 19), (4, 16), (7, 14), (15, 18), (3, 9))","(np.float64(0.13726039293727782), np.float64(0.02779824197198713), np.float64(0.11471370123186046), np.float64(0.14539149104944638), np.float64(0.13957693082945027), np.float64(0.0913864555992781), np.float64(0.10765091844976338))","(np.float64(220.6680416462496), np.float64(171.1238268763639), np.float64(75.98994606511934), np.float64(184.6816124565438), np.float64(-68.32411205101158), np.float64(-184.2024016138971), np.float64(225.43760726770626))"
4800,"((10, 16), (8, 19), (1, 7))","(np.float64(0.014485901693739681), np.float64(0.0846940239260082), np.float64(0.14779957098193547))","(np.float64(-25.589194572298595), np.float64(-78.55725830644587), np.float64(83.78987465309743))"
4801,"((7, 11), (13, 18))","(np.float64(0.1315861115430669), np.float64(0.12401697196061232))","(np.float64(-4.671869352141243), np.float64(-204.83352429034466))"
4804,"((6, 17),)","(np.float64(0.0899314819346701),)","(np.float64(-234.05871713340366),)"
4805,"((13, 16), (0, 14), (0, 9))","(np.float64(0.008145640896992764), np.float64(0.0065927577959665916), np.float64(0.14053978662976166))","(np.float64(-238.27940070174208), np.float64(155.791233447237), np.float64(204.68294407728683))"
4806,"((6, 17), (7, 13))","(np.float64(0.09711454000568132), np.float64(0.10848648156732509))","(np.float64(-222.6408936098194), np.float64(-122.98923768574275))"
4807,"((2, 9), (5, 14), (1, 9))","(np.float64(0.07912064773931313), np.float64(0.12779547848165934), np.float64(0.14486956306039997))","(np.float64(210.64886201798606), np.float64(179.53070684123594), np.float64(205.88252699744635))"
4808,"((2, 13), (2, 17))","(np.float64(0.14785829158647104), np.float64(0.1383462476412243))","(np.float64(-184.62589609492903), np.float64(172.17154370563406))"
4809,"((2, 17), (16, 18))","(np.float64(0.030299860804151296), np.float64(0.12403103895485183))","(np.float64(143.8997870005335), np.float64(21.984977191175005))"
4810,"((1, 18), (2, 18), (3, 19), (13, 19))","(np.float64(0.13272206905308187), np.float64(0.12707300436301666), np.float64(0.10004116644901714), np.float64(0.1323899267342067))","(np.float64(-9.327250135264649), np.float64(-309.7551538402917), np.float64(9.145483774995057), np.float64(-34.06011845177488))"
4811,"((7, 11),)","(np.float64(0.14467409003211104),)","(np.float64(252.21280618098),)"
4812,"((0, 5), (6, 17), (6, 19), (17, 19), (0, 18))","(np.float64(0.047461245298022765), np.float64(0.03157679232173803), np.float64(0.09036826508590784), np.float64(0.11274418396916953), np.float64(0.14403079371557162))","(np.float64(308.6976182275778), np.float64(-118.68839574285954), np.float64(-217.53079867721164), np.float64(-98.8424029343521), np.float64(116.92610593095924))"
4813,"((2, 9),)","(np.float64(0.14159931118586933),)","(np.float64(159.81256126875695),)"
4814,"((4, 5),)","(np.float64(0.13397101293856326),)","(np.float64(-1.5115189880017397),)"
4815,"((3, 14), (5, 18), (10, 18))","(np.float64(0.12977642442986526), np.float64(0.14086035959443502), np.float64(0.14252054702490083))","(np.float64(-120.88298214867422), np.float64(-287.2463885793137), np.float64(-206.04101947801257))"
4816,"((14, 17),)","(np.float64(0.09291439001249262),)","(np.float64(-90.73971077028006),)"
4817,"((4, 6),)","(np.float64(0.14653754415113526),)","(np.float64(-28.981831914225324),)"
4819,"((10, 11),)","(np.float64(0.05062784232258824),)","(np.float64(13.833783685918434),)"
4820,"((0, 19), (1, 5), (10, 18), (15, 17), (6, 14), (7, 15))","(np.float64(0.06768621435852873), np.float64(0.05811337782504504), np.float64(0.11235478169726731), np.float64(0.10590856814622034), np.float64(0.13184990014175274), np.float64(0.13700626457581175))","(np.float64(-42.68424379336312), np.float64(258.02974236045856), np.float64(-185.5058940375959), np.float64(18.366341388866317), np.float64(-230.22539521871602), np.float64(-239.22958785356616))"
4822,"((0, 5), (3, 4), (11, 17), (14, 16))","(np.float64(0.030750069550575923), np.float64(0.12589848855514776), np.float64(0.08150556722548163), np.float64(0.14576499584793345))","(np.float64(-123.12682594144493), np.float64(229.01182318736983), np.float64(-143.92930190449277), np.float64(-66.16726442603078))"
4823,"((9, 18),)","(np.float64(0.12299569126815126),)","(np.float64(-208.4933435001064),)"
4824,"((6, 16), (13, 16))","(np.float64(0.10292802070109063), np.float64(0.1456662651075295))","(np.float64(122.91887046011607), np.float64(-70.05376501141973))"
4825,"((5, 11), (6, 16), (12, 16))","(np.float64(0.1211434964675934), np.float64(0.14857290156235092), np.float64(0.05457089662869303))","(np.float64(-50.130255958165094), np.float64(94.78046022871746), np.float64(195.69386769094132))"
4826,"((0, 3), (2, 14))","(np.float64(0.0691337220099209), np.float64(0.1443085436768299))","(np.float64(223.82530104908255), np.float64(178.26441940300492))"
4827,"((0, 3), (0, 18), (8, 16), (8, 15))","(np.float64(0.12416183444319821), np.float64(0.10696008200688122), np.float64(0.14387475262399116), np.float64(0.1351325880304994))","(np.float64(-83.53210213622123), np.float64(23.483544614090107), np.float64(163.86091830062026), np.float64(208.98891918837296))"
4828,"((5, 6), (5, 11))","(np.float64(0.1349158726495336), np.float64(0.1297532196311308))","(np.float64(-69.7922336784215), np.float64(-42.282106365869254))"
4829,"((3, 12),)","(np.float64(0.1256691399401563),)","(np.float64(256.68998987409435),)"
4831,"((1, 3), (3, 13), (0, 19), (3, 16), (6, 16), (11, 16))","(np.float64(0.0593590422611869), np.float64(0.1098683304761224), np.float64(0.11113134591269014), np.float64(0.14446590645177546), np.float64(0.1415633674855953), np.float64(0.13464422459309056))","(np.float64(-54.06807377235998), np.float64(120.09456032467585), np.float64(103.07617700966807), np.float64(162.9861805112414), np.float64(27.126979626056936), np.float64(18.71443574586607))"
4832,"((4, 15), (11, 16))","(np.float64(0.08641041467077297), np.float64(0.10866533166942609))","(np.float64(83.85609854268051), np.float64(-184.46778602004312))"
4833,"((13, 18),)","(np.float64(0.14198377103521298),)","(np.float64(-152.4900878675213),)"
4834,"((4, 7),)","(np.float64(0.1339483010622735),)","(np.float64(-83.08899891872039),)"
4835,"((6, 10), (1, 6))","(np.float64(0.13933334157258734), np.float64(0.1460862608924902))","(np.float64(-88.19990802022), np.float64(264.93522949942866))"
4836,"((9, 17),)","(np.float64(0.05757519756717814),)","(np.float64(-244.20732601674047),)"
4837,"((1, 11), (5, 13), (5, 14), (13, 14))","(np.float64(0.13660427941018904), np.float64(0.03502764087165315), np.float64(0.14298829126794413), np.float64(0.10915519287166399))","(np.float64(149.3100192102858), np.float64(197.82752731983112), np.float64(103.20681474917507), np.float64(-49.621086410988084))"
4838,"((4, 14), (13, 18))","(np.float64(0.13639360751037144), np.float64(0.06556887911566733))","(np.float64(263.44723285905917), np.float64(-134.30071581336108))"
4840,"((1, 15), (4, 11), (3, 8))","(np.float64(0.14950225100445858), np.float64(0.13201907712689007), np.float64(0.1469316144670464))","(np.float64(110.70145149367255), np.float64(205.3766361218129), np.float64(149.97862748638948))"
4841,"((3, 9), (10, 12))","(np.float64(0.14867453473227732), np.float64(0.14029419092941817))","(np.float64(204.9279940384772), np.float64(-45.82018852794363))"
4842,"((0, 8),)","(np.float64(0.13324077203744694),)","(np.float64(170.2121415876644),)"
4843,"((4, 14), (10, 12))","(np.float64(0.12781036982491403), np.float64(0.1196573687142187))","(np.float64(231.76901414874675), np.float64(296.58680122455337))"
4845,"((16, 19),)","(np.float64(0.14619977907642387),)","(np.float64(-123.02835071142556),)"
4846,"((5, 13), (6, 17))","(np.float64(0.024204440948171126), np.float64(0.12395753339353593))","(np.float64(223.82395293459894), np.float64(177.9807898465528))"
4847,"((8, 19), (0, 1))","(np.float64(0.11630187175000556), np.float64(0.1422301674698963))","(np.float64(183.3862314461838), np.float64(-141.371892090328))"
4848,"((12, 18), (5, 9))","(np.float64(0.034677111890522555), np.float64(0.1338811954539613))","(np.float64(-129.86113350582792), np.float64(-131.71283406802104))"
4850,"((8, 19), (10, 17))","(np.float64(0.10737309409647318), np.float64(0.08776385070795832))","(np.float64(115.44341494184923), np.float64(-108.93856142836856))"
4851,"((7, 12), (10, 18))","(np.float64(0.07672625650411186), np.float64(0.12738967179773344))","(np.float64(248.15994010415767), np.float64(-162.4211474497607))"
4852,"((8, 13),)","(np.float64(0.1046008994319887),)","(np.float64(-59.292564612122646),)"
4854,"((4, 5), (6, 11))","(np.float64(0.14553977099237397), np.float64(0.10166018955346261))","(np.float64(-44.2546051583509), np.float64(173.2029874443058))"
4855,"((1, 16),)","(np.float64(0.11924767440973916),)","(np.float64(195.8549093367604),)"
4856,"((0, 11), (7, 9), (3, 17))","(np.float64(0.08837762269926001), np.float64(0.058098742361652654), np.float64(0.14953533697892796))","(np.float64(251.0008554218469), np.float64(-326.81982314273023), np.float64(-139.36067436634937))"
4857,"((0, 16),)","(np.float64(0.13347432215256683),)","(np.float64(122.43942443823497),)"
4858,"((0, 7), (0, 19))","(np.float64(0.12245680831291576), np.float64(0.1305981418858462))","(np.float64(-87.63839308534426), np.float64(52.37424718819065))"
4859,"((1, 5),)","(np.float64(0.14293279459475233),)","(np.float64(266.2613294400961),)"
4861,"((3, 9), (5, 11), (7, 14), (15, 19), (14, 19))","(np.float64(0.06766278079159407), np.float64(0.05234326557471681), np.float64(0.12916128121385), np.float64(0.13879753845488274), np.float64(0.12680495170002))","(np.float64(252.54336648061474), np.float64(280.51439608433407), np.float64(-145.25639806039015), np.float64(-68.22187642478775), np.float64(-49.16810266696734))"
4862,"((7, 16), (10, 11), (0, 8))","(np.float64(0.1402635903312338), np.float64(0.13364739459787192), np.float64(0.1244907550865586))","(np.float64(-193.35977870063593), np.float64(-2.731010918032041), np.float64(292.98075052110767))"
4863,"((13, 17), (11, 18))","(np.float64(0.14207612235756423), np.float64(0.1481033641241838))","(np.float64(-231.99719139704655), np.float64(96.7779760236358))"
4865,"((9, 18), (6, 19))","(np.float64(0.14770156553749664), np.float64(0.14782467631546936))","(np.float64(-86.56185315191937), np.float64(-59.262453498663604))"
4866,"((4, 15),)","(np.float64(0.1373104171761577),)","(np.float64(-22.991582286429434),)"
4867,"((2, 14), (2, 6))","(np.float64(0.07690910657879318), np.float64(0.10965018223833241))","(np.float64(150.35040268417828), np.float64(-119.84294086778124))"
4868,"((0, 3), (10, 18), (3, 18))","(np.float64(0.13951757767035838), np.float64(0.1474598496448046), np.float64(0.14087064028952953))","(np.float64(-123.99018982407031), np.float64(170.12674688384442), np.float64(139.86553152435556))"
4869,"((5, 19),)","(np.float64(0.14586290976349342),)","(np.float64(145.3819032659394),)"
4871,"((0, 9), (5, 14), (1, 15), (10, 17))","(np.float64(0.14534545401640142), np.float64(0.14455893790229693), np.float64(0.14017953111872242), np.float64(0.13973262245615387))","(np.float64(186.44258240990456), np.float64(-108.67985154316244), np.float64(206.4563271008244), np.float64(-183.6716368024151))"
4872,"((2, 18), (3, 18))","(np.float64(0.05039294085249332), np.float64(0.11063527677468388))","(np.float64(117.99200846453863), np.float64(134.9779211170786))"
4873,"((3, 7), (11, 16))","(np.float64(0.059106290106631904), np.float64(0.13492138516428015))","(np.float64(260.4706197599524), np.float64(-224.3212242988909))"
4875,"((10, 19),)","(np.float64(0.14540433887100557),)","(np.float64(178.53694219488833),)"
4876,"((6, 19), (7, 8), (14, 19), (6, 14), (2, 16))","(np.float64(0.09400821288055664), np.float64(0.09316435726012215), np.float64(0.11164835131777896), np.float64(0.1486536858962696), np.float64(0.14938701241133762))","(np.float64(-227.3686422479724), np.float64(19.989421367051307), np.float64(-113.89862643520814), np.float64(-107.41178445900448), np.float64(-153.40744196205722))"
4878,"((6, 7),)","(np.float64(0.08501375466990357),)","(np.float64(-328.79147393830857),)"
4879,"((0, 14),)","(np.float64(0.09811884755331558),)","(np.float64(24.793060218772723),)"
4880,"((11, 14),)","(np.float64(0.1025821538319865),)","(np.float64(-8.464869064844237),)"
4881,"((5, 12), (7, 9), (1, 10), (13, 17), (2, 9))","(np.float64(0.08394595426984651), np.float64(0.07356021133152833), np.float64(0.04847303809638563), np.float64(0.14639644939292107), np.float64(0.14035000339918188))","(np.float64(250.49699596589068), np.float64(17.777948264548), np.float64(206.8658209030056), np.float64(-256.6019289176982), np.float64(208.86744210238635))"
4882,"((14, 18),)","(np.float64(0.11747243581424317),)","(np.float64(-103.77210229711386),)"
4883,"((7, 8), (5, 16))","(np.float64(0.04923025432103541), np.float64(0.14532932644235996))","(np.float64(230.9639644768659), np.float64(99.24073671930148))"
4884,"((7, 10), (15, 18), (3, 13), (0, 11))","(np.float64(0.08604760103791087), np.float64(0.13750454714483518), np.float64(0.14819705158836294), np.float64(0.14282742727982717))","(np.float64(-76.07860187064199), np.float64(-77.82167930729048), np.float64(157.67583001247442), np.float64(151.15719924062245))"
4885,"((0, 17), (2, 14), (4, 8))","(np.float64(0.1348893194371982), np.float64(0.07133972790626368), np.float64(0.1342717962666317))","(np.float64(74.25062360200081), np.float64(122.68032388302527), np.float64(-95.5204429552598))"
4886,"((6, 11), (0, 13))","(np.float64(0.1275994336672229), np.float64(0.14246348354234983))","(np.float64(-82.6103489826042), np.float64(191.0538049501073))"
4888,"((6, 18),)","(np.float64(0.10670543595035525),)","(np.float64(161.55540919092587),)"
4889,"((2, 16),)","(np.float64(0.05524896899047488),)","(np.float64(131.94862667112417),)"
4890,"((6, 7), (9, 11), (5, 7), (4, 12), (3, 16))","(np.float64(0.11659400817853476), np.float64(0.1228400068438387), np.float64(0.1336639119115504), np.float64(0.14518709346061523), np.float64(0.12857098771966347))","(np.float64(297.2542665982895), np.float64(-69.92567359382838), np.float64(274.3768227750911), np.float64(165.40649896453192), np.float64(138.92205785145217))"
4893,"((13, 15),)","(np.float64(0.0797860855835894),)","(np.float64(-8.702093711344276),)"
4894,"((0, 16), (1, 13), (3, 17), (13, 17), (1, 17))","(np.float64(0.08675097707873464), np.float64(0.10736863162928748), np.float64(0.13607090976612038), np.float64(0.09230495438501685), np.float64(0.1349106152424877))","(np.float64(213.51025689585168), np.float64(214.47280176028744), np.float64(-41.060188231161874), np.float64(66.61556271166285), np.float64(282.9909771581075))"
4896,"((10, 19),)","(np.float64(0.14115718306376634),)","(np.float64(-139.2092875526639),)"
4897,"((5, 15),)","(np.float64(0.1122807890077635),)","(np.float64(-187.52268290482368),)"
4898,"((4, 19),)","(np.float64(0.09297013728582933),)","(np.float64(101.91107024044922),)"
4899,"((14, 17), (17, 18))","(np.float64(0.1493007723794458), np.float64(0.14540117106098058))","(np.float64(-78.07360413703861), np.float64(-4.7721447077632035))"
4900,"((6, 9),)","(np.float64(0.12747758867040498),)","(np.float64(288.6321748948577),)"
4901,"((1, 5), (12, 17))","(np.float64(0.12609276191589602), np.float64(0.03248536496612985))","(np.float64(-66.53953892067648), np.float64(-134.9567946909315))"
4902,"((0, 5),)","(np.float64(0.0960707856034697),)","(np.float64(220.00140421287938),)"
4903,"((1, 15), (4, 18), (8, 16), (3, 12))","(np.float64(0.14633599801878033), np.float64(0.10885909565947664), np.float64(0.1317571792110007), np.float64(0.13832942450512023))","(np.float64(246.36500108108015), np.float64(165.4805327519183), np.float64(-107.63690844141854), np.float64(-45.49719927391055))"
4904,"((4, 5), (4, 13), (5, 13), (2, 14), (1, 10), (2, 10))","(np.float64(0.08267202673616605), np.float64(0.07849740100018752), np.float64(0.1362407233528639), np.float64(0.1443363724861507), np.float64(0.14662284501442707), np.float64(0.12417590878464478))","(np.float64(-54.26923105004806), np.float64(151.07358509938064), np.float64(249.88487509413085), np.float64(156.6117543435084), np.float64(-109.95866131729713), np.float64(229.35545824691724))"
4905,"((2, 4), (2, 18), (6, 8), (2, 8))","(np.float64(0.09019311595309669), np.float64(0.1451374944086106), np.float64(0.12384586786292184), np.float64(0.06354723740400549))","(np.float64(292.65684170537827), np.float64(-4.026430991479685), np.float64(-63.369204838330006), np.float64(205.9043193959085))"
4906,"((5, 6), (8, 11))","(np.float64(0.14429883292186152), np.float64(0.0998948769654954))","(np.float64(308.19005089655116), np.float64(23.243713816624336))"
4907,"((4, 11), (6, 14))","(np.float64(0.11805737122043508), np.float64(0.13957327148189733))","(np.float64(207.0296503946244), np.float64(200.8773702484005))"
4908,"((3, 19), (8, 18), (12, 17))","(np.float64(0.11362303970368892), np.float64(0.10127113204003692), np.float64(0.11712748642705618))","(np.float64(80.20585650128771), np.float64(196.93287848517605), np.float64(-51.19808339298805))"
4909,"((1, 10),)","(np.float64(0.1346134976575059),)","(np.float64(159.74454317340394),)"
4910,"((9, 13),)","(np.float64(0.08571870629614634),)","(np.float64(-149.1271657461541),)"
4911,"((2, 6), (10, 18))","(np.float64(0.10159311858755311), np.float64(0.1225392179051591))","(np.float64(-92.60435641837137), np.float64(103.69447142868205))"
4912,"((12, 18),)","(np.float64(0.117720113861298),)","(np.float64(-109.85997475244938),)"
4913,"((2, 3), (4, 14), (7, 8), (7, 18))","(np.float64(0.08935829324529236), np.float64(0.12637097483658727), np.float64(0.11530648291105863), np.float64(0.09378624250142822))","(np.float64(157.2149401589612), np.float64(-99.9944674852471), np.float64(-60.12739828392665), np.float64(-166.4196783528982))"
4914,"((5, 11), (9, 14))","(np.float64(0.11639048387600744), np.float64(0.14316008823727283))","(np.float64(251.2472725190222), np.float64(214.37410995231636))"
4915,"((14, 19),)","(np.float64(0.13561551136439062),)","(np.float64(-151.78301252540857),)"
4916,"((16, 18),)","(np.float64(0.08646153615570304),)","(np.float64(51.777175734559364),)"
4917,"((8, 11), (16, 19), (6, 11), (6, 12), (9, 18))","(np.float64(0.049460119817999054), np.float64(0.09973604222084655), np.float64(0.03819384340961572), np.float64(0.11278006597125886), np.float64(0.1374678539924371))","(np.float64(-76.38347128134484), np.float64(-78.86589366239116), np.float64(136.8135543313523), np.float64(139.83825996219224), np.float64(-126.55601284470077))"
4918,"((9, 16),)","(np.float64(0.142755751493922),)","(np.float64(-103.71253083705528),)"
4919,"((3, 10), (10, 15), (4, 16))","(np.float64(0.14334260890059797), np.float64(0.1438692324531961), np.float64(0.1453086281948882))","(np.float64(214.6650797179305), np.float64(-105.55472559443751), np.float64(115.9600939721335))"
4920,"((3, 11), (3, 17), (11, 17))","(np.float64(0.12101866360304843), np.float64(0.11999477969861101), np.float64(0.026043525023150108))","(np.float64(202.86175727529144), np.float64(49.94685119523558), np.float64(-152.90864425449433))"
4921,"((5, 12), (10, 17))","(np.float64(0.10137605588723991), np.float64(0.11877871597640902))","(np.float64(250.4747980036742), np.float64(-60.32660130080751))"
4922,"((5, 17), (6, 16))","(np.float64(0.14247642539166383), np.float64(0.13451735093191358))","(np.float64(-210.42187662563992), np.float64(-192.2864244290938))"
4923,"((0, 17), (6, 13))","(np.float64(0.141785380264424), np.float64(0.10544282162833189))","(np.float64(9.496909963696055), np.float64(-12.16821400169357))"
4924,"((0, 7), (15, 18))","(np.float64(0.13502893551052123), np.float64(0.14944255635792114))","(np.float64(-94.99235551932156), np.float64(98.21726881581196))"
4925,"((2, 10),)","(np.float64(0.14862451501511031),)","(np.float64(-136.0722049053736),)"
4928,"((5, 11), (7, 18))","(np.float64(0.1319456657636096), np.float64(0.048596406664406344))","(np.float64(-91.14598107226061), np.float64(-190.6951130202484))"
4929,"((14, 17),)","(np.float64(0.05505563949815663),)","(np.float64(-96.31319048797553),)"
4930,"((3, 10), (3, 11))","(np.float64(0.14187564553613355), np.float64(0.13635074634835487))","(np.float64(-57.01794143634595), np.float64(5.783055192511597))"
4931,"((2, 14),)","(np.float64(0.14571096541630096),)","(np.float64(39.424685100131995),)"
4932,"((5, 10), (6, 13))","(np.float64(0.13480347279828048), np.float64(0.14611467524923294))","(np.float64(274.6540258558899), np.float64(-0.88475631744069))"
4933,"((0, 19), (11, 16), (13, 14), (15, 16))","(np.float64(0.13106695175410324), np.float64(0.09396273635070834), np.float64(0.1425248884889221), np.float64(0.09055079551498994))","(np.float64(65.68061584578643), np.float64(-86.36356303717218), np.float64(-50.66239139245454), np.float64(-1.5675520745838867))"
4934,"((0, 1), (3, 12), (10, 17))","(np.float64(0.09471209146117966), np.float64(0.13075109138155272), np.float64(0.10686629289147914))","(np.float64(-46.39247152910693), np.float64(209.46503579173276), np.float64(-127.34413790418768))"
4935,"((3, 4), (9, 11))","(np.float64(0.08692472343257691), np.float64(0.13990050800075934))","(np.float64(44.624166700960444), np.float64(283.80963231528744))"
4937,"((3, 8),)","(np.float64(0.035269305927438266),)","(np.float64(137.43736181254167),)"
4938,"((3, 16),)","(np.float64(0.13972095135879156),)","(np.float64(92.27301247896827),)"
4939,"((1, 5), (12, 15))","(np.float64(0.07535021228265883), np.float64(0.14303660258491974))","(np.float64(121.58205021658662), np.float64(5.592172398355331))"
4940,"((1, 3), (3, 8))","(np.float64(0.08866968212074676), np.float64(0.12246848399646798))","(np.float64(-16.874791058096463), np.float64(-26.238330875836652))"
4941,"((14, 15),)","(np.float64(0.09577922598647363),)","(np.float64(3.3200155365427406),)"
4943,"((0, 4),)","(np.float64(0.11764547307515041),)","(np.float64(-172.26886144374913),)"
4944,"((1, 5), (8, 10), (1, 2), (1, 12))","(np.float64(0.06896273437745931), np.float64(0.08984242296637822), np.float64(0.14594213990911759), np.float64(0.08497765373791251))","(np.float64(-92.43239008517929), np.float64(35.959632861341106), np.float64(-56.29984908209457), np.float64(96.52346110179121))"
4946,"((8, 16), (14, 18))","(np.float64(0.13610602204202832), np.float64(0.10734728196478434))","(np.float64(-133.6295892687452), np.float64(-157.43322808045974))"
4947,"((12, 14),)","(np.float64(0.10955598316832381),)","(np.float64(238.62843805862616),)"
4948,"((4, 11), (4, 17), (6, 19))","(np.float64(0.14214658598242222), np.float64(0.051526418433448), np.float64(0.10559048171913046))","(np.float64(-108.48220907652859), np.float64(-283.73138861953834), np.float64(-194.407629108126))"
4949,"((3, 4), (1, 10))","(np.float64(0.08777132639986776), np.float64(0.14726807148966067))","(np.float64(214.1461257532668), np.float64(164.10207638316916))"
4950,"((3, 18), (2, 5))","(np.float64(0.04559485977265604), np.float64(0.11341790388168935))","(np.float64(178.01018456016584), np.float64(285.21206682820105))"
4951,"((2, 16),)","(np.float64(0.10601212236536621),)","(np.float64(91.44812804655521),)"
4952,"((13, 18),)","(np.float64(0.11709368877024993),)","(np.float64(-130.83341459631242),)"
4953,"((2, 3), (6, 19))","(np.float64(0.09394898638170882), np.float64(0.07163437534314061))","(np.float64(-65.00853527550947), np.float64(152.2738072851828))"
4954,"((4, 7), (5, 19))","(np.float64(0.10410096643063813), np.float64(0.110398139350942))","(np.float64(220.85334662313818), np.float64(-295.6559331641354))"
4955,"((1, 4), (10, 16))","(np.float64(0.09735012232795937), np.float64(0.0046996598923263085))","(np.float64(-144.49864697343764), np.float64(-119.23592011760587))"
4956,"((12, 18), (14, 15), (2, 11))","(np.float64(0.07355883127050293), np.float64(0.12664922292159925), np.float64(0.14879630080782194))","(np.float64(-132.3870297476036), np.float64(36.03688634957098), np.float64(-12.832773611256584))"
4957,"((10, 15), (12, 17))","(np.float64(0.09806977601044149), np.float64(0.0779715967647644))","(np.float64(231.84527229158311), np.float64(-140.4079794348446))"
4958,"((9, 12),)","(np.float64(0.09527790437992063),)","(np.float64(-29.76070915515203),)"
4959,"((1, 18), (4, 15), (9, 11))","(np.float64(0.09389778696937123), np.float64(0.1232469022993204), np.float64(0.14243931814234614))","(np.float64(126.06792438992414), np.float64(177.52088636114854), np.float64(92.64364150425422))"
4961,"((0, 7), (9, 16), (12, 15), (13, 18))","(np.float64(0.1016972764270412), np.float64(0.029095625559785662), np.float64(0.10579592637740319), np.float64(0.14213718026494238))","(np.float64(-92.84851385905287), np.float64(162.086210676411), np.float64(116.95670178713465), np.float64(149.44165267182703))"
4962,"((4, 10), (18, 19))","(np.float64(0.10288173662990241), np.float64(0.13980727111612834))","(np.float64(281.09853023009885), np.float64(-5.094470050076779))"
4963,"((4, 9), (5, 12), (8, 9))","(np.float64(0.09130325646919307), np.float64(0.034579917213199265), np.float64(0.11775857777122348))","(np.float64(299.6164092708056), np.float64(209.02515051079325), np.float64(282.47092930936225))"
4964,"((5, 9), (10, 17), (2, 19))","(np.float64(0.07955267392217748), np.float64(0.0968845200355727), np.float64(0.14303651576357138))","(np.float64(-33.39680490966322), np.float64(-73.01353355338725), np.float64(109.92885368165145))"
4965,"((6, 10), (5, 9))","(np.float64(0.12954467088259095), np.float64(0.13023404534412442))","(np.float64(166.49272035880887), np.float64(187.41352456601612))"
4966,"((15, 18),)","(np.float64(0.13434116837203156),)","(np.float64(-62.443698730795745),)"
4967,"((3, 4),)","(np.float64(0.09760607929395933),)","(np.float64(-60.73260605050967),)"
4968,"((7, 16),)","(np.float64(0.009703916582757991),)","(np.float64(-188.24141497979835),)"
4971,"((3, 18), (8, 18))","(np.float64(0.08164915415028143), np.float64(0.1474260425275665))","(np.float64(-85.51743761145084), np.float64(-183.90771036114555))"
4972,"((4, 12),)","(np.float64(0.08233686771319071),)","(np.float64(-92.67515901622886),)"
4973,"((3, 6),)","(np.float64(0.1378097544394549),)","(np.float64(-30.873479136002118),)"
4975,"((10, 18),)","(np.float64(0.13659531584313575),)","(np.float64(-148.19823647489883),)"
4976,"((1, 6), (1, 14), (5, 6), (5, 14), (6, 14), (8, 12), (1, 11), (14, 18))","(np.float64(0.1256864515962626), np.float64(0.0964601244188009), np.float64(0.1337558443884557), np.float64(0.10669379823176346), np.float64(0.14953088092263978), np.float64(0.11993710299072405), np.float64(0.12263537864952063), np.float64(0.1181308370091898))","(np.float64(-84.94700685534406), np.float64(-121.71647035610243), np.float64(-19.089842581598816), np.float64(-52.29269193135622), np.float64(-36.76946350075838), np.float64(-69.21123391496639), np.float64(170.4825263408041), np.float64(93.2987733467561))"
4977,"((5, 19),)","(np.float64(0.09926806817956443),)","(np.float64(-238.16723694705524),)"
4978,"((0, 9), (9, 15))","(np.float64(0.129879493405857), np.float64(0.10363339674625244))","(np.float64(232.5311802548934), np.float64(-98.14748920921926))"
4979,"((17, 18), (5, 16))","(np.float64(0.050369633514626415), np.float64(0.13641427394581285))","(np.float64(-104.5808391584419), np.float64(165.1990813168817))"
4980,"((1, 12), (1, 17), (12, 17), (15, 18))","(np.float64(0.024303091486489212), np.float64(0.10639436159593392), np.float64(0.1306312932286236), np.float64(0.09824437380216176))","(np.float64(119.34897354500913), np.float64(-2.7490484998585316), np.float64(-122.09802204486766), np.float64(-74.0488850611712))"
4981,"((3, 17), (11, 12))","(np.float64(0.0802997879166477), np.float64(0.048185591743828846))","(np.float64(-318.9212274258195), np.float64(-46.97337646330271))"
4982,"((3, 5), (1, 5))","(np.float64(0.05428535829814256), np.float64(0.11983349336970697))","(np.float64(287.74201821029476), np.float64(253.86950960990816))"
4983,"((2, 12), (1, 10))","(np.float64(0.14086775514532518), np.float64(0.144189953137509))","(np.float64(-134.06504756222864), np.float64(-138.95214025576064))"
4984,"((3, 7), (9, 19))","(np.float64(0.13867807058084122), np.float64(0.14055466129541996))","(np.float64(231.92509855018034), np.float64(-217.57612393053836))"
4987,"((8, 16),)","(np.float64(0.1319096775146193),)","(np.float64(-143.72549123033372),)"
4988,"((2, 13), (3, 4), (0, 6))","(np.float64(0.12444358216855289), np.float64(0.12545410619791278), np.float64(0.14644544549847377))","(np.float64(165.82745184708094), np.float64(45.03937776558837), np.float64(91.00294645559654))"
4989,"((7, 11),)","(np.float64(0.07014738870610389),)","(np.float64(-55.804747860038106),)"
4990,"((0, 13),)","(np.float64(0.1492537204269266),)","(np.float64(-184.53748073062104),)"
4991,"((0, 10), (1, 12), (13, 17))","(np.float64(0.09993153831779901), np.float64(0.08084126447088048), np.float64(0.018564403559787796))","(np.float64(176.89539963090095), np.float64(132.71337415593433), np.float64(-50.420437239413076))"
4992,"((0, 17),)","(np.float64(0.10649226488477272),)","(np.float64(-6.872104103402762),)"
4993,"((1, 3), (11, 16))","(np.float64(0.12141417701338557), np.float64(0.0904094553334972))","(np.float64(27.971442702873787), np.float64(32.61634240256507))"
4995,"((16, 18),)","(np.float64(0.13203695543472393),)","(np.float64(-147.5274464797597),)"
4996,"((5, 18), (10, 18))","(np.float64(0.12669753786478025), np.float64(0.14162292896692705))","(np.float64(-153.89639454553276), np.float64(-12.632487177372582))"
4997,"((14, 15), (9, 18))","(np.float64(0.045504075990902), np.float64(0.08415966957764465))","(np.float64(93.46119993200375), np.float64(32.17064462311697))"
4998,"((0, 2), (4, 18), (4, 12))","(np.float64(0.04449824608600005), np.float64(0.08752700155222473), np.float64(0.1489714537118858))","(np.float64(-71.15916044352008), np.float64(179.44588765328695), np.float64(155.16546676779456))"
4999,"((0, 10),)","(np.float64(0.14537599796776188),)","(np.float64(37.42343862307564),)"
