episode,tot_reward,tot_intrusions,tot_drift,hdg_in,spd_in
0,-12.99735553982457,2,0.03641508456895558,-0.0011526874198720155,-2.452496218863861
1,-9.80530454118172,0,0.03246789583172744,-0.006407241752550055,-2.598191812283179
2,-38.33083146982208,14,0.08056566711861578,0.3223511389854506,-2.601804146759169
3,-9.761430990444099,2,0.02570010261736458,-0.0030474368050318235,-2.699642750217494
4,-21.147755636212924,10,0.041287983837825504,-0.006916953912737814,-2.6974619713004815
5,-13.90130863179327,4,0.03278579017150081,-0.003327647134328619,-2.540136159359576
6,-14.28221268250757,6,0.027424545306316394,-0.0012813110072597467,-3.0143393126556908
7,-43.12893982585792,8,0.11632099280085405,-0.4722668910993106,-2.634666551271182
8,-8.473659298877983,0,0.028058474499595924,-0.004005568421180576,-2.907044628724018
9,-8.7169667862746,0,0.028864128431372864,0.0014653050411640612,-3.0367684907791634
10,-9.7362995128428,0,0.03223940236040662,-0.006852300955439048,-2.5990006314737055
11,-18.19505098414798,8,0.036938590522275404,-0.0066901620501902065,-2.396545903487013
12,-28.24060493488501,20,0.03296241973954034,0.0010540401212871075,-2.6387521918639543
13,-7.945841068169315,0,0.026310732013805672,-0.0039009959832456776,-2.8367568211293075
14,-27.119052388738563,6,0.06993063704880301,-0.4009139282396063,-2.885768300168747
15,-43.12851162654855,14,0.09645202525347238,-0.49622070217067193,-2.811033646015535
16,-12.918598350030686,2,0.03615429917228714,0.012881446360542581,-2.689173326393688
17,-24.729526101882975,12,0.04215074868173169,-0.002395523955046341,-2.711655989900503
18,-35.60749948537843,6,0.0980380777661538,-0.8269267033278288,-2.9094193864637288
19,-9.30438723537761,2,0.027053286056954024,0.0004787488647357181,-3.196840395400111
20,-9.779225922226395,2,0.025759026232537632,0.00042737910812350595,-3.102865229349349
21,-12.571122420469736,4,0.028381200067780527,-0.0007148312444841822,-2.5378909340147575
22,-29.657746105001532,6,0.07833690763245543,-0.12719416973853348,-2.359638191318538
23,-9.205851724531497,0,0.030482952730236695,0.001505482832774742,-2.8728629072741083
24,-10.095372564009587,0,0.03342838597354166,-0.003567250446718655,-2.7447599156566937
25,-13.409118208794897,4,0.031156020558923348,-0.0013479907039417238,-2.5661110598038857
26,-11.579687982924037,2,0.03172082113551003,-0.0032211984443364186,-2.9025849944896476
27,-46.41144430748545,0,0.1536802791638593,0.9446572525794494,-2.6932232616615748
28,-17.313608701450732,6,0.037462280468379835,-0.001404455022038626,-2.5943912276159353
29,-45.19154301019945,32,0.04644909510633563,0.005443865477114024,-2.4684416246097487
30,-11.753326353042315,0,0.03891829918225935,-0.0028766216355567142,-3.32916584866143
31,-32.729625141898936,0,0.10837624219171814,0.8096135812725206,-3.379412600305914
32,-9.706204968168695,2,0.025517234993936207,-0.001882461945769926,-2.6967946507668876
33,-15.278179235410535,6,0.030722447799372547,-0.0052061808252374065,-2.4891609697263273
34,-13.147025421684823,4,0.030490084738949597,-0.0023975164069173238,-2.61819490063563
35,-9.539384614433695,2,0.028997633132437244,0.0001773669425613032,-2.4885967353233496
36,-10.931233613376953,2,0.02957362123634748,-0.002429875750279683,-2.6234039994735356
37,-15.602024703744348,6,0.03179478378723303,-0.004880769063783378,-3.0219440315180885
38,-14.09443289311283,2,0.040047791036797384,-0.004707926107548942,-2.3958839581348004
39,-45.92880764234539,10,0.17786538436804633,-0.20816290392079345,-1.2926927556034804
40,-14.950518336149997,6,0.02963747793427143,-0.006163157316908511,-2.9016734585604653
41,-20.45746476361011,10,0.04431129137122898,-0.005082798879830388,-2.092678436604565
42,-16.864889838109885,6,0.039082337547157814,-0.00027069374868686464,-2.3846031046347282
43,-23.57004212224349,14,0.03168888119948178,-0.0021363933567599153,-3.067703284235403
44,-15.963991685410699,6,0.032993349951691175,-0.0017085228143074852,-2.863285397581742
45,-16.75654795817349,6,0.037091544683356965,-0.004509642758438813,-2.604473336557396
46,-13.263467392037562,6,0.0327183215857547,0.0011546975077205413,-2.5647029600181166
47,-10.659534418809239,4,0.029466966454908223,-0.0005783968893563853,-2.8794046447754518
48,-15.425961862390075,4,0.03783431080261621,-0.0031854244706911706,-3.5164871878787065
49,-47.45968978517673,10,0.12403870789793603,-0.353257711045444,-2.3079551613616616
50,-9.321115092635992,0,0.030864619512039667,-0.0006171311705145023,-2.2505688723102706
51,-12.355498247472498,4,0.027667212739975078,-0.006054229767135782,-2.610718151448535
52,-8.841569805698683,0,0.029276721210922833,-0.00616728314291069,-2.459858720575379
53,-18.519874757616915,4,0.04807905548879792,-0.05555071714883019,-2.4541761480422926
54,-10.66577211717397,2,0.0370332141759571,-0.008137501173246747,-2.712664130412273
55,-7.016780968103097,0,0.026781606748485138,-0.0017250448864358583,-3.0545743639721317
56,-24.79472699447496,2,0.07547922845852657,0.21008950203903087,-2.793445371069962
57,-12.888177083929417,4,0.029431049946786317,-0.0033526185548414062,-2.808891134818712
58,-16.132638010567632,4,0.040174298048237266,0.0008352904986059725,-2.597969139223018
59,-12.879714404991635,4,0.02940302783109806,-0.003182279998868309,-2.9635377345414713
60,-10.439109002483196,2,0.02794406954464624,-0.004134196823565767,-2.364404342741712
61,-13.331295378181036,4,0.030898329066824517,5.435784075976602e-05,-3.2497297287212907
62,-9.158507631488813,0,0.0303261842102278,-0.0006982153748772693,-2.360331503269411
63,-47.27111745613444,30,0.05718913064945238,-0.14486444529657874,-2.432525829713952
64,-24.7022220111408,12,0.047752714327596986,-0.004245103826165143,-2.861808146568605
65,-25.84642914471849,4,0.07233916935337245,0.37113156015152077,-2.8029276684241133
66,-47.27562413856349,10,0.12342921900186575,0.11655711064482145,-2.2667945946439745
67,-17.61517785232399,4,0.045688516282966496,-0.06228409631876275,-3.0836875845170297
68,-45.51410799752174,2,0.14408645032291956,-0.4098309937381149,-3.2461941312652565
69,-17.72899623427297,8,0.03770928772974018,-0.0037266742021148636,-2.8734233935244466
70,-21.063011166178015,10,0.04008337379050046,-0.003535795292776564,-2.273601220373361
71,-12.008248680285504,4,0.026517379736044698,-0.007602296604633035,-2.5886737938633417
72,-53.13164183469911,36,0.06538794593396632,-0.005797651530072832,-2.40822293623706
73,-21.58216125217971,6,0.057711708341406286,-0.0043184425888790024,-2.8259212871624535
74,-11.275482516110857,2,0.030713518265267758,0.00036121080737462304,-2.467907153023792
75,-29.202376743985244,14,0.05033899584101094,-0.0022427383659944086,-3.3597865388491224
76,-23.562340801737367,14,0.03166338013820292,-0.006166312746728296,-3.099404240861719
77,-33.358785344389986,14,0.06721800466802083,-0.33174600099122875,-2.676876179929564
78,-18.548088623503872,10,0.02830492921690011,-0.00019277739276899803,-2.78258476907604
79,-16.9725579037082,8,0.029710456634795438,-0.0031069810837985245,-2.7641381718995457
80,-13.988674896197905,4,0.03307508243774133,-0.005809845209787816,-2.7817456654380908
81,-17.26235040560342,12,0.026311752028016926,0.001146470666048117,-2.14771731593227
82,-15.84236532345121,6,0.034902004693089385,0.007752404048302416,-2.7943126875576927
83,-17.239727155128538,4,0.04565423156940896,0.06746827934611717,-2.7269543306995185
84,-20.940183006480993,4,0.056093321213513146,0.08443636863927252,-2.632782934934197
85,-15.878367307695953,6,0.03741805798369672,9.499908456663516e-05,-2.8420245875163483
86,-10.235309973497264,4,0.025554549071710102,0.005386465778536178,-2.20898842026449
87,-34.422988062458984,14,0.06762578828628835,0.023854599001089615,-2.9380432977472952
88,-31.578187628980707,18,0.04496088618867775,-0.002206925738106377,-2.2910234630599753
89,-39.60664528380154,18,0.0812279897887273,-0.008750401353953701,-1.6695600775427613
90,-15.494518365916772,6,0.03143880253614815,-0.005037451164784613,-2.72537119266537
91,-15.46520764055219,8,0.026661455859114943,-0.010098453298061421,-2.3525438823511027
92,-26.73511845421918,6,0.06865933262986477,-0.18550484111032986,-2.7523986167938985
93,-15.540972235592637,6,0.03159262329666445,-0.001843440626240613,-3.1264164626064854
94,-9.388600307460363,2,0.024465563931987882,-0.006066782471403134,-2.621983913238157
95,-11.673772580066826,4,0.025750914698210774,-0.0024396298877463595,-2.8086401157026435
96,-27.404222950477745,4,0.07749742698833684,0.33143685344623597,-2.657532299128253
97,-15.206977490634502,6,0.030486680432564306,-0.0015790541639354155,-2.4231495697438286
98,-15.044249014086578,6,0.029947844417505382,-0.007005554983324513,-2.6480987871884496
99,-13.098131169201952,4,0.030126262149675394,-0.006934680147574511,-2.4912077168476094
100,-12.310849527298709,4,0.027519369295691088,-0.0004835341902085833,-2.5036282867536106
101,-14.147494452856748,6,0.033667332449821376,-0.0009664649545977061,-2.373608468303386
102,-15.28639767258384,6,0.03074966116749614,-0.003796284427921849,-2.740348186312299
103,-11.149237403370268,6,0.0286068744631681,0.0052014198138689,-2.0710184172132804
104,-12.49400405694754,4,0.028503369318615912,-0.003930632680523265,-3.0910324524188
105,-15.149567287848159,4,0.03691909697962974,0.002060907340411171,-2.520116435936868
106,-18.625538734366298,10,0.028561386537636624,-0.0023452842000575846,-2.8171610246147725
107,-23.402716602224277,14,0.031134823186173166,-0.0036369270000557435,-2.9745577233410225
108,-11.360122877420734,2,0.030993784362320365,0.0014781640360705455,-2.8685385178053746
109,-18.221321976862328,8,0.037578389620817464,-0.00044138375370119537,-3.0219448144786463
110,-9.253514223331836,0,0.030640775573946375,-0.007151196616592305,-3.0059710856046395
111,-10.97096379467219,2,0.029705178128053497,-0.00396403334957751,-2.8955290922895074
112,-11.226818684887297,2,0.03055237975128232,-0.004871736858379318,-2.9976056874171517
113,-81.62633877366522,24,0.19081569130352685,1.7645366992015046,-2.631131660601025
114,-17.761359325915603,8,0.03232238187389263,-0.00419935291919808,-2.44629215671502
115,-11.43312366197702,2,0.031235508814493464,-0.0035759805236011744,-2.741365328576533
116,-8.067376085297589,0,0.03226950434119034,-0.00683342888308689,-2.851575632260088
117,-12.055725485137577,2,0.04155258464932875,-0.004939263677301486,-2.8388620232527764
118,-21.13754225718379,12,0.04079259936242765,-0.002695235598158823,-2.7579590212909224
119,-12.90634942573432,4,0.029491223264020976,-0.005940853634892365,-2.7334117660348287
120,-8.690878915374835,0,0.033948745763183026,-0.0009764356285813846,-2.672486310443253
121,-19.386809237694347,4,0.05380003229963063,-0.2413256105138119,-2.2499832896461998
122,-7.747458450183941,0,0.025653835927761364,-0.005550135306810454,-2.7880868526941183
123,-8.677773924005232,0,0.028734350741739204,-0.00432101939496467,-3.265242178952599
124,-27.10786398570078,16,0.036781006575168425,-0.0012902377834790293,-2.3852075632538225
125,-16.349445977077735,4,0.040892205222111705,0.001191387617720032,-2.506468673766859
126,-8.851870878683119,0,0.029310830724116343,0.003132983710962218,-2.6348172186805527
127,-10.462590276374145,2,0.028021822107199047,-0.006639391885120545,-2.7071477040697416
128,-27.958563875261596,6,0.07271047640815109,-0.4467064242868604,-2.435061954286887
129,-20.16969220431118,10,0.044998638072173316,1.0327672672383816e-05,-2.9894333122172467
130,-16.632024309175293,4,0.04182789506349427,0.14647438338825122,-2.465883219151585
131,-11.97121857640436,2,0.03301728005431906,0.0019076908018057612,-2.915457366209551
132,-24.718287350911076,10,0.04873605083083112,-0.09694785019197803,-2.8607818837168115
133,-22.520839302683893,4,0.06132728245921813,0.38751507970112814,-2.599077489998019
134,-33.31416032572697,2,0.1036892726017449,0.36928362887235516,-2.3666745059828997
135,-25.134189688917804,12,0.043490694334164894,-0.001132910469368051,-2.944083183750029
136,-35.42500035340944,8,0.09081125944837538,-0.08612088309246306,-2.5000607329591897
137,-17.163819239236442,8,0.0303437723153523,-0.005716789283925384,-2.6517714982813794
138,-23.021625313054624,14,0.029872931500181134,-0.0013153906754335227,-2.609968987561181
139,-16.541300304402768,8,0.028855744271631047,-0.006088293199836453,-2.9071839544582305
140,-10.342458234295517,2,0.02762403388839583,-0.0010323844606439207,-3.034807764183628
141,-29.645833330523885,2,0.0915424944719332,0.35469681956490734,-2.137566700824752
142,-43.75828786874875,28,0.052179761154797624,-0.0031302800684217488,-3.0022837688485686
143,-19.424077891822282,10,0.031205555933186052,-0.003133227375632041,-2.5618324033953
144,-13.165271517864811,6,0.02843361713438421,-0.00017264848131509053,-3.0503837633328947
145,-20.792187087534824,10,0.03573571883289698,-0.0038974695689421124,-2.328230438544261
146,-16.895389080989833,8,0.029454930731754425,-0.0005091910346084281,-2.6318030450705883
147,-23.624946644813104,4,0.06498326703580505,-0.3493356850808517,-2.7978114525246123
148,-13.710747064541412,2,0.03983247300864417,-0.002408332685658037,-2.8321396432035337
149,-15.715958628910057,6,0.03598503195892621,-0.0016096583081202374,-3.114114413065189
150,-13.344927053949924,4,0.03094346706605942,0.002034607776502357,-2.951493611244565
151,-16.80876727740567,8,0.0303750595772609,-0.0025515491146080455,-2.271393173369358
152,-11.106171818887429,2,0.030764093982727746,-0.0005122052234238819,-3.1329248819954856
153,-21.39938727292506,8,0.04436883202955327,-0.0001664487487753693,-2.377713111686923
154,-17.05225767444357,4,0.04321939627299205,-0.004885458121760841,-2.972482469384959
155,-14.414704299976274,6,0.042073521499881354,-0.0027716009670402855,-2.9676615784345195
156,-19.175414341256985,2,0.05687223291806953,-0.0041080213076317845,-3.2411744318132496
157,-14.111329705060236,4,0.03348122418894112,-0.004243162226869373,-3.176461086026701
158,-31.18637416662571,10,0.0701535568431314,0.16285257353478216,-1.980042549033051
159,-9.689754693021195,2,0.02546276388417623,-0.005327611229388623,-2.345599649998896
160,-19.09086662699882,12,0.03442168265533408,-0.0069459761562983245,-2.2925440158622648
161,-10.488421541928295,2,0.028107356099100343,-0.004434807838205964,-2.828678414091739
162,-30.917088617570915,4,0.08912943250851298,-0.6555193519084838,-2.6177323510003774
163,-24.093126786402983,4,0.06653353240530797,0.39225148763900797,-2.4891853028555273
164,-13.894264488499553,4,0.032762465193707256,-0.0002852508727313075,-2.4617369807003042
165,-39.64940643790235,4,0.11804439217848449,0.9813853459607345,-2.6304433820050654
166,-15.14394003464875,10,0.029562873762349173,0.003420037885421309,-2.3095784202852316
167,-14.432716585877207,4,0.034545419158533854,-0.0018902939514546895,-2.9871209931154334
168,-12.983609245221999,2,0.03636956703715889,-0.0019284968907383598,-2.5946519793379768
169,-24.8670857986423,18,0.030118797362466365,-0.0021993069255953294,-2.213646656841452
170,-14.939863216861077,6,0.029602196082321435,0.0013141798446053602,-2.7228040418266906
171,-11.022575603916843,2,0.03245530792775842,-0.001139028187884728,-2.656999408915759
172,-31.579137544352893,14,0.058209064716399916,-0.17634086679530003,-2.563741712561702
173,-23.117499137795164,10,0.04343542760859336,0.001420844553365366,-2.391982197228203
174,-17.58223936759446,4,0.04497430254170338,0.00857008514117869,-3.380536336878882
175,-11.144609588387727,0,0.0369026807562507,0.0003898324187388582,-3.387642047708601
176,-19.838315553408716,6,0.04582223693181693,0.10010098791511618,-2.5562501639201742
177,-20.415387148055935,12,0.032366873646368796,-0.00832756865859175,-2.4407364360017416
178,-20.272512956476785,10,0.034014943564492646,-0.002000997595902261,-2.8123610767854275
179,-15.43704335297136,4,0.0378710044800377,0.003684875551944241,-2.3723691252288823
180,-12.596561516908492,4,0.029643315575546548,-0.007687055409789599,-2.6116105760788897
181,-8.452101356741789,0,0.028362756230677088,-0.005427024110482893,-2.9561974094536048
182,-10.897759395434491,2,0.029462779455081183,-0.001444197295076331,-2.4656717214343065
183,-26.539942316805192,12,0.048145504360282,0.08502558359493878,-2.585574915851578
184,-28.351127979660507,16,0.041170426598868326,-0.0013847039903824528,-2.9834486045352726
185,-42.47889474928677,2,0.1340360753287642,0.42439938422958584,-2.477071897150422
186,-36.78689420585183,10,0.08869832518493939,0.14248992137484476,-3.366822027958874
187,-19.609658948782016,10,0.03182006274431131,-0.0017141746170510422,-2.6607158739365318
188,-10.659771231682171,2,0.02867473917775548,-0.0014812783509283172,-3.0216148974172716
189,-8.069591268090218,0,0.02744758934724564,-0.003649039855496134,-3.2932266537088988
190,-13.491942264347411,4,0.0314302723985013,0.002090370901459396,-2.913521668435281
191,-38.33033439922304,18,0.06776778133074307,-0.05577376248454675,-2.624567669761367
192,-13.212706132141232,4,0.030505649444176268,-0.0036823542164145222,-2.7131284999658063
193,-19.98050806825118,10,0.03326836022750389,-0.006773996310696626,-2.418339719517622
194,-17.1038059238226,8,0.030145052727889383,-0.001594664612923755,-2.7873766528836463
195,-19.171200553373993,6,0.04361324686547689,-0.16466750738932598,-2.8035866633031765
196,-9.988085536622346,0,0.03307313091596809,-0.0015403262187652783,-3.251366489774868
197,-31.020599704219883,20,0.03649205200072834,0.0015145023852981478,-3.0577305471727745
198,-14.719902440017055,6,0.028873849139129323,-0.0075771237351925464,-2.467029399156959
199,-33.87968143656233,4,0.09893934250517329,-0.5565462057269024,-2.9179334213453365
200,-8.497423068828574,0,0.028137162479564812,-0.006680938250089175,-3.1571679388277003
201,-9.060407422979049,0,0.030001349082712146,-0.005366760189799185,-2.4998489650672173
202,-13.583072127585066,4,0.03173202691253325,0.004109838097017036,-3.068140883256129
203,-15.207730964012578,6,0.03804847505790312,0.0014275324769502829,-2.955830593388043
204,-20.0384720131147,4,0.0585345693909294,0.2697873636522334,-3.1197202424178867
205,-24.386851044440437,2,0.07412864584251802,-0.33004134788998213,-3.085847464962153
206,-18.0984641710664,6,0.04006113963929274,-0.0056855220205785815,-3.3838529227449503
207,-25.589006980788618,16,0.031751678744332816,0.00029626655282872106,-2.3761148230367746
208,-8.02114749787084,0,0.02656009105255245,0.0015779723114926147,-3.1100967435722153
209,-9.90154553473409,2,0.02616405806203334,-0.0018019186699799947,-2.5044198269733777
210,-8.899431950732286,0,0.03133602799553623,-0.000921591703409434,-3.0289253314902913
211,-11.534276029437772,2,0.03157045042860187,-0.0036748205834308896,-2.6050532746735486
212,-23.135798172972088,12,0.036873503884013316,0.008442806062020287,-2.888196913087912
213,-11.531071699224634,4,0.024937323507366254,0.0011155795771628618,-2.787200774794093
214,-20.382782786900822,10,0.03438007545331391,-0.0021772472971945457,-2.680676751200492
215,-12.158052857392457,2,0.035027768473767054,-0.003059116528562174,-3.066377000057235
216,-11.240454655298464,4,0.03203740997919683,-0.006956474184557235,-2.9296894858053997
217,-17.437055708791313,8,0.039987524189793684,-0.005623607087773823,-2.6195713422231584
218,-33.87860467745607,2,0.10843062815461246,-0.49257338862156586,-2.8743824180728774
219,-21.069899758976558,12,0.030032780658862862,0.0030186435238563065,-2.9165706840324113
220,-21.884007539785323,12,0.03272850178736857,-0.004780592675635357,-3.080118735911269
221,-22.646122930266323,14,0.03859876308154623,-0.008829825155719716,-2.061037319605488
222,-23.143370836418903,6,0.056766128597413645,0.18835592203062732,-2.948696525436009
223,-12.735271774430618,2,0.035547257531227124,0.0006801433323894855,-3.0090635976368647
224,-20.268284376733934,10,0.03400094164481431,-0.0004176483944440816,-2.0420839739829266
225,-40.79024439926142,16,0.08208690198430929,0.1959349312213564,-2.525158379996498
226,-22.456273929163494,6,0.05449097327537591,0.19026458647112912,-2.9687105119781143
227,-8.733125100640978,0,0.02891763278357943,-0.002112688529474772,-3.1542337892419776
228,-34.425989224952296,14,0.06763572591043816,0.17548256118670846,-2.4365413051675264
229,-10.92128026907214,2,0.03255941704040934,-0.0030685376663128062,-2.518392865474329
230,-9.816313969515202,2,0.03398397378050081,-0.0038777295942418275,-2.636688157270622
231,-16.73833642392007,8,0.02893488882092742,-0.0010898909067607095,-2.639782244561353
232,-14.372929861351821,8,0.0306390858718839,0.000574918344276599,-2.1135543076154697
233,-8.03758531614042,0,0.026614520914372244,-0.008655759026350403,-2.563704140958398
234,-11.278568774405947,2,0.030723737663595856,0.0009865128738953677,-2.911376672397373
235,-12.174788298382039,4,0.027068835425106085,-0.00022535051985501947,-2.88899192721953
236,-22.45855578640701,12,0.03463097942518889,-0.0030365638333119897,-2.8702617100446135
237,-9.335716264920263,2,0.0242904512083452,-0.0015533542763195092,-2.453633893588855
238,-13.94928270258871,4,0.032944644710558496,0.00024233123793309888,-2.9049303145591163
239,-21.376841674826927,10,0.03767166117492363,-0.0027563040396075275,-2.399361404944624
240,-14.890293249965096,4,0.03606057367538107,-0.0016649960101557438,-2.559556847704969
241,-26.222360505122197,12,0.04709390895735838,-0.0036115752482194677,-3.240767116374213
242,-9.921854545746942,4,0.02716447039333454,-0.004403453014380888,-2.616847239220365
243,-14.991682934651786,6,0.029773784551827057,-0.004246664476435977,-2.681342725579115
244,-12.250149234855192,2,0.033940891506142976,-0.0066678371426914605,-2.8775173481994782
245,-33.686655525849574,0,0.11154521697301197,0.8208296918157575,-2.5496780232921097
246,-26.09547064971219,16,0.03342871076063605,-0.0002873153653957986,-2.6945961013678015
247,-16.89905710546405,6,0.03608959306445032,-0.003294078149487394,-2.837548376524525
248,-10.284954730599328,2,0.02743362493575929,0.0008096612151095409,-2.875779731705899
249,-17.22404646716859,4,0.0437882333349953,-0.0019310354696901282,-3.02400896526335
250,-26.551724568992153,2,0.0812971012218285,-0.2071875163572933,-3.1138676968856487
251,-11.103867706492098,2,0.031610651758653144,-0.0022321759828224054,-2.399264267833294
252,-13.318175133374718,4,0.031060583777915842,-0.0005485472024107972,-2.90588597874064
253,-17.85998930454526,6,0.03927148776339495,0.00010408561103144624,-2.825995498037371
254,-8.521289173614106,0,0.028216189316602983,-0.0021409114016318655,-2.621210673211423
255,-8.840080310933013,0,0.029271789109049692,-0.007241471558470057,-3.205671771799117
256,-31.541476513958873,4,0.09119694209920132,0.36828260422493053,-2.740069748821286
257,-9.330263363138755,0,0.03089491179847263,-0.0015765793318551849,-2.7403556955587107
258,-15.05532681354087,4,0.03865498885853468,-0.00466837843719681,-2.32469847878153
259,-9.120707023726407,0,0.030201016634855683,-0.0033658255940142846,-2.9673374467776643
260,-45.628810298747325,6,0.13122122615479237,1.117402795016371,-2.5578401761102514
261,-15.394130483990459,4,0.03772890888738548,-0.04372389585686391,-3.082337119311575
262,-16.937025061670372,4,0.04283783133003443,-0.002484849820357581,-2.820414404493652
263,-9.553717489948758,2,0.029052759576725852,-0.001324699110029122,-2.8126782120850224
264,-14.278164284222937,4,0.034033656570274747,-0.001291242987688458,-2.4995757250827646
265,-12.82419520142733,2,0.047061718267075295,0.06030575047490065,-1.74092879860338
266,-23.476867238827115,12,0.038002871651745394,-0.0010148786577328251,-2.466238471358669
267,-23.176266997479058,12,0.041393581472144544,-0.005086837846233889,-2.6612141218582273
268,-8.991014654181782,0,0.0297715717025886,-0.0028844454961008585,-2.718699004210425
269,-34.329297753231835,2,0.10705065481202594,0.49824969840778766,-2.3980663171325984
270,-14.325745955269463,4,0.03419121177241534,-0.004181563695245083,-3.348662446810176
271,-14.002761048029928,4,0.03312172532460244,-0.0022495627668855825,-3.4505460133789367
272,-7.884057778923658,0,0.026106151585839912,-0.0059706617485953874,-3.1212466329277575
273,-14.530846364553723,2,0.04782765787997605,-0.0035749389207033254,-2.4675948248959756
274,-11.420397438328148,4,0.02650141942260047,-0.0016523621095776823,-2.8224712986694485
275,-19.058051614487212,8,0.0415716226108542,-0.010067298233113427,-2.807416603037925
276,-17.88499765817815,6,0.039354296881384705,0.02308697880982785,-3.421826823488485
277,-11.906547634173883,0,0.04313966534120981,-0.009476016327887233,-2.897148339684561
278,-12.497012976505035,2,0.03475832111425503,-0.0033621753624560225,-2.4999128963431305
279,-8.989404989935645,0,0.029766241688528598,-0.004942568578134408,-2.6427516866358927
280,-12.301998641625003,0,0.040735094839817854,-0.1636433206868685,-2.5050510559129275
281,-11.011869602615795,2,0.02984062782323107,-0.0009306187103872514,-2.8788413198032208
282,-12.58877930802187,2,0.035062183139145386,-0.00040332568271258314,-2.8834051141907024
283,-15.442144018483951,10,0.027485575850929055,-0.005243967319227228,-2.380790176946697
284,-12.2247357362098,4,0.027234224292085458,-0.004621287628689115,-2.938688534294218
285,-14.176759003000488,4,0.03369787749337905,-0.0015281834115354431,-2.7501074208930407
286,-13.047011352707395,4,0.0299569912341305,-0.0027344932295505376,-2.837135700627372
287,-7.36969148616726,0,0.024402951940951243,0.0003939945593056892,-2.619215916261919
288,-13.689193403983008,2,0.04235215001443117,-0.004730748092549839,-2.549617748869502
289,-16.818371847553845,4,0.04244493989256246,0.1565136374133201,-2.655394164908875
290,-28.31149959041669,14,0.05261580731770847,-0.08866077530820964,-2.6131785104588796
291,-11.077409449751245,0,0.03668016374089807,-0.00430617424761969,-2.4488736453665796
292,-16.699011170735822,6,0.035427189307072116,0.0005458237243267331,-2.2650100295653948
293,-11.066702079786834,2,0.033090153575864395,-0.005872284325968175,-2.3748161889784747
294,-15.610336062147008,4,0.03844482139783774,-0.0031587494775847168,-2.471759819317284
295,-11.61738239700077,2,0.03184563707616138,-0.005345770887820827,-2.754494839742169
296,-9.702032194454743,0,0.032125934418724356,0.00026748437042785995,-2.625105769493515
297,-8.20549073759079,0,0.02717049913109532,-0.004110012068690745,-2.9437738521181473
298,-11.202149209350319,4,0.03303738169426755,-0.0050329596267739704,-2.618388906653667
299,-8.53860830086748,0,0.028273537420090967,0.0004125974026187909,-2.5279351269443127
300,-10.06422889463234,2,0.02670274468421309,-0.003108529275474416,-2.7570366804987585
301,-60.70240753621992,10,0.1678887666762256,-0.3785843684997206,-2.412216430280237
302,-24.542849310140227,4,0.07284698336929168,0.133495171853929,-2.522652084717745
303,-13.464185786564933,4,0.03133836353167196,-0.0036557798672448966,-2.782464359875534
304,-17.113561499617475,6,0.03679987251528967,-0.0020050207708826573,-2.625476018106796
305,-12.822013987157629,2,0.036073379957192016,-0.006181471058710789,-3.0246162887747245
306,-22.861830284714483,10,0.04316050431112258,-0.0014554503112062561,-2.516038133328837
307,-14.862949498637278,6,0.029347514896149864,-0.008229340165575954,-2.519531221885777
308,-10.521992659102876,2,0.028790515740212408,-0.00028065237314188604,-2.977945924746313
309,-18.516008215467117,8,0.039238836624877364,0.0006395204931865933,-2.6129426197447283
310,-22.067294338307534,10,0.03995792827254163,-0.004352525182049845,-2.008618171550087
311,-16.933580655278835,8,0.029581392898274404,-0.0010569740763698883,-2.9458786047358276
312,-8.42728077512713,0,0.029466016696248737,-0.0029312820814898356,-3.289604679576831
313,-6.996114784365263,0,0.02553326563636959,0.0007111879470112333,-2.448723706449926
314,-36.99532193377694,6,0.10401114742878169,0.5320183695311151,-2.2595592830858298
315,-11.010242042195399,2,0.029835238550315883,0.005679189511389774,-3.3194571356046043
316,-14.722591297332123,4,0.03550526919646397,0.0016970773687006425,-3.101976237042702
317,-10.703496790752082,0,0.0354420423534837,-0.06974804179946466,-2.9775462122945524
318,-23.360379006206585,14,0.030994632470882785,-0.004564679578403072,-2.38899328086296
319,-24.436631158701438,16,0.0439407872849034,0.0041622260362297915,-3.359685718414888
320,-13.609283997647102,2,0.03844133774055327,-0.11993079485205181,-2.410653744801755
321,-8.941649056784538,2,0.02754622641581174,0.00018702818335787882,-2.761767622574957
322,-6.966352852856401,0,0.031379967805659534,0.0035529389811746843,-2.6073560824462523
323,-12.763801127354174,2,0.0356417255872654,-0.00325653658476689,-2.7548359751598044
324,-10.317323831310535,2,0.027540807388445353,-0.005845787610229573,-3.0308500999861763
325,-17.432724309623453,8,0.031234186455706688,-0.0012523709288304857,-2.3464321646854027
326,-25.52491531686754,10,0.05792878849577444,-0.037951726716471346,-2.266009364556695
327,-17.319433088996583,8,0.03085904996356469,-0.0013376881137169552,-2.8459944235362937
328,-80.9364723343975,20,0.20177639845827006,0.7234443779805805,-2.873041476655847
329,-16.941378324935233,2,0.04947476266534837,-0.016393104764565035,-2.6238254794635076
330,-16.027514141198274,6,0.03320368920926585,-0.004805060039738514,-2.584140857163083
331,-10.001133841668107,2,0.02649382066777516,-0.00501385989802464,-2.3815530359791284
332,-18.617040925467673,4,0.04840079776644911,-0.002490488375962669,-2.8694869593100387
333,-20.866122685644168,2,0.06247060491935158,0.18907611780516212,-2.760230135530679
334,-29.071821848305394,0,0.09626431075597816,0.2863820095521873,-2.871131542378987
335,-37.60221518717434,8,0.09802058008998096,0.4715910984539359,-2.346301952167684
336,-20.84997507045967,0,0.07446419668021319,-0.3010545653378774,-2.62133517752651
337,-15.783376992795214,6,0.03239528805561327,-0.005462540525770345,-3.042995015960125
338,-15.28504415604871,6,0.030745179324664505,-0.0018069212981777277,-2.8375247329593187
339,-9.510927437341424,0,0.03149313720973975,-0.0014854895860721537,-2.92242898195026
340,-11.852923094516601,2,0.03262557316065092,-0.00026965473656348314,-2.4466008646311916
341,-16.059183679021274,6,0.033308555228547414,-0.01923261317917892,-2.6226469567027064
342,-11.892081282274644,2,0.0327552360340219,-0.004071072099147525,-2.6153134027674843
343,-15.08935152708116,6,0.030097190487023626,0.0002098112783413257,-3.4250660882318327
344,-19.10067919233187,2,0.05662476553752262,-0.2781498619011412,-2.8720397027491575
345,-10.354187553171329,0,0.03428538924891172,-0.002108235696611297,-3.53745544911979
346,-15.99472265878498,0,0.05671887467654249,0.3640020850377078,-2.347858816521087
347,-30.733749208941013,2,0.09514486493026827,0.05675018485862953,-2.5198172323430414
348,-11.72300834460222,2,0.03219539186954366,0.0005451655036936335,-2.8057521150533775
349,-28.52843584431756,18,0.03486237034542234,-0.0042152736672132415,-2.803653312711329
350,-24.321856415393867,14,0.03417833250130413,-0.008918980147307184,-2.6477681936168063
351,-10.653731032542765,2,0.030470883917404074,-0.00243000387965085,-2.972662178975076
352,-25.37159861062505,16,0.032540272953559234,0.000965681856420512,-2.4699007607731294
353,-9.405330223845539,0,0.031143477562402426,-0.0013021635082827894,-3.0043855660712184
354,-8.763823267226298,0,0.029019282341809012,0.0015601952022114237,-2.607130945148101
355,-16.459496944136074,4,0.04125661239780151,-0.007307205405178795,-2.743205232465688
356,-12.447607682422152,4,0.027972210868947536,-0.0019838609217684594,-2.759995536561377
357,-19.58460398907109,10,0.03549853329285618,-0.0020094544431884533,-2.8222196184890347
358,-16.41799583772205,8,0.02787415840305317,-0.0016277930319975346,-2.8707127750120343
359,-11.69642241775354,4,0.025484842442892456,-0.004439558960892112,-2.800992562150311
360,-7.486909549804198,0,0.028359505870470394,-0.0044817976613888855,-2.482584166343352
361,-19.278270673887185,12,0.027569207098057616,0.0019787441616327586,-2.245099099665337
362,-39.46069111042818,28,0.03794930831267593,-0.003486319241500984,-2.819447825040548
363,-16.172353825328393,6,0.033683290812345716,-0.004896602009589605,-2.589798962709722
364,-20.706229534665592,10,0.03545109117438942,-0.006039221704912847,-2.2315633662142913
365,-26.248129687643843,0,0.08691433671405245,-0.6103829770097632,-2.7497882809431373
366,-25.15239327700161,6,0.06341852078477354,-0.21882110191139065,-2.397831546775484
367,-7.7967117052136965,0,0.026163462098032546,-0.0038788014241562994,-2.6604413126479685
368,-23.034131004618065,14,0.02991434107489399,-0.002326779991591855,-3.0997314267014677
369,-25.902401135203352,2,0.0791470236265012,-0.34078290113810733,-2.4666686251581824
370,-34.288005333845845,6,0.09366889183392674,0.28052466088868927,-2.7415533492010122
371,-12.71543067067973,4,0.030473533813565514,-0.004578588201201984,-2.862951278614639
372,-14.333300180530292,4,0.03444433393510106,-0.004436448315624147,-2.613372196394487
373,-16.39732466948028,8,0.02780571082609359,-0.004071388252862785,-2.8334249085628365
374,-17.866783661575923,2,0.053968651910122185,-0.13998681806482463,-2.3172708495846335
375,-11.98114225901743,0,0.039672656486812556,0.002671630115060148,-2.3637031631383874
376,-16.79547161223719,4,0.04236911129879855,-0.09489108985983798,-2.4229556549889413
377,-12.73722484404163,4,0.028931208092853135,-0.0012127920425503162,-2.681509929730569
378,-46.65904780845588,10,0.1454724119383169,1.0085305519032455,-2.5166199107163787
379,-10.83329449852503,2,0.029249319531539753,-0.002357826517919535,-2.303819487777474
380,-60.58285236732357,0,0.20060547141497892,1.0180289296181997,-2.813332905921012
381,-24.871633975451473,4,0.06911137077964068,-0.27518352015215336,-2.7400353559522985
382,-7.937325087334763,0,0.02645775029111591,-0.0036765444957030315,-2.4790260589937825
383,-17.736200858991104,2,0.0521066253608977,0.19850297256416044,-2.8111175563536426
384,-39.45890294478998,2,0.12403610246619193,-0.8697053663158907,-2.3484364040831216
385,-17.251915309043515,6,0.03725799771206474,-0.0014473679925728318,-2.6109751516324007
386,-28.990451470325795,18,0.036392223411674696,-0.0006185742064274305,-2.410986010592033
387,-10.619832956656689,0,0.03516500979025393,0.0011543546797127913,-2.6995156796630595
388,-13.129884117854045,4,0.03023140436375522,-0.005245919489233896,-3.0542232653493486
389,-16.947679293033374,6,0.03625059368554103,-0.0003287660910914473,-2.9435362113081536
390,-7.629685182449505,0,0.02526385822003147,-0.005708785769252094,-3.012822857224082
391,-12.365676015611955,2,0.03432343051527133,0.0002269286671591713,-2.6857349098165093
392,-16.020332504455563,4,0.03980242551144227,0.0009390486495273299,-2.449368541623788
393,-15.59016533235684,0,0.06442217079486301,0.23871318736028943,-3.2288036203206216
394,-26.716708881498953,2,0.08184340689238058,-0.24764734086050924,-3.053536121801582
395,-9.05575146368623,0,0.029985931998961057,-0.003726892615822668,-2.778355065921926
396,-15.706109840161897,0,0.05200698622570165,-0.0406262602487468,-2.6576394641903747
397,-19.169742265189495,10,0.030363384984071394,0.0012252163422596179,-2.472424805002589
398,-13.620691786849628,2,0.03847911187698554,-0.02407361197841218,-2.5727654725341713
399,-10.27116806201139,2,0.02738797371526936,-0.00350906126299836,-2.826519852975038
400,-12.93973461878366,2,0.03772322282339193,-0.00142494799005237,-2.847501682149134
401,-51.993850317190685,2,0.17728315715315818,0.3318462736544642,-2.630050545140064
402,-14.585821986720552,6,0.028429874128213743,-0.0029629310468113085,-2.8046230651116746
403,-12.881967363375686,0,0.04265552107078057,-0.08576395599885045,-2.360839236009787
404,-14.526284086192568,6,0.03410513634477027,-0.005085203497111797,-2.875949416993558
405,-12.441778645688716,4,0.027952909422810212,-0.006605204665379611,-3.0615939414894613
406,-9.674697590823193,0,0.032035422486169515,0.0010864405866962124,-3.104252416903341
407,-22.546733368240243,0,0.07465805751072929,-0.11194039922606952,-2.981346925899359
408,-37.24155276576624,14,0.07799178780458457,-0.41907531746605337,-1.8562251861211094
409,-17.669952913758213,6,0.03864222819125248,0.0004477867298444967,-2.9884051872189126
410,-9.463482371883785,0,0.031336034343986054,-0.0011845344838891363,-3.040200783070701
411,-22.993189776986377,6,0.0562688403211469,0.07876660376341955,-2.5939474540981555
412,-9.613149027176645,2,0.026434545233252303,-0.006196084200281702,-2.5614544490501028
413,-7.536614923513737,0,0.024955678554681206,-0.00560313316712785,-2.975792878135186
414,-9.818755268812918,0,0.036912613792529726,-0.008228053683169971,-2.5898834065720613
415,-18.259257185597875,8,0.0339710502834367,0.0026042739002343222,-3.125035680692862
416,-7.60163848320045,0,0.029013887340459774,-0.006315805454372308,-2.812803121563936
417,-8.592703936960968,0,0.03356524975375373,-0.0036977615795422024,-2.5401346240426164
418,-9.77395744658691,0,0.03236409750525467,-0.0036072978686266855,-2.5931330872085545
419,-18.707200993203273,6,0.04207682448080575,0.08853679209136534,-2.512032707330666
420,-22.780401063926853,10,0.04231920882094952,-0.06508451481935698,-3.064377753389537
421,-19.396551218989348,8,0.03773692456618987,0.058951222862653585,-2.4459588623937183
422,-15.745372796721643,6,0.03226944634676041,-0.0006892464527650582,-2.457985026092848
423,-16.331577803968475,6,0.036124397915973626,0.09057987022308887,-2.6013940397601973
424,-22.801619742850534,0,0.07550205212864411,0.5325339525466976,-2.8518989691496532
425,-9.386733815656934,0,0.034765680798729395,-0.0021829213948782395,-2.9118197834371005
426,-60.26142508624191,16,0.14656101021934456,0.5472722406027258,-2.841484006561203
427,-11.421778235876989,2,0.031197941178400655,-0.0014991904828244118,-3.1086769253108035
428,-16.634465200527362,8,0.028590944372606966,-0.0030893320928555945,-2.42597024658223
429,-8.829943131150085,0,0.029238222288576466,-0.005351326082692796,-2.6637924646069018
430,-20.80507805794913,8,0.042400920721685935,-0.0031389326150128185,-2.825607531448049
431,-7.341461556095194,0,0.027190598355908105,-0.00016313723322969895,-2.7121945514543673
432,-14.125711072057902,4,0.03352884460946326,-0.0009872605497578764,-3.030742398239572
433,-8.573578487290895,0,0.02838933273937385,-0.0029281274315327505,-3.3878262153851324
434,-15.928529469252942,4,0.03949844195116882,-0.0035877892439907405,-3.468014613122044
435,-8.200944021608423,0,0.027155443780160313,-0.0010240262661079895,-2.36784063274232
436,-9.336305173967203,0,0.0309149177945934,0.0005216515417186087,-2.974535598749116
437,-18.323492515312466,8,0.0341837500507036,-0.005979055498066722,-2.622518120902291
438,-11.13525354512197,0,0.036871700480536354,-0.05470057719145032,-2.480280145604413
439,-14.78046833791938,4,0.036668259652787014,-0.04025642154500725,-2.2464972872421667
440,-26.351340522749148,18,0.04395442380394255,-0.005834199490613843,-2.766391691301741
441,-12.918972910267783,4,0.02953302288168139,-0.0003821249018170384,-3.0644295856695845
442,-18.6812766528346,2,0.05560425550944869,0.2881258464527006,-2.238484292349468
443,-8.335402991163415,0,0.029983463996990735,-0.0064500931740852354,-2.2351095178734055
444,-10.342754565382561,2,0.03337101826153026,-0.00488212954569608,-2.5608880205322757
445,-17.410757676189853,6,0.03881210093942134,-0.001371713265377496,-2.733790284141876
446,-9.016858541613297,2,0.028995283229807035,0.0018522231928111354,-3.146760959237283
447,-9.706783234102993,0,0.03214166633808933,-0.00466811089045584,-2.6624149968937063
448,-26.47960925171655,16,0.034700692886478646,0.0009282482720122038,-2.7049273363043094
449,-34.701219539285766,22,0.04205701834200578,-0.002182504918969033,-2.6675206998844216
450,-21.499099418848207,12,0.041662716749334076,-0.006514445708639789,-3.292205736215028
451,-16.721483353637062,6,0.0355016005087321,-0.002449733032906638,-2.97484138648358
452,-16.606186491474567,6,0.03511982281945235,-0.0018605471668851296,-3.1058334937724688
453,-17.117334644428347,8,0.030189849815987983,-0.008147863337819446,-2.49521163859087
454,-29.562829219951734,2,0.09126764642368135,0.606595939687848,-2.971640200835162
455,-22.051768747265555,14,0.03594539619314986,-0.00043884346980900904,-2.4250046942250005
456,-25.61939800000183,14,0.03847482781457541,-0.0015654669381486906,-2.80465681730324
457,-24.056415288126352,14,0.03329938837127948,0.017495426683862454,-3.195346938423498
458,-23.83457946025526,8,0.05243238231872592,0.26486416497025506,-2.8925642006296592
459,-14.323135187250907,6,0.03037640579288642,0.0012328210582508005,-2.611486236507797
460,-48.752599296356884,14,0.11507483210714213,0.8598320729499344,-2.3735077312413577
461,-52.29794375628058,6,0.1533044495241074,0.8591834375653292,-2.7869643497024046
462,-41.87280283779359,2,0.14989775502929933,0.3037516241756625,-3.144871939278971
463,-22.72635971935892,10,0.04214026397138691,0.022578659057863895,-2.3942017455434192
464,-19.376710660870767,10,0.031048710797585363,-0.001536112262663857,-2.0796124094613018
465,-14.08746584402017,4,0.03850177803061118,-0.003941382076022507,-2.499148374367221
466,-8.631700367661521,2,0.02610905656559648,0.000608545164284333,-2.7859546768885126
467,-23.76503544039728,12,0.038957070994693095,-0.0020339183287312653,-2.5571635319945396
468,-41.90509149781902,32,0.0327983162179437,0.0004345372787195671,-2.750808955700482
469,-14.27860143241425,2,0.04065762063713338,0.09464394188900817,-2.625076838507431
470,-10.837682645131071,2,0.029263849818314706,0.0005594961221841787,-2.2808559047449872
471,-33.72464317031016,20,0.04544583831228548,-0.07822220745490284,-3.235455125620795
472,-21.36748248121273,10,0.03764067046759183,-0.002674347468087487,-2.447414729233973
473,-12.238891425319474,4,0.027281097434832854,-0.001519304763106321,-2.75870949666244
474,-8.258819115925204,0,0.0273470831653153,-0.0028979763422556076,-2.5858114972470068
475,-30.76627580450755,16,0.050569437686669716,-0.00016877005890981385,-2.599573372644735
476,-13.146138518749714,4,0.03028522688327713,-0.005083231204066006,-2.924103366037513
477,-27.819996467304833,8,0.06562912737518167,0.06036398900003598,-2.5909968120942644
478,-9.142997774565599,2,0.03246817170257092,-0.0045771247389811,-1.9972821434930137
479,-9.152928264758012,2,0.02689070776224821,0.00020532675264263176,-3.026232088752453
480,-21.487188244759732,12,0.031414530611787096,-0.004358167466645851,-2.8611653510067883
481,-27.00059103441716,2,0.08278341402124897,-0.4456968004839951,-2.6363379168740493
482,-15.929772290066408,8,0.02625752413929263,0.0014066967983662293,-3.0268009753982494
483,-35.104355872158905,2,0.10961707242436732,0.6041164537154705,-3.020899382797656
484,-20.380737670201455,8,0.04239978654178588,-0.0031860451403788407,-2.9015216657021146
485,-36.1842762082362,10,0.08670290135177569,0.5268037696219425,-2.897613075789872
486,-20.51645872395637,6,0.04806774411906092,0.18145194526504269,-2.364478662753607
487,-24.4913405926047,14,0.042303792712115484,-0.004906628771136785,-1.961949291832054
488,-14.709595817129939,0,0.04870727091764871,-0.02100998655744884,-2.8405868775877385
489,-8.519729151687393,0,0.02821102368108406,-0.002574769693383614,-2.980509934170381
490,-8.556673305634469,0,0.02833335531667043,0.00539727743178458,-3.088672828182134
491,-22.925335566634235,12,0.036176607836537124,-0.004507520683849884,-2.823154684934273
492,-7.9479717950595905,0,0.02631778740085957,-0.0006047622302226377,-2.676875378024018
493,-7.332470681247956,0,0.024279704242542874,-0.003981410407473561,-2.8950491050551244
494,-9.389558630658343,0,0.03109125374390182,-0.0038813999858654,-3.3573833403197604
495,-10.349659480554587,2,0.02764787907468406,0.001011420962083098,-2.4850741052552934
496,-7.800892606382455,0,0.025830770219809472,-0.0008199172473777801,-2.75731539418705
497,-7.740732904295925,0,0.02563156590826466,-0.0017098787968472535,-2.7611322122767286
498,-9.603927407645502,0,0.03180108413127646,-0.00458717135433416,-2.503987162020628
499,-8.520339790962861,0,0.02821304566543996,-0.008881968521476038,-2.7179281417952716
500,-42.84147309877454,4,0.1286141493336907,-0.22401847147085205,-2.7169352522490904
501,-30.526853846392633,4,0.08783726439202846,0.3971094900853192,-2.6503515458440665
502,-11.786026493470477,2,0.03397925865788358,-0.001528513069812713,-2.4675726308664405
503,-13.568730914162245,6,0.03153637880900938,-0.00757579049289537,-2.28537589247616
504,-11.245367569067497,2,0.039850722280463276,-0.0035288774609116133,-2.7247137664496126
505,-24.40791964228289,6,0.060953376298950084,-0.06289973096576648,-2.5268550804615737
506,-40.54779915276314,6,0.11439668593630173,0.1446159192884421,-2.3274056412693613
507,-13.096790747370374,2,0.036744340223080624,-0.0043254889859293665,-2.4218503096835944
508,-12.67282925162715,4,0.028717977654394527,-0.0006576803689421655,-2.880939005774643
509,-14.940815386935217,6,0.029605348963361557,-0.002969245890399059,-2.9451341949889764
510,-26.700427053950197,8,0.06192194388725225,-0.3070991106278923,-2.3770298087411246
511,-12.071161113738814,4,0.028825575406210092,-0.0009123884389243488,-2.616223655400598
512,-22.95794534740999,10,0.04499286578961827,0.0012005444811721746,-2.315357332933551
513,-7.1767006080894165,0,0.02376390929830931,-0.005040921286420761,-2.7879931516966177
514,-10.576190711881855,2,0.030197854619302217,-0.004274789172283728,-3.2301507941602967
515,-13.045261014239632,2,0.03657371196768087,-0.001991656612734378,-2.8324572718913887
516,-15.521666092634074,6,0.03152869567097393,-0.0008986410069655602,-3.1411029819894076
517,-16.393777392856496,4,0.04103899798959112,0.06843980087872459,-2.6435012680245564
518,-10.420840960378527,2,0.027883579339001707,0.007540587740734417,-2.2332239644490923
519,-14.557249418137445,6,0.02833526297396507,-0.0010898308702035257,-2.667104106215723
520,-11.776508837352191,2,0.033253431419565216,-0.000549809913448736,-2.94561348587859
521,-9.041372877784188,0,0.029938320787364914,-0.005748779800510811,-3.053109640150951
522,-28.868344842820512,16,0.04261041338682279,-0.0011841569371083566,-2.963420463409213
523,-18.71984043713346,8,0.03549616038785931,-0.002855796787721284,-2.8258623027230385
524,-12.067046561359794,4,0.026712074706489525,-0.006179058823012901,-2.81254679091708
525,-33.46169966817953,20,0.04457516446417081,-0.0037544819021972193,-2.491312822153826
526,-18.446480083341555,8,0.034590993653448844,-0.002727053196644349,-2.658464849948735
527,-12.58020881560835,6,0.027647936200035094,-0.005497856915169278,-2.0452803485533773
528,-13.8112295345278,4,0.034546582868055606,-0.004248142268010218,-1.916414673413924
529,-24.89094217095234,10,0.04930775553295466,-0.032419858105089024,-2.6186819699957553
530,-12.211096653334913,4,0.02718906176600962,-0.004576212800237418,-2.5748800300029324
531,-11.472968173936218,4,0.026313268218085183,-0.00015021707505171358,-3.1670491458766135
532,-24.310379464160103,14,0.03414032935152337,-0.000803027071431896,-2.7182394099528193
533,-29.85801662969446,12,0.05913250539633915,0.22494516154945465,-2.527238726523005
534,-13.331197324666569,6,0.03243892621533861,-0.006706410527344694,-2.305700684199966
535,-15.029075678948352,6,0.02989760158592172,-0.005672865868731099,-2.8033965855324947
536,-13.358726406762198,2,0.037611676843583505,-0.005012878599508807,-3.2245701094548873
537,-8.307677204754377,0,0.027508864916405206,-0.00553459004462012,-3.046580716779545
538,-9.880637037477575,0,0.0327173411837006,0.00026985305332153145,-3.0452340438766927
539,-8.882523830456522,0,0.029412330564425587,-0.004156257889221194,-2.6180351923329335
540,-12.793089882163535,4,0.029116191662793202,-0.006089140618310945,-2.57951903840749
541,-24.471193403532283,0,0.08103044173355077,0.19512436267370914,-2.5068032196866326
542,-16.058449284307247,6,0.03330612345797098,-0.0011926896632101622,-3.2568261674824264
543,-8.295543615426963,0,0.02746868746830121,-0.002339064702237432,-3.3911724271076973
544,-47.79451872092801,8,0.1372224783480278,0.22272380231253416,-2.7806491911276403
545,-9.557195661455056,2,0.031752922947290235,-0.006424996632292178,-2.6305605367171268
546,-10.040618236845349,2,0.02662456369816337,-0.007698511402007032,-3.1822891665709423
547,-12.728681128935186,4,0.028902917645480697,0.0022680611261752565,-2.6693621506637335
548,-17.995535235314406,6,0.03972031534872316,0.0052121827605532,-2.8372461737753416
549,-11.744759739584161,2,0.032267416356238886,-0.0005020002176096996,-3.164750447008926
550,-22.761816836943964,14,0.03151732675159734,0.0014470636770933223,-2.943258061801944
551,-17.635026251699713,8,0.0319040604360919,0.0021741385141461596,-2.7572456413539226
552,-7.42199870281545,0,0.02650713822434088,0.002737783147354743,-2.984322836824826
553,-26.09731114767481,14,0.04005732168104247,-0.004502518056654402,-2.351310031572264
554,-7.911193640674413,0,0.026196005432696737,0.0014796209627984474,-3.1715420685443165
555,-8.582665160577568,0,0.028419421061515186,-0.003643649184786474,-2.9195433411640823
556,-15.591829472731094,4,0.03838354130043423,-0.0007090444005455279,-2.9576501816622174
557,-16.16631927870133,6,0.033663308869871844,-0.001833476865758953,-2.928866377646267
558,-18.400037978554334,6,0.04105972840580903,-0.0008490815212863763,-2.9493583679396584
559,-40.18837536575601,12,0.09653553207450702,0.1462521160485491,-2.290870985650451
560,-17.728034539516734,8,0.032212034899062096,-0.0028514354236097083,-2.2238498929362214
561,-12.308047636954196,0,0.04075512462567628,-0.0014148348132117547,-2.977746493124175
562,-15.578160310318902,0,0.0628151625416085,-0.14007859267660552,-2.4153212605416026
563,-12.444645675596119,4,0.0279624028993249,0.0003362150397151709,-2.508394800319756
564,-12.267339571880665,4,0.02737529659563133,-0.006165966563179645,-2.7319739485120005
565,-9.122762671730536,0,0.03020782341632621,-0.003013239504572078,-3.090829828875571
566,-13.71390783723501,0,0.045410290851771624,-0.005994425093237039,-2.6923274551126615
567,-8.902535311162664,0,0.029478593745571723,-0.0022113263565393176,-2.856214976500849
568,-8.21948708554007,0,0.02721684465410624,-0.0038850248493685923,-3.0905442661982003
569,-14.220660323207985,4,0.033843246103337596,-0.0034362128963508947,-3.0019201134403994
570,-14.182338828724552,6,0.02709383718120714,-0.001597723366140653,-2.4644935417287392
571,-8.535837343679177,0,0.02826436206516291,-0.0021914799572415773,-2.681264701120275
572,-15.811870819660468,6,0.032489638475697,-0.01154369620856095,-2.97629274045
573,-10.259540709785751,0,0.033971989105250865,-0.0021368499009543104,-2.481070305255322
574,-11.534691379155985,0,0.03819434231508609,-0.0037622637109251214,-3.0256904397711826
575,-28.944694775637647,2,0.08922084362793939,0.5183340994112304,-2.5135595252240903
576,-10.415167508141105,0,0.03448730962960623,-0.004721705573271738,-2.6531637753620436
577,-10.879542506102492,2,0.029402458629478368,-0.0037534460692129883,-2.962881989881862
578,-36.82594433827667,22,0.04909253092144562,-8.664154624936498e-05,-3.0074560242459882
579,-21.978583381017934,12,0.0330416668245624,-0.0015661017921451011,-2.6706879000805492
580,-9.542479025308245,0,0.03159761266658353,0.0057717451130329875,-3.027626875449367
581,-41.21059783439814,16,0.08575033277006205,0.17188315949518373,-2.435482133706821
582,-12.16349949939076,4,0.028345484372884613,-0.0040706777340447945,-2.9625679289779834
583,-17.62174488454541,10,0.032024138170358867,-0.0022136590717469944,-2.24889145930554
584,-11.175084000154314,4,0.02870033600061733,0.0035077936458401382,-2.9794647164358525
585,-20.820218759054267,4,0.05569608860614002,0.21687232770572343,-3.0480020605339915
586,-15.2779834465329,2,0.045472546049770364,-0.18114368186797947,-2.4398564262859432
587,-58.223147758325766,4,0.17954684688187383,0.8357839419512658,-2.6411283440974276
588,-16.717118046055173,6,0.035487145847864825,-0.00025595409089440346,-2.5777192268039513
589,-10.60989653300215,2,0.028509591168881267,-0.00404572294491485,-3.4442450213908304
590,-20.420208727620384,8,0.041126518965630424,-0.0203131987766281,-2.8077870321019076
591,-45.469475664001614,12,0.11082607835762129,0.12132133674462456,-2.724828128376359
592,-34.97393934889742,4,0.10256271307581935,0.5900332454579654,-3.013888626097122
593,-8.285494810841156,0,0.02743541328093093,0.003046900692680351,-2.817888828907324
594,-21.000871790410166,4,0.05629427745168929,0.2743410677440921,-2.2317655245764243
595,-11.96871751913989,2,0.033008998407748014,-0.0007162401657736558,-2.9144202028630173
596,-10.462549964118873,2,0.02802168862291019,-0.0029779753141993322,-3.1886793861089315
597,-19.613919840869524,10,0.0318341716585083,-0.0032406518585048616,-2.865869721908867
598,-27.2120935662678,2,0.0834837535306884,0.51959155483159,-2.4410403071351214
599,-9.560638115070052,0,0.03165774210288103,0.00023230434517184926,-3.0999689292529635
600,-33.87737293363999,22,0.039329049449139196,-0.0016285408070829037,-2.7089276029689033
601,-10.168377572097391,0,0.03367012441091843,-0.0003453961303704326,-2.1191674728294223
602,-14.151206153096092,6,0.041587786495388135,0.002803608080923405,-2.3821935774985645
603,-50.389268297315226,8,0.140361815554024,0.6570129495160346,-3.099829735239198
604,-35.15771123255661,24,0.053642842464215,-0.011338853616213713,-3.082185669058203
605,-19.823627219269763,4,0.05239611662009848,0.020689040013058543,-2.4912662065174724
606,-14.496086744287213,6,0.028132737563864876,-0.0022949715178469136,-2.5740368358214964
607,-11.76723750381694,4,0.03236348959923727,0.00018704516328095147,-2.626958806660065
608,-40.43917756457305,2,0.12728204491580472,-0.27465774433206247,-2.609642443159558
609,-16.75103622351036,4,0.042221974250034364,-0.0025114316098540034,-2.542945040651367
610,-12.947098777468298,2,0.03624867144857073,-0.0022209334731509056,-2.843374140140809
611,-16.135280922213234,6,0.033560532855010615,-0.00579948130137725,-2.535854096010648
612,-14.042577035870908,4,0.033253566343943324,0.0014213504183756816,-3.3494587518532284
613,-30.432822888329323,16,0.047790804265991166,-0.10722915495218499,-2.306638234617676
614,-18.80086737603323,8,0.03576446151004381,0.00046507564114271017,-2.6896865369996443
615,-15.519886649494211,6,0.0315228034751463,-0.0028066415962645945,-1.9477413144989544
616,-11.080176203995705,2,0.030066808622502328,-0.0019301223596372944,-2.385159755274341
617,-8.715565974024964,0,0.028859489980215102,-0.008656354921419692,-2.3895596951587796
618,-22.913503996981202,12,0.04072202983948237,4.6861296304181885e-05,-2.4895564953789617
619,-23.778191860087468,0,0.07873573463605113,0.3338931908975941,-2.5546793387928326
620,-13.19410484033432,4,0.030444055762696477,-0.0018364208562311945,-2.509501320660397
621,-10.677450907485289,2,0.02873328115061351,-0.0017848797788572134,-2.689135501602979
622,-10.664925150389173,2,0.028691805133739017,-0.0013013638730241073,-3.048357963744306
623,-20.53170951237359,10,0.034873210305872614,-0.0369086353740476,-2.7315255257719664
624,-13.6733214588575,2,0.038653382314097595,-0.0067805749441293495,-2.9791074853445965
625,-11.214144371767837,2,0.030510411827045843,-0.007083535073047492,-2.9723798659103937
626,-23.117603010730083,2,0.07332501045392388,0.1211566702634122,-3.2138191083601364
627,-23.27852405845081,16,0.036032297319063114,-0.006670430705578315,-2.7622353205065435
628,-7.811246082585637,0,0.025865053253594818,-0.005072182873865305,-2.505460852137628
629,-10.69565688853544,2,0.03173597404574976,-0.00045424297402687645,-2.61447953583467
630,-23.044605605171235,2,0.06968412452043478,-0.2922611399776524,-3.115522287102626
631,-30.0076944264035,18,0.03976057757087243,0.0028799214103530524,-3.2304036609148867
632,-24.17756806493469,12,0.0454386868094577,-0.0010382465417879119,-2.812324703149254
633,-40.784201774999495,8,0.10855695951986581,-0.1937761663056799,-2.4814803088813195
634,-10.99402891064167,2,0.030181305069267295,-0.002638015598089953,-2.888938373919897
635,-14.448680303022284,6,0.029748874306416463,0.0028948079876627932,-2.7310133477466336
636,-11.990954844890656,4,0.03567390555754753,-0.0012880060316612279,-2.8514396392245023
637,-7.9401111969380915,0,0.026291758930258563,-0.0019518140092837494,-2.838656868154047
638,-13.782938729885002,4,0.03239383685392384,-0.0017521516921072706,-2.266529859702368
639,-9.286187501456073,0,0.03074896523660952,-0.0030436615695535445,-2.701527477832918
640,-10.478052394508715,0,0.03469553773016139,0.0027666320506211936,-2.950053565369284
641,-12.729979158825037,4,0.02890721575769885,0.0006119342121474494,-2.871156757740945
642,-15.483434954105263,6,0.03436027157284505,-0.0032671319751028456,-2.2898589967318097
643,-19.53745603627141,8,0.03820349680884583,-0.0019267497204910249,-2.8084683868529843
644,-8.701362753915658,0,0.02881245945005195,-0.00508002408299077,-2.95229000625226
645,-11.39988318064034,2,0.031125440995497917,-0.0033409494191596273,-3.170796635871235
646,-15.579986365000222,8,0.03383922484375097,-0.00010093116392714104,-2.8482173683412837
647,-18.976372026279133,8,0.036345602736023414,0.0027582107882774035,-2.666479263765759
648,-20.801784957309643,10,0.03576749985864116,-0.0054092109924959424,-2.5168779068189617
649,-15.10934693527237,4,0.03678591700421327,-0.002672870667992061,-3.0360818125177462
650,-14.845286264117751,4,0.03591154392091964,-0.0016054257047393465,-2.7579462738997544
651,-18.582846653573103,8,0.037002960327178584,-0.002485541616064998,-2.3786001047570506
652,-10.299036486215941,0,0.03410276982190711,-0.0008940802742141169,-2.4885250049879906
653,-6.553655385767872,0,0.028494153851164616,-0.0020852501706584642,-2.389587311669273
654,-8.333567367305829,0,0.027594593931476247,-0.0013933520690485564,-2.634822724400002
655,-7.2137830541475845,0,0.023886698854793362,-0.002021637705419928,-2.30945000479943
656,-12.533234418548359,4,0.028255743107776007,-0.0019240283914660535,-2.6645139633375683
657,-9.654444933251712,0,0.03196836070613151,-0.0034268959611673555,-2.7359352827129193
658,-15.616245622784835,4,0.04800101497018529,-0.24753115657459143,-2.8871703165799967
659,-18.881043331979956,0,0.06252001103304622,-0.20022177531450233,-2.479599896426982
660,-8.110337215982074,0,0.026855421244973816,-0.006767998484043491,-2.5868786666287873
661,-13.090288866176278,6,0.02791452309518217,-0.002180943958182621,-2.6684341660389075
662,-28.023583069906397,4,0.07954828831094837,0.3665547969891375,-2.5492243733312563
663,-24.39486285452555,12,0.04104259223352839,0.00025426136631987345,-2.7657694472419405
664,-10.22875988837028,2,0.02724754929923937,-0.0016653034945530508,-2.981869851458249
665,-24.161580827678783,16,0.03517922770551237,-0.0004353618524278161,-2.294752121025986
666,-24.361874252412616,14,0.040794780521309706,0.0004897580046654041,-2.739339505644207
667,-10.833517592580051,2,0.029250058253576437,-0.003771123418889767,-3.149419238389661
668,-30.768575237837755,8,0.07539263323787361,0.36245035814146037,-2.38772451859434
669,-63.09975599594408,20,0.1427144238276296,-0.7811706588060798,-2.4522158802070253
670,-10.114811513337528,0,0.03349275335542227,-0.009652785132084018,-2.927756830543358
671,-13.446262715703579,4,0.031279015614912566,-0.002155640092986753,-2.505903222771448
672,-7.7392941327132485,0,0.02562680176395109,-0.002871245491497268,-3.079778930055446
673,-13.141136996784905,4,0.030268665552267923,0.0065711996745509375,-3.355788011424589
674,-17.0679690721436,6,0.03664890421239613,0.0010455973958866424,-2.7098640520543875
675,-7.701854006073479,0,0.025502827834680372,-0.0035132610387113316,-2.3942595178908235
676,-18.767532808137425,8,0.035654082146150345,0.001475906538906575,-2.515604141543909
677,-14.01233065485991,4,0.03315341276443668,-0.0010410054454222223,-2.6685680579433035
678,-31.407886627302826,12,0.06426452525596948,0.0943659661814188,-2.7424702387812334
679,-12.995550010620772,4,0.037171694258763405,0.0019060992731997543,-2.9432585036103065
680,-38.19710938354062,12,0.0867453953097372,0.2916659621556524,-2.7451919489873213
681,-10.606080761245474,2,0.04677217805024706,-0.003238551404058893,-2.5375265928035926
682,-10.407522168302016,2,0.030462036841673954,-0.005984422450537618,-2.4761621997796297
683,-21.29715593502098,0,0.07716360846022093,-0.10961314885003114,-2.5355127808276863
684,-30.31183287503017,4,0.08712527442062964,-0.5839115722559775,-2.486672545087274
685,-11.091622891528715,2,0.030104711561353362,-0.0015182531198227641,-2.812761104592224
686,-14.72945101773945,6,0.02890546694615725,-0.005306133592735655,-2.913138788039426
687,-9.006680774086183,0,0.029823446271808534,-0.00030056601575273554,-3.1104199117905345
688,-7.695718496968315,0,0.028715367526001182,0.0011460600135875727,-2.6425888521033825
689,-20.15401126768551,8,0.04024507042279948,-0.0035291634926754387,-3.2268747512099307
690,-7.367625943324777,0,0.02439611239511518,-0.004359230675059216,-3.405210862792134
691,-23.525141304681053,14,0.0315402029956329,0.0012981663202089782,-2.5041275521181756
692,-20.406737708670672,8,0.04108191294261796,-0.0021437323033125046,-3.1383262035857875
693,-24.22180516455083,14,0.03384703696871183,-0.0011569899780558583,-2.468619195867441
694,-10.422673299060854,4,0.026986022264961607,-0.0032966061581822283,-2.3251837279933247
695,-8.483121389834901,0,0.028089805926605642,-0.007296587360116178,-3.0875141014156684
696,-55.26993507503706,14,0.13665541415575172,0.41255511736808753,-2.8034126091945843
697,-15.906489297387072,6,0.03280294469333478,-0.007309500275438787,-3.0222989248707797
698,-13.681682284222559,4,0.032058550610008354,-0.007564669927976877,-2.2935833694426795
699,-23.979743384274617,8,0.05291305756382331,-0.07575129756737896,-2.408953771764946
700,-7.1430889072763915,0,0.025330102508072293,-0.005163906540899993,-2.8673672004625965
701,-26.423179352224608,12,0.04775887202723396,0.09281230929158459,-2.8834010275373765
702,-10.349331114103142,2,0.027646791768553423,-0.0042064879933026746,-2.870134100771464
703,-38.39357774109938,2,0.12050853556655411,0.5067135995381901,-2.8413318876033675
704,-13.129617053887877,4,0.030230520045986295,-0.002650344862436123,-2.6411335491017125
705,-15.131772271425206,8,0.034287366689544206,-0.0048970313259185504,-2.51553902812873
706,-10.280350437047321,4,0.02552987982539564,-0.0031025801230661148,-2.4660261830423837
707,-8.619168663429912,0,0.02854029358751631,-0.003910115261605343,-2.982653867800694
708,-26.815384364207965,10,0.05568008067618539,-0.22657917950777276,-2.7122990079099214
709,-42.27147597133644,26,0.07603493444549686,-0.09760010790734805,-1.8062860203702895
710,-6.77209208057959,0,0.026453484689764085,0.0037908842858087157,-2.8934085290122313
711,-9.916572026812036,2,0.02621381465831787,-0.0017079871576140629,-3.285969871117264
712,-24.63342425010449,0,0.08156762996723334,0.4484501489501335,-2.715136540955278
713,-29.85089254995239,4,0.08559898195348474,-0.5312621081038224,-3.102938945390691
714,-9.01983360258012,0,0.02986699868404004,-0.0030304065495359383,-2.5246142057587844
715,-24.796116309995504,12,0.04237124605958798,0.07123528749401378,-2.585663273175469
716,-16.475996987589546,8,0.03445527230727453,-0.003300335418008934,-2.986328132933657
717,-10.639000733388325,2,0.028605962693338916,-0.0034864960401010583,-3.329699527373343
718,-8.337767186628998,0,0.030429807250470835,-0.00037984608359852413,-2.9221267021070814
719,-11.671960956345734,2,0.032026360782601675,-0.006112641087480333,-2.8992798870481726
720,-24.297804818782677,14,0.03409869145292283,-0.003147674453235077,-2.8057916627203836
721,-12.351911864552331,2,0.0342778538561336,0.0007259058825431132,-2.3279431235984225
722,-57.72128674821769,14,0.1447724726762177,-0.4311411896981114,-2.6711557627069635
723,-22.54225469796726,12,0.03490812813896453,-0.003651544480393363,-2.7683031033908034
724,-7.5560267818835865,0,0.02501995623140259,-0.005082364887498714,-2.7559986432563646
725,-44.84901679259793,10,0.11539409533972815,0.4667586501077163,-3.4134841072505697
726,-31.12660868828117,2,0.09644572413338147,-0.39514062446773374,-2.6882074502176474
727,-13.755939877960467,4,0.032304436681988284,0.0002090469514642725,-2.4505231559428267
728,-12.917386331551603,4,0.029527769309773473,-0.0030041471120611524,-2.8088284569228104
729,-17.103803418995685,8,0.03014504443376033,-0.004860416259955837,-3.2263944835626424
730,-10.486124645468536,2,0.028099750481683932,-0.004335178366926999,-2.715339735170999
731,-7.526277985631756,0,0.0249214502835489,-0.0026231724651690747,-3.041261649413176
732,-21.86675118434488,10,0.039293878093856885,-0.043355705696836555,-2.479174148014015
733,-9.348815822524235,2,0.030118097633296082,-0.0057074291062861925,-2.25375874306042
734,-9.581620829157231,0,0.03172722128860007,-0.00797262621784447,-2.813080544160858
735,-11.17129482941226,2,0.03036852592520617,0.002218326910041174,-2.6237149970714095
736,-33.563078663240475,22,0.05668175815313981,0.007417538751592385,-2.6495537319130436
737,-8.241722419497114,0,0.027290471587738816,-0.004014831004257233,-2.5329645672224044
738,-65.62881375429788,0,0.21731395282880078,0.49574143696336975,-2.4056102082088575
739,-15.67115657546242,6,0.032023697269743176,-0.0016807492403005133,-2.0747163984403385
740,-6.253900494526724,0,0.026499578366638663,-0.0037654646233777848,-2.517742568128979
741,-21.621187211499564,12,0.031858235799667504,-0.005175528361998647,-2.8223853502232914
742,-15.845509733025855,6,0.032601025606045844,-0.004834456510521126,-2.8731454374631005
743,-19.940052807374304,10,0.0329140821436235,-0.0017690557895524315,-3.040969577452032
744,-39.57066530351351,30,0.03797883056949822,-0.003158443801785036,-2.4968690810997654
745,-38.42367762814911,18,0.06762807161638772,0.18156320037388102,-2.8807633819881926
746,-9.544848652551755,0,0.03160545911440978,-0.003993333532746314,-2.5911293993993905
747,-10.13839305615952,2,0.026948321378011668,-0.004863610340510526,-2.889969778393265
748,-33.46914562817825,4,0.0975799524111863,-0.7065213002315384,-2.688662303008589
749,-13.449761724130504,6,0.02466808517924005,-0.002673993184884998,-2.983736204199546
750,-13.018546504330924,4,0.029862736769307785,-0.008678939285231693,-2.7738448528747153
751,-16.180031078755402,4,0.04033122873760062,-0.0006404085209691861,-3.300775632565835
752,-15.761508223655419,6,0.03615373416168676,-0.002666534284233219,-2.7310448299105174
753,-25.09913861157118,16,0.03610769290306033,-0.0049572940047327724,-2.808767091166893
754,-23.71413853866293,10,0.04696622787213349,0.009936941331667086,-2.996267159136964
755,-20.021690901161595,10,0.03318440695748887,-0.00633376696631189,-2.6604593298040182
756,-10.954097370821136,0,0.03627184559874551,-0.0018963929250318285,-2.897235004528848
757,-42.450791189069456,16,0.08758540128830929,0.327611704225288,-1.9332571761669235
758,-12.052773350602333,4,0.02666481241921294,0.0015964017450094026,-2.6852038885880374
759,-20.194276637419797,6,0.047000916017946315,-0.002419986864297484,-3.1369430368846563
760,-9.818530236124877,0,0.03251168952359231,-0.007799371039658316,-3.414665402848114
761,-26.784154940450776,16,0.04383802821321468,-0.08231865698831323,-2.2893560268114297
762,-11.22152241558591,0,0.038694904881330566,-0.0019689964550017413,-2.8623231995774527
763,-27.490159797543946,18,0.03413726545879135,-0.0016066981918386204,-2.9758112853815906
764,-21.635612694813396,8,0.04515103541328932,0.0239235661603165,-2.789283873931511
765,-14.292944180656722,4,0.034082596624691174,0.0013849141853337257,-2.6245166097175554
766,-9.137840083380624,0,0.030257748620465652,0.0019150299117252822,-2.6825351638882884
767,-18.349966127648127,10,0.031156590028537753,-0.006752858040576328,-2.349486975879287
768,-9.56832861922381,2,0.02506069079213178,-0.0072004589572894255,-3.608098187791924
769,-36.727320912771006,6,0.10174609573765239,0.8343506474413336,-2.430741371217628
770,-17.096588428487525,4,0.047110030318300244,-0.0018722149853346694,-3.2919067401137445
771,-7.170990951663461,0,0.026171499823589316,-0.0048925678196437925,-2.3879699331247903
772,-18.220610796455325,8,0.03384308210746797,0.0002232182359273564,-2.8945767419035926
773,-10.791710190707883,4,0.027834877830769985,-0.00465069452284446,-2.280695248343295
774,-20.063291736373753,2,0.05981222429262832,-0.029943781169069723,-2.5239285914105554
775,-71.50868075730662,6,0.21691616144803488,0.8562925712094451,-2.8232794736515476
776,-6.795445679477047,0,0.0265447096854572,0.00018594679659145186,-2.6242827186148134
777,-16.002042095900364,0,0.052986894357286006,0.20835749526101086,-2.414243031208271
778,-23.968268748777554,6,0.05949757863833625,-0.02577798139220659,-2.4111964109948905
779,-18.166549782965046,6,0.04440346636118628,0.18263548846891062,-2.508064581575569
780,-29.376270432602773,10,0.06415983586954585,0.054384742538130144,-2.488927558933721
781,-23.105222695098927,4,0.06411148555402348,0.0019691245367277053,-3.297425722459647
782,-10.4111426921453,2,0.027851465868030837,4.985294187601828e-07,-2.7258561581984586
783,-31.618382153678933,18,0.04509398064132119,-0.0015918699315200183,-2.3768653701353255
784,-22.118651454344395,12,0.03350546839186896,-0.007350814891269813,-2.792084474816559
785,-9.629693690504988,0,0.03188640294869206,0.0005689738150254286,-2.9095127701407564
786,-41.643339366245634,8,0.11140178598094577,0.7592063423108913,-2.664943443726446
787,-18.930859169535005,6,0.04281741446865902,-0.004082403921935436,-2.610681257597618
788,-10.406271284354927,0,0.03445785193495003,-0.0025098142281193164,-2.987021572243373
789,-23.38228781819562,2,0.07080227754369414,-0.4233094643734377,-2.357391628548996
790,-30.679312026601423,0,0.10158712591589873,0.7841197262044737,-3.2046347286625045
791,-9.935540260679963,0,0.032899139936026396,0.0010148057618505316,-3.284657715613775
792,-24.706251223422825,10,0.05142045882315637,0.001837538973708357,-2.4705314564759604
793,-15.280733379957672,4,0.03735342178793934,-0.0023895417071804897,-2.978692164797558
794,-33.27954003867569,4,0.09695211933336312,0.42322040926726745,-2.4707327993821804
795,-11.143479038384609,2,0.03027642065690277,-0.002642257443925255,-2.421811818487523
796,-10.701094021339152,2,0.028811569607083337,-0.0023354002849710798,-2.845607488785272
797,-16.408195478283268,8,0.02784170688173269,-0.0009425659824335418,-2.4467239924517825
798,-35.184793342548105,6,0.0966383885514838,0.22801127822488387,-2.736997782166998
799,-19.315471832694815,6,0.052423117451554084,0.0003685429177107656,-2.906701786746454
800,-4.570692071677167,0,0.02567804534650092,-0.006447159868319717,-2.2924969927389487
801,-40.82463083351229,20,0.07131722888189133,0.31127932938581254,-2.4430624386447177
802,-35.75004798006966,26,0.03963434138239748,-0.0015589549783778158,-2.3489893737559515
803,-14.596895831090135,2,0.04171157559963628,-0.004874769726225379,-2.8868174622902365
804,-14.168899438471765,4,0.035065170477488854,-0.0010364342299450575,-2.6354381746564317
805,-21.307784741960635,12,0.030820479278015213,0.0011297923329267774,-2.742047968126266
806,-29.705575378366326,2,0.09174031582240506,0.26439470539073034,-2.4047601572364345
807,-12.10081656680388,4,0.027742522489054473,-0.00503435846751441,-2.6749991417069894
808,-32.96535334365992,2,0.10253428259490031,0.04970726803321367,-2.2858713368034076
809,-18.967119657705464,6,0.04293748231028312,0.000378424092812698,-3.036727929212591
810,-11.100562089082455,2,0.03013431155325322,-0.0006181955070771425,-3.088676804059188
811,-23.027906702164543,2,0.06962883013961753,-0.11913173033528968,-3.0460014382605474
812,-7.163829739810056,0,0.0291212591049189,-0.005479406758317557,-2.287734109562693
813,-20.853551543531655,10,0.035938912395800236,-0.005815005936892703,-2.946199000665582
814,-12.809453582149153,4,0.030169361582702683,-0.003318019206827022,-2.3116981966649055
815,-14.099037392613551,4,0.03344052116759446,-0.002929409698271717,-2.6928955314795036
816,-8.996748089447882,0,0.029790556587575828,-0.0009940573776415272,-2.975162372389802
817,-13.513276965967584,4,0.03150091710585278,-0.005389576143776344,-2.7535716155190824
818,-20.896514405793088,10,0.03608117352911615,0.00033990505856110263,-3.098349622238292
819,-20.29697267124406,8,0.040718452553788156,-0.0012640114611520475,-2.694565746727683
820,-6.94563226171417,2,0.027784450908506664,-0.005673409905807858,-2.0050766072942343
821,-17.347436537719144,6,0.03757429317125532,-0.00406937401599886,-2.7033036041253906
822,-10.500788444768485,2,0.02814830610850484,0.00041134336335732545,-3.0804618527517973
823,-30.235665900921802,4,0.08687306589709212,-0.10709276681184608,-2.8904768105175385
824,-9.377238150912701,0,0.03105045745335337,0.0006629318242510225,-2.3845486006122822
825,-12.447767034120712,4,0.040227462067241544,0.11024477857941141,-2.479734920549118
826,-11.393212961070011,2,0.03110335417572865,-0.004027791212649017,-2.8291887601773524
827,-12.601941096030075,2,0.03510576521864255,-0.0006281125710796047,-2.06178625159149
828,-26.227821980501442,16,0.04297404193488009,-0.0010097038063431988,-2.155054857738379
829,-15.56449867022957,4,0.03854832890076519,-0.0008454338200390339,-2.817407473147381
830,-16.544664582750926,8,0.02829359133361235,-0.0030165908849313977,-3.233724911217362
831,-9.758740224123212,0,0.03231370935140133,-0.0009541291597034067,-2.347508092959788
832,-13.365776457030972,4,0.03185638250690803,-0.000499872504543437,-3.034935322394721
833,-12.184650377845637,4,0.02710149131736965,-0.0019434006599438013,-2.8870383729650095
834,-10.053397237221402,2,0.026666878268944972,-0.0035806244552221817,-2.5307309966895186
835,-16.853310724087653,8,0.029315598424131378,-0.003603426354554858,-2.9436405265333736
836,-38.54534910225487,14,0.0812759904048174,0.592097890885957,-2.319612531058046
837,-12.059107182167665,4,0.026685785371416103,-0.0016444389487844922,-3.2451103024890906
838,-9.950680065781695,2,0.026326755184707503,-0.0004022982958334171,-2.7324897191554713
839,-28.336458937019536,6,0.07396178455966738,0.40743651783012086,-2.58341831528244
840,-18.30110122505647,12,0.035399445084586804,-0.00254329729045668,-2.3455507362481165
841,-14.227621041336608,2,0.04048881139515423,-0.11898922668376764,-2.3730054838497487
842,-16.81430074934721,8,0.029186426322341863,-0.0029160873495683763,-2.846037513566271
843,-12.875675788352066,0,0.042634688040900814,0.027179416587625613,-2.406548379417293
844,-12.793899043065382,2,0.03574138755981897,0.0027203904830277064,-2.242865821729192
845,-17.313023638850883,8,0.031676951152553985,-0.0056303497256559075,-2.7736442986346757
846,-13.116855769201239,4,0.030188264136427955,-0.0014218269999983985,-2.665080715627379
847,-10.658721796793966,2,0.032308663420872956,0.0007582026668224803,-2.6601816480421463
848,-17.95385781785263,6,0.03958231065514108,-0.000567347257990168,-2.8265384029976164
849,-13.08148266781016,4,0.030071134661622957,-0.0034447339739625818,-2.964492674427002
850,-11.589666421405678,2,0.03175386232253542,-0.00593823827679781,-2.853090714616624
851,-8.372986557525364,0,0.027725121051408532,-0.002837793934405689,-3.0915436829856615
852,-20.453063381379444,6,0.047857825766156895,0.00031468339205799713,-3.39707457263035
853,-9.362848496448294,0,0.03100280959088839,-0.003102886714411295,-2.766799634296003
854,-15.282039876392995,4,0.042097163717884314,-0.0008448169737838821,-2.749905351511845
855,-10.697266322041905,0,0.03542141166239045,-0.0011209970939941457,-2.888441103536116
856,-30.09074302572144,20,0.03822251146106596,0.0011312430093036682,-1.8913812184621892
857,-18.49528061835932,12,0.030929907706472606,-0.0029791537397319363,-2.2605428311071316
858,-8.899142537447997,0,0.0294673593955232,-0.005582843306674838,-2.6783443180267508
859,-39.58592624461205,26,0.04498651074374896,-0.00794198728607511,-2.7243257711234423
860,-20.47951437772109,10,0.03470037873417591,-0.002129569171545472,-3.0205743525707662
861,-14.043059733631264,4,0.03325516468089822,-0.004154861254759429,-2.941024172174689
862,-21.901823098313212,8,0.04603252681560663,-0.0022571841009086098,-2.698009069600846
863,-12.35936264259482,4,0.02768000875031408,-0.002928479908370345,-2.7448088841067184
864,-13.293354492582013,4,0.030772696995304754,0.0031512521915847054,-2.561049928095975
865,-59.16955984155017,38,0.07009788027003384,-0.0057332193593044355,-2.798838368636041
866,-10.90269587474716,2,0.0294791254130699,-0.000810121415207619,-2.4693247756382624
867,-9.25212955378176,2,0.024013674019144927,-0.0016899898935060036,-2.5282735210155685
868,-29.122008260071194,14,0.0500728750333482,0.0030405787889851836,-3.3418404205760837
869,-18.01056579641209,8,0.033147568862291796,-0.0029018532537195265,-2.3366118380749006
870,-22.366076185211423,6,0.05419230524904442,0.19142150131065017,-2.3274300170879245
871,-13.359322321839254,4,0.03492284448447476,-0.0013586069802135063,-2.782912401540149
872,-16.282857259674298,6,0.03404919622408714,-0.004626728365944069,-2.2972148396964465
873,-20.021904573239564,2,0.059675180706091284,-0.38156643477800484,-2.4550053836022263
874,-22.282351545630434,0,0.0737826210120212,0.4370501744668832,-2.4426177811464265
875,-8.723836559310135,0,0.028886876024205848,-0.0015171874263663068,-2.8786981223974477
876,-8.542443762879214,2,0.027260182345330092,-0.004734049763258857,-2.237139285085335
877,-15.856493858416501,6,0.03263739688217377,0.0005712542844788226,-3.214938711126594
878,-12.091428339018803,4,0.02679280906959872,-0.003923373447194548,-2.776442301351136
879,-25.70346491196459,8,0.08350690996209713,0.3288107600541926,-2.6217321719978672
880,-105.66627896636331,30,0.2505505926038518,0.2779494021292961,-3.060569950323363
881,-39.61357562502626,0,0.1311707802153189,-0.071005497293297,-2.5866397538017587
882,-15.400687655812705,6,0.03112810482057177,-0.0011470526148447927,-2.6405517780768997
883,-20.703733767072595,8,0.04206534359957821,0.03802350282558049,-2.0842982597933846
884,-17.121578210497887,6,0.036826417915555784,-0.00044142560361088904,-2.881303740185465
885,-9.651716056353692,0,0.03195932468991291,-0.0022382033543988126,-2.609501924789017
886,-13.218059781112439,2,0.04006449921825861,-0.005338122044091246,-2.5793746105491717
887,-9.988877522693077,0,0.033075753386400876,0.000762643027335208,-2.8995613145082264
888,-37.27297523672891,8,0.09693038157857284,0.47409538166360027,-2.441550635985586
889,-11.914975131524695,0,0.039453560038161244,0.002530293394533905,-2.902950380695591
890,-8.74051080755553,0,0.03310799548316491,-0.0015955114821818743,-2.564434594735609
891,-15.424663539026236,4,0.03783001171862993,-0.003051917669471255,-2.888434484448293
892,-13.341951938753182,8,0.02670975969376611,-0.003607559925876558,-2.212095006007701
893,-10.534674324989247,0,0.03488302756618961,-0.0068362200259545584,-2.4565554344420635
894,-12.801639999685067,4,0.033594045800324684,-0.0009682257080322686,-2.6272393392631783
895,-7.669019912989877,0,0.025394105672151897,-2.1020526880558753e-05,-2.6063165596236835
896,-14.894340472589448,6,0.02945145851850819,-0.0061282356486298045,-2.7470984126527913
897,-15.65937355260154,6,0.031984680637753546,-0.0038109920282126558,-2.6719647508510467
898,-24.906435962470447,6,0.06260409259096178,-0.3057726547579953,-2.3942931489025963
899,-14.18197472679985,4,0.03371514810198621,0.001043885269754301,-2.673577196805536
900,-30.779884284049096,4,0.08867511352334165,0.5563291323298761,-2.646332989793752
901,-11.553166005548405,0,0.03825551657466355,0.0018474344348393085,-2.7747502932308046
902,-12.46860695092835,4,0.028041744870623646,-0.0012311984615289416,-2.694592620708998
903,-7.954035082448141,0,0.032598504436262825,0.005044103426511445,-2.8725534998098023
904,-11.823203590205193,4,0.025904647649686034,-0.0013072288209658783,-2.855436704616796
905,-6.483478572075033,0,0.02572808957172633,-0.00206050032053128,-2.6520994563056672
906,-11.918559769794884,2,0.03284291314501607,-0.00443242728638475,-2.2596895900971274
907,-17.726895588928546,8,0.03220826353949848,-0.0018164207558078222,-2.4528404633951717
908,-20.58570171296817,8,0.041674508983338444,-0.08597868276414591,-2.821939055871416
909,-41.655675313071974,8,0.11144263348699324,0.09290637029581611,-2.262771065313514
910,-18.820935416715432,4,0.04907594508846164,-0.035726275466172804,-3.1057230487372283
911,-8.707927144217058,0,0.02883419584177834,0.0006608942469631304,-2.519409407247228
912,-22.585345677702602,4,0.06154087972749179,-0.005800545633622501,-2.8501460680824438
913,-24.375044446972694,4,0.06746703459262486,0.0015492955563491248,-2.4537357244185722
914,-12.335761691462475,0,0.04084689301808771,-0.0008394138704806517,-3.154496185838504
915,-20.432423744017107,8,0.041166966039791655,-0.0037921770108826705,-2.713054399527856
916,-8.054342348726259,0,0.026670007777239182,-0.007327097397226692,-2.763479503924613
917,-10.536179798736438,0,0.03488801257859748,-0.002591101200372252,-2.640288115842214
918,-11.713616509466618,2,0.032164293077703986,-0.0007941340820999532,-2.832816800624379
919,-33.60571135696036,16,0.05829705747337856,0.30459397845155256,-2.8924045333876243
920,-21.02009901858751,12,0.030268788652978385,-0.0021343409286924456,-3.4685687861705334
921,-18.91281087107259,4,0.04938016844726017,-0.22119353611950474,-2.7612330498417457
922,-12.640307927390705,4,0.03248236062928831,-0.0027012338348895424,-2.6428362308106825
923,-10.920558544969497,4,0.029575036516963568,-0.0012697141092175093,-2.9322041128555107
924,-14.480784285745797,6,0.0280820671713437,-0.006649024837452992,-3.03505673103716
925,-6.338823857490851,0,0.025154062926550997,0.0008445965848670947,-2.8053275689778348
926,-44.29868450686397,18,0.08708173677769482,0.31306887560405317,-2.1317006320149843
927,-9.70953705863096,0,0.03215078496235427,-0.0012518835132201479,-2.8156954544835373
928,-21.117485643514016,12,0.03019034981296028,-0.003642950860771122,-3.013127416648863
929,-12.785277602774418,4,0.029090323187994656,-0.00037725084709521654,-2.8398789902137507
930,-8.532055367906986,0,0.0282518389665794,0.0019880660417927612,-2.530754709840962
931,-8.774221957861688,4,0.028760373240130598,0.0005764549216592168,-3.3119015143022885
932,-15.145655649664244,4,0.036906144535312005,0.0018414419469738146,-2.044918099378231
933,-11.228559333992516,2,0.037514468837368,-0.0008804267249637988,-2.954828300776634
934,-72.01007068018653,22,0.16559626053041868,0.19931798358185723,-3.1453902410340207
935,-10.587115499329968,2,0.028434157282549537,0.0025330985434868355,-2.9069541632372036
936,-8.635042961063535,0,0.02859285748696532,-0.00128859417059687,-2.5499831398492616
937,-20.02992887682929,10,0.03321168502261369,-0.004407476558232841,-2.628077632311534
938,-22.406649748641925,14,0.029810814711496214,0.0013583079536927613,-2.0508569661792078
939,-10.62410832129579,0,0.03517916662680722,-0.004635764504528438,-3.0843955167887627
940,-10.11584149397703,0,0.03349616388734123,5.2698125210066405e-05,-2.3159760564451557
941,-39.62437176136297,10,0.11307012122657611,0.04395153611678033,-2.8062533891868453
942,-11.932405882638552,4,0.026266244644498598,-0.0029399933703613793,-2.346022589984026
943,-15.391719146796595,0,0.05743178786118127,-0.20542444547693897,-3.10621582583738
944,-56.2595183769454,26,0.10019708071836222,-0.040886748940622226,-2.5423585665174793
945,-11.997293201071553,0,0.03972613642738929,0.00019132609090564268,-3.086620257820569
946,-9.954912414153705,2,0.026340769583290544,0.002405232798758376,-2.823847473924517
947,-30.368017196354653,20,0.034331182769386105,-0.0068445625405030835,-2.4319260193457493
948,-19.760747902904704,8,0.03894287385067789,-0.0036388535488902636,-2.7517443147874574
949,-11.749836856863512,2,0.03228422800285932,-0.012028155648299888,-2.6700998899375787
950,-17.99263299651449,8,0.03308818873018046,-0.008627982539069278,-3.0588444499155147
951,-39.97054581610236,14,0.08599518482153132,0.16730106257338584,-2.721808732576076
952,-23.35572662651104,8,0.050846776908976994,-0.07807554179534242,-2.3530723368801447
953,-19.053521800234154,10,0.029978549007398016,6.697167617743774e-05,-2.6316365743119543
954,-56.406590869111135,8,0.16028672473215635,1.4599033975125666,-2.4973628010325477
955,-7.803156808354288,0,0.026362016244440224,0.003306434101683113,-2.947922566710858
956,-12.228120943998503,4,0.02817849638355641,-0.005362883847197263,-3.0706085146424535
957,-10.98253526402614,0,0.036366010808033526,-0.005509786685872422,-2.903482268654066
958,-13.584424855754882,4,0.03173650614488359,-0.001978751531777447,-2.786407748460831
959,-24.451999768264805,6,0.06109933698100926,-0.24017464307596328,-2.947596926413845
960,-25.43129976010306,16,0.03122946940431499,-0.0032790308121271087,-2.548928660444841
961,-14.4492369768924,6,0.027977605883749524,-0.002745469532049699,-2.2240077954158806
962,-8.057556599228354,0,0.026680650990822324,-0.003583795305060852,-2.84556396073193
963,-11.013314093705336,2,0.029845410906309038,-0.0015825688086499442,-3.0081660683739995
964,-13.696967807347393,4,0.03210916492499148,0.004632005648107718,-3.298182192870334
965,-17.114096049343466,6,0.03680164254749499,0.0023130516995003582,-3.0037224895149293
966,-20.627511056885254,10,0.03519043396319608,0.013513157045351502,-2.7303968824288924
967,-11.164616540059777,0,0.036968928940595336,0.0032068950276735505,-2.640125515494058
968,-24.20892445716538,12,0.04042690217604411,-0.005783375696932885,-2.635839320968263
969,-17.99457990941133,6,0.03971715201791848,-0.0025967801439989086,-2.8045800707646835
970,-17.82295620602166,8,0.032526345053051756,-0.0034178009582066676,-2.515990122749057
971,-50.70740024921577,4,0.15466026572588018,-0.3644645919509861,-3.059557623270011
972,-10.732254453352288,2,0.028914749845537435,-0.004363220653979305,-2.621706104333457
973,-15.848173199140927,4,0.039232361586559406,0.00052419527077628,-2.4548510714232097
974,-10.506431049204432,0,0.03478950678544513,-0.00732991299252735,-2.774071743511302
975,-28.096194296611916,12,0.05329865661129768,-0.10856147657321236,-3.1049448690449646
976,-9.300345935229752,0,0.03079584746764822,0.000144751056402749,-2.7707663280134236
977,-17.09673800343931,4,0.04336668213059395,-0.002233146716738798,-3.0741623111881795
978,-8.117042556497045,0,0.026877624359261783,-0.0023195371583770246,-2.612373520136504
979,-13.674941221228005,2,0.03944236899063504,-0.0011522130727826152,-2.8305545947869226
980,-13.427344952788284,4,0.031216374015855187,-0.003571977897389909,-2.984721069134786
981,-29.32255080700936,14,0.05283638209313556,-0.21457158792892406,-2.0953266437475344
982,-10.809288189188997,2,0.029169828441023202,-0.0017335022503621137,-3.2685262551023904
983,-31.3917140445482,12,0.06421097365744426,-0.16695933876411115,-2.746291467312543
984,-17.740095923912794,8,0.032251973257989335,-0.00025649696869146547,-2.537708206805447
985,-53.39138647199431,6,0.15692512076819332,0.36991551848689697,-2.4506017256464148
986,-33.10302269209394,12,0.06987755858309244,-0.002006177637812416,-2.5816863609731526
987,-8.78055097162406,0,0.029074672091470497,-0.0015501390222848596,-2.8935929682928396
988,-20.247913873730642,2,0.06042355587328022,0.1252070054513655,-2.4050950115666856
989,-18.48428661754046,4,0.04796121396536584,-0.0034769395762585743,-3.2430956442868153
990,-16.036434326065812,8,0.02661070968895976,-0.0028078373473766722,-2.5197598559945353
991,-11.581909675331495,2,0.03422110598332683,-0.0012142447225051,-3.0927610711794946
992,-10.511459995806746,2,0.028183642370220974,-5.630306723768151e-05,-2.6463172350966393
993,-19.439006713820046,8,0.037877505674900704,-0.004077227492677973,-2.763257123394222
994,-7.22733811481896,0,0.023931583161652215,-0.0010122025329989707,-2.499190866982407
995,-7.762262204837667,0,0.03374896610798981,0.00045405804422562535,-2.4572444541474967
996,-19.831115079843705,10,0.032553361191535526,-0.00022790932963102662,-2.6807290674751587
997,-10.987828027077617,0,0.03638353651350203,0.0014421193316171796,-3.066490321463307
998,-11.621229328805773,0,0.03848089181723752,0.004326286663097755,-3.0579425508216556
999,-9.304445702598638,0,0.030809422856286888,-0.0029573615931825625,-3.349349763051804
1000,-11.15896067687298,2,0.03032768436050649,-0.004726613457438024,-3.041743450180862
1001,-11.28880927880055,2,0.030757646618544982,-0.0035578704605631483,-2.835843545447847
1002,-14.203104100343053,6,0.030381867038307662,-0.0004721822080857776,-2.527133228467191
1003,-12.911149188411184,4,0.030517634206887582,-0.0036947380864597243,-2.7171254086054617
1004,-12.677720717050608,6,0.032104426524281825,-0.0005616067254987473,-2.176144662606524
1005,-13.272799842692455,2,0.037327151796994876,-0.005065784858391676,-2.93474764400131
1006,-56.44738194947316,10,0.15691683091038242,1.4795400844594289,-2.470501814125738
1007,-13.730575541818084,6,0.025597932257675784,-0.0052603436886820175,-3.3127143683820184
1008,-13.087549327635447,4,0.030091222939190435,-0.005997603684848803,-3.1743255482958816
1009,-13.889937000117776,6,0.02944006343327533,0.006551427154023367,-2.0942941821790595
1010,-9.638331393980616,0,0.031915004615829884,-0.007461063801434311,-2.971894425471157
1011,-30.94309900913004,6,0.08259304307658921,0.4092751993947286,-3.0495188082653297
1012,-31.112352179435195,22,0.03325675977896044,0.0008039262659004788,-2.172352272698683
1013,-7.27782712869232,2,0.026927689432103708,-0.00864395774848645,-2.442914331581756
1014,-15.779843924575815,6,0.03238358915422453,-0.0025156043706205827,-2.6304743345040484
1015,-18.02105373259087,6,0.03980481368407574,-0.0011460232728049899,-2.812412596334062
1016,-28.079380184146167,4,0.07973304696737134,-0.47614087987820686,-2.743801382086656
1017,-33.884583008646956,8,0.08571053976373162,0.14394477865055808,-2.511469789467974
1018,-24.31799062486321,10,0.04741056498299084,-0.0733715158837866,-2.72809618289786
1019,-16.541058881979097,0,0.054771718152248516,-0.22591167846108656,-2.800884733672446
1020,-27.97416388450865,0,0.09262968173678368,-0.3680640173672748,-3.4134605463724874
1021,-35.40384205964122,6,0.09736371542927559,0.6713955269834267,-2.5560162857672917
1022,-6.727953563831432,0,0.027128845015449377,0.0010318458012695754,-2.4870037176362296
1023,-70.8804235378256,10,0.20159080641664112,0.8391062446570776,-2.837804502631624
1024,-13.230114244437722,2,0.03718580875641634,-0.004201724857634662,-3.0299524696080464
1025,-16.303866715325675,8,0.03579252894536943,-0.007651244487577311,-2.5989900903812417
1026,-17.332397790732706,8,0.03090197943951237,-0.0011182475953042162,-2.4119137123044787
1027,-16.412601943853996,8,0.02785629782733121,-0.0021982767295388394,-2.9681234368662834
1028,-20.92921127932797,8,0.04281195787856939,-0.0027673715034758806,-2.6832279421064142
1029,-16.549324499230128,8,0.03653557478303462,0.0014321494743060798,-2.816980853748635
1030,-15.364974152846912,6,0.034685089454988466,-0.001547679457710021,-2.2232629744309276
1031,-53.981820284373384,8,0.15225768306083884,-1.317522047549665,-2.756853920170754
1032,-10.534376574847428,2,0.028259525082276197,-0.002035948224304034,-2.6875691958305286
1033,-22.327878685660625,4,0.06068834001874377,0.10199415467044227,-1.9986105804715057
1034,-31.928927340248883,4,0.09247989185512889,0.5949356337031658,-2.627307628349105
1035,-10.681790753829594,2,0.028747651502746982,-0.006829011186013701,-2.8768907307723466
1036,-33.753820982815846,22,0.046642146757205516,-0.0028857509436507134,-2.4853283247081674
1037,-9.472060880524154,0,0.031364440001735626,-0.0011828247044506847,-3.151431191148042
1038,-17.24934850867007,6,0.037249498373079705,-0.003877598342457971,-2.803622980695796
1039,-19.88162741846809,10,0.04372401512596486,-0.0024978917956442895,-2.448817228507745
1040,-9.512183422581357,4,0.024829655056672797,-0.00018803564389026513,-2.2132109908844337
1041,-13.261960825627785,6,0.03425453219635746,-0.0037333519112336326,-2.3347214632900433
1042,-10.719585878252722,4,0.02624838233692467,-0.002559438064326969,-2.961287381676084
1043,-9.818364604519044,2,0.025888624518274887,-0.0022383010888536573,-2.674547538883477
1044,-13.616921434179996,4,0.03184411070920526,-0.0027253526639168624,-2.476949704341615
1045,-25.083964771686524,14,0.036701870104922395,-0.0027550637260979867,-3.258918778323769
1046,-14.299775549201064,4,0.03410521705033464,-0.006700119982274644,-3.0359758003081336
1047,-44.79180780138376,0,0.14831724437544289,0.981856698529727,-2.8244931348041318
1048,-19.824041125117997,8,0.039152454056682225,-0.002378559838024443,-2.56464421584488
1049,-14.164641643942097,6,0.02703523723159647,-0.004433066403610472,-2.6880724994449903
1050,-35.91179773627482,0,0.12132364100092853,0.5051710227005675,-2.675088393783163
1051,-14.623851992121066,6,0.028555801298414108,8.136947074171082e-05,-2.929231954078708
1052,-33.38743695967333,4,0.10133598951611514,-0.789567118462432,-2.9891873026900955
1053,-22.612776553585377,16,0.035939003008616244,-0.009792842434810312,-2.4694997476940244
1054,-15.04325685756318,4,0.03656707568729548,0.0016605046155264242,-3.026094212512862
1055,-23.682846918525343,14,0.0320624070149846,-0.005601324600827517,-2.95553008001051
1056,-21.95152941880436,12,0.032952084168226446,-0.010978922419965464,-2.8607895884097463
1057,-16.263112305013237,8,0.04090649655947147,0.004660928593879326,-2.3512604246236437
1058,-10.540267887974972,2,0.030942999594112102,-0.005165893215672585,-2.8989168671275274
1059,-14.102708169163359,6,0.02756023186790255,-0.004387909923141607,-2.1960705159711935
1060,-37.115350553155565,6,0.10303096209654172,-0.604206012448875,-2.596504108947301
1061,-43.117262901205635,0,0.14277239371260117,0.08292881112124784,-2.6194717061514616
1062,-12.420709820630181,0,0.0411281782140072,-0.004149078888724564,-2.2501300125722836
1063,-24.877976377283716,0,0.08237740522279378,0.2542045453335128,-3.0173065932942493
1064,-13.386692274390057,2,0.03770427905427162,0.001899745323948118,-2.830706689634055
1065,-25.50124889418193,0,0.08444122150391362,0.15907541444565212,-2.360995486068743
1066,-10.05204897882452,0,0.03539453865783284,-0.002315069102472298,-2.9690985267549017
1067,-17.127631322554898,6,0.03684646133296331,0.00042476202361285686,-2.4972427628149543
1068,-11.467299493482528,2,0.03176946138752529,-0.0035791736973555845,-2.9485524101548473
1069,-10.546973762632945,0,0.03492375418090374,-0.002265033207907779,-2.927323513929825
1070,-27.683818348128643,14,0.04531065678188253,0.09063937084329937,-2.851955256347748
1071,-19.94784471299529,10,0.03293988315561343,-0.0034805782552537142,-3.230293108347691
1072,-18.675805812989577,6,0.04197286693042932,-0.006299417951631526,-3.0402563542214716
1073,-13.528313344406516,4,0.03555340800151686,0.021155629096094017,-2.1697879065438905
1074,-17.175709823053204,2,0.05025069477832195,0.19966384196963888,-2.922187119104363
1075,-17.594195707961994,8,0.031768859960139145,-0.0041473284995935805,-2.175979852034334
1076,-13.268722819703681,4,0.030691135164581818,-0.0006662554890904205,-3.00835639175925
1077,-13.683163063155472,6,0.027637277205595206,-0.0027393459360845547,-2.772229194897227
1078,-8.311581866942124,0,0.0298977764997918,-0.0033331062182408873,-2.489279968069997
1079,-29.091015011219703,20,0.030102698712648254,0.0008464135809351277,-2.696478606298541
1080,-7.661652937734966,0,0.02536971171435422,-0.0031368295975115817,-3.045670819450062
1081,-14.401936937427875,4,0.0344434997928074,-0.007467328228630027,-2.8454572645000593
1082,-29.81442752051451,4,0.08547823682289556,0.00888933909147984,-2.765048984605846
1083,-17.305016503972038,8,0.030811312927059815,-0.00022865082692379588,-3.233591801337497
1084,-28.570424445238782,16,0.04162392200410197,-0.002075198544759846,-2.5825110412412475
1085,-10.426519708077809,2,0.02790238313933036,-0.00670436306930585,-2.827295069464649
1086,-23.223796288360827,14,0.04270276059426304,-0.003860184404550603,-2.322359485518946
1087,-13.81735714798767,2,0.03913032168207842,0.09128546825130562,-2.4273341251698337
1088,-14.14318444634178,4,0.03358670346470794,-0.0038758901772798587,-3.1143432848921835
1089,-15.103988247148724,4,0.0367681730038037,-0.0012055419263621138,-2.804224197740747
1090,-16.357316312220757,6,0.034295749378214516,-0.005091832664221624,-3.1216289266593913
1091,-14.575939660856662,6,0.028397151194889527,-0.005509743344852861,-2.5293111643114434
1092,-32.19695814160867,0,0.10661244417751214,0.44580269653214427,-2.0097041116358207
1093,-20.81655880638253,4,0.05568396955755802,0.1902637208950712,-2.5018307306661907
1094,-20.564796844454477,8,0.04160528756441894,0.08764407563960759,-2.725381674413378
1095,-10.274881778348934,2,0.027400270789234984,-0.004171782769941237,-2.883207406142024
1096,-12.397711242183187,4,0.02780699086815618,-0.0030852785355578,-2.56325180482787
1097,-11.44204157125973,2,0.03421029554804249,-0.0029084631007340184,-2.6942290106952775
1098,-12.145965092633656,0,0.04021842745905191,-0.003190646402843124,-3.132853852507862
1099,-15.707447475638729,6,0.033244683135749006,-0.000836844423352039,-2.5054534452374106
1100,-13.124016753537566,2,0.036834492561382735,-0.003471004269054986,-3.136818603288129
1101,-12.442238511379365,4,0.03150088996783363,-0.0026503288787407386,-2.554028614299012
1102,-16.2464951343367,4,0.05060535179477965,-0.1790065928624004,-2.502305466748874
1103,-9.11037365411391,0,0.03016680017918512,0.0002577273996966268,-3.0552657435094592
1104,-8.57179257440347,0,0.028383419120541344,-0.0022052462837220915,-3.085682325363884
1105,-16.044371967494296,6,0.03325950982613993,-0.0025664417378431716,-3.0783492425931556
1106,-8.418344770051592,0,0.031179054703894808,3.321712698649477e-05,-2.9432551191402254
1107,-12.282648752113168,4,0.044530369635017,-0.0024350255958095032,-2.442847773740669
1108,-12.123604625536862,4,0.03223652629181293,-0.006722588451682694,-2.983484161518041
1109,-30.99403893555691,0,0.10262926799853289,-0.22878166195529434,-2.7611719491198468
1110,-8.828089046620551,0,0.029232082935829684,-0.0008740703515178024,-2.675157443981152
1111,-16.123063580711346,6,0.033520078081825604,-0.0009703838770641692,-2.9150315787064973
1112,-30.292748570007323,22,0.03702119897324718,-0.0006239559686166883,-2.477201545571422
1113,-33.58390432665601,0,0.1112049812140929,0.780267888319984,-2.5995409508356024
1114,-13.79623936654317,6,0.034496634365235236,-0.004269112194517413,-2.302176906535787
1115,-9.985891556214922,2,0.02811933646554551,-0.003517782972620564,-3.0172172725332236
1116,-25.43342656192178,4,0.07144475520640578,0.11810048987980311,-2.320847494732278
1117,-12.245354788085297,4,0.027302499298295754,-0.0010017854671166679,-3.036269832877072
1118,-17.38497643481384,8,0.03878089435873487,0.07909789783629965,-2.6159189980646427
1119,-23.057526646584655,6,0.05648187631319416,-0.27921489610638167,-2.556274986223762
1120,-12.27768779809575,6,0.027533718412700758,-0.00327038113742642,-2.096589126978519
1121,-14.878357383233736,4,0.03602105093785996,-0.002187034411707412,-2.9615412615813215
1122,-16.3840472861771,6,0.03438426253701043,-0.005294371283087349,-2.662118510102517
1123,-7.775025604760409,0,0.025745117896557573,-0.0036611213307944897,-3.377997246115478
1124,-7.797142684896088,0,0.025818353261245337,0.002255657515858627,-2.442146426360493
1125,-11.63232847719637,2,0.041518657229294785,-0.00042154694744787213,-2.716503783954952
1126,-30.589894396141265,18,0.041688392040202756,-0.004116786496763099,-2.711664253367159
1127,-8.35362159458522,0,0.027660998657566938,-0.004698312157512155,-2.6654492301995933
1128,-15.752184190657792,6,0.0322920006313173,-0.0031263628109537115,-2.7690538641999765
1129,-10.501852134387793,0,0.03477434481585359,0.09408838060184918,-2.738169825078483
1130,-11.189803676101736,2,0.03042981349702561,0.00033386282943534537,-2.7452703991256477
1131,-16.352463852182577,8,0.02765716507345216,-0.0003282654515100606,-2.921545057721892
1132,-8.32235045246669,0,0.02755745182935997,-0.006409315589124596,-2.5966020861337586
1133,-13.871919757950211,6,0.0351424989194205,1.6166286825734588e-05,-2.2255785910736967
1134,-19.877908393913398,12,0.03455222979786532,-0.006784596863987022,-2.6520732738481008
1135,-56.273397306276095,20,0.120110587106875,0.4411772709413869,-2.677483428457277
1136,-13.319306592873412,4,0.030858631102229746,-0.005011166143076901,-2.988022628448447
1137,-9.861182747745506,0,0.03265292300577969,-0.004340632204953211,-2.9200364368320586
1138,-7.58169530742037,0,0.025104951349074034,-0.003854300161832882,-2.9828833262627485
1139,-21.541201573772955,12,0.03456957091946705,-0.0013540270093801445,-2.478564783882483
1140,-18.20826507569894,6,0.04042471879370504,0.002300719762011277,-2.778747399397108
1141,-26.787540982122994,10,0.05710047953103069,-0.009768875116374674,-2.971239819046392
1142,-10.721593780568268,4,0.027775180911439108,-0.0054872202965977395,-2.6857734616516926
1143,-6.904188238377871,0,0.029759432061973613,0.0028646801349482146,-2.383480231633414
1144,-9.83561732720129,2,0.03134246930880519,-0.0064252323733642695,-1.9518260973513126
1145,-19.20939203981018,6,0.04462632445881819,-0.0036588060727808626,-2.7974158005799934
1146,-31.500567460788453,0,0.10430651477082255,0.5415996166858945,-2.6015128684755946
1147,-9.535721541722841,2,0.02495272033683061,-0.0027007640917655943,-2.7521198124132913
1148,-10.723362705020202,0,0.03550782352655696,-0.0031612932534398055,-2.9475581171200766
1149,-24.18400714900173,4,0.06683446075828378,-0.3519856570342506,-2.7670431218007487
1150,-18.041608561428756,6,0.03987287603122103,-0.0015364143847864096,-2.410761056707429
1151,-9.17912649847096,0,0.030394458604208443,-0.0010556167700876858,-2.6934388066579347
1152,-14.080806404014805,6,0.02675763709938665,-0.0023759222263701582,-2.8075133628659845
1153,-34.957453585795584,10,0.11242096209817824,-0.14018085130012115,-2.9492904355956098
1154,-13.231930565455615,4,0.042348305346126706,-0.008358200556393542,-2.744926482547233
1155,-14.668805549458604,6,0.02870465413728011,-0.003567972572039295,-2.6590843881066943
1156,-23.223531159453884,14,0.03689412463781541,-0.0033275100894272326,-2.2136511918434874
1157,-12.20283081386356,0,0.04040672454921719,-0.0048157614748308205,-2.6225234991182735
1158,-11.014947838939715,2,0.029850820658740822,-0.0033116947777032703,-2.915942891781752
1159,-10.437037713477329,2,0.02793721097177918,-0.0007829902480843644,-2.465255140477332
1160,-16.603689819124583,8,0.028489039136174274,-0.0049510035006983194,-2.8864374928652086
1161,-7.068324660538753,0,0.03272372528027193,0.0025209569158808637,-2.4800934004851753
1162,-16.792368292744523,6,0.03573631885014736,-0.0007088296520924627,-3.1372910656270814
1163,-13.46389117200974,4,0.03133738798678719,0.0008065750612723117,-2.637791404490543
1164,-14.418031434995928,8,0.030562054452361626,-0.00753717662589181,-2.6400084573451785
1165,-16.348899203655865,6,0.034267878157800837,0.0024157020852389123,-2.8739600997143704
1166,-18.023864163288557,8,0.03319160318969716,0.0011620912330829545,-2.748172667455884
1167,-19.146852901309334,10,0.03028759238844167,-0.004080801693697935,-2.6032665931888386
1168,-20.350183659151103,0,0.06738471410314942,0.4590518235358477,-2.686229889522097
1169,-10.671298859541325,0,0.03533542668722303,-0.005040364310342745,-2.3167621668693394
1170,-41.91159568368369,2,0.1321576016016014,0.30576476785847734,-2.779442629363004
1171,-33.23204406141479,24,0.035236809394713076,-0.0017816959695449767,-2.307086425231288
1172,-17.2508121533433,8,0.03063182832232877,0.0038487983790429815,-2.303142767033458
1173,-12.113954584122917,4,0.03298355522001183,-0.005335089259182777,-2.8511741388907157
1174,-55.56182788608386,4,0.1707345294241186,0.6540844749221393,-3.0172014865336556
1175,-36.55408206452152,12,0.08130490749841564,0.40128832009539245,-2.3207599283155944
1176,-11.871639573010645,2,0.03357700535037642,-0.007476271191282438,-2.613896346854705
1177,-24.49140476165544,14,0.034739750866408584,0.003804861948692813,-3.0333927036784027
1178,-12.052785325651325,4,0.026664852071693033,-0.0018104435056478822,-2.8013339045981795
1179,-14.360186059121853,6,0.027682735295105433,-0.0009265207676278637,-3.0995330268218004
1180,-9.383242577790812,2,0.024447823105267594,-0.0006246009027425027,-2.692062325619349
1181,-30.21999077413474,16,0.04708606216600943,-0.05167547895190297,-2.439833093778267
1182,-17.4191211268943,8,0.031189142804285763,-0.00506267836687482,-3.210570410450316
1183,-7.449049207704907,0,0.03267126845484604,-0.005158670602484786,-2.587240785537206
1184,-13.303913718052089,4,0.03080766131805324,-0.0056469184183053035,-2.942890091428521
1185,-14.953101143229203,6,0.03220539979578845,-0.004547601708264606,-2.654488313906632
1186,-11.725631526981717,2,0.03220407790391292,-0.004231091696978701,-2.87050561444396
1187,-12.875324498853141,4,0.030604567237424662,-0.003105775948678111,-2.8823241982001266
1188,-9.961000816633728,2,0.026360929856403037,0.0007885776088566871,-2.829389011796099
1189,-8.606549983515306,0,0.03284942741799731,-0.0017707010677336708,-2.5694387250193547
1190,-11.129212989234002,2,0.030229182083556284,-0.0018172900816919098,-3.118835947266163
1191,-11.918890601171581,4,0.03069337442314556,-0.002217714290149048,-2.3423747433638273
1192,-7.996937443465756,0,0.02647992530948927,-0.0026557490517946565,-3.066075804036894
1193,-12.309217037202238,2,0.03413648025563648,-0.0031138017557758766,-2.5688557816101145
1194,-26.547379577152146,16,0.03492509793758982,-0.003723476801529397,-2.570600896297541
1195,-15.783279463708562,4,0.03901748166790915,0.06646250605919331,-2.515546552708761
1196,-10.986715463993368,2,0.02975733597348799,-0.0063415940009082196,-2.821005506734811
1197,-11.431441522705304,4,0.029257643790178443,-0.007097285350337331,-3.137470177152216
1198,-13.99029388381018,4,0.03444928925451775,-0.006351537648588419,-2.606778772524076
1199,-11.172092790832911,2,0.030371168181565957,-0.0023409544863423567,-2.7803108880597796
1200,-9.910058621045945,0,0.03281476364584753,-0.0007239539753001905,-2.9963990816821817
1201,-18.23643192614652,4,0.04714050306671032,-0.20427475173206727,-3.1468673404213656
1202,-42.13888904225844,6,0.11966519550416728,-0.1632385951371259,-2.874701377400428
1203,-14.251467161674158,4,0.03440089651568498,-0.0038935091558237552,-2.888350231681432
1204,-8.216721935611863,0,0.027207688528516086,-0.0035316213544470485,-2.550967714207136
1205,-23.33153267907786,8,0.05076666450025761,-0.0034978984144288083,-2.8873027437728895
1206,-9.010961702866759,2,0.034707731202310715,-0.00176901343960942,-3.048064942047401
1207,-24.18718021002089,8,0.06527088794363269,0.21654663328456902,-2.098795020224286
1208,-10.75841242663006,2,0.03317580464632605,0.0019402540037514304,-2.163922208505259
1209,-17.33462204838047,8,0.030909344531061027,-0.001105470110936744,-3.0302687893731677
1210,-14.119706474743825,6,0.026886445280608805,-0.00230593436092311,-2.4172534694220555
1211,-8.830426330251507,0,0.029239822285601024,-0.006558546131563108,-2.3698175005974798
1212,-34.89015787145185,16,0.0625501916273241,-0.07275632107507018,-2.211278972442228
1213,-10.808291181304837,2,0.02916652709041344,-0.004941748663866337,-2.4348874128819133
1214,-12.928981335576282,4,0.029566163362835428,-0.004244063832814071,-3.1380615145705364
1215,-8.571608413462398,0,0.03151326622596462,-3.93658855875187e-06,-2.736283778563473
1216,-18.654231637943695,0,0.061768978933588396,-0.0071653515758881015,-2.806811889263012
1217,-16.96800367147784,8,0.02969537639562192,-0.003178287596620669,-3.002040019471334
1218,-7.617578251825291,0,0.025562343126930512,-0.000734155505720601,-2.498731547183648
1219,-13.631419520840515,4,0.03189211761867718,-0.0016865902006724812,-2.0371039638411412
1220,-9.618374111529928,0,0.0318489208991057,-0.0005550464439446366,-2.674574824387288
1221,-14.486977977435492,0,0.04797012575309768,0.11204450856894255,-2.549772804123442
1222,-12.679795392165419,4,0.03013817844501877,-0.0035143477689416613,-2.449827041852081
1223,-16.23291836674881,6,0.03762102340716482,0.0006086527190157486,-3.284475049570285
1224,-22.865200328679464,4,0.062467550757216675,0.020663400588708233,-2.462032927410447
1225,-8.439631327319448,0,0.0319683004822706,0.0009104424473303935,-2.8951267970972836
1226,-9.13857285078559,2,0.03158660553444954,-0.003782794822782146,-1.9344480178533205
1227,-11.855749111977387,4,0.026012414278070897,-0.005679202765004327,-2.7466227890775596
1228,-41.463882865646056,10,0.104185042601477,0.5325473605668241,-3.0096309919518167
1229,-16.737675065467897,8,0.03165824299082582,-0.001953347606341476,-2.7776855822517605
1230,-22.59824337960386,14,0.03138045029052528,-0.0083508529045184,-3.195339468254429
1231,-48.60341278900082,8,0.1344483867185455,0.6147454785112143,-2.5862250756554843
1232,-21.531028313950195,14,0.0327436013650012,0.0017942781330329244,-2.676953167605376
1233,-8.70037213982094,0,0.02880917927093024,0.0007129787311300216,-2.3082797728586844
1234,-13.816327373787955,2,0.039126911833735074,-0.0004902453812468329,-2.5602510588691243
1235,-23.84296289843264,12,0.04055809211791985,-0.005767381417067492,-2.7564197885990063
1236,-39.55671984659003,12,0.09124741671056293,0.5759004283195287,-2.3059344952608787
1237,-18.67474676861202,6,0.0419693601609671,-0.009008852025456973,-3.2753536452048935
1238,-22.215257086133427,10,0.040447871146137314,-0.004153748203858437,-2.8250844305922587
1239,-21.81120194769103,6,0.06274286487179002,-0.12814168895877498,-2.554675643012807
1240,-8.488487277303312,0,0.028107573765905083,-0.002979389121540088,-2.4176524442227
1241,-14.639996451072658,4,0.0352317763280552,-0.017327956654422837,-3.0261702989126302
1242,-8.485792543659072,0,0.02987955121006713,-0.004769019366071468,-3.1738045212916277
1243,-6.693201637832668,0,0.03187238875158413,-0.004121610497434934,-2.4976491160448666
1244,-10.296550445289535,2,0.027472021342018354,-0.0032181974660777887,-3.197356579374192
1245,-11.979497703448404,2,0.03465103369252909,0.005522279747108567,-2.583672803326691
1246,-11.54725018697845,2,0.0316134112151604,-0.006814645588034085,-3.0350998471677224
1247,-28.078693510284584,14,0.04661819043140592,0.08930415301460354,-2.760283037808582
1248,-22.447521560577304,14,0.027971925697276225,-0.007438536743873989,-3.3319158647024376
1249,-7.6326862122290855,0,0.02527379540473213,-0.00014298644833519612,-2.692763947488606
1250,-33.020185655698484,20,0.04311319753542554,0.00010692320967598861,-2.859546169975718
1251,-9.981010214614384,0,0.033049702697398486,-0.002328905521811831,-2.557437408565621
1252,-10.186451871309469,2,0.02710745652751465,2.54626197752771e-05,-2.328316893835324
1253,-34.882050350205475,12,0.0757683786430644,0.5207203536464012,-2.1850231262829403
1254,-17.04216910305871,0,0.056431023520061976,0.2798305299631104,-2.8257902295149044
1255,-10.410530327867452,2,0.029407448698837296,-0.0028684043862785284,-2.985696780707254
1256,-14.76929926689224,4,0.035659931347325216,0.001879394921591345,-2.632048943474278
1257,-22.229425518599562,10,0.04852946634364915,-0.0018937140359498916,-3.21322539272489
1258,-18.97748639080576,8,0.03634929268478743,0.0001155475823714441,-2.479839742073958
1259,-25.523236693084787,14,0.03815641289100907,-0.0038145399053383694,-2.306416868483833
1260,-12.931273596224301,2,0.03619627018617324,-3.061307060674129e-05,-3.1509666674448154
1261,-16.686187386710014,8,0.028762209889768325,-0.007495154763744614,-2.3504836600166685
1262,-12.819082286391824,4,0.029202259226463047,-0.0013200288553666694,-2.6024518890010304
1263,-12.48562952976916,4,0.03142825751766358,-0.003673601561156964,-2.6094012501185624
1264,-19.898431211709372,10,0.034369552818435525,0.005082373698678566,-2.142893709173465
1265,-14.52470117478379,4,0.03485000389001251,-0.0009305298689210059,-3.115715073399702
1266,-10.70772974365826,0,0.03545605875383526,-0.002984561708552257,-3.1876269881410018
1267,-12.669090143822848,4,0.03234735128292113,-0.0014793594154084463,-2.6616499079626905
1268,-7.94808179123645,0,0.02631815162661079,-0.0033040590476343373,-2.8884239692762126
1269,-12.881113213940003,2,0.03886111862121418,-0.0008274986576621554,-2.869933497203165
1270,-18.11184494465776,10,0.028970874802349035,-0.005052717110873866,-2.603109130228986
1271,-15.605839413107635,6,0.03180741527519073,-0.004150606509196319,-2.870428752191349
1272,-11.154282236882748,2,0.031785702211398426,-0.005493819126665282,-3.334421552450577
1273,-28.928278837140002,18,0.054641394185699896,0.002837797910091467,-3.159468116600299
1274,-31.915527142000226,2,0.09905803689404051,-0.22295150872973712,-2.8696184622732126
1275,-18.086314921977603,8,0.03339839378138273,-0.006037934242427004,-2.462486371592286
1276,-23.67253268072657,14,0.0320282539096906,-0.0004609778429002236,-2.2906560954091986
1277,-15.332688805666248,2,0.04414797617770292,-0.0508684513102045,-3.1947854921688164
1278,-7.131897985178024,0,0.029229090103188582,-0.00550866528150824,-2.6089543029000914
1279,-20.067693387425845,10,0.03842631063902981,0.00028919796805956777,-2.880429414433662
1280,-17.684808047839514,8,0.03206890082066061,0.002410486035452946,-2.2939165454391786
1281,-24.090714719619246,4,0.06652554542920289,-0.3496978833483507,-2.3195891747861754
1282,-11.216476744324572,2,0.030518134914981954,-0.0029075887748071095,-2.9315717305502367
1283,-13.552571789137579,4,0.03163103241436273,-0.0014671377932486303,-2.4244135943187066
1284,-11.021947449925054,2,0.029873998178559822,-0.0017509788650994665,-2.6681649231339577
1285,-19.851136126489667,6,0.04586468916056182,0.10850089820293056,-2.560032507479777
1286,-11.135133877011024,2,0.030248787672221958,-0.00030279266678833014,-2.7204904771379863
1287,-25.567892284694224,12,0.05384084239957995,-0.010081138095951505,-2.4834471423177065
1288,-24.69398091106483,0,0.0817681487121351,0.5710048347767073,-2.681890409277052
1289,-14.812575041001114,8,0.02862426487815576,-0.0045085256453603504,-2.467915965970449
1290,-32.35419469132076,22,0.03428541288516822,-0.003986558619121842,-2.9475052250610876
1291,-15.25781943109356,6,0.03065503122878656,-0.0010142680416377076,-2.150000307978353
1292,-9.826474589041556,2,0.025915478771660755,-0.001838290033590616,-3.392047945148734
1293,-15.105019670392597,6,0.036131030438066,-0.00867903662756795,-2.433818030843395
1294,-16.16251785088037,6,0.033650721360531,-0.0019168705322327932,-2.5496377679164715
1295,-55.7160260532712,2,0.17786763593798374,0.3296442799041177,-2.607038683786723
1296,-7.756872708861283,0,0.03179046192156269,-0.0004464385646479357,-2.8250347156711944
1297,-13.310348495463659,2,0.03745148508431686,0.00036946524933770004,-2.34431268065144
1298,-20.67592888827624,6,0.05517266499351964,0.2952702324879461,-2.572491246637104
1299,-16.960652645433765,2,0.05582333076654385,0.006079706888986446,-2.5931345271247217
1300,-29.47836036176072,6,0.07774291510516809,-0.19638203808988464,-2.739444731657057
1301,-10.382416159334875,2,0.02775634489845992,-0.0018421455065947988,-2.3522664089779686
1302,-9.03188559450118,0,0.029906905942056874,-0.005966147719435271,-3.17471087481071
1303,-19.05888762718434,10,0.029996316646305674,-0.0010316944752036539,-2.624799610477092
1304,-7.090720717681146,0,0.03282741073000533,-0.00113797551301239,-2.151458327780064
1305,-16.474253224849647,4,0.04130547425446917,-0.002191468432625842,-2.920861452997397
1306,-25.700046724961773,14,0.038741876572720955,4.740541304356807e-05,-2.545881050570316
1307,-11.7252066290833,2,0.03220267095722952,-0.0037732502976000706,-3.008739467649659
1308,-16.43166427745084,8,0.030329727616729658,-0.005867245249624411,-2.357277239439339
1309,-19.69521881730598,8,0.03872589012352969,-0.0072714193711760425,-2.646475348621838
1310,-17.671374650748017,8,0.03202441937333761,-0.0032557002850808203,-2.249750757745362
1311,-7.5341956010962265,0,0.027101423025525984,0.0015982310448458298,-2.7791786297750423
1312,-21.52218281365999,12,0.038395898442177785,0.000836963526577869,-2.189159432991132
1313,-9.694621929942297,2,0.02547888056272278,-0.0045615244436305975,-2.336654186666024
1314,-17.29603878993002,0,0.0572716516222848,0.014590356910496408,-2.8548020063040798
1315,-8.280591674592735,0,0.027419177730439497,-0.0006413396919725943,-2.4122110486234885
1316,-10.019143605858469,2,0.02992217763380032,-0.005217103255606854,-2.7918506412038844
1317,-11.6115897312371,2,0.03182645606369895,-0.0012941120924822838,-2.7405955710595
1318,-18.971758952122993,10,0.030516186911983,4.108126297415722e-05,-1.8151503077994868
1319,-17.965754975346464,8,0.03299918866008772,-0.0028012102683358485,-2.3734453997295657
1320,-13.967629746209022,6,0.032924089860367815,0.0014954251169865904,-2.815700945456239
1321,-17.13480841625108,8,0.03024770998758641,0.00026727459418112473,-3.143130075158428
1322,-12.746429457751917,4,0.02896168694619836,-0.0013969276751089371,-2.3266144494786674
1323,-17.251825607697327,8,0.03063518413144811,-0.004437218966048877,-2.795274109450101
1324,-12.915343861810406,0,0.04276603927751779,0.14825396302729746,-2.546112730487698
1325,-8.356655912091856,0,0.02767104606652932,-0.006003766400286225,-2.7628314510000553
1326,-20.246636444317552,2,0.06041932597456148,-0.018836506306261613,-2.531886316826706
1327,-10.507376013654964,2,0.028170119250513163,-0.004527909655296644,-3.176382262633947
1328,-8.341088721775888,0,0.027619499078728103,-0.002001410557669495,-2.928045280852867
1329,-42.390757034499764,18,0.08837230809601361,-0.16042254740495465,-2.5060447970455835
1330,-11.458829724213736,2,0.036662130714006744,-8.29743510184362e-05,-2.6215521336938328
1331,-5.044113062282416,0,0.025220565311412108,-0.008591034435201437,-3.0504206483131275
1332,-55.28737738064271,18,0.12346813702199556,0.934259047546225,-2.583760364945987
1333,-12.176374117353442,0,0.041416238494399626,-0.0006668376056065618,-3.0510077260645283
1334,-8.784823954573698,0,0.02908882104163473,0.00099360104773613,-2.9304970578259684
1335,-15.449834794154217,4,0.042406795533904355,-0.0007266848479156141,-2.353525117181017
1336,-14.276464938538785,4,0.034028029597810795,-0.004754164924425696,-3.0541025580924672
1337,-11.235290595956188,2,0.033953274249839044,-0.0064536140748874884,-2.1432173731181727
1338,-16.210472639269597,6,0.040841890557078216,0.0009094368718564511,-2.7557833116217867
1339,-23.467978807785943,2,0.07108602254233745,0.06340232696646318,-2.600418469958919
1340,-10.872858486501398,2,0.02938032611424301,-0.003944339113701629,-3.1322251171812674
1341,-11.787260877247203,2,0.03240814860015638,-0.00357011103099027,-2.4943920832648505
1342,-12.889395916018895,2,0.036057602370923404,-0.005475751851494146,-2.545963261610156
1343,-16.746993293007826,6,0.04840987969823339,-0.001751033315720322,-3.2052266446256334
1344,-22.782707505033393,2,0.06881691226832237,0.3954377380799539,-3.290017841924568
1345,-18.006725819170992,6,0.0397573702621556,-0.00396019066683948,-2.8703610714122543
1346,-6.2493103107438746,0,0.02975862052735179,0.0025900856809624073,-2.331534036454811
1347,-31.221318530988217,16,0.05040171699002726,-0.006549281261503598,-2.6544063017080655
1348,-12.998691017731215,4,0.03357720529004192,-0.005178301823985721,-2.677305232760746
1349,-16.89611933635868,6,0.03809831935789757,-0.0006781400436978344,-2.6718597531012565
1350,-20.234652099133697,10,0.03388957648719761,-0.0036762842300983255,-2.3432799180553276
1351,-14.600627011811993,4,0.035101413946397396,2.1281384782779297e-05,-2.4479354497443095
1352,-22.504844373982888,12,0.034784252893982966,-0.0007074970130605117,-2.806079804417307
1353,-11.347189435529259,0,0.03757347495208355,-0.003660601756569393,-2.9466421245726244
1354,-7.754281926958557,0,0.031779843962944955,-0.008772327441561844,-2.4234243008790712
1355,-29.868261867197678,12,0.059166430023833254,0.2731476814549305,-2.9376674374029665
1356,-18.555697932812752,8,0.034952642161631554,-0.004331211409907764,-2.652346808891219
1357,-15.087467676922683,6,0.03009095257259174,-0.000998840371373461,-3.3204235702697558
1358,-14.591143205882943,4,0.035070010615506415,-0.004622849284143909,-2.935510149767733
1359,-13.83639732711916,4,0.03257085207655355,-0.0006674390934201094,-2.6083173114324563
1360,-10.9702212219007,2,0.029702719277817004,-0.00330120954301751,-3.2027237753309032
1361,-12.219794793213767,2,0.03384038010997933,-0.02882915602639219,-2.7054546983975034
1362,-21.476935571804884,8,0.04462561447617514,0.08079452523300563,-2.896941631093015
1363,-9.51361574352497,0,0.03150203888584422,0.0011763749813771998,-3.0962245689749732
1364,-11.172382487489415,2,0.030372127442017918,-0.004340888790258928,-2.695276438321345
1365,-9.071369641412746,2,0.03304378337108743,0.0029770690247103155,-2.5916442853346395
1366,-13.241267230996304,4,0.03060022261919304,-0.005778470605577879,-2.608079106182736
1367,-20.545600410378807,8,0.04154172321317498,-0.0009548522908215886,-2.803950823999676
1368,-8.44135894194305,0,0.03246676516131947,-0.002093220847264792,-2.957252226647688
1369,-17.985762190768394,8,0.033065437717775883,-0.0005027280111229726,-3.207246993559672
1370,-24.91602318667654,12,0.04276828869760447,-0.0010249486402762647,-2.761983752367164
1371,-83.07859207619876,4,0.2618496426364199,2.301854646844953,-3.587656587921083
1372,-7.3216011982416225,0,0.024243712576958995,-0.004121752399010645,-2.498953648515
1373,-30.207547105456197,18,0.046240708732788606,-0.002051581016205477,-2.410733023891755
1374,-23.053956687834695,10,0.04322502214514782,0.010520683024741635,-3.22360579953103
1375,-19.983278175872524,10,0.03442509715818114,-0.0005931321053829943,-2.1104231374622886
1376,-23.075301916280463,0,0.07640828449099499,-0.04739405239280005,-2.3125857838375543
1377,-15.104224402294717,6,0.030146438418194307,0.0016658155968418925,-2.6332703682789824
1378,-12.564050673926445,4,0.028357783688498162,-0.00322628354573536,-2.8982064213492715
1379,-22.49062168532716,2,0.06784974067989123,0.09449352806770175,-2.7601563152988575
1380,-9.589159331266957,2,0.025129666659824423,0.002662852955272804,-3.211793776710644
1381,-8.707354957376838,0,0.028832301183366996,0.0019360884245398719,-3.434667852904728
1382,-12.578034766770775,4,0.02840408863169124,0.00013559939577213384,-2.5599179878140896
1383,-13.13466376032838,4,0.03024723099446495,-0.004264334925228348,-2.2264353792186955
1384,-11.493246987069544,2,0.03143459267241563,-0.001276079586989228,-2.833471576812899
1385,-25.782627832579934,14,0.039015323948940125,-0.00977880834140784,-2.544630023661927
1386,-31.9912689155301,2,0.0993088374686426,0.09888255683002092,-2.3849182026948017
1387,-14.5012396544575,6,0.028149800180322926,0.0018777281775244122,-3.3260503957694896
1388,-40.99132521054234,8,0.1092427987104051,0.6415384813065376,-2.9494648233558736
1389,-10.272617556224057,2,0.034184370067041496,-0.002827796680190839,-2.6345499014318343
1390,-23.72188872109213,2,0.0719267838446762,0.40902926909759646,-2.8051591388221646
1391,-26.68880103731196,16,0.03539338091825171,-0.005432725277581308,-1.9797362900793356
1392,-22.145017355648942,6,0.0534603223696985,-0.12231381171358292,-2.5996042714591465
1393,-14.306364774413233,6,0.02750451912057373,-0.007479764727431516,-3.167842667502974
1394,-8.608360471906472,0,0.030311128422205853,-0.002588876696716679,-2.6087833274803516
1395,-8.418053884913316,0,0.03188656774588374,-0.0016312202643320867,-2.867959158692688
1396,-13.61066251635342,2,0.038445902372031285,0.0015694706740061327,-3.123914039774724
1397,-35.45738951454057,10,0.08429599177000238,0.1731366029827985,-2.493988651742184
1398,-12.152232970455673,2,0.033616665465085016,-0.0032662727538533263,-3.1939629841281336
1399,-13.638509934065254,2,0.03853811236445446,0.0012333062334781797,-2.5020641143390576
1400,-10.00047659546486,0,0.03311416091213536,-0.00045784750910142795,-2.259113502546926
1401,-14.230573378842218,6,0.030711094697172415,-0.0035690611226609284,-2.6735594374735827
1402,-10.812147354786978,0,0.0358018124330694,-0.000386112714448438,-3.0217050878137552
1403,-14.454095732377262,6,0.027993694478070312,-0.003769311936269977,-2.939261104144285
1404,-21.089736595555827,4,0.05658853177336351,0.243910628221374,-2.629824352497235
1405,-25.667904720373897,16,0.032012929537662,-0.004224086159204953,-2.9702582476312136
1406,-8.912247955225256,0,0.029510754818626618,0.002042305066916376,-2.3791876314444598
1407,-18.194622237035944,8,0.0411073477299836,-0.0022950641463525714,-2.4935240953922664
1408,-11.865692581729094,6,0.027931869436805232,-0.011894213388274823,-2.2485982278407652
1409,-10.844904178708338,2,0.029287762181153473,-0.0037270512388686075,-3.1231836601647713
1410,-35.5594935250273,22,0.05423797410010952,-0.008993867987859994,-2.745739341235813
1411,-14.07496238727934,4,0.033360802606885356,-0.0034524404204802107,-2.532752733494599
1412,-37.470103271688124,16,0.07109305719101978,-0.026496631588589475,-2.7916088636131584
1413,-22.57468603545514,12,0.03501551667369256,-0.002669620271525438,-2.8975443020857337
1414,-48.26947179878143,0,0.1598326880754355,0.94024830649041,-2.8522570335499737
1415,-54.19843651219648,12,0.1397299222258155,-1.1217194613317545,-2.627371763311703
1416,-48.93575737924831,4,0.14879389860678294,0.4403634638724454,-2.4910417290362035
1417,-8.70487333082647,0,0.028824083876908796,0.0007540953730307026,-3.2448089987289745
1418,-8.409991085037221,0,0.027847652599460947,-0.0031322594921702877,-3.2466116351399275
1419,-9.016408493401514,0,0.03364331527388631,-0.00647243827185246,-2.379230229695564
1420,-15.79152384014837,6,0.03472171574520713,-0.004144443908098636,-3.0050359403799374
1421,-7.430024362815308,0,0.02460272967819644,-0.006139984819344214,-3.065676380437953
1422,-12.920050387361195,4,0.029536590686626434,0.002153135823095156,-2.7971160398157844
1423,-49.5950090816743,28,0.07150665258832554,-0.31773238604755716,-2.639391275273408
1424,-34.44385186223658,4,0.10080745649747205,0.8480712370009513,-2.5139601537909217
1425,-12.673754903844758,4,0.03497481816066429,-0.0018886857508820661,-3.536182242281164
1426,-38.05351656030456,10,0.09289243894140589,-0.0371256637195779,-2.6170926924942166
1427,-14.226489844238282,2,0.04048506570939837,-0.0028442375874609396,-3.0510459947208597
1428,-43.70680802720541,18,0.10201114296510061,0.36684709180891145,-2.1799939504144565
1429,-28.72363738167496,18,0.046222574921012866,0.002741038963672352,-2.3343779886772404
1430,-19.375634124589038,0,0.06415772888936776,0.37881701394856987,-3.039166740515437
1431,-7.479352134754945,0,0.029216219276386502,-0.002393806458326253,-2.6212294100315603
1432,-29.158156498899036,0,0.09655018708244704,-0.2785875746369707,-2.8245096059486583
1433,-28.169498994739243,2,0.0866539701812558,-0.248992676498979,-2.356235746560396
1434,-13.151593765398916,4,0.030303290613903754,-0.002695393055023638,-2.862942470130979
1435,-9.985134971810226,2,0.026440844277517295,0.0007428333906469163,-2.9535473393381957
1436,-10.56341990202956,0,0.03497821159612439,-0.006130946394123926,-3.011337695966493
1437,-15.559811504163934,4,0.03827752153696657,-0.002683417669756474,-2.802087564506747
1438,-24.20969317131715,12,0.04042944758714291,0.0210348236203307,-2.7446782389582274
1439,-14.135779104882852,4,0.03356218246649953,0.0017317661209130624,-3.0058658823397146
1440,-12.96803576910924,6,0.0308320166774745,-0.00259655505090136,-2.499745013449749
1441,-11.163288162148662,2,0.036362254611701145,-0.005507689192179694,-2.5802478912763207
1442,-27.494331641635668,12,0.051305733912701074,0.24853864308964732,-2.4365844485573436
1443,-35.20929004215326,2,0.10996453656342142,0.8610728783626264,-3.4982332871665576
1444,-17.969602607197277,8,0.03301192916290504,-0.0026081478114113434,-2.9222722285883562
1445,-11.183053828543894,2,0.03144881448131477,-0.006450494838406472,-2.8382950441088934
1446,-11.479087990259327,2,0.03138770857701766,-0.003134874230256884,-3.127870690872868
1447,-7.306863611376815,0,0.02706245781991414,-0.003307806383818388,-2.8742777722429795
1448,-9.938238659463265,0,0.03680829133134542,-0.0014455299062171468,-2.8749122022240665
1449,-12.341888728100482,2,0.03424466466258436,0.0003950666156689951,-2.850664598722048
1450,-20.36196376973995,12,0.02768862175410585,-0.006835300183010022,-2.9304808935776525
1451,-8.449239723495426,0,0.027977614978461622,0.0005828180774778053,-2.5425702933871204
1452,-27.422093485506455,16,0.037821501607637247,0.0026080468715791475,-2.5466559476109643
1453,-19.91901235162903,6,0.04608944487294374,-0.0005422009525216178,-3.198747368017828
1454,-12.231363864552184,0,0.040501204849510565,-0.004840681290975618,-2.508297311396042
1455,-9.266143520949855,0,0.030682594440231397,-0.0010794941046034657,-3.095492570203365
1456,-37.765616713754326,28,0.03616895079168292,-0.001327189638417352,-2.6296215499953055
1457,-24.64524149462566,6,0.06256792447860958,-0.4280482941998197,-2.8152509558999412
1458,-12.749448957118082,6,0.029602846303149476,-0.002525122368426405,-2.3353618005192596
1459,-14.962526203467053,4,0.03629975564061927,-0.0014928970100444477,-2.4496387145823926
1460,-12.311435993308717,4,0.02752131123612145,-0.00134497689258998,-2.068478565248938
1461,-19.203559784816264,10,0.03539830686467797,-0.005329907046219048,-3.1064231395456368
1462,-15.755673508099282,4,0.03892607121887175,0.08102300008450518,-2.5993367302283916
1463,-13.323703732823152,4,0.030873191168288495,-0.0020610796167385695,-2.832395800044575
1464,-14.315916408912733,4,0.03415866360567131,-0.000890600124824274,-2.2175170173535483
1465,-46.5356800762015,14,0.10773403998742227,0.45728496596192486,-2.2409067791330766
1466,-24.873612986095136,4,0.06911792379501706,0.3738795064907792,-2.794689236243721
1467,-10.791665465971542,2,0.029111475052885975,0.001472399021353918,-3.4331418976283303
1468,-11.426555413027154,2,0.031213759645785308,-0.004008613846616338,-2.750411142152657
1469,-12.132763216852887,4,0.0310410809803545,0.0006362707016435061,-2.975403371316164
1470,-38.284680718295476,6,0.10690291628574634,0.7422825986860221,-2.5105748737397424
1471,-17.6368376899182,6,0.038789458966394214,-0.0008783937861832479,-2.425897129768661
1472,-18.521663706752545,4,0.04808497916143211,0.19620046743121622,-2.6813695788545386
1473,-8.986871559962609,0,0.029757852847558223,-0.0016392574229259168,-2.311009342805714
1474,-8.389739250546016,0,0.027780593544854373,-0.0027878795579285515,-2.365506682369784
1475,-18.16684966051517,6,0.04028758165733494,-0.002546665185618381,-2.8450403829203883
1476,-13.932472257629904,4,0.03288898098552945,-0.004382915158805419,-2.7058232317519813
1477,-21.763253993249972,2,0.06544123838824485,0.3779787330166591,-2.6869767383351575
1478,-21.581221696413593,12,0.03713651820315343,0.0027756211356902423,-2.5003955784002896
1479,-14.075115485184343,6,0.033929056660438404,-0.003572151918128571,-2.700654881603296
1480,-37.53585587406614,2,0.11766839693399367,0.042773168019615795,-2.746606227866565
1481,-35.69583576507384,16,0.06521799922209918,-0.04807335389246054,-2.8947589418945667
1482,-9.967692691799874,2,0.026383088383443245,-0.0032507447495020384,-2.5640533843575954
1483,-31.51673513459288,16,0.05137991766421472,-0.004322996242927844,-2.5111624528848973
1484,-13.224162772996634,4,0.03342087961230658,-8.047440053854624e-06,-2.4617852998388114
1485,-24.293923395324526,14,0.03408583905736639,-0.0024513659085955053,-2.692120247922949
1486,-30.486009633542476,18,0.04218246497818433,-0.10178048322693055,-2.326860304249803
1487,-15.09199488513262,4,0.04583468960798596,0.003312354064296377,-2.5768522001567202
1488,-24.93728754284577,10,0.04946121702929053,-0.0013464465183791834,-2.946995674330947
1489,-10.644580108320111,2,0.028624437444768606,-0.00283355677688482,-2.8075705906872743
1490,-11.16210024878766,2,0.030338080293998867,0.004652626954315119,-2.859192386422451
1491,-17.4310445601099,8,0.031228624371224662,-0.0013467466517656868,-3.539898710321197
1492,-20.45420813291959,2,0.06784635342985156,0.1600811704264903,-2.5787971419669167
1493,-16.18075442646708,4,0.0403336239286989,-0.005236523767658787,-3.102299741475029
1494,-26.52391045637913,4,0.07458248495489789,0.37649849229715826,-2.6698376237077097
1495,-15.591376293279117,8,0.027504986569851834,-0.0003751190812866865,-2.5371804925399677
1496,-13.397155717813753,2,0.03773892621792637,-0.010335844764347181,-3.354521762422403
1497,-34.86879574335061,12,0.07572448921639256,0.3918071479064764,-2.3775134298703824
1498,-11.701114693313814,2,0.03212289633547607,-0.0014963751498437085,-2.9753310814274734
1499,-8.5961959026122,0,0.028464224843086864,-0.00253129792060481,-2.802207740485028
1500,-12.434542465173163,2,0.03455146511646753,-0.0029332775875481943,-2.8997326663935814
1501,-19.936782829152193,8,0.03952577095745771,-0.005476376923326933,-2.2763339421247744
1502,-20.18149101217125,6,0.04823636398697702,-0.0034843439092150045,-2.1615095754314
1503,-25.436297154564645,6,0.06435859984955185,0.2689926261618881,-2.416547535997214
1504,-38.81146531545019,2,0.1269360872946558,0.15958832405427278,-2.295234387779432
1505,-11.064567352472016,0,0.03663764023997363,0.043472544443855274,-2.8340284273784686
1506,-12.192956469188932,2,0.03375151148738067,0.006795672214179861,-3.051274903198482
1507,-28.705459332780062,8,0.06856112361847698,0.3945505277750187,-2.9229157241104504
1508,-7.862845909138274,0,0.026035913606418177,-0.0007486800973100082,-3.008809154703697
1509,-18.46735967423265,8,0.04088812372747093,-0.0007033654712131465,-2.838686448297267
1510,-13.739150639418627,6,0.028245075326345456,-0.0029879134817959838,-2.318295989856532
1511,-22.75327353516285,12,0.03560686601047277,-0.01044065265257886,-2.1483320739184233
1512,-8.67765089021833,0,0.028733943345093802,-0.00042199967159205025,-2.5683642337962196
1513,-7.956120218766308,0,0.02743489730609072,-0.003759457239367325,-2.552637890640903
1514,-22.513536624927255,14,0.03800685993271113,0.0013749641746731607,-2.1764561505732543
1515,-12.511745199949804,4,0.03129318088216839,-0.0031896449834354877,-2.6563051888458125
1516,-16.877361261606367,6,0.03601775252187544,8.787619727139441e-05,-2.966268103602589
1517,-9.372380702866101,0,0.031034373188298395,-0.0011839990204952607,-2.891912671146199
1518,-8.855865873509412,0,0.029324059183806,0.0021920499849805474,-3.304815012880598
1519,-16.301805651842738,8,0.02748942268822101,0.0018104963937453581,-2.7646295974055377
1520,-20.38566833029023,2,0.0608796964579148,0.3208278281230245,-3.2653521209400123
1521,-13.455944180658358,4,0.03131107344588864,0.0005999588965752858,-3.128220826637197
1522,-11.390124454155382,2,0.031093127331640324,-0.005328154284507036,-3.052726643467137
1523,-30.593059878388217,0,0.10130152277612017,0.558288866508635,-2.842027570497991
1524,-13.789744242127727,4,0.040453488603833465,-0.006638849853376342,-2.9208419427464474
1525,-9.544311489874552,0,0.031603680430048214,-0.005135586598289773,-3.033098347474272
1526,-13.862217520046025,4,0.032656349404126,-0.0026499962252225506,-2.8580735817607508
1527,-15.590222923568039,6,0.031755705044927474,-0.0013331509051098187,-2.5727830694064275
1528,-8.240050162861557,0,0.032441142373470726,-0.003977129270513286,-3.2357022112152927
1529,-14.504936291159652,6,0.0281620406992042,-0.0026760620666384104,-2.5222635130030224
1530,-19.402299652544723,8,0.03775595911438641,0.0012736847293054352,-2.7154287460415056
1531,-14.398278305558033,4,0.03635761645300018,-0.08970030959812807,-2.932971431290848
1532,-10.887733211187003,2,0.02942958016949335,0.0013799823499099655,-2.587062303934989
1533,-11.09155608833614,2,0.033672429956800504,-0.005309623487431694,-2.5523036324507253
1534,-18.993372864157468,12,0.032079692037419935,-0.005251663516557545,-2.491748307956118
1535,-15.669323138184202,6,0.0320176262853782,-0.005875302259486465,-2.91648516709775
1536,-9.919583121094874,0,0.032846301725479816,-0.0018634359930512427,-2.894078322156064
1537,-11.6090844490028,4,0.025195643870870144,-0.005150273154776494,-3.1082198161453585
1538,-19.77320324815268,10,0.03346987413750921,-0.005518501623827096,-3.0244939942022926
1539,-35.76899622191042,8,0.09195031861559733,0.48465434610797403,-3.280935593746874
1540,-14.137283684255118,4,0.033567164517401056,-0.002791589750547505,-2.9400086356266417
1541,-18.424450839752055,6,0.04114056569454332,-0.0012164735146613162,-2.6601286211590915
1542,-13.977662130194348,0,0.046283649437729536,-0.002208617207631222,-2.489730772498412
1543,-15.413754807999114,6,0.031171373536420806,-0.005165255465390568,-2.632653347575815
1544,-25.19975279654762,12,0.04370779071704501,-0.004225328867786274,-3.157178386207747
1545,-8.829087275291894,0,0.029235388328781097,-0.0032265661620467113,-2.466249359869059
1546,-14.163114384514799,4,0.033652696637466346,-0.0022921799838586114,-2.6024273045075788
1547,-33.6844357388685,22,0.043275687921734945,-0.004479047877420843,-2.5254726880098937
1548,-24.028215806290124,12,0.03982852915990113,-0.0008405466787386008,-2.691035784312234
1549,-14.558820372543183,4,0.034962981366037135,-0.012772454359161587,-3.2099424644935053
1550,-30.086188705749677,18,0.040020492403144356,-0.0058779982274817615,-2.395448645634194
1551,-15.438458235622027,6,0.031253172965635935,0.0007722088289971383,-2.9207571358759177
1552,-19.55635866398317,10,0.03164357173504351,-0.0021594417925973404,-2.792548899762934
1553,-18.396998457313128,6,0.04274827054245914,0.002308116457264485,-2.750253830357808
1554,-11.144608912486202,0,0.041897025986790175,-0.0026918270754718917,-2.712720912535451
1555,-11.317518687841638,4,0.029506123741296884,-0.0031941044428094754,-2.6280780041654173
1556,-9.592405758375474,0,0.031762932974753084,-0.0036622447624728577,-2.4033124458112614
1557,-25.06041461428058,4,0.06973647223271716,-0.28019801228105196,-3.1401994313085635
1558,-8.583767459100214,0,0.028423071056623186,-0.005153790943726237,-3.3164317935653918
1559,-10.869393514142445,0,0.03599136925212728,-0.0012642531684254426,-3.00610585697878
1560,-13.305342214294855,4,0.03081239143806256,0.002510018371329304,-2.80003288640727
1561,-30.698628794202136,8,0.07516102249735807,0.3008556964102553,-2.7449413991710543
1562,-24.693039404909566,12,0.04202993180433619,-0.004673773555905367,-2.955704634955973
1563,-25.696813699884345,16,0.032108654635378514,-0.0025841342151898964,-2.7364157073629176
1564,-27.26660679801721,6,0.0704192278080041,0.3184928981854044,-2.7777856817146738
1565,-10.685911624754343,2,0.028761296770709856,-0.0019488357833204236,-3.1314552643973554
1566,-11.963722024379672,4,0.02636994047807829,-0.0012443306976127506,-3.379138762059171
1567,-10.560622785964043,2,0.028346433066106087,-0.005803687400909276,-2.847607909489403
1568,-16.42511460788169,6,0.03452024704596574,-0.0043592971760397226,-2.5064046636608794
1569,-17.690577758547345,8,0.03208800582300442,0.00017438508448382187,-2.562807810200156
1570,-15.889568928451464,6,0.032746916981627454,-0.0013405301147880687,-2.5039696178877024
1571,-20.802940985473178,4,0.055638877435341606,-0.0599671275228484,-2.767563546206247
1572,-9.720071969037315,2,0.02680580544804617,-0.002562652882220896,-2.6441973831506402
1573,-18.650936983006773,8,0.035268003254989445,0.021738317499279555,-2.358974889973774
1574,-10.62157455770783,2,0.028548260124860354,-0.0035536183707342043,-2.641463112055836
1575,-13.55988315332655,4,0.03165524222955818,-0.006454015248732654,-2.8873621999610353
1576,-10.154535379950406,2,0.027001772781292767,-0.004319961758450734,-3.1682748809194696
1577,-49.998878135997664,10,0.13244661634436303,1.1807173078962978,-2.2921531973637963
1578,-24.525022167010633,14,0.034851066778180756,-0.002465408438175226,-2.6566871562464986
1579,-23.33444788206176,14,0.031114826273539384,-0.004522519175739338,-2.519912097314838
1580,-9.130891542429614,2,0.028074376151297795,-0.00047448437264937117,-2.7122563990984316
1581,-13.583897908276192,2,0.03835727784197413,0.002247422165854137,-3.0027329608509685
1582,-36.69634387267811,4,0.10826603931350355,0.20710850843376424,-2.732159559796441
1583,-18.13503973331344,10,0.02693721765997826,-0.00559363245273268,-2.632750927626976
1584,-11.47113206523323,2,0.03136136445441464,-0.0018670607057541906,-3.004633297781315
1585,-10.099364521311632,2,0.02681908781891278,0.0002556673338982147,-2.6025528062415613
1586,-14.111918422888571,4,0.033483173585723655,-0.005764724846331045,-2.7815836151315527
1587,-30.717734355767394,20,0.03548918660850156,-0.0035869067882508387,-2.573715086249536
1588,-21.583062078163234,12,0.03173199363630221,-0.001580712226040612,-3.068552721640949
1589,-12.056442675187947,4,0.026676962500622334,-0.0019348093366330576,-2.791017550619825
1590,-9.904946912436674,0,0.03279783745839963,0.002296476194400661,-2.7507341700882053
1591,-7.6061076788534105,0,0.025185787016070906,-0.0015829453730897127,-2.2340255197809875
1592,-10.916977379521732,2,0.029526415163979206,-0.0031928998322552993,-3.04472470734317
1593,-10.386209491569842,2,0.02776890560122464,-0.00978233010611429,-2.5075724901428904
1594,-8.082916511839013,0,0.026764624211387433,0.0010782876405063153,-2.6953842697455395
1595,-8.424538602808864,0,0.027895823188108772,-0.003910489755047374,-2.9558843251508167
1596,-11.242853270685144,2,0.030605474406242165,-0.004709760129948251,-2.623990387374856
1597,-26.545937212662395,16,0.03492032189623302,-0.008678684288031415,-2.39226399949576
1598,-28.598702046984826,6,0.07483013922842634,-0.3716489817311876,-2.760401025713523
1599,-10.180554189958631,2,0.027087927781320006,-0.006838815436939037,-2.923255885907739
1600,-17.803702983111425,4,0.0457076257718922,-0.07347490546765385,-2.2993515581031625
1601,-14.083419997779616,4,0.033388807939667656,-0.0008814197514724258,-2.879493380930978
1602,-16.282980476572476,8,0.027427087670769703,-0.0037359396650283195,-2.630931447542794
1603,-12.652252378610209,4,0.028649842313278807,-0.005191491064091293,-2.9973760253947153
1604,-7.719996816643079,0,0.025562903366367778,-0.002787512072380509,-2.3234547355815165
1605,-11.416467912253093,2,0.031180357325341485,-0.00479562223799502,-2.534815639966177
1606,-11.277592528856426,2,0.03072050506243851,0.00012255659333078672,-3.088010667388895
1607,-16.52000638722851,2,0.04807949134843871,-0.0029755606608995737,-3.438499176854712
1608,-11.132541227265826,2,0.03024020273929078,-0.0012061416556972343,-2.9049351862085317
1609,-14.075871807474075,6,0.02863784328891503,-0.006029836344945489,-2.962557701329562
1610,-30.629633343663954,20,0.04057111963230548,-0.004527989537712855,-2.3997019833483457
1611,-12.735016378161777,6,0.029800957425494587,-0.0050410331311363694,-2.3207452014899417
1612,-18.277657685433613,10,0.03284784795806993,-0.004022468610792347,-2.4589462320879747
1613,-18.392008701541215,8,0.04027910349434565,-0.004388709017075598,-2.8612039297678806
1614,-10.345725181452536,0,0.034257368150505084,-0.0035644623019966907,-2.2974407125641987
1615,-7.677822558131932,0,0.025423253503748067,-3.317678609357172e-05,-2.8878524713375486
1616,-19.422443591340254,0,0.0643127271236432,0.3454930584726428,-2.4501369570346476
1617,-18.00914575781828,2,0.05301041641661703,-0.0010892500641596942,-3.1955626231744665
1618,-9.57861049021625,0,0.03171725327886168,-0.006218042495099223,-2.7824727803021934
1619,-25.094201103714887,12,0.04394027216011727,-0.005001797858663153,-2.472250610810467
1620,-13.393604104067062,4,0.0364093182328179,4.051552878786601e-05,-3.351367205856756
1621,-9.664931087879083,0,0.032003083072447244,-0.0010436512952337398,-2.876539881792211
1622,-11.46817999358548,0,0.03797410593902474,0.05264585135444468,-2.6687253037817618
1623,-6.350782043899612,0,0.026461591849581696,-0.0036598454602062703,-2.806823273537448
1624,-13.73621961810734,4,0.03223913780830248,-0.0046857221336535715,-1.889755226138344
1625,-33.11232048753152,12,0.07280110512941933,0.022263952334379326,-2.5681483186237064
1626,-10.06901488803047,0,0.034016942189292014,-0.0037518301691208665,-2.837395363791438
1627,-12.373684318266916,6,0.028971292355758665,-0.0008162966973825612,-2.3314853228647685
1628,-17.76829563588181,8,0.03234534978768833,-0.0014744181081109884,-2.4302171956139866
1629,-15.60777288935969,8,0.025191300958144862,0.0011444628996726755,-3.0577665631800417
1630,-9.89100622279509,2,0.026129159678129392,-0.005063095141802791,-2.6403323565739276
1631,-24.515654137384857,2,0.07455514615028104,0.21393067646141023,-2.5990917072917976
1632,-15.768623219101048,4,0.0389689510566261,-0.0011478167417342004,-3.0425192649278863
1633,-19.925577630162874,8,0.03948866764954614,-0.00670674238982302,-2.6158981805503836
1634,-8.268014226567686,0,0.027377530551548592,-0.0053395981909645516,-2.7618253291563737
1635,-12.33808808470891,4,0.027609563194400492,-0.0054965489118403155,-2.45469950716187
1636,-14.351401462866065,4,0.034276163784324645,-0.0016695978012034633,-2.7579041575672973
1637,-7.0366904007602615,0,0.029319543336501077,-0.0019980648008640855,-2.3599500373959503
1638,-25.021866543782423,10,0.049741279946299684,-0.004295339037984955,-2.6499684229354368
1639,-19.264479628537472,10,0.030677084862706754,-0.0016018986621785243,-2.989618885967401
1640,-5.732465832816784,0,0.025821918165841343,0.00325938886962831,-2.679949854612799
1641,-13.060956342768774,2,0.0442438253710751,0.12194478557435795,-2.4947501961790026
1642,-18.02794353486447,8,0.03320511104259775,2.4920792491576135e-05,-3.043863889432781
1643,-13.314795326360116,2,0.03746620968993414,-0.004078175922676871,-2.1551928244978313
1644,-36.6644583287006,24,0.04459316312922763,-0.0013109940548532342,-2.453639478438114
1645,-23.691580168448567,10,0.056113033477248296,-0.014197138019409947,-2.4489271849111396
1646,-13.07759128546309,4,0.030058249289612895,-0.0020355162728849232,-2.7728299695858114
1647,-8.58479051931863,0,0.028426458673240448,-0.0013136401361576128,-2.9815142674485413
1648,-12.776831432473418,2,0.0356848722929582,6.529354391656569e-06,-2.772129572458436
1649,-9.14619394995252,0,0.030285410430306286,0.0006581806322746288,-3.4644417154700617
1650,-13.140851907460164,4,0.030267721547881297,-0.006042665223103781,-2.627558208387754
1651,-21.27460522854739,10,0.03733312989585225,0.00012300321708945248,-3.0319741738744277
1652,-11.578770232571932,2,0.0317177822270594,0.0008568326382903962,-3.290086645563904
1653,-13.601151562897401,4,0.031791892592375526,-0.0022366114842723933,-2.9022492436195617
1654,-10.803799424089723,2,0.029151653722151318,-0.0008137776719141036,-2.6176483518993314
1655,-10.798641210030194,2,0.029134573543146317,-0.0009930037150147142,-2.6855722932881267
1656,-31.763233719543138,6,0.0853087209256397,0.2941790630771094,-2.8779493961070006
1657,-8.466945357367635,0,0.028036242905190852,-0.0023013560715846914,-3.167000856519436
1658,-13.324319890177536,4,0.030875231424429,1.9336882855323765e-05,-2.712478369340206
1659,-16.0124484192584,4,0.03977631926906762,-0.09007862200678152,-3.2033071248020377
1660,-7.47711815084714,0,0.02475866937366605,-0.005585111879368948,-3.339879450690894
1661,-15.936450674579598,6,0.03290215455158813,-0.004440846070662659,-1.9581603595337764
1662,-8.44081620044503,0,0.02794972251802985,-0.006582229628400347,-2.8914399260040202
1663,-19.574177447125578,10,0.050390407616450264,-0.002081723961685049,-2.809002367862022
1664,-14.936754242603216,0,0.049459451134447795,0.1400677309267451,-2.6819068120348435
1665,-12.096831288098786,4,0.02681069962946622,-4.469858719936467e-05,-2.703174998421902
1666,-12.24695189349269,4,0.03524338416022515,-0.0027226110639719243,-2.3087150140026678
1667,-7.621384963378756,0,0.025236374050923063,-0.0013291956405062845,-2.872265506572351
1668,-14.074844080603745,4,0.03336041086292627,-0.0027142110314614925,-2.669416025558576
1669,-22.451774538344985,14,0.02934643936925353,-0.0008439175946275807,-2.7899064939043456
1670,-15.247234680756081,4,0.037242498942900965,-0.003222315308533066,-2.9735832600836605
1671,-16.565101102491184,4,0.04160629504136157,0.07339866562593815,-2.602929643303492
1672,-20.759602345982568,10,0.04138308594608683,-0.0017800044090164682,-2.641989705890435
1673,-14.550002581171382,4,0.03493378338136221,-0.004327546089767349,-2.593276417619913
1674,-14.110802510294706,6,0.026856961954618282,0.0004148782055905175,-3.2824590114315946
1675,-26.31268703919481,14,0.040770486884751024,-0.0018073616251781189,-2.19597005126674
1676,-9.664626680336305,0,0.032002075100451374,-0.0015875904712924697,-3.1126480691056675
1677,-24.789006095450972,12,0.042347702302818035,-0.0056427314673976,-2.5893877309925903
1678,-8.905594481382742,0,0.02948872344828726,-0.0010292814100864313,-2.854974517969658
1679,-21.631821564042614,12,0.03189344888755837,-0.0035696227898333985,-2.4306863445857236
1680,-11.470239652022705,2,0.03135840944378366,-0.00560248103486189,-3.2100043068934827
1681,-27.465025716839076,10,0.057831210982910705,0.20784167339747758,-2.6106922668081074
1682,-21.82069694992363,14,0.025896347516303427,-0.007106176902854581,-2.7664026464210725
1683,-9.362984007186856,0,0.031003258301943223,0.0015111144832551282,-2.694698708085806
1684,-10.418461282018628,0,0.03449821616562456,-0.0008676291414496446,-3.199187822819114
1685,-19.622884115259826,8,0.03848637124258216,-0.004008876968064155,-2.7077357024696442
1686,-24.401983714304247,10,0.04865535038616264,0.07264572386291646,-3.25554040275684
1687,-8.572588233086657,0,0.028386053751942596,0.0007014773960305464,-2.534033921667562
1688,-13.34973729589943,4,0.030959395019534514,-0.0015571461450801978,-2.4229605777748855
1689,-23.776583526294957,14,0.03237279313342719,-0.0041497037360531015,-2.4443775038672797
1690,-12.282694565262828,2,0.04673952075119477,-0.19272355255099352,-2.5639433260417586
1691,-20.33650992643747,8,0.04084937061734289,0.0022882856329169052,-2.638248633698981
1692,-10.518646669732954,2,0.03276402565281909,-0.0034329865620328255,-2.9110504713965706
1693,-12.484310868755333,2,0.034716261154819,-0.00310331619932896,-2.5610747773749583
1694,-17.721261235773742,8,0.0321896067409727,-0.0014417148323668729,-2.62013173731451
1695,-20.414687248231278,6,0.06435128235817525,-0.003399001675591405,-3.071807562470037
1696,-11.754649179534328,4,0.030291598357555773,-0.0005597554752512224,-3.000663355287088
1697,-7.172419585996789,0,0.026963983406003,-0.0019272856864223915,-2.3304483151123283
1698,-7.527188593668768,0,0.02492446554194954,-0.0014002844540167922,-2.9611012836995427
1699,-18.556856454017666,4,0.04820151143714454,0.0021407647822391466,-3.1893539362716554
1700,-11.95762627655874,4,0.02706675604271677,-0.0025129943262456227,-2.8109850612871323
1701,-11.0730982718104,2,0.030043371760961547,-0.004119440341454665,-2.5096921048165663
1702,-11.621905806440825,2,0.031860615253115385,-0.006980859416549322,-2.377943890569392
1703,-19.354807767225413,8,0.03759870121597818,-0.0003837461180873955,-2.7429681059848114
1704,-27.679311240195435,16,0.0386732160271373,-0.005164058443655365,-2.3137516817050097
1705,-24.927131557285172,16,0.03331019237792963,-0.004856504836647924,-2.59334433815727
1706,-9.211425975453878,2,0.030300109140562487,0.0010142711363867328,-2.7086513364490927
1707,-10.010274408832997,2,0.026524087446466834,-0.0017156539626619223,-3.2203246127149483
1708,-12.402498005854177,4,0.027822841078987286,-0.004881665971753071,-2.8440221156218763
1709,-24.239872472631177,4,0.07968453729382359,-0.3481176020033056,-2.9853768743761617
1710,-8.13065245127955,0,0.026922690236024963,-0.0012801650785131762,-2.2839755880367703
1711,-25.791324894517956,0,0.08540173806131769,-0.6329987379437041,-2.535582389167837
1712,-10.009163177835848,0,0.03314292442992005,-0.004037262208833797,-2.6370959863868473
1713,-26.73566039306262,4,0.0752836436856377,-0.5002809420137801,-2.945821132416294
1714,-18.506471848161897,6,0.041412158437622096,-0.000402049818739221,-2.782535375233752
1715,-20.136925168928954,4,0.0534335270494335,0.04538806308090181,-2.312386183811364
1716,-12.991612861499384,4,0.029773552521521116,-0.0034923573175679574,-2.4240129438355535
1717,-23.28277710997907,12,0.03736018910589119,0.00011659895150077265,-3.0184507142381913
1718,-14.619076957633395,4,0.04281885870013465,-0.004542454509740515,-3.2444705613241007
1719,-11.558064346644803,2,0.0316492196908769,-0.0013733678287672286,-3.220980796472953
1720,-30.275656983281078,20,0.03402535424927516,-1.7708154481570453e-05,-3.166242925128252
1721,-14.98485063614693,6,0.02975116104684413,-7.524753886811583e-05,-2.946678990370745
1722,-20.35745906937378,8,0.040918738640310794,0.0007072085594844739,-3.3926731522847273
1723,-7.558514477828387,0,0.025028193635193347,-0.0035234741919014036,-2.7396658699131504
1724,-13.171826930044011,4,0.030370287847828022,-0.00289750603453213,-3.237723215124323
1725,-13.668592233463958,6,0.030430921561364892,-0.002541394931419442,-2.8847396556593825
1726,-17.428492147567137,6,0.03784268923035483,-0.0776122252104514,-2.615966457803888
1727,-9.210883898536233,0,0.030499615558067062,0.00029281105087539615,-2.9364792921282783
1728,-11.72015140154114,2,0.03218593179318262,-0.0020224595502549353,-3.292363634723584
1729,-11.00712790526453,2,0.029824926838624227,-0.004185980801556926,-2.6179569163867766
1730,-17.71990275687984,6,0.05051682222793015,0.0012203877554917387,-2.9643253276569683
1731,-9.620968095146107,0,0.031857510248828165,-0.0024828791972218906,-2.7658419357921114
1732,-32.99759195331033,20,0.04303838395135856,-0.010265050259640822,-2.821054879947109
1733,-22.296553600429704,12,0.03409454834579386,-0.003220774542805523,-2.1591065803135665
1734,-9.128794597445367,0,0.03022779668028266,-0.006058475413415211,-3.05064254984073
1735,-12.76090758901568,4,0.029009627778197516,-0.003998172834256528,-2.953914073054609
1736,-12.535387210534894,0,0.05803420004877272,-0.33278512752968475,-2.225862252592385
1737,-17.85877823934762,2,0.057459341446911616,-0.34716358585502494,-2.259591184462466
1738,-11.658395919582881,2,0.03198144344232738,-0.0007889435537134773,-2.982248990417193
1739,-27.624341909889125,16,0.03849119837711629,-0.0004266104932307013,-2.993517657312401
1740,-12.164833521650365,0,0.0402809057008289,-0.0003752445012627058,-2.952556105827086
1741,-63.25254712897416,6,0.1895779706257421,0.7002399774119474,-2.6188053947796317
1742,-19.018732442991926,4,0.05441569725721711,-0.23747567793479243,-2.520561362504858
1743,-9.895026473003572,0,0.0327649883212039,-0.006811585148105657,-3.0506872557563898
1744,-8.359950683972782,0,0.02768195590719459,-0.004365863761439031,-2.935996367134746
1745,-12.153205231474736,4,0.026997368316141582,-0.004568094027688147,-2.7052376852666846
1746,-14.58021114297585,4,0.035033811731708005,-0.005316892725458702,-3.151033813518315
1747,-20.398859115897654,12,0.027810791774495625,-0.0005757498749167911,-2.9734388582299913
1748,-11.401637993067705,2,0.031131251632674533,-0.0003462110077098801,-3.26326739862461
1749,-10.150109209239982,0,0.052320150563092784,0.0048328930665690875,-3.5074758375956456
1750,-14.166537007384987,4,0.04420233481471723,-0.0013395867330204371,-2.5954438658576944
1751,-39.515426804709136,6,0.11097823445267915,-0.21405062293957622,-2.6035729348284056
1752,-18.45918816202983,6,0.04356359497213227,-0.11290377262675275,-2.6905831882130955
1753,-10.302898876359603,2,0.027493042636952306,-0.0001273063313299235,-3.021710512339637
1754,-15.081728120162149,4,0.04695647508543278,-0.058702317190798534,-2.579489512549875
1755,-24.310100719914935,12,0.040761922913625744,-0.04298189371848935,-2.2913911584027296
1756,-11.285113511799128,0,0.03736792553575858,-0.0008579426844425451,-3.0732991608679647
1757,-9.836380422795354,2,0.025948279545679936,-0.004832211329866916,-2.3386388323709233
1758,-7.78599039656222,0,0.02578142515417953,-0.0034631790981831533,-2.6905047781759293
1759,-10.355156720806413,0,0.03428859841326621,-0.00297266805146679,-3.110034306951882
1760,-9.259043752943487,2,0.029036175011774044,0.0010583817336708306,-2.568241461603809
1761,-9.296085191404153,0,0.030781739044384644,-0.0028552203610329734,-2.7793426195983133
1762,-8.667160237233336,0,0.028699206083554148,0.0011744913197930483,-2.5947167933742756
1763,-28.33974914961232,16,0.04086009652189503,-0.0029224350314513343,-2.4340305442359016
1764,-13.086929205051733,2,0.0367116861094428,-0.0015946958321979307,-2.8346423116931034
1765,-18.777997414811907,6,0.042311249717920364,-0.0020880206350841566,-2.938827060769113
1766,-17.71925693037993,6,0.038805486524436966,-0.0022898206345826413,-2.687662228262078
1767,-19.915298065098824,8,0.03945462935463206,-0.0027338834214240115,-2.445237201389036
1768,-11.299767990966199,2,0.030793933744921186,-0.004940330731337088,-3.1141263777945807
1769,-8.516409173946007,0,0.034065636695783996,0.09778881663866341,-2.834095852920413
1770,-18.749214294845768,6,0.04221594137366151,-0.0008771987064488677,-2.598739777549034
1771,-19.448098623938144,8,0.0379076113375434,-0.0007821514673642074,-2.432770010888413
1772,-30.151330739966376,4,0.08659381039723972,-0.5547781924251467,-2.871456168995652
1773,-20.165099692194925,12,0.03069586350449245,0.0016301715113677757,-2.878511694867227
1774,-36.99351917010845,0,0.122495096589763,-0.1946628599766093,-2.952818246866289
1775,-46.33621082395644,6,0.1335636119998559,0.749135001714107,-2.1353556451775884
1776,-32.82591468737708,20,0.05481160122810691,-0.004402539344966157,-2.117486959434926
1777,-17.254918676160255,6,0.03726794263629245,-0.0481087693480454,-2.191980754206071
1778,-13.7409202325497,2,0.03887721931307843,-0.006800353311353814,-2.407174233342706
1779,-8.633231370133375,0,0.02858685884150121,-0.0016802097188882432,-3.356587343365887
1780,-8.575983502736273,0,0.028397296366676386,0.002881432900094236,-2.793446430969299
1781,-10.979613936395552,2,0.0348047051798277,-0.0052515969517850135,-2.514028855422223
1782,-20.848865464639847,12,0.029300879021986262,-0.0005578273844084894,-2.416089095640465
1783,-13.962233787770657,4,0.03298752909857825,0.0038079405336838143,-2.2256729374874062
1784,-11.630074342924814,0,0.0385101799434597,0.0027582584556488207,-3.1278611559233287
1785,-28.46097483985327,4,0.08099660542997782,-0.5637333133518511,-2.876300917873321
1786,-23.226727224172713,12,0.03717459345752555,0.0001716283125346465,-2.57621352140582
1787,-22.611147631376756,10,0.04175876699131358,-0.002105370670748221,-3.1598426099029364
1788,-23.86269256200098,4,0.06577050517218848,0.41127209866740155,-2.8451857655185786
1789,-39.263935060917696,6,0.1101454803341645,-0.5669177358043349,-2.95251560679894
1790,-17.431977587879953,8,0.031231713867152153,-0.0025031970474646975,-2.730107903239604
1791,-29.243277331152605,0,0.10014821003819388,0.44945384931913257,-2.5473096614025974
1792,-15.474391478954972,6,0.03137215721508274,0.0029733985876787875,-2.3465787239618474
1793,-7.695427164319687,0,0.025481546901720793,0.00016927589363239655,-3.210727532076594
1794,-8.60131204214582,0,0.03308196939286853,-0.00237812283108584,-2.899593026030701
1795,-24.691920578965817,12,0.04202622708266825,-0.002278383342172975,-3.0352909621034767
1796,-21.217357364453814,10,0.040642599146571756,-0.0011091379570248334,-2.356363667277923
1797,-42.15295822438347,6,0.11971178219994492,0.4189724589031905,-2.5491504272842502
1798,-7.354263944882681,0,0.024351867367161183,-0.0010323491114012848,-2.8667696361554884
1799,-17.425082708905745,8,0.031208883142071965,-0.0020923287721060905,-2.743138867400861
1800,-7.046781669741909,0,0.027963419324372657,0.0024598730974719814,-2.2602425083981843
1801,-25.334914483241167,14,0.03753282941470561,-0.000278995957515443,-2.576926711357094
1802,-17.382477497946063,8,0.039422174361118056,-0.0008470229999193562,-2.2155323157816764
1803,-16.7858667461272,8,0.029092273993798833,0.0015415483249955817,-2.5643127561474586
1804,-8.54743989208209,0,0.028302781099609552,-0.006074996878830901,-2.663579159587335
1805,-12.868169145069398,4,0.029364798493607226,2.342880092906636e-06,-3.0792185821625964
1806,-12.32789124439285,0,0.04082083193507573,-0.003564702166053189,-3.0052682576214567
1807,-13.512484723800522,2,0.03812081034371039,0.0019553226648539993,-2.674987492958756
1808,-37.84094053354696,24,0.0458309289190294,-0.0026566748245193668,-2.276193810606318
1809,-8.913157854701932,0,0.02951376773080113,-0.0029001359374490597,-3.0244660383357926
1810,-13.704892759340165,4,0.03213540648788135,-0.005387960411901185,-2.6753914127166425
1811,-20.97899735910669,10,0.03635429589108174,-0.003721865787809184,-2.403995006332877
1812,-43.802517571158525,18,0.0854387999044983,-0.27825891464364266,-2.983906446105418
1813,-39.36887242363419,4,0.11711547160143781,0.34340079639736093,-2.8915461655912784
1814,-13.611708244353306,4,0.03182684849123592,-0.002563227025872183,-3.1287186618763276
1815,-15.97452265260447,6,0.033028220703988524,0.00018196617398065645,-3.065410753517467
1816,-18.26684215430126,10,0.03723802772207761,-0.006817369860269733,-2.952167284321921
1817,-21.539584581244966,2,0.06470061119617541,-0.19438835323729634,-3.2612410866266845
1818,-8.65603194356006,0,0.028662357429006757,0.001933366839854133,-3.16190764591131
1819,-19.70551453476582,4,0.05235171511588616,-0.25706563896747925,-2.877926407913988
1820,-10.646822433593986,2,0.028631862362894018,-0.0007809835623345332,-3.041904379952598
1821,-9.788155012727334,0,0.032411109313666614,-0.003910022806021576,-2.7602883496427553
1822,-16.542148884032553,4,0.04153029431798852,0.0022313937365959417,-2.593473908324905
1823,-21.814796091087146,12,0.032499324804924526,-0.005520233911051976,-3.1381735105016606
1824,-14.005401480494468,6,0.026507951922167036,-0.0020747016754544137,-2.8453988090034157
1825,-17.253739879165295,6,0.037264039334984345,-0.01893973151231123,-2.3194402682558817
1826,-9.683665517307594,0,0.03206511760697874,0.000901701408345869,-2.655183099638262
1827,-47.760704154074496,8,0.13165796077508105,1.0924204667815816,-2.7061507784351724
1828,-10.569245167127654,0,0.034997500553402935,-0.0020198126556351783,-3.1914169305455964
1829,-12.167123077233217,2,0.033665970454414655,0.0004581339378218284,-3.2826347589399125
1830,-12.307898994005681,2,0.03413211587419106,-0.0012014341815097245,-2.8983141635565413
1831,-9.008076604817123,0,0.02982806822787124,-0.001321805738504754,-3.0157943561937604
1832,-11.24249675536837,4,0.02807169285026497,-9.99162491598679e-05,-2.840970355103536
1833,-13.345606883293406,4,0.03094571815660078,-0.0027274743989202507,-3.1327688469024166
1834,-10.252747489583998,2,0.02926506201980136,-0.0015209612690889878,-3.0144328173363073
1835,-57.471387597237154,46,0.04588555038894952,-0.0008395251207053661,-2.791444557351619
1836,-18.835348383399715,6,0.042501153587416116,-0.0060762705054713895,-2.7972346943053754
1837,-8.712541168987354,0,0.02884947406949449,-0.005452512180014816,-2.913929806278698
1838,-13.077992652638173,4,0.030059578319993993,-0.0009425848627629511,-3.149463199203075
1839,-35.00880805387431,20,0.04969803991349118,-0.0037132902500305993,-2.8072873378746883
1840,-25.80808101015084,12,0.04572212255016847,0.15372617324993063,-1.6420970426386667
1841,-17.087547076999662,8,0.030091215486753826,-0.00339618135761741,-2.783020011913371
1842,-11.459564569067737,2,0.03132306148697923,-0.0001992294103807665,-3.124192947144959
1843,-14.903080339214112,6,0.03297437162671896,-0.0002308165388940661,-2.7845883661270556
1844,-20.512175418524105,6,0.0732938152450711,0.11790845101920304,-2.727689722530318
1845,-54.0559049061665,4,0.16574802949061737,-0.2644977313806364,-2.8429029706427644
1846,-36.17119116282512,0,0.11977215616829491,0.4864992387561954,-3.010194080300777
1847,-14.158812920915452,4,0.0336384533805147,-0.0031040157009508238,-2.2355412860305375
1848,-8.114234748119268,0,0.02741295523013267,-0.00338053196232854,-2.3797555097857037
1849,-24.8227046081636,12,0.04245928678199885,-0.004212926770252059,-3.1881325250664196
1850,-13.632593947460448,4,0.03189600644854461,-0.002378202501733769,-2.8121284614175264
1851,-14.028116926523971,2,0.03982820174345688,-1.0250869287264269e-05,-3.0987262019158623
1852,-21.775761242014397,6,0.05223762000667025,-0.06715022105984204,-2.905067522488365
1853,-11.440238749586145,0,0.037881585263530304,-0.0037807829568581963,-2.419982712683175
1854,-8.758060822434267,0,0.029000201398788908,-0.009182307493602333,-2.8015526423129002
1855,-18.561271158449117,8,0.04062027368634288,-0.006311625969023085,-2.2292384586981138
1856,-10.657494094059336,0,0.035289715543242776,-0.006580966752136607,-2.654610145125933
1857,-9.988701677841386,0,0.033075171118680094,-0.0019996473217222667,-2.6188758838527053
1858,-14.811939756331295,2,0.043283580257875875,-0.0003412657691090292,-2.5121429004597893
1859,-10.070263799574716,0,0.03334524436945266,-0.0032946360553846085,-2.8253092258278936
1860,-21.50167763994841,10,0.03808502529784247,0.002133126816379264,-2.414876012749421
1861,-9.212948270316557,0,0.03489753132695671,-0.0013376903549104815,-2.9796775938385647
1862,-25.05907829010587,12,0.04324198109306565,-0.0021193222300032316,-3.193168455030806
1863,-29.6126647220153,4,0.08481014808614318,-0.6326825684144637,-3.2005927607892017
1864,-23.87557276552136,10,0.04594560518384561,0.0019938406557621843,-2.4895788883414145
1865,-15.34215747410203,6,0.03093429627186106,-0.004325868472200973,-2.680089473118466
1866,-12.95045573696076,4,0.02963727065218799,-0.002966394517817442,-2.9740877618954595
1867,-12.425739438481935,4,0.03317220251370847,-0.0033912757987259175,-2.6348462385653453
1868,-8.156505131300863,0,0.03741516115275622,-0.001505790776444958,-2.5278763544216
1869,-17.377108313069215,6,0.03767254408301059,-0.004054087874424082,-2.5427593570039915
1870,-8.790740178820172,0,0.02910841118814625,-0.0003020070425376592,-2.9563662105345454
1871,-45.498643452180424,8,0.12416769355026623,0.1600144786717037,-2.66911753764679
1872,-10.150381959260935,2,0.026988019732652045,-0.005850776123416468,-2.8831985235072763
1873,-10.605951727456262,0,0.035119045455153326,0.0017625146313410079,-2.359404628854615
1874,-15.528635539480653,4,0.038174289865830026,-0.003339858498926959,-2.815674140377723
1875,-12.497453141996635,2,0.03475977861588295,0.002066173341853038,-3.0722658680462036
1876,-22.614246234845925,4,0.061636576936575795,-0.2502021827882646,-3.1378423558871127
1877,-20.45809445828166,10,0.03462945184861476,-0.003230029179187282,-3.0344429419012835
1878,-14.843188943210194,4,0.03590459914970268,7.78756183047859e-05,-2.51513186498697
1879,-10.003665744450087,2,0.026502204451821488,-0.00446416480661006,-2.874432382729816
1880,-9.460503638658912,0,0.0313261709889368,-0.0032131542386147904,-3.067952378779524
1881,-9.49560873231631,0,0.03144241302091493,-0.00789090561077603,-2.397011429320447
1882,-11.70326107269551,0,0.03875252010826322,-0.0024105024200228864,-2.409946239716219
1883,-21.42011325416815,12,0.031192427993934013,-0.0029738425005794754,-2.375464756496633
1884,-26.167015976667003,14,0.04028813237306971,-0.007749797021877637,-3.0756117472439364
1885,-12.38755681794946,4,0.027773366946852618,-0.004438815426254115,-2.8324628547902932
1886,-32.48065542808109,2,0.10092932260953982,-0.7542893592342241,-2.360569249668043
1887,-27.92483252865679,16,0.039486200426015826,0.0013343889120540624,-2.155104748965611
1888,-13.153968788222869,4,0.03031115492789009,-0.0014099792121687522,-2.5599209828223626
1889,-15.791984379108403,4,0.044666607496622886,-0.003750175262437992,-3.0634563103367602
1890,-27.077775749370844,0,0.08966150910387687,-0.23411492713671547,-3.1999917418228785
1891,-13.469972400727462,6,0.030365741466371846,-0.00028995847134525335,-2.818997785370507
1892,-27.29898312335708,6,0.07052643418330144,0.42586651686640664,-2.6165303774972117
1893,-7.374410080291752,0,0.02441857642480711,-0.004794556357425989,-3.0671987899289226
1894,-10.768128460253706,4,0.026438001797866095,-0.0013959185853309464,-2.3206328957034885
1895,-10.384744082617706,0,0.03438656980999231,0.0015589441530505159,-3.1797634081573483
1896,-8.475996070667373,0,0.028066212154527762,-0.0012404927650824288,-2.923470498150868
1897,-13.250830137562874,4,0.030631887872724823,-0.005061649619015736,-2.82946221733162
1898,-18.74744849289346,4,0.05382280471858936,-0.28928004810467606,-3.0040648616527474
1899,-23.872187461070027,10,0.04593439556645705,-0.03418746285868303,-2.2161894243320033
1900,-25.91343206555493,0,0.08580606644223474,-0.3853196084590333,-2.573712041087461
1901,-23.65508063084438,8,0.051838015333921746,0.13375443438536777,-2.5013192521492233
1902,-34.342163281819204,22,0.040868090337149804,-0.0002548242293125549,-2.295244654917485
1903,-46.754264411404385,36,0.043363969400823495,-0.008598112955693186,-2.545765581846072
1904,-10.8696693112926,4,0.027478677245170377,-0.000208274850808084,-1.981948571701441
1905,-23.223677573597655,4,0.06365456150197885,-0.09080919514430243,-2.70398973187471
1906,-20.14423715338723,6,0.046835222362209425,-0.04816119567071325,-2.920888612980011
1907,-18.680054360786947,10,0.03287899379085991,-0.001780231886148227,-2.5260692659042956
1908,-9.25047155595922,0,0.030630700516421305,-0.004739963212466817,-2.924320979237647
1909,-15.789329110182532,8,0.027235416469169733,-0.0031384994962148473,-2.600297703470838
1910,-8.319313725527296,0,0.027547396442143414,-0.00426519680120643,-2.862420468255168
1911,-9.468947973688147,0,0.03135413236320585,-0.004125235796850544,-3.322953307699252
1912,-12.988300138430347,2,0.036385099796127,-0.0014861382092256716,-2.4046204335239736
1913,-17.82383385072602,8,0.03318862787407436,-0.0009602010507306487,-2.899981514290099
1914,-8.077381332821437,0,0.026746295804044536,-0.009206641615146388,-2.676329162864659
1915,-36.66313350255749,24,0.04193090563760771,-0.00262579851743722,-2.6410236459023424
1916,-16.43815665253224,8,0.027940916067987553,-0.000728541021219868,-2.3669571952667665
1917,-16.100420288650174,6,0.03344510029354358,-0.004222452871282492,-2.4682983248471437
1918,-35.91333516412579,6,0.10105856474366827,-0.5568950378616039,-2.2622843724352384
1919,-12.394157316649231,4,0.027795222902812007,-0.005277368067208653,-2.619952534561104
1920,-14.370830368059021,6,0.027717981351188744,-5.196943934636795e-05,-2.4078522122401083
1921,-26.140944898812418,6,0.06669187052586902,-0.24909111617814553,-3.136842946086807
1922,-8.402858854240286,0,0.027824035941193034,-0.004796772124438503,-3.0982425731746424
1923,-25.810715619568875,12,0.04634468328714406,-0.00499104384470406,-2.794536785608831
1924,-16.317657798913576,6,0.03557813034108137,-0.00493252021116044,-2.561020367936199
1925,-26.905721299312432,14,0.046091861783258435,-0.006128492752073466,-3.3638585032290678
1926,-14.83167488432685,6,0.03873541615932833,-0.006230585807280844,-2.85437891683674
1927,-29.43215590177948,10,0.06434488709198483,0.3212989171217535,-2.6060301317561985
1928,-31.69975707305533,2,0.09834356646707075,0.22950679471636104,-2.6426144256951156
1929,-17.880379979303726,8,0.03829604643140969,-0.0023847543333057864,-2.521050335811505
1930,-18.997575322800984,8,0.03641581232715569,9.833548066903226e-05,-2.7182353696647095
1931,-13.32195986598611,4,0.03329271380709329,0.0017029526355742876,-2.871033179941587
1932,-7.218369296201884,0,0.023901885086761217,-0.0009889414193978323,-3.5134342691468867
1933,-40.195809423416335,8,0.11102003249453905,-0.023007808011587194,-2.663130617182188
1934,-25.57181380556754,8,0.05818481392572049,0.1873975209218746,-2.8764768091218533
1935,-25.269552062584705,10,0.05056143067081047,-0.18669597935316998,-2.325857878814371
1936,-7.6246536959162565,0,0.026474491999709235,0.0041267588303122065,-2.8953718967524766
1937,-22.96492023553057,14,0.02968516634281641,-0.00341110318513288,-3.038975692879929
1938,-10.51570778565241,0,0.034820224455802594,-0.0036369754838956126,-2.922636321999768
1939,-11.322977033829114,2,0.030870784880228975,0.004140028534827149,-2.300782709754695
1940,-15.357254558131478,6,0.030984286616329383,-0.005905763686974595,-2.7670980226641695
1941,-27.156431773659627,18,0.03913005031478486,-0.007430601223276403,-2.731100750783805
1942,-12.474223407866715,4,0.0280603424101547,-0.003908837915649515,-2.840311238633992
1943,-7.620322748682844,0,0.029085201330850474,-0.00923186285280843,-2.250213368698592
1944,-9.772964406739721,0,0.03236080929384015,-3.0001657799083668e-06,-3.158075199091255
1945,-18.842561276215307,4,0.049147553894752664,-0.1041936382426208,-3.042190466925428
1946,-9.024031605322772,0,0.029880899355373365,-0.006752924024688685,-2.4483020429585793
1947,-10.766231392407855,4,0.02562966436518117,-0.004625824986688906,-2.578356598934977
1948,-50.229132897009386,10,0.13320904932784608,-0.3136690115164472,-3.0862394791887455
1949,-14.63005791645906,6,0.028576350716751974,-0.005441415939319706,-2.9512979496082785
1950,-38.27523055379275,12,0.08700407468143292,0.3291189815938497,-2.7594778684980934
1951,-14.474170900308374,2,0.04271976335722045,-0.0036999557794020702,-3.113059459129916
1952,-28.08768035681347,0,0.09300556409540878,-0.07515874273692634,-2.9421652558645146
1953,-18.624558042578855,10,0.0285581392138373,-0.000517343754251025,-2.757961183872882
1954,-10.277470121701498,2,0.027408841462587676,0.0029737324993564,-3.081971920179419
1955,-13.798778662282583,6,0.03276797757261596,-0.001137675959695162,-2.8632707084055613
1956,-8.915378059958089,0,0.03095617381929895,-0.003931275995758672,-2.5519539848049235
1957,-6.855313643359794,2,0.03236875762239854,-0.009664127446711064,-1.9823172034670908
1958,-23.79542854929436,12,0.03905771042812725,0.06368179295199695,-2.294257887231189
1959,-20.250024000685258,12,0.0463484494420521,-0.0018293819624376013,-2.070544727730566
1960,-10.91573904034464,2,0.02952231470312785,-0.0016982828777295765,-2.9794228533925375
1961,-21.65232996644818,12,0.031961357504795576,-0.0009452972386883485,-2.6843161122883448
1962,-8.833951718715575,0,0.030673443467762466,-0.0010891628361100125,-2.5015368270353875
1963,-24.57548305512781,14,0.03501815581168159,-0.00044844527913886584,-2.8164718202846464
1964,-11.58402366576413,2,0.032821998855356645,0.000719329745872329,-2.940985769937963
1965,-28.506514682882603,16,0.04141230027444584,0.0444307807962478,-2.37469392091557
1966,-12.43067930912383,4,0.02829087016484492,-0.0031711148125457035,-2.719748438047124
1967,-12.854782608693242,4,0.02932047221421604,-9.868635436742017e-05,-2.8468700337014776
1968,-10.535239010309581,0,0.03488489738513114,0.005935533637711346,-2.944151886892181
1969,-14.608687180734346,4,0.03512810324746465,-0.0056116799850923485,-2.5054949267338715
1970,-18.772558301753058,8,0.03567072285348706,-0.0012050909267750797,-2.3107193143223412
1971,-22.097943453384918,12,0.033436898852268034,-0.002114464179227215,-2.95529585209928
1972,-18.4668414143545,4,0.04790344839190219,-0.09686741620242065,-2.76094783841916
1973,-15.438346754135164,6,0.036024224252424415,0.0053032165009329335,-2.8837051717322746
1974,-11.51421048214809,2,0.03150400821903344,0.003043335024267435,-2.962415143647015
1975,-26.924910630038948,18,0.029552684205426977,0.0016416896066770255,-2.5442106077755535
1976,-9.125700203623191,0,0.030217550343123192,-0.006198912956952333,-2.6560030848202154
1977,-13.445730404774784,2,0.03789976955223436,-0.002087699438503863,-2.9834560423839735
1978,-8.224455692734365,0,0.02723329699580915,-0.004099285742961832,-2.4654883922830173
1979,-19.003974210789462,8,0.03643700069797827,-0.00961505687064707,-2.9876242584535784
1980,-45.967530263411675,4,0.14882102930287786,0.49271204244140665,-2.5466855953733605
1981,-10.388851145098286,0,0.03440016935463003,-0.001311370910805286,-2.7913536378266506
1982,-50.75863811463649,16,0.11509482819416061,0.8613520849181574,-2.9772737911988716
1983,-9.377297470218064,0,0.031050653874894262,-0.006447579073704261,-2.7108603203160357
1984,-10.401152055571172,2,0.027818384289970757,-0.00518973057084279,-3.0204587474836972
1985,-14.4154172046111,6,0.027865619882818222,-0.00410411705221327,-2.56164337973775
1986,-13.273424766853486,4,0.03384461593742138,-0.001856115223316435,-2.914211385395636
1987,-18.306720184900346,8,0.03412821253278247,-0.004723553190513557,-2.921333473326256
1988,-21.93220949878145,10,0.04811374797895782,-0.0033816257080029424,-2.957329825605582
1989,-24.967319395551304,16,0.029693110581295704,-0.007167545113163624,-2.8667213209641833
1990,-11.394834791360301,4,0.036608093026536274,-0.0016840672189609544,-2.6480179946602203
1991,-46.212625940823884,30,0.07302984658028781,0.0048098682648258975,-2.0132092543621756
1992,-16.758844726951814,8,0.029002797109112046,-0.007046062555179518,-2.5904092228619477
1993,-7.022346943129229,0,0.023252804447447754,-0.0041799198837630105,-2.9071909536691214
1994,-20.932384562742456,4,0.0671920022331051,0.21810763794485302,-2.8585885262103856
1995,-8.526330820292117,2,0.031077765810914815,-0.004418233603771244,-3.087912000430127
1996,-25.89993065321316,16,0.03278122732852079,-0.0017399977859485869,-2.7989813409273863
1997,-21.374880942369902,14,0.029034964340038966,-0.0035784092071781477,-2.1405401130126216
1998,-16.788102852288894,8,0.03994592205585826,0.0023913963306801053,-2.352795255343345
1999,-24.654890823201605,14,0.039462558604450554,-0.004815612816148334,-2.0920557615032025
2000,-32.923598728140654,2,0.10239602227861151,-0.8334433193605344,-2.528214938481803
2001,-9.846306422425098,2,0.031136136596924904,-0.0018678763021145843,-2.879811629885346
2002,-14.35290456337853,2,0.04090365749463084,-0.1364706952783236,-3.2106920986859953
2003,-9.03087085288704,0,0.029903545870486915,-0.004915202903524288,-3.0473598768956967
2004,-33.332161841621485,22,0.04292485546068733,0.001023263839129923,-2.99364248395714
2005,-8.325173555863213,0,0.0275667998538517,-0.001737081300504259,-3.0952914462595005
2006,-24.718930688570623,6,0.061983214200564955,0.09109438888494246,-2.8751468064804677
2007,-14.426304399861186,8,0.040164402499132376,0.0016258041613036766,-2.3608060905884485
2008,-11.252162381133447,2,0.030636299275276398,-0.0025688036348029283,-2.917583148813088
2009,-12.505347729267495,4,0.028734282869146945,-0.0021884811601626713,-2.677261282426047
2010,-10.365662589927092,0,0.03432338605936129,-0.005981284725196067,-3.068145853371662
2011,-15.66999008875823,6,0.03201983473098751,-0.002780619633094167,-2.978003853869739
2012,-17.777533990823184,10,0.0332373247471072,-0.0043071989161081806,-2.1385490724277627
2013,-12.578259055116664,4,0.0284048313083334,-0.004899825957304619,-3.187687010908598
2014,-9.807070663150846,0,0.034531938954756536,-0.0017381543332946972,-2.7091810318199476
2015,-9.794823657590157,2,0.02744656217461319,-0.004584629855095737,-2.5890704222109977
2016,-29.254159463256894,4,0.08362304458032083,-0.22538829655216897,-3.092051034747
2017,-18.365762737658617,8,0.03432371767436628,-0.004528548744035305,-2.5373706410623953
2018,-10.37369763724647,0,0.03434999217631277,-0.03256468737260084,-2.7268267005454945
2019,-9.350316528617958,2,0.02827044818699218,0.006211225520640325,-2.1814367003532915
2020,-31.702253198407913,8,0.07848428211393342,-0.4733388789306512,-2.471425590925813
2021,-17.820182383466154,10,0.03620454807160241,-0.001127770713409754,-2.4679302184433993
2022,-8.35527553999314,2,0.027874015526285656,-0.0038324455957831163,-2.847046811062957
2023,-16.641102473249695,8,0.028803674910832407,0.0005140490170257787,-2.584244808892215
2024,-11.09363275772971,2,0.030111366747449363,-0.0039043845605746604,-2.5256888423212347
2025,-9.157793441862422,0,0.03032381934391533,-0.006559395158450607,-3.039147762583402
2026,-17.1565276960397,8,0.03031962813258185,-0.0027255371999340933,-2.48885237866402
2027,-9.662596773660377,2,0.027763031788624538,0.002700702548938115,-2.516213337117976
2028,-8.694848416564504,0,0.028790888796571174,-0.0035540867002259954,-3.164680819920806
2029,-27.414824902568707,14,0.0444199500085057,0.0004694651204796619,-2.9266262091224435
2030,-14.596381151282502,2,0.041709871361862605,0.0010684864067808657,-3.39372340407938
2031,-12.89307962493766,4,0.0294472835262837,0.0022723217485534236,-2.8549098601546263
2032,-35.306843265896,6,0.09704252737051657,-0.7090876018744122,-2.4711488332686136
2033,-11.490910954783956,4,0.0275401138043528,-0.0015542815393179326,-2.5548890394213446
2034,-17.343939202008404,0,0.0661982412290397,0.07436654250428991,-2.7473855496989383
2035,-8.393476065557705,0,0.027792967104495695,-0.005675229304069222,-2.7328214150092034
2036,-9.592459995302935,2,0.03061475804557648,-0.004075358602717789,-2.3741013028545033
2037,-12.010479954531155,2,0.033147284617652824,-0.001015417561989697,-3.0141156116187484
2038,-11.322562118257169,0,0.03749192754389788,-0.0057491078131696495,-2.872881563207048
2039,-18.955464745638277,8,0.0362763733299281,-0.0020377354701018786,-2.208720786246916
2040,-9.565990899310888,0,0.03167546655400964,0.000530626900672962,-2.356040207488965
2041,-8.944545746216093,0,0.030632005980192133,0.0012899030849962713,-2.562935995416176
2042,-17.071041831653588,4,0.043281595469051484,-0.005352973358764233,-3.5577714232510473
2043,-19.04436375428185,8,0.03657074090821794,-0.005716484592647742,-2.4392099213822274
2044,-10.074370395998084,0,0.03335884237085454,-0.0051777495092107904,-2.364601368484525
2045,-10.975581327933066,4,0.03142153751321193,-0.0002349896725636345,-2.0526089658231794
2046,-24.88096004136864,6,0.06251973523632007,0.03248206695591081,-2.2424049026652746
2047,-19.18697381181811,2,0.05691050931065599,-0.3131743199982995,-2.853365572790048
2048,-19.436839298361047,10,0.031247812246228936,-0.001195011035514539,-2.5338789937113386
2049,-7.295276045661257,0,0.02498382207418237,-0.0021070238996986046,-2.70104842695937
2050,-22.308002435047516,10,0.0407549749504886,-0.005093142981270933,-2.4826699275764303
2051,-12.965609569087492,4,0.029687448904263187,-0.0009495149380434921,-2.9324049590766084
2052,-13.640877525538595,6,0.02530091895873712,-0.004488655158460436,-2.7232961239818243
2053,-8.18985256994478,0,0.027118717119022466,-0.0008647496112011719,-3.12155685316523
2054,-7.9534848360034065,0,0.026336042503322547,-0.003923622643211178,-2.611836747886264
2055,-21.419377097224412,10,0.03965061492091805,0.00035098386514517997,-2.0747888400693126
2056,-9.934337105746653,2,0.031737348422986505,0.000955728177074343,-2.9204192387450485
2057,-10.979130459050669,2,0.029732220063081707,0.0017079536604158432,-3.2409908970033854
2058,-14.551782544126636,4,0.034939677298432566,0.0007588484828724273,-2.3707436113181948
2059,-7.257863115755556,0,0.02573710324736013,-0.002307965025200066,-2.732525979383545
2060,-8.470873032194635,0,0.02804924845097563,-0.0006863788316112678,-3.2216305977974815
2061,-20.53431668738342,6,0.05767585987056903,-0.0016219126420938187,-2.79009230155447
2062,-12.567612911027696,4,0.028369579175588397,-0.002472015978638946,-2.930786668852786
2063,-15.866608035106605,4,0.03929340408975702,0.08091864141971736,-2.831985670546477
2064,-42.7868150521633,10,0.10856561275550745,-0.8943316493667539,-2.368238430703367
2065,-19.59785465218885,8,0.03840349222579105,-0.003390474507850379,-2.979420720387423
2066,-16.838940075723656,8,0.029268013495773605,-0.0023043464305687275,-3.090203498458931
2067,-19.389157692644826,10,0.03215464963234548,-0.005334365687274042,-2.2316149911566656
2068,-9.955846505347779,2,0.03371121400571095,-0.003182881889160391,-2.3664392965581365
2069,-11.916365342138205,2,0.03305455114046078,0.002295874927386952,-2.909583446030971
2070,-9.982431424986174,2,0.03912956580875567,-0.004639822566954821,-2.7083058781976646
2071,-15.36603015441974,6,0.03229665570489565,-0.0074552954269316175,-2.897965862286149
2072,-25.451694247485037,14,0.037919517375778394,-0.004417914017689544,-2.324900314325196
2073,-21.67996311741403,10,0.038675374560973565,-0.0042935252380449426,-2.692097713517847
2074,-9.543034210089179,0,0.031599451026785394,-0.00671115490840748,-3.1250035671592036
2075,-11.823023791007863,2,0.03387249583106167,-0.002835319914477717,-2.61196776342314
2076,-8.776209312467143,0,0.029060295736646168,-0.005636655636415478,-2.9184661104434033
2077,-6.6522279957045685,0,0.024821746252629038,0.003654125488342356,-2.944796295548722
2078,-11.249012090890787,2,0.030625867850631632,-0.003938052786162604,-3.025095294647394
2079,-11.516122145535544,0,0.0381328547865416,-0.003887455874209027,-2.492817282122529
2080,-7.1873398092019025,0,0.02829661342205472,-0.002758472211526956,-3.177757467029939
2081,-29.50854597212431,18,0.03968464128318746,-0.006216640660282353,-2.875476955039194
2082,-40.01943953597415,14,0.0861570845562061,0.5450759751802396,-3.0465811636786144
2083,-13.787149354193309,6,0.030418552164817758,-0.0043503879714990035,-2.0143287410524864
2084,-27.34957065153702,16,0.03758135977330163,-0.003937116509460727,-2.822926610423318
2085,-32.697632327116274,14,0.061912689824888525,-0.12326975295941549,-2.7024180256082393
2086,-7.962285114821481,0,0.029489944869709215,0.002557469518010125,-2.3754433012643346
2087,-14.074571806232402,4,0.033359509292160215,-0.005722104722714138,-2.645572587543102
2088,-10.466328646678186,2,0.028034200816815232,-0.001981115340801042,-2.8018808467383804
2089,-52.14537787572639,4,0.1594217810454514,-0.39051282645036645,-2.5450354161663045
2090,-10.530527399771143,2,0.028246779469440788,-9.429185290432332e-05,-3.4330635503501883
2091,-14.08436069873937,4,0.03339192284350782,-0.0021536466536044283,-2.8705041079929203
2092,-20.051087674916335,8,0.03990426382422647,-0.005398084888986809,-3.236312764260412
2093,-18.417199908094837,8,0.0496057138480706,0.0025055587854945945,-2.877081769527424
2094,-54.38548624326249,22,0.10723670941477702,0.4528443682348257,-2.875450018559743
2095,-15.628718765235634,4,0.0385056912756147,-0.0020608549945315482,-2.5120579340835936
2096,-12.595485207463742,2,0.044147855031098984,-0.004038191375051004,-3.0904891692591505
2097,-10.198110692587823,0,0.033768578452277535,-0.0025794850409474987,-2.628733599242918
2098,-27.814843037823803,20,0.03125937215129505,-0.007279844398982823,-2.7655496626052076
2099,-31.009134651237094,18,0.04307660480542084,-0.0011456220333667978,-2.7909891628148342
2100,-7.298991028437602,0,0.02534371884874171,-0.0006958925530650757,-3.0286425598599536
2101,-18.42136782593731,0,0.06099790670840177,-0.2900798971263618,-2.9358352161721877
2102,-62.69577301864764,4,0.19435686430015786,0.5498997542404243,-3.4211272509168795
2103,-22.474020843362613,14,0.032098563800616334,-0.003784215179003888,-2.7064964662645554
2104,-8.669169042849983,0,0.028705857757781398,-0.0070469261938089275,-2.6710185181782027
2105,-12.785293447123502,4,0.029090375652726687,-0.0009980770086234325,-3.1502799143456155
2106,-62.2475284259226,8,0.1796275775692799,0.9458309110934038,-2.9570215850314496
2107,-14.463571194933111,6,0.02802507018189765,-0.0032508505187583284,-2.38831830246263
2108,-19.813469673956384,8,0.03911744925151099,-0.0030736727330876847,-2.763556227299064
2109,-35.34829609127016,14,0.07068972215652365,0.10257265254984678,-2.571885049531224
2110,-13.00699859887798,2,0.03644701522807268,0.00015579447773168023,-2.4314387304156546
2111,-13.63721016162619,4,0.031911291925914596,-0.0045581751345774,-2.2725675283690654
2112,-42.52658306863484,22,0.07330922524512433,0.3816101940042738,-2.442940922817174
2113,-10.553612331780894,2,0.028323219641658515,-0.0016664737014451514,-2.6546949172933703
2114,-11.878077273329355,2,0.03270886514347477,0.0002579408965115158,-2.729332504605116
2115,-18.392079130748705,8,0.035108375441718555,-0.006019990596954862,-2.466830233716472
2116,-8.43484570968094,0,0.02792995268106275,-0.0024123127233785955,-2.983544075207354
2117,-10.54346627057696,2,0.028289623412506442,-0.0023625364243392124,-3.0309056353089185
2118,-17.938197051180353,6,0.039530453811855285,-0.006798440957710221,-3.0542677135290024
2119,-18.092512844264867,8,0.03341891670286374,0.0008594432748570447,-2.9051258634154866
2120,-14.223218589741686,4,0.03385171718457498,7.488868370442498e-05,-3.30062501066278
2121,-32.02496191574454,14,0.06130939427123978,0.08985668691500806,-3.145154730951553
2122,-19.3249527190439,8,0.037499843440542656,-0.006094746171444383,-2.853220553706525
2123,-7.8609268315340435,0,0.026029559044814715,-0.00022608242737783108,-2.7832371968264837
2124,-13.812491168824101,6,0.025869176055708962,-0.0037400417055684877,-2.84137676263171
2125,-7.692555476007758,0,0.027086462943689285,-0.0024061715228706074,-2.889957147026574
2126,-19.166509909200418,12,0.04265779707857374,0.011649080884775944,-3.3591421296255985
2127,-10.476983596039892,4,0.025104587581550007,-6.709452118370826e-06,-2.8039900175929287
2128,-15.618514794015875,2,0.0450944198477347,-0.07341188130891012,-3.0222031777364005
2129,-12.592700374906855,4,0.02845265024803603,-0.0005527888797840338,-2.6730983307356917
2130,-14.305178177000917,8,0.027413818160873432,-0.0019909176604984247,-2.608311734169256
2131,-25.139618899331747,0,0.08324377118984028,-0.07804896998595422,-2.6711155894890872
2132,-11.781317000979687,2,0.03238846689066121,0.00014625976882899635,-2.9025606597906335
2133,-13.324141673697412,4,0.0347915734093186,-0.004186215166892134,-2.7865804634808473
2134,-7.637051392812078,0,0.02528824964507314,-0.0004473991675875982,-2.9063279239466993
2135,-15.458566007635923,6,0.03131975499217195,-8.130047550511281e-05,-2.629624324474971
2136,-21.569406578230932,0,0.0781500238341702,-0.3846444296731573,-2.5680563269539034
2137,-12.393643285344016,2,0.034416037368688784,0.0005045872995790267,-2.3076071878808815
2138,-36.91123195592683,2,0.11560010581432699,0.4412806097590765,-2.563875583249039
2139,-28.179866295429093,16,0.040330683097447265,-0.0010276839645912512,-2.680290874785016
2140,-10.002877618671356,2,0.026499594763812355,-0.00430026686000977,-3.033999354688629
2141,-17.09834990030945,8,0.03012698642486566,-0.002714907343727567,-2.862618385499732
2142,-7.7089709254896714,0,0.02942355315072385,-0.004670492545808203,-2.654321816868241
2143,-31.033415061113224,12,0.0630245531824942,-0.32484984644503634,-3.0248530083850937
2144,-8.165783938816999,0,0.027039019664957035,1.3442827690861478e-05,-2.7799266628246055
2145,-14.665522242451571,4,0.03531629881606489,-0.0031708553049479,-2.806498969635227
2146,-13.343311874494315,6,0.03399681423377004,-0.002137890173212832,-2.849235928770806
2147,-40.82519400200827,14,0.09580426429288635,-0.5920917210219029,-2.586773578317869
2148,-11.995886490820553,2,0.0339996139143556,0.03190494237569015,-2.33795588635792
2149,-7.380281434313714,0,0.024438017994416184,0.0011165985549238837,-3.1722095329687616
2150,-12.989275365309982,6,0.038829307585055546,-0.007557527490943256,-2.405061380764366
2151,-12.19839921711785,2,0.033769533831515944,-0.003336247691224693,-2.9956375952565075
2152,-8.939203257031865,0,0.029600010784873728,-0.01686769949656985,-2.1976824274402467
2153,-12.660946249534883,2,0.036510089895667404,-0.004338402716261143,-3.3351406174968634
2154,-12.397273762089569,4,0.027805542258574584,-0.00566906048839184,-2.910927279057623
2155,-43.04384812471799,34,0.041485541856505576,-0.005636499173204423,-2.4757676039796768
2156,-8.544233624704288,0,0.028292164320212795,0.0010073799324616642,-3.0466138173466577
2157,-24.162290086415467,14,0.033649967173561016,-0.0064844707172404085,-2.738608909893429
2158,-19.65547297149889,8,0.038594281362579225,-0.003115076146054618,-3.5458639416672497
2159,-13.034421667448028,2,0.03653782009088734,-0.0004160448430038199,-2.70661899089676
2160,-10.960171439771116,0,0.036291958409838274,-0.006786363508817524,-2.9325145200209457
2161,-12.602770646902817,0,0.04173102863212859,0.08863076539463456,-2.467728597594931
2162,-18.43832318968428,8,0.0345639840718021,-0.003750238358968289,-2.2440601263152105
2163,-10.722480469961537,2,0.03206794290427033,-0.006624624802070149,-3.5404249368095084
2164,-18.84142646544408,8,0.03589876313060957,-0.005923642215800058,-2.8160324567410053
2165,-7.654618330923496,0,0.02966906329815306,0.00030557561761432496,-3.325191825953702
2166,-13.271659906511378,4,0.03485586431019321,0.0011362474604292695,-2.2216771575256384
2167,-35.66870397544598,22,0.05177539384638644,-0.0006068872598310311,-2.4977625907368775
2168,-10.547188159644351,2,0.028301947548491125,-0.001135889857904122,-2.53080384845904
2169,-35.97269699573769,22,0.04851630901297802,0.1222190960585269,-2.5260153787867443
2170,-21.41189258563928,12,0.042017377614460866,0.0034094141671500568,-2.8704954903048927
2171,-10.949746751282223,2,0.02963492301749087,0.00015872750363454517,-2.9977404783795962
2172,-30.38446127653432,2,0.10137307598762273,-0.8393923139986249,-3.0013482129344315
2173,-58.48528604736779,10,0.16054730479260848,0.2585101831392138,-2.688961225905647
2174,-25.17017498500519,6,0.06996414228104078,-0.37159324202033944,-2.8671132623000464
2175,-8.838146733472536,0,0.029265386534677314,-0.0018834848960688868,-2.1684981456180625
2176,-9.926631832852259,2,0.03636069648097361,-0.005256261886524703,-2.6700719970607394
2177,-20.67937229580042,12,0.03364097789069939,-0.0018480761032623723,-2.497067086082295
2178,-23.242286284119157,14,0.030603596967282064,-0.0030891035153030955,-2.720395398334699
2179,-9.247527169779156,0,0.030620950893308442,-0.00315031148123228,-2.3454675233464175
2180,-9.765465522534209,0,0.03233597855143778,0.0017731743995007744,-3.0212614853598105
2181,-11.486643814755938,4,0.024790211307138797,-0.005143988842995751,-2.6877398013214377
2182,-9.251165926046353,0,0.030632999755120394,-0.0040912519165913,-2.6911513249579486
2183,-17.787198731527564,8,0.03240794281962775,-0.0013370740333794068,-3.123274758877127
2184,-19.816014811387774,12,0.03520727392517006,0.0012913674883846496,-2.18917825382249
2185,-10.388056664487282,0,0.03439753862413007,0.00054817355672724,-2.8319023828348877
2186,-22.08631427902247,10,0.040020908208683655,-0.001762898138200784,-2.6644270658886233
2187,-29.634085260970835,12,0.0583910107979168,-0.07707122694361733,-2.4840687364403817
2188,-22.242548729643136,10,0.04053824082663281,-0.007653219880426722,-2.7101464790253535
2189,-8.609911895605526,0,0.02850964203842897,0.00028665973812600735,-2.935069196397093
2190,-9.926982715360106,2,0.0262482871369539,-0.0011632027943304043,-2.478527597134427
2191,-20.93765849688579,8,0.04283992879763499,-0.007068637946299863,-2.5316497476683586
2192,-11.102724023383214,2,0.030752446024943272,-0.004289777622938886,-2.6098425359025086
2193,-9.011328069227861,0,0.02983883466631742,-0.0034387415904083,-2.9288814102854603
2194,-11.399170951047543,4,0.027404336855731706,-0.0041411563065937825,-2.630354991602211
2195,-13.399014653465397,4,0.031122565077699938,-0.004288464860484892,-2.4299283938159273
2196,-7.370074463660818,0,0.025068280488642194,-0.0034659542631180515,-2.205783980884344
2197,-13.228520697925562,2,0.038987919090019245,-0.0014104586658908779,-3.354157742892049
2198,-11.152435802635322,0,0.03692859537296453,-0.0027596477496234194,-2.7967490638076598
2199,-13.937958853663865,2,0.03952966507835708,-0.0004800444658512607,-2.6063681063544473
2200,-23.477147517768316,12,0.03800379972770967,-0.0021165063259321335,-2.9476492117189137
2201,-12.463995465804961,4,0.028026475052334434,-0.0019239009447420473,-3.0878671305752143
2202,-11.226772870903103,2,0.030552228049348047,-0.0014455745049092351,-2.5658331611610805
2203,-15.095026010386649,6,0.03011598016684319,0.0016641889280941805,-2.9730211662956583
2204,-15.337332783925719,6,0.03091832047657512,-0.004664563825539011,-2.6514752036100484
2205,-11.451705270045574,2,0.031297037318031726,-0.002105071852199536,-3.023685728538541
2206,-31.48860644538958,24,0.039413718133629795,-0.0022735480433575023,-2.130446817097744
2207,-26.318424084164597,2,0.08052458306014777,-0.322041388921785,-2.8321287241078594
2208,-22.4399603815585,14,0.03322819047857695,0.0032085120036288743,-2.2538915372440798
2209,-9.45062528736899,0,0.03129346121645357,-0.0023805262934145153,-2.762764527641132
2210,-25.15311903991189,16,0.03751278295045824,0.003090570491383646,-2.0916576609922424
2211,-17.968980632805366,8,0.03300986964505103,0.0008172489418216445,-2.6213791437182725
2212,-16.37607433212679,8,0.02773534547061857,0.0023616298501200924,-2.429831831078415
2213,-26.265615653336077,2,0.08034972070641086,-0.31692914272402567,-2.4839411468146406
2214,-30.569393948243267,18,0.04162050976239503,-0.004483530868695963,-2.569433312419037
2215,-8.090254702990123,0,0.026788922857583122,-0.0012210940117238472,-2.640867325340996
2216,-10.087199439465955,2,0.026778806090946825,-0.00016406389455995616,-2.8828199296141204
2217,-7.7256258912320455,0,0.025581542686198822,-0.0017452049641160678,-2.9936426932241194
2218,-7.437143222076101,0,0.024626302059854648,0.00026883228361261206,-2.870718148088203
2219,-9.043876459528619,0,0.029946610793141107,-0.0024431670479328426,-2.7401145869505976
2220,-12.9852935846581,2,0.03661764528219369,-0.006059984548327823,-2.933282117447971
2221,-29.439283302470514,4,0.084236037425399,0.08312163104130485,-2.5926919221522446
2222,-6.215086403577586,0,0.03076775447315637,-0.008094722562755393,-2.4043836043580518
2223,-16.573689064776953,6,0.03646099677509303,-0.006093974776790831,-3.044638374212423
2224,-14.534071026854095,0,0.04812606300282818,-0.0032404327425883703,-2.81718216713191
2225,-18.88184473853304,8,0.036032598471963696,-0.00025084298088628526,-2.789393812899874
2226,-8.37210064424678,0,0.027722187563731,0.0004358771462178487,-2.5768991474663556
2227,-14.40518263569402,4,0.03445424713805966,-0.004916527395796598,-3.2642033070686662
2228,-7.400187685560489,0,0.02450393273364397,0.0003125892447104172,-3.3813532490989067
2229,-17.477685815444087,4,0.044628098726636076,-0.1678328929190672,-2.4569690312819774
2230,-61.25838132515724,10,0.16972973948727596,0.8666859563767744,-2.5074381990456724
2231,-20.517974858358208,6,0.05499232900893265,-0.20900959607264888,-3.17944211631336
2232,-36.93253753343,4,0.10904813752791363,-0.8695545773699552,-2.131796387266306
2233,-13.734883233239913,4,0.03223471269284744,-0.0011758587483489354,-2.8080673540970125
2234,-21.473078985417345,6,0.05123536087886531,-0.08820965670597344,-2.2681726036020877
2235,-46.84146701400202,6,0.13523664574172886,0.04242358994284731,-2.6865991086803342
2236,-15.407077730004504,6,0.031149264006637416,-0.010598970484142716,-2.634490283403009
2237,-13.36597683204579,6,0.024390651761741107,-0.001490988856681086,-3.423630537880455
2238,-50.50503124510293,0,0.16723520279835444,0.14303375585467265,-2.615885845843906
2239,-7.638265059630338,0,0.02529226840937196,-0.003576586332591559,-3.0758287120403858
2240,-33.24479005812265,0,0.11008208628517428,-0.538918356140609,-2.9743074773796927
2241,-10.379341844080551,2,0.03173993122757785,0.0016896578285730247,-3.1020977161159724
2242,-14.933958685478457,4,0.036205161210193446,0.00023505999745233663,-2.3979325686655444
2243,-34.69201955882258,2,0.10825172039345259,0.6531204149726815,-2.5537752990744274
2244,-29.05606423021446,0,0.10841815011274032,0.1303396667129666,-2.365524941135316
2245,-11.558301768682409,4,0.025027489300273,-0.0027430367676097136,-3.11729860417514
2246,-17.445993518011086,6,0.03790064078811608,0.0003098604727277397,-2.3515358319621695
2247,-37.81375788511626,8,0.09872105259972269,-0.1150154630574922,-2.617192034074491
2248,-35.083304561178394,24,0.036699683977411635,-0.001956343585478808,-1.8876913307367322
2249,-38.08183059899625,8,0.09960871059270285,-0.40255920788063515,-2.590075881690996
2250,-60.40002344058105,12,0.1602649782800706,0.877337232554279,-3.033426351806408
2251,-13.507034911621218,4,0.03148024805172582,-0.0030398603684472425,-3.0549104407460534
2252,-36.11226341468878,24,0.040106832498969014,-0.00024288553491678855,-2.6158088022653345
2253,-10.67046913539813,0,0.03533267925628517,-0.0004175635546581536,-2.8644633606161047
2254,-9.163737605802774,0,0.030343502005969417,-0.003400016239372434,-2.9527128292338625
2255,-7.9820290185067675,0,0.026430559663929726,-0.0004634376092573369,-2.81787247663427
2256,-13.856649611778069,6,0.03193760004787827,-0.005247486194186821,-2.547008351682557
2257,-20.369017360880182,2,0.06082456079761656,0.3864523081670959,-2.0966509537578024
2258,-14.277778502576199,2,0.040654895703894585,-0.06924520987980315,-2.073605173743773
2259,-32.462553097358764,20,0.04126673211045938,-0.009243150761764225,-2.5372598140331646
2260,-21.68374144594155,12,0.03206536902629643,-0.007334073793392825,-2.96996737523758
2261,-11.8708880651759,2,0.03268505981846325,4.627616083039748e-05,-2.874712956855683
2262,-16.768784096033368,0,0.05552577515242827,0.1733209963594964,-1.9618083596238804
2263,-8.563424473908675,0,0.028355710178505637,-0.006590374270361534,-2.803051089092593
2264,-14.945780551637906,8,0.03946466222521571,0.14647515443502926,-2.37418122445974
2265,-34.772442608873305,10,0.08202795565852102,-0.5189588032601578,-2.5308571073829715
2266,-13.065418401187497,2,0.0366404582820778,-0.0017053987759177802,-3.129186587048237
2267,-10.436096404648366,2,0.02793409405512709,-0.0014869422016554321,-2.561799477915039
2268,-12.12692038163844,4,0.040232279117022075,-0.0036870710997229054,-2.8546120649862963
2269,-11.574885616203552,2,0.03170491925895206,-0.0021194281273934717,-2.7029330479051294
2270,-16.090280653245035,6,0.03552915722973607,0.00031828313006717767,-2.72000122332952
2271,-22.625261589298756,2,0.06829556817648594,-0.3784894097018956,-2.5068376853683922
2272,-9.75108691645902,2,0.025665850716751818,0.0022572200421539955,-2.762022095153244
2273,-7.770281457793753,0,0.025729408800641587,-0.0011762763683480636,-2.6042661003970435
2274,-11.7087504406731,4,0.02552566371083803,-0.0004267039073520149,-3.0663909724051215
2275,-28.21875327881413,16,0.04045944794309286,0.038230108923204734,-2.3140993697514807
2276,-22.99200694318468,8,0.05552595164142475,0.24379683637939809,-1.7793495441655869
2277,-11.305851253369639,2,0.030814076997912693,-0.006475147420836502,-3.3213708645764526
2278,-14.434559276946453,6,0.027929004228299425,-0.002785891851056398,-3.26253009578535
2279,-13.413054867321707,4,0.0333796271890841,-0.0006005610695194638,-3.0528818300580696
2280,-17.752014557239605,8,0.032291438931257126,0.00016571762948451157,-2.913876349467473
2281,-16.76267085555329,8,0.029015466409116952,-0.0029070917350418916,-2.943745633036432
2282,-12.460385956403874,0,0.04125955614703272,0.0018451376711727668,-3.0940994620534426
2283,-45.839281308266564,0,0.15178569969624728,-1.175732753257304,-2.9571202405021815
2284,-28.273415945698584,14,0.04726296670761113,0.001467012684323535,-2.7487187840952694
2285,-25.77683419581566,4,0.07210872250270094,-0.3913405598847455,-2.3867335871195063
2286,-12.499650057629783,2,0.03749875020582056,-0.0011783797968278771,-2.522803693824847
2287,-15.08248423144226,4,0.03669696765378234,-0.005687180098257218,-3.2729531513934105
2288,-18.657704409787012,6,0.05103913068462509,-0.19320354516985977,-2.318126390603251
2289,-29.86148321004895,8,0.07238901725181747,0.413239259100735,-2.624537018744047
2290,-16.025790396721565,4,0.03982049800238927,-0.0005129217769987635,-2.996188741498614
2291,-23.069732126206695,10,0.043277258696048516,0.0006274912603483196,-3.0041813432214326
2292,-17.8587365347776,0,0.0591348891880054,-0.2231651388770216,-2.8002975665343945
2293,-39.5177977690628,2,0.12423111844060554,0.6809919954064789,-2.742392548056942
2294,-45.355870421899766,4,0.13693996828443653,0.4121251745691859,-2.4763074586882614
2295,-6.061408872109156,0,0.026820393239421078,-0.001296773308319394,-2.6627781746466024
2296,-9.856116291854887,0,0.03263614666177116,-0.0066003676120728405,-3.0176273532447695
2297,-13.059254836320257,4,0.039733573843509964,-0.004357744774192963,-2.652137729279358
2298,-9.23339788160721,0,0.03912456729494577,8.692387609853078e-05,-2.602125431072279
2299,-9.196215127470095,0,0.030451043468444107,-0.001339588426277103,-2.854182374446355
2300,-57.39387598652373,8,0.16355588075007865,-0.2449187735387044,-2.237089285247559
2301,-10.729832273976552,0,0.03552924594031971,0.022147435246464113,-2.993369402057752
2302,-15.718930912324653,6,0.032181890438161005,-0.0031963704565107446,-3.1701875865714246
2303,-16.67542810490281,4,0.04197161624139993,0.12130007164256758,-2.750206595863938
2304,-8.768812170812769,0,0.02903580189010858,0.001946622840844292,-2.821191569988921
2305,-35.15867912869243,26,0.031581652167905004,-0.0028298912276032155,-1.9476188352777912
2306,-7.99221405463077,0,0.026464284949108564,-0.00023230163084454094,-2.769874598861902
2307,-8.69791874160256,0,0.02880105543577004,-0.001980844334643704,-2.502235971514786
2308,-10.0230736468983,2,0.028450615769142835,0.00017445069378165939,-2.7062021951214246
2309,-28.348530588518727,6,0.07400175691562506,0.26367792084779196,-2.685700674953297
2310,-23.164082509476746,10,0.04358967718369784,-0.0013673459541666266,-2.8914138424358273
2311,-15.546297518395292,6,0.031610256683427936,-0.003863977159478313,-2.9849608377076615
2312,-11.643412670152408,2,0.03193183003361724,-0.0019669766061390375,-2.916924239759737
2313,-16.58566551983209,8,0.03179876118456323,-0.0002616844103775091,-2.669573903127608
2314,-10.49297695254695,2,0.033175691220886434,-0.004275638352919486,-2.7851949409974623
2315,-11.754310608193439,4,0.02567652519269338,0.0004967782288691066,-2.4332176249939947
2316,-9.971195622022954,0,0.03346038799336565,-0.0019713639930959465,-3.094968419765347
2317,-19.201254693229366,8,0.03709024732857397,-0.004416510896350177,-2.701354132651271
2318,-41.40687028482734,10,0.1039962592212827,0.005180565692678662,-2.5386122571101293
2319,-9.588348650467792,2,0.02810499500173251,-0.001307151473161799,-2.909947319425022
2320,-26.006003211681698,2,0.07949007685987317,0.05859980649925423,-2.8261027601920685
2321,-12.603339444773844,4,0.02848787895620474,-0.002031208974091854,-3.0113370968173845
2322,-10.36143827475899,2,0.027686881704499892,-0.00611810855758654,-3.0724306814039486
2323,-7.7984663893479205,0,0.025822736388569283,-0.005490082212020674,-2.45298729257524
2324,-17.644044686465584,8,0.03214681562155195,-0.007264374107083616,-2.4611723341401666
2325,-16.585015879410456,6,0.035049721455001376,-0.0034282956288553875,-2.778290674743699
2326,-16.35413149761343,4,0.040907720190772795,-0.005538973304295036,-3.4354661721002624
2327,-16.27767516020605,8,0.027409520398033328,-0.0024058508144734763,-2.482923885738317
2328,-15.211404752718792,6,0.03050134024079074,0.0003799129920450366,-2.84319576035633
2329,-13.721546778220482,6,0.02777534812309523,-0.0014066932858604428,-3.0430233842581043
2330,-24.241597950222094,4,0.06702515877556961,0.2429331899410891,-3.1148653069524164
2331,-38.12181810046483,14,0.0996769342994416,-0.4084520430169415,-2.779316076517205
2332,-18.527024323896548,6,0.0414802129930348,-0.0020632121296420645,-2.4523084528894366
2333,-35.241878852806686,6,0.1606696640264106,1.258984032826841,-2.552273709006137
2334,-21.587136912576664,4,0.0582355526906513,0.34757558435004277,-2.81546764036915
2335,-26.811846403351606,16,0.05631170001745599,0.00035007309100668256,-2.3857096234460187
2336,-10.073085839174212,2,0.026732072315146384,-0.0021936288038314944,-2.768493354320218
2337,-15.196855998988767,8,0.028787423995955026,-0.0007269262736663223,-2.458494838183187
2338,-14.90367386808006,8,0.03486703973777805,0.002225389222924908,-2.714167328483914
2339,-20.146891191908722,8,0.0402214940129426,-0.00031200234650245664,-2.6770717053045057
2340,-29.511524058354492,14,0.05136266244488234,0.05843638259029349,-2.9845911671490786
2341,-11.237674729142755,0,0.03721084347398267,-0.003810625559564014,-3.054007122225193
2342,-20.168555215789148,4,0.0535382623039375,0.07744571096749532,-3.010552852750647
2343,-12.643000299834808,2,0.03595608209403651,-0.002871199560546744,-3.250290960121296
2344,-9.98695167813683,2,0.026446859861380168,-0.006297927880305056,-2.513118523389212
2345,-18.390345411051392,6,0.04102763381142868,-0.0034622310585225163,-3.636884990810079
2346,-13.0995378234633,4,0.03013091994524277,-0.004474822713049832,-2.4242554787867117
2347,-30.18508456304778,8,0.07346054491075428,0.3892164167765349,-2.5212903747356665
2348,-12.387946706886478,2,0.039348282980630506,-0.0062655206587144425,-2.5178431070372675
2349,-27.904160194792702,4,0.07915284832712809,-0.24774398773581727,-3.06926656256288
2350,-31.56641389802421,16,0.051544416880874945,-0.2129910377040043,-2.8291235745173653
2351,-14.074432643211388,4,0.033359048487454954,0.02005287599217899,-2.7474510215159618
2352,-15.92881149923039,2,0.04612189238155742,0.07940298084077882,-2.781126133611099
2353,-8.316080576372565,0,0.02753669065024029,-0.003790659555048984,-2.8420696451665797
2354,-25.569811358506584,4,0.0714232164188959,-0.14756716957172403,-2.742574908206296
2355,-15.093596153992435,6,0.03011124554302125,-0.0030215958913553825,-2.4829381912358457
2356,-13.905022610044805,4,0.03279808811273119,-0.004257464858962359,-2.796696580491886
2357,-7.534153841596537,0,0.024947529276809773,-0.0019433603749228086,-2.843802533381455
2358,-43.816146989263316,8,0.11859651320948134,-0.17020415418799842,-2.372185053607443
2359,-13.357953379465636,4,0.030986600594257202,-0.002002546571916746,-3.4933552420452942
2360,-31.48108389876674,8,0.0777519334396252,-0.14319234847774212,-2.5073150817154897
2361,-8.63996664076203,0,0.02860916106212594,-0.0029673776893093195,-3.067537740343764
2362,-14.053754348567857,2,0.03991309386943018,-0.0037254114331529533,-2.399458553679041
2363,-10.362769968274392,0,0.034313807841968136,-0.006038280878684773,-3.0964238775628834
2364,-16.549486800463672,8,0.028309558941932725,-0.008972688530423734,-2.690455706010955
2365,-55.547520489674895,12,0.14419708771415526,0.10362321439851384,-2.714458851587927
2366,-29.462980026329785,18,0.04659747978182838,-0.000912164637584209,-2.836722249704379
2367,-43.45375786886171,4,0.13064158234722417,-0.7684921586662469,-2.365996763043858
2368,-24.587999311276228,0,0.08141721626250414,0.4287871920972421,-2.737561737277101
2369,-12.560292491686539,2,0.03496785593273674,-0.008485100916216754,-2.9424671092499293
2370,-26.094765774230467,14,0.04228939081898766,-0.10942919254530925,-2.5423686269607226
2371,-11.747893672892166,0,0.03890031017513963,-0.006911552429125206,-2.7931268135798843
2372,-18.99684453634032,8,0.03641339250443797,-0.0017782526386790718,-3.10601057828256
2373,-54.366187373343024,20,0.12016149431238893,0.36748439485200685,-2.599937364974196
2374,-12.452697714586254,2,0.03461158183637824,-0.00528715074521841,-3.1376862699887176
2375,-11.416326747520392,2,0.0362166413366169,-0.003775623241448417,-2.6544501475130136
2376,-14.739643834675498,4,0.03556173455190566,-0.0027520418916489706,-3.194861930487708
2377,-8.38985628481628,0,0.02778098107555055,2.907826703979282e-05,-2.7268470090805454
2378,-14.423885264045719,6,0.02789365981472089,-0.0024573973072415205,-2.9434281007428376
2379,-31.334208431356497,6,0.08388810738859799,0.61252661849332,-2.2892541588714272
2380,-25.12639342242237,16,0.036215846914374454,-0.006927372778337153,-2.3559356833202023
2381,-23.984534998132908,12,0.039683890722294377,0.005875657980765111,-2.045616967404656
2382,-41.051225896761444,30,0.03659346323430942,-0.005338517045108787,-2.3730053348627114
2383,-7.764893773906001,0,0.025711568787768216,-0.001859852285525262,-2.5307591227870834
2384,-19.804362790143003,8,0.039087294007095895,-0.00154550743963113,-3.0092128873716373
2385,-20.50808930613284,6,0.051447125199052715,-0.06357807505154216,-2.847761422827599
2386,-14.003934240355736,6,0.026503093511111665,-0.002064717003292349,-2.8386447262475327
2387,-8.645290901132775,0,0.028626791063353543,0.000416411575475794,-3.1140046219448623
2388,-20.786237495713642,8,0.051144949982854605,-0.0023306957253720613,-2.855213115437329
2389,-19.570356792845644,8,0.03831243971140925,-0.002326800692857348,-3.117381458793187
2390,-21.86289542873295,6,0.052526143803751424,-0.18973408618568757,-2.58855856915237
2391,-5.960474410516578,0,0.03348581129503691,-0.0010337852579907754,-2.847300157535578
2392,-8.802525918921301,0,0.029147436817620203,-0.000509036140052281,-3.0791719333695045
2393,-14.607882939458138,4,0.03512544019688123,-0.0010106158738844837,-2.6744979280588335
2394,-9.927401289159182,0,0.032872189699202636,-0.001504547440675118,-3.300630308210731
2395,-16.626987451145006,6,0.0371572987802272,0.08381796310870693,-2.635665388591547
2396,-9.675733831222066,0,0.03268828997034483,-0.0006668971368501819,-2.455853862336772
2397,-9.740225711140972,0,0.032252403017023076,-0.00032848390048625725,-3.0770242609737273
2398,-6.9113378474767115,0,0.02720999152549887,-0.0008701414971678393,-2.238267238647219
2399,-22.020405414327765,6,0.0640816216573109,0.22960153450386134,-2.611413744589727
2400,-11.500920185108777,4,0.02953118183113686,0.003936946489499867,-2.645199199828345
2401,-27.18545888319868,2,0.08339555921588969,-0.2419717742077735,-2.8314303927178286
2402,-17.915654715012376,4,0.04607832687090191,-0.0033575861117284473,-2.734635349764006
2403,-9.606887073932684,2,0.026597507251512796,-0.00048470344370836715,-2.7630883607667402
2404,-13.903767033391034,6,0.027254369080658786,-0.004887055956619563,-1.9582823257560937
2405,-30.486817805934752,6,0.0810821781653469,-0.07303802912549072,-2.6914561981435505
2406,-41.13189991475263,16,0.08321821163825398,-0.3516415588983677,-2.904021339096354
2407,-9.802219716076236,0,0.03245768117906044,-0.00866606610006844,-2.5169717794722133
2408,-16.532440930711076,8,0.028253115664606174,-0.0033263296073931733,-2.5862966081912497
2409,-16.329900963913968,8,0.028332996475897813,-0.0049622997730260805,-2.0818986849879946
2410,-36.14656965503471,6,0.09982307832792937,-0.1357484930562278,-3.5821368723935048
2411,-9.281924632082267,0,0.03073484977510684,-0.0067453836695297266,-3.061609795950438
2412,-14.932507583189395,6,0.044220334570244504,-0.007284781929234614,-2.2948167406239244
2413,-14.631570829693684,4,0.039086657462109216,0.000701026659568443,-2.6420945896684906
2414,-53.57423988569669,24,0.09792794664137972,-0.3487761418833181,-2.7234284087590757
2415,-11.054244318168188,2,0.04572850665741506,-0.00300973817009968,-2.4113254586624504
2416,-15.120328296084638,6,0.0301997625698166,-0.005718268959594903,-2.6757076459604945
2417,-21.40168146325719,12,0.03644062582657839,-0.0008028382854175198,-2.6217420463963856
2418,-16.705686741276544,6,0.03544929384528652,0.00045209923274938435,-3.067389425542649
2419,-25.881308752748364,8,0.07641584937071942,0.40123631961068584,-2.8356756009785338
2420,-30.186457286584215,4,0.08671012346551064,-0.5240639406412112,-2.8063562636210087
2421,-7.541996145440877,0,0.030167984581763473,-0.005848526686057448,-2.8504808623910414
2422,-11.59576914998792,2,0.031774070033072595,0.0016735657289799993,-2.7915994082181252
2423,-23.857901545481393,14,0.03264205809762049,-0.001271047912282092,-2.2748076261004235
2424,-8.977240685328704,2,0.02956457917512153,-0.0034721593357725225,-3.0610175702805726
2425,-7.085941300125421,0,0.023463381788494796,-0.0013181779757203743,-2.8556688684542255
2426,-7.443775268811599,0,0.024648262479508635,-0.007901723434206481,-3.454717829867709
2427,-6.568174228007566,0,0.027597370705914014,-0.004110107471297707,-3.1422858359675634
2428,-31.450018576193678,20,0.03791396879534313,-0.004086236295981074,-2.4585877954974134
2429,-12.61403744150692,4,0.028523302786446717,-0.0003269703965479915,-3.238986821167257
2430,-7.691178406893551,2,0.03197291239827838,-0.007345491545693425,-2.136491977459335
2431,-24.294448359090957,12,0.040710093904274935,-0.0024323985764651947,-2.797913812557297
2432,-5.9875535934743604,0,0.029065794143079443,-0.0017230150678638116,-2.914922907042489
2433,-22.226090100400466,6,0.05372877516688893,-0.09942887565105635,-2.7397469947833124
2434,-22.19859392672818,10,0.040392695121616334,-0.0037835674058177217,-2.124714780918443
2435,-19.706715775888934,10,0.03214144296651961,-0.0030353449670511563,-2.956330852547442
2436,-13.723850393679816,6,0.029480345014045266,0.00011612288796037208,-2.7998036965644273
2437,-9.000114868496167,0,0.029801704862570114,-0.002845712762020701,-3.7000464923619694
2438,-13.119294644040801,4,0.030196339880929842,-0.002798103019271342,-2.350194856912107
2439,-20.224345494425766,6,0.056001360214274855,-0.20341465933061403,-2.1647656691630046
2440,-8.186141690024877,0,0.027106429437168462,-0.0020990556580884174,-2.8588655944148833
2441,-7.250832518068967,0,0.029962117843260215,-0.005223308246551959,-2.5536540314609044
2442,-9.859154948265086,2,0.03169014092042365,-0.006678376221304549,-2.799190402259363
2443,-13.373861402411505,4,0.031039276166925388,-0.003410837806249346,-2.637841124242507
2444,-24.620080969928775,4,0.06827841380771135,0.045996870050000166,-3.098563707892518
2445,-13.527513423747232,4,0.03154805769452728,-0.006870502420926208,-2.678846019314716
2446,-30.835855076279504,20,0.03588031482211748,-0.0015329788842960107,-2.2711373998956224
2447,-11.668652090429523,2,0.032015404272945566,-0.0023024860160449977,-2.853245720724014
2448,-31.734919092748225,24,0.03453088880691209,-0.0029270844297051165,-1.8156696212303358
2449,-8.686319865573793,0,0.028762648561502673,-0.0023675721718479465,-2.6086769476963134
2450,-17.230616294522896,4,0.04380998773020825,-0.10483742677375353,-2.6575465667664595
2451,-13.068031749111388,0,0.04327162830831583,-0.013190308995837877,-2.9679573374917183
2452,-8.1807130397171,0,0.02763754405309828,-0.00521894834410223,-2.9091218331253716
2453,-12.657119411122515,4,0.03206340522637976,-0.003402078769825123,-2.7209332601201757
2454,-9.946063122599192,0,0.03293398384966632,-0.00021687923392453633,-2.880890553872123
2455,-9.161631463414912,0,0.030336528024552736,-0.0048282794848651875,-2.638493123993629
2456,-13.132922436708897,4,0.03024146502221501,-0.0014082274572393358,-2.585018885310601
2457,-9.511941635023653,0,0.03170647211674542,0.0007921683173626661,-3.060398596652939
2458,-17.37373428077582,8,0.03103885523435687,-0.00528540379731663,-2.672651973959145
2459,-10.845557049961826,2,0.033505897916522163,-0.0009223591775287676,-3.1458108036551327
2460,-11.221866408417938,0,0.03715849804111895,0.0032721845775423265,-2.839384360514606
2461,-19.659609674450124,6,0.07343876169059227,-0.006639651261940999,-2.761164039693853
2462,-8.547715331651485,0,0.030097589195955985,-0.0010472826018575316,-2.570187978806674
2463,-36.22009719013781,12,0.0801989973183368,0.09687208719304856,-3.0779017369689603
2464,-33.43215203545262,18,0.06484097493887676,-0.1922986408613403,-2.678760519806108
2465,-27.123826555077525,6,0.06994644554661425,0.3849936456674523,-2.7906169642806327
2466,-17.017023114378272,8,0.04253312789801087,-0.0004919875316532716,-2.3737698909844425
2467,-10.877559718738178,4,0.02645215276437765,-0.0034919173360909695,-2.157380154392897
2468,-35.99626624933704,4,0.10594790148787067,0.14988973332994573,-2.4618632696245224
2469,-14.712075497294288,0,0.04871548177912009,0.18394807877330516,-2.5630900705082973
2470,-14.139811806739216,2,0.0401980523401962,-0.005725022704288092,-3.2345041560033794
2471,-31.275930225235374,10,0.07045010008356088,-0.38250565095542505,-2.00653947188337
2472,-26.003943635267355,12,0.048964837885550005,-0.002780444953115201,-2.7200118160951505
2473,-15.06056385948695,0,0.049869416753268045,-0.1699345087217759,-3.0113494832680057
2474,-16.609265145056046,6,0.035130017036609354,-0.002743877473885551,-3.0311565399566773
2475,-11.746851556538964,4,0.02766732698763914,-0.0011172938182218266,-2.508183220324759
2476,-13.404710527497857,4,0.031141425587741203,-0.005348325748958729,-3.0403909992098206
2477,-17.567934050398193,8,0.03168190082913307,-0.001986822225338477,-2.785193976358702
2478,-15.723303836469212,4,0.03881888687572589,0.024079712988525036,-2.452524977837942
2479,-15.18809542812674,4,0.03704667360306863,-0.0035747808723445265,-3.14928737942824
2480,-10.810224312614627,2,0.029172928187465638,-0.004045275027327091,-2.7511270853108534
2481,-7.3947569317270885,0,0.029113216266642098,0.0036036617016258436,-2.9240918221751477
2482,-8.584546826782823,0,0.028425651744314006,-0.0030608175765716823,-3.123372942937803
2483,-17.47589208557513,8,0.031377126111175865,-0.0005966423629838603,-2.5950207251235105
2484,-45.55812875188828,6,0.1309871812976431,-0.11250550557307233,-3.028026678068224
2485,-14.956334523527142,2,0.04290176994545408,0.07901044300925418,-2.1730297008760595
2486,-16.97797763537106,10,0.03143233169086074,-0.004321364962772743,-2.3291347767946915
2487,-12.45102078681744,2,0.03460602909542206,-0.005322795079108204,-3.4937021310298375
2488,-16.855718194730102,8,0.029323570181225483,-0.0061995848974780434,-2.0415066412013427
2489,-36.92300375440017,12,0.08837944593758923,0.32068077978275134,-2.9701863255896703
2490,-9.523297182974867,0,0.031534096632367094,-0.00264033473957182,-3.0453387449451164
2491,-12.703684067591764,2,0.03544266247546942,-0.001180424851046209,-2.9249313699375277
2492,-15.923128070869778,6,0.03285803996976742,-0.003997865310617236,-3.017289119359223
2493,-9.726587997815589,0,0.032207245025879475,-0.006356003227033067,-2.9946359297183545
2494,-37.634657336279915,26,0.04544788021984279,-0.002895387666467286,-2.5569852568049782
2495,-15.354834698922591,6,0.034141732477819715,-0.008106020252036788,-2.8520378515683453
2496,-50.26295521334821,6,0.14656607686539108,-0.11255130469945525,-2.367080114535052
2497,-7.689512289809204,0,0.025461961224533827,-0.004375641488906502,-2.5719453981177827
2498,-11.90674265772438,2,0.03416118157836011,-0.0031812382227709066,-2.723102173353425
2499,-21.230453869717905,12,0.030564416787145346,-0.0021744649427085623,-2.3961640538693163
2500,-15.585748225613075,8,0.02788878024122448,-0.005489991063950583,-2.4970159963655854
2501,-7.675461506549561,0,0.025415435452150862,0.0006558151542523642,-2.707111822441837
2502,-24.11774361783944,14,0.0335024623107266,-0.0014481831417536204,-2.470582756722833
2503,-11.501048161986164,2,0.03167016053995396,-0.005317999449713776,-2.383798636589277
2504,-11.76002283313709,4,0.032066210054285525,-0.004690873575750892,-2.983731843684095
2505,-10.107149248380944,0,0.03346738161715543,-0.007362526048141353,-2.9251336789190376
2506,-21.050619238944492,8,0.04321397098988252,0.10520474562600304,-2.751571569942618
2507,-26.441445646465294,14,0.041196839888958114,-0.0017030047206516494,-3.13929548658191
2508,-27.121109612788494,16,0.036824866267511545,-0.0040135909974365344,-2.7704258690280947
2509,-8.921233625123001,0,0.029540508692460294,-0.0022960049559713792,-3.1159289633158274
2510,-21.02955261256262,10,0.036521697392591444,-0.004298332966987463,-3.3032946801664993
2511,-8.381287209936634,0,0.028900990379091857,-0.0008635871941705459,-2.7145493519309394
2512,-8.183584303287763,0,0.027097961269164816,-0.009184022753947377,-3.058564717458894
2513,-28.000929674036367,8,0.06622824395376271,-0.12160376889587979,-2.676171500976768
2514,-32.80403886408836,14,0.06226502935128616,0.010801765161399909,-2.4633576348855697
2515,-13.397402353598059,4,0.0311172263364175,-0.014362928030907565,-2.700947836607954
2516,-12.706342997927724,4,0.028828950324264045,-0.002519297888517898,-3.003021388110109
2517,-22.16348787770783,10,0.04788774755003095,0.003281225122724051,-3.0522883919762505
2518,-14.398683057096056,4,0.03443272535462262,-0.0023176460743524036,-2.553656497436602
2519,-8.61834380730819,0,0.028537562275854925,-0.0013951540085030659,-2.741237200444544
2520,-7.206101355303995,0,0.02386126276590724,0.002233519973171665,-2.5103501228122225
2521,-9.468696201805463,2,0.024730782125183648,0.0014447609123015245,-2.890443996148375
2522,-12.944386434583855,2,0.03623969018074124,0.0025919490232477766,-3.1073156713392427
2523,-14.785134962425284,6,0.02908985086895797,-0.008645407582281639,-2.882585579018204
2524,-40.24102414409685,4,0.12000339120561886,0.5431775902552123,-3.4507251960366707
2525,-21.407372091473754,6,0.05101778838236339,0.2012140959735639,-2.6848587626367744
2526,-14.929256008313972,6,0.029567072875211833,-0.004329008706043542,-3.2243497972185446
2527,-10.84080789840665,2,0.02927419833909484,-0.0024068457897851205,-2.821592048367652
2528,-10.506646261934106,2,0.028167702854086506,-0.008393116853475904,-3.16339788414578
2529,-11.782743306303018,4,0.025770673199678747,0.0015757874049098287,-2.495101658715049
2530,-30.163789330104294,8,0.073390030894385,0.04064315112449525,-2.731888014335179
2531,-12.757027742718137,4,0.028996780605027,0.00016467949369342516,-2.5058674875119493
2532,-11.573910341361794,2,0.03170168987205889,0.003075412039749867,-2.6003402301169305
2533,-50.075599211755694,8,0.1393231761978664,0.27202148353295486,-3.262652126604163
2534,-13.517729379092875,4,0.031515660195671716,-0.0012402249939989496,-3.0028516449305016
2535,-35.98083050837676,8,0.09265175665025431,0.4187780033174859,-2.997938283379465
2536,-19.28583533666977,10,0.03074779912804544,-0.00023264303111119678,-2.5536927661944846
2537,-12.710482146358268,2,0.035465172670060496,-0.007363468785739399,-2.8236631700276806
2538,-19.60298893165049,8,0.03842049315116063,-0.005088238283029653,-2.605007851364572
2539,-18.185215755655207,6,0.04034839654190478,-0.004200937453540202,-2.7176913582636986
2540,-10.810614082162667,0,0.035796735371399505,-0.002110109659787252,-3.0948761619201903
2541,-9.878834165282822,2,0.027548371207282676,0.0007963201533384308,-2.379582593874577
2542,-35.63237592322583,12,0.07825290040803183,0.3619922394213954,-2.8662263258711884
2543,-24.832328768102794,16,0.029246121748684836,-0.0037112753613179686,-2.790983617881356
2544,-13.190282462865346,4,0.03282243736737623,-0.012001443769716258,-2.396477775435113
2545,-21.71635343824966,12,0.03217335575579372,-0.0032561743127749554,-2.7646134273343743
2546,-13.176951222983941,4,0.03038725570524485,-0.0008821569062424022,-3.4540745344702986
2547,-11.169484816559411,2,0.03036253250516356,0.00017786167040837324,-2.4287933564501265
2548,-14.713604899759817,0,0.04872054602569471,-0.10025492720984366,-2.7741331457654987
2549,-18.213752213257063,8,0.03382037156707637,-0.007901753622973769,-2.538770670567127
2550,-9.821308355790316,0,0.03252088859533207,-0.0017531586826365713,-2.7880347089194353
2551,-26.953873068925347,16,0.03627110287723609,-0.004878449928792601,-2.5468184392538467
2552,-10.912976624604463,2,0.029513167631140553,-0.0025745217231971933,-2.7949483725670587
2553,-7.783032850565826,0,0.025771631955516006,-0.002931786639097807,-3.147412852127111
2554,-20.117748318226816,4,0.05337002754379722,0.16228860108295937,-2.9441474752514676
2555,-10.547889070079645,2,0.028304268443972356,-0.0008898753201009225,-2.8027192469320834
2556,-11.938833798404664,2,0.032910045690081706,-0.0013915669640976417,-3.233006722881576
2557,-13.017147635841646,2,0.0364806213107339,-0.005173588391479771,-2.996161333577004
2558,-10.638922706739418,0,0.03522822088324311,-0.0010763700448773764,-2.7116667632989597
2559,-18.611886326915048,6,0.04176121300303005,-0.004604870605202305,-3.1293924815349112
2560,-13.631883068956938,4,0.031893652546214915,0.0014932978872074097,-2.81596975114269
2561,-22.642960228794244,12,0.03747521207321931,-0.0022691744631385875,-2.862410691268246
2562,-25.463520875808417,2,0.07769377773446484,0.16991515125931297,-2.8928466135316793
2563,-11.111181683989399,0,0.03679199233109071,0.08408229219610032,-2.8232944159538773
2564,-12.747439136465474,4,0.03058545152610308,-0.001915880796252066,-2.7921333746821375
2565,-9.283117317405996,0,0.03073879906425829,-0.001480637907685823,-2.9169781982636587
2566,-14.608394197760598,4,0.0449508228718669,0.0006276313853805285,-2.444838569990667
2567,-43.042518856741374,0,0.14252489687662678,0.04098557046478127,-3.1181688561702505
2568,-20.265241413007534,8,0.04061338216227656,-0.0003279713950804527,-2.5706066046142952
2569,-13.63609810177939,4,0.03734921744875726,-0.00028050841814152494,-2.1967579644015003
2570,-19.96371802103047,0,0.06610502655970338,0.2938757978111239,-2.478488051372238
2571,-5.900729187851246,0,0.026342541017193112,0.0018942158699376576,-2.8544017877371517
2572,-18.86950758017836,10,0.029369230397941464,0.0014084397593130734,-3.271555189899514
2573,-9.262912031069906,0,0.03067189414261554,-0.001524302324847571,-2.5070837303627567
2574,-11.379335077039736,0,0.037679917473641654,0.0005068335062299935,-2.8039514001169
2575,-57.65880112692268,24,0.111452983863983,0.2440726035236788,-2.1782452153148353
2576,-7.933394149957614,0,0.0262695170528397,0.00044186184836539214,-3.036460839074555
2577,-33.21723153673198,6,0.09012328323421175,0.6569239425790552,-2.7180430255796075
2578,-28.821662389903373,2,0.10477211871055989,-0.4539827386118304,-2.469072442836932
2579,-13.23325685851937,6,0.03200556132088221,-0.0024445234424953833,-2.8299962591316006
2580,-17.391018139832152,4,0.0443411196683184,-0.1564095333905502,-2.9051753822149746
2581,-21.41061080108487,8,0.050039592541361706,-0.004040748563094704,-2.6977391297160995
2582,-11.557637375364473,2,0.031647805878690434,-0.004313613301827664,-3.066498620382688
2583,-17.15318876306771,6,0.036931088619429515,-0.0016378784802008346,-2.1429833162594463
2584,-10.975361352673522,2,0.02971973957838908,-0.003870469826853384,-2.9575105883669885
2585,-11.460973054329404,0,0.0379502419017531,0.0004045869791201803,-2.2060560991216622
2586,-15.128058782558734,6,0.036222455486344105,-0.0019180331711790392,-2.77621204394788
2587,-16.367070455810726,8,0.03515575821769223,-0.00460353750919438,-2.485927095782391
2588,-8.479584064126,0,0.02807809292756949,-0.003649301016518217,-2.8874622612694334
2589,-26.974890476892654,8,0.06454044379895464,-0.00040438812096178734,-2.3420200150315478
2590,-11.96114478100208,2,0.03298392311590096,-0.004975518830573889,-3.03056842009004
2591,-16.603856679684572,4,0.04173462476716744,0.08417665903959176,-2.656420993046382
2592,-16.070679915170363,8,0.027829930741966873,-0.003824875085847452,-2.449701989542749
2593,-46.42261883745058,12,0.11398218158096207,0.5408332726259759,-2.483354753580728
2594,-7.414075903259775,0,0.02454992020946949,-0.0003316465175451575,-3.113070257345603
2595,-11.65529020540723,2,0.03197115962055374,-0.006306271589305622,-2.7784632658641417
2596,-12.252576805889484,2,0.03943298771495959,-0.004470076861862953,-2.568798890112935
2597,-12.39979611459129,4,0.02781389441917645,-0.0015592759361009528,-3.029576628333627
2598,-30.284354804921033,2,0.09365680398980455,0.8114556118745522,-2.7361731431661034
2599,-18.554475191965224,4,0.05430774325360168,0.0853498465020154,-2.9152454994878654
2600,-31.36281234029638,6,0.08398282231886223,0.02038558029087063,-3.2219854328113713
2601,-13.196172046900656,4,0.0319311529406273,-0.003973828699963633,-3.311401863508581
2602,-11.458199961041384,2,0.031318542917355564,-0.006991928570290152,-2.235567831971015
2603,-8.178500287261592,2,0.024134766747115566,-0.0014331780781958515,-2.5254300146458264
2604,-7.398982951577024,0,0.028678228494484634,0.00046721519812104083,-2.5838314983029957
2605,-10.192599463769307,0,0.03375032935022952,-0.054637436395347586,-2.6993773696441354
2606,-11.022352404630402,0,0.036497855644471514,0.0008334335914214715,-2.3932141401602993
2607,-33.15858243873896,22,0.03694894847264551,0.0017048268716177897,-2.3822044613903746
2608,-20.476071161405944,10,0.03468897735564876,-0.0024381251452916257,-3.4848894925387146
2609,-29.951856199385297,18,0.0395756827794214,0.0006788896216736453,-2.55874410428335
2610,-34.678042824842706,18,0.058725502904375934,-0.0014755849677718467,-2.0910300660702976
2611,-28.69995742201594,20,0.039545261009163446,0.0020277111092582346,-2.3979310854636555
2612,-9.710639327897507,2,0.03323551434438576,-0.004556252045059127,-2.6161019809355412
2613,-39.59407334751806,18,0.07150355413085419,-0.04073175286607422,-2.0894882589844226
2614,-19.043134682070004,4,0.0632064482439916,-0.25875188924485676,-2.8051974633362287
2615,-23.202088027052067,12,0.03709300671209301,-0.0056884319250108,-2.6461465484694737
2616,-23.41210385524808,12,0.03778842336174855,-0.022342901896309133,-2.4149292711175465
2617,-25.874803543592765,16,0.03452728511745693,-0.0023175442451285524,-2.83416864817288
2618,-13.935924400052238,0,0.04614544503328552,-0.005614627139266605,-2.461007431656776
2619,-33.91923205164625,22,0.039467655800152955,-0.00381539743713609,-2.434813363360787
2620,-17.913445925289704,6,0.057832261773251036,-0.0059459246550370186,-3.314269461412462
2621,-9.863076721959594,0,0.0368025250819387,-0.0037568251953335173,-2.832773427193665
2622,-12.285629291632171,4,0.027435858581563555,-0.007160100021202191,-2.9664803688102928
2623,-21.02902961943734,12,0.031134584894611603,-0.0026450015159709185,-2.4578736297346264
2624,-14.865551599564206,4,0.03597864768067626,-0.002950172594575742,-2.2969029968131074
2625,-12.153877279285235,4,0.026999593640017295,-0.0032380329340153577,-2.6619551544516735
2626,-8.667138502073483,0,0.028699134112826156,-0.0013056188789412181,-3.2172381265755026
2627,-48.82816415574747,0,0.16168266276737583,-0.2292010814693158,-2.861880632477276
2628,-8.433138008026651,0,0.0279242980398233,0.00022368737298298307,-1.9962365709747873
2629,-16.690431523777868,4,0.04202129643635054,0.00020407111220530525,-2.57609563727527
2630,-41.01939986345467,6,0.11595827769355849,-0.38200781368673625,-2.31826609260509
2631,-11.875571321105436,2,0.03270056728842848,-0.0026849579137737637,-3.491603660192695
2632,-11.366970263222886,2,0.03101645782524132,-0.0025030799779812776,-2.768090756311076
2633,-14.734288756803107,4,0.03554400250597056,-0.00681063864748834,-2.698212418834901
2634,-17.268629247618847,8,0.030690825323241196,-0.0032740019877065,-2.305453526599191
2635,-16.823800677266576,8,0.03501508205264524,-0.0011166858006387004,-2.5310432213589564
2636,-42.27750064826096,18,0.0803890749942416,0.36575836260010497,-2.492507388580757
2637,-14.82129073597382,6,0.029209571973423422,-0.004469116200039176,-2.658516370150837
2638,-12.38008476529225,4,0.027748625050636522,-0.003002329719320729,-2.904209278754902
2639,-8.447977944409567,0,0.027973436902018433,-0.0047280348645406005,-2.6209750408384584
2640,-26.50358897972367,14,0.041402612515641535,-0.0018332818754338072,-2.71316689867534
2641,-9.721819152009486,0,0.03219145414572677,-0.0002852207213171468,-2.863289338821508
2642,-47.835008506762804,0,0.1583940679031882,0.5795984335432588,-2.4263543756406167
2643,-10.573792874711307,0,0.03501255918778576,-0.005622392855677137,-2.6508872897263975
2644,-17.323800853241565,4,0.04411854587166093,0.09124840085875761,-2.7221768013747494
2645,-8.117929141545964,0,0.02688056007134422,-0.0036403135260850783,-2.4383361805507926
2646,-14.441080628699709,6,0.027950598108277266,-0.0053551198683743865,-2.549678139146479
2647,-17.98872579507472,2,0.06395490318029903,-0.2295881540086586,-2.6004208490224556
2648,-19.23109709208464,6,0.04381157977511481,-0.0005417937867725824,-2.6583668388044677
2649,-17.593010312009415,8,0.03176493480797825,-0.010913586608035528,-3.1095761523682652
2650,-19.587310608633242,6,0.044991094730573736,0.03399014444867556,-2.816971167530988
2651,-3.458196574951444,0,0.025427915992290034,-0.005724567727884278,-2.443134193872923
2652,-17.741843487699807,8,0.032257759893045766,-0.0009473546608567041,-2.160775105999736
2653,-11.971429133807618,4,0.03266979153199852,-0.004751306448177602,-2.945787915154446
2654,-23.204916189802184,16,0.033985453725482326,-0.0008678394330243739,-2.191018143483385
2655,-21.534267895882458,8,0.04481545660888232,-0.0005389410246854389,-2.8682855546300026
2656,-11.679561417984495,2,0.03205152787412088,-0.005660065994690487,-2.464251703686167
2657,-9.352745564795816,0,0.030969356174820613,-0.0011370430310373965,-3.0888736064026183
2658,-22.945783948472712,14,0.035783135793890836,0.0045464089673012496,-2.246302379867807
2659,-27.231194484572747,20,0.033790628432583035,-0.006747764342891,-2.6991774415053325
2660,-12.582842717089619,4,0.030009939570243574,0.0006333887557925695,-2.7918496320675406
2661,-11.084974107921122,2,0.03008269572159309,-0.012868342291647013,-2.7225464476689556
2662,-12.733034692056975,4,0.0289173334174071,-0.003677606830120531,-2.811006509457616
2663,-31.40546216214405,20,0.045989766782839,-0.0019432426987013088,-3.2608986930250876
2664,-43.389215548727506,2,0.13705038261168037,0.17112509107898724,-2.7169042254132
2665,-7.185799931635378,0,0.029693388147253617,-0.005044289373153867,-2.1771897583881445
2666,-16.598404245713493,4,0.05726547384415243,-0.15807020470690492,-2.424127239679325
2667,-7.559633480693337,0,0.02680721092444441,-0.00032076062997869146,-3.1698231105009054
2668,-34.15369956644424,6,0.09322417074981532,-0.12999060745327887,-2.848898267074309
2669,-8.284354255524404,0,0.027431636607696718,-0.0020562103987264366,-2.723695660481655
2670,-7.864949724190692,0,0.026392448738894937,-0.005626419719836781,-2.7772589526125135
2671,-16.13500681195467,8,0.03361573062791194,-0.002401616925773911,-2.5810742399464783
2672,-4.864317525345347,0,0.024080779828442356,-0.0048376571179579685,-2.6892883212748213
2673,-12.108839059183284,6,0.027517293059384253,-0.003682019531743618,-2.3298784720742085
2674,-14.50243598190737,4,0.03477627808578599,-0.0009191972094076062,-2.3405036199630533
2675,-33.56743163327792,10,0.07803785309032403,0.3388066889116824,-2.8734961058774853
2676,-22.892654779937942,10,0.047750573259029434,-0.007586761422765751,-2.8569341649539353
2677,-11.754009561770976,2,0.03229804490652644,-0.0006472790158902671,-3.076411367448306
2678,-37.69928546519581,6,0.10496452140793298,0.591026414742243,-2.2636942095351436
2679,-8.119732413459005,0,0.02688653117039404,-0.006387309133173861,-2.9412654450946545
2680,-8.355700028145773,0,0.027667880887899884,-0.0018603602480158727,-2.893094090090152
2681,-10.334661309669485,2,0.02759821625718366,-0.006881175181883949,-2.41402063550958
2682,-28.307482694058418,8,0.06724332017900159,-0.1948049044970497,-3.0494118972759137
2683,-18.88660416868611,8,0.03728289098865091,-0.0016723328529959162,-2.497133628224989
2684,-18.083154476534393,10,0.026765412173954922,-0.0026237768627586,-2.580043898606118
2685,-12.941212589040859,4,0.029606664202121973,-0.002599128009288862,-2.5200199062654605
2686,-13.092060385895893,4,0.030106160218198362,-0.0040055589952401275,-2.8058603002571436
2687,-21.86163210994978,14,0.026031894403807203,-0.0044802153298773165,-2.482865814461885
2688,-8.694016569427115,0,0.028788134335851433,0.001474028215234766,-2.3789245449267145
2689,-43.95399597942949,4,0.13229799993188562,-1.061332042964325,-2.7319544830852935
2690,-8.33963069194106,0,0.027614671165367793,-0.006094941295618238,-2.842851422086284
2691,-36.779886125441685,24,0.056052132129129864,-0.16846817972734898,-2.139436780513885
2692,-25.704274409103288,14,0.038755875526831775,0.002616687357234491,-2.300701230856943
2693,-15.276799075005592,6,0.03313142526787692,-0.004147083880379796,-2.8443470039906344
2694,-18.85927976336936,10,0.029335363454865353,-0.004118208386950713,-2.6591613155709832
2695,-21.793893422137142,8,0.04567514378191101,-0.1612576156353504,-2.841987938599103
2696,-20.373959721099897,10,0.04847644729485963,0.0015242923142510319,-3.1748999229542014
2697,-12.283938300118846,4,0.027430259271916748,-2.7816716445893643e-06,-2.357091938195417
2698,-8.606854792508312,0,0.028499519180491064,-0.0032842743239020126,-2.7268690428255584
2699,-32.49561991443826,6,0.08773384077628536,0.5185036157852267,-2.076901248804816
2700,-18.13997850118561,8,0.03357608775227024,-0.007131602599698778,-2.8772523872908558
2701,-53.54347918353819,2,0.17067377213092055,1.4426363739081727,-2.8039990972644273
2702,-11.974898863493973,4,0.029319481115786677,-0.0018312196605085559,-2.6429500169909956
2703,-10.150124905263292,0,0.033609685116765826,-0.005601962451169279,-3.3927896414438976
2704,-18.66406707416164,8,0.03531148037801857,-0.0058198200175631175,-2.610138975026854
2705,-11.130485310008977,2,0.030233395066254904,-0.00015424944372502286,-3.106865406137566
2706,-54.54678756074271,0,0.18061850185676437,0.5802444318950867,-2.7466351691340884
2707,-9.066347446159588,0,0.030021018033640982,-0.007444110013843693,-3.229230994111334
2708,-16.97644088174797,8,0.032760733145065585,-0.0064397461811780765,-2.7128981640862375
2709,-10.56996174177386,0,0.03829696283251389,-0.0019979554382017883,-3.065334867179363
2710,-13.332281812173552,2,0.03752411196083966,-0.004696383953575563,-3.221416543347804
2711,-32.12773394516996,6,0.08651567531513225,-0.43040979873683516,-2.6478933335236805
2712,-11.365761326369517,0,0.03763497127936921,-0.018209024535535235,-2.7385744168412325
2713,-9.983339740601133,2,0.026434899803314933,-0.004929533498654672,-2.3469980135725024
2714,-7.550453484344474,0,0.02500150160378963,-0.0010392704696413006,-2.3527405266156607
2715,-9.803919490693001,4,0.03454713982555348,-0.006898081226418504,-2.6726921708234364
2716,-16.963366005763117,2,0.04954756955550705,-0.10665841570697626,-2.3099587126881724
2717,-12.959142624024233,2,0.03628855173517953,-0.0040365536285514965,-2.5435376298003245
2718,-10.549741945683282,0,0.0349329203499446,0.06617651679398899,-2.54600007176447
2719,-12.035304921547372,4,0.02660696993889849,-0.0011846283402923027,-2.3758860705836695
2720,-15.014066004708774,6,0.0388537327789172,-0.002778228754498835,-2.21865367072249
2721,-15.997241826326844,6,0.03310344975604918,-0.0076305428165202305,-3.146444279085521
2722,-14.140976803466375,6,0.03876655620698279,-0.007989871296699026,-1.9792908975266896
2723,-9.371496703342173,0,0.03103144603755689,0.0032133172193714817,-3.2785509803412567
2724,-19.75341660766114,4,0.052163631151195836,0.10210371797130326,-2.4193675778864803
2725,-23.806373218356313,2,0.0865332270569694,-0.4366060878257341,-2.2469575116900535
2726,-10.159034909252785,2,0.027196783030842556,-0.00855054214441528,-2.727093521965978
2727,-25.087040975917493,16,0.04020814591113923,-0.00036624676333657936,-2.682363260143789
2728,-7.601361479279665,0,0.02754116477999879,-0.004146591224707663,-2.202753207842023
2729,-18.0237634859066,8,0.034564701675539836,0.0035983662727963306,-2.7780276382900775
2730,-22.325195298580667,12,0.03418938840589624,-0.007809123757683875,-2.870898916519136
2731,-17.860073623775374,4,0.0458942835224349,0.11828858902684061,-2.8522529349481958
2732,-12.166310191229016,2,0.03366327877890397,-0.0003439911961900872,-2.9697848301866436
2733,-19.14239543509224,6,0.04351786567911333,-0.00026303111060540997,-3.087931824366667
2734,-19.6738252364861,12,0.03425814837717037,-0.004812421642506186,-2.6595334492788036
2735,-22.557531563997447,10,0.04158123034436239,-7.248788421344481e-05,-2.806556013010023
2736,-17.51769196890256,10,0.03546081117406869,0.0020798353285019127,-2.169860892426464
2737,-18.475694458633242,8,0.04515385542514323,-0.004058309797004893,-3.275471039492926
2738,-13.13891352946393,4,0.030261303077695194,-0.003159492465610375,-3.1036172680212926
2739,-22.446508507357834,12,0.03627259898388162,-0.000993068708258862,-2.4404674187456195
2740,-18.182622796103587,8,0.03371729402683307,-0.010136581072583795,-2.776580168458225
2741,-29.508348380442516,8,0.07121969662398189,-0.006687504836413639,-2.958956417421323
2742,-38.89384626290513,6,0.1089200207380965,0.24822575603106786,-2.4624397548415353
2743,-11.49853271542617,4,0.02818997261438423,-0.0058692581604998136,-2.899242505688952
2744,-13.636112633863968,4,0.03190765772802638,-0.006709147843305601,-3.1140167249249453
2745,-15.088776508792455,6,0.030095286452955197,-0.005378850478916398,-3.2045305865129072
2746,-17.245671688578923,8,0.030614806915824373,-0.000784212647511667,-2.962887273305435
2747,-22.794091047889125,6,0.05560957300625516,-0.20992907323506013,-2.893456396395618
2748,-24.667126220767315,12,0.04194412655883195,-0.0018970964947524203,-2.5493744661816145
2749,-14.019029638657164,6,0.031570982829359,-0.009268908959256089,-2.064098674012348
2750,-9.041950022090669,0,0.02994023186122739,-0.005914355130073621,-3.210249574065736
2751,-48.13693091611954,0,0.15939381098052835,-0.44136560202101305,-2.7831127730292646
2752,-26.187248636028617,2,0.08009022727161791,-0.21591469198465346,-3.0193560198493707
2753,-18.459229272318204,8,0.0346332095109873,0.0019151717282535619,-2.7273818592775294
2754,-39.95968171838263,18,0.07271417787543936,-0.2933605881551256,-2.7315113785072223
2755,-24.324883337772143,10,0.047433388535669425,0.040519551763585494,-3.03176610467829
2756,-14.98741243648617,4,0.036382160385715935,0.0011503468915998985,-2.9303146568310656
2757,-9.089221103409255,2,0.029786643291635623,-0.0007044101668083493,-2.35913593049167
2758,-9.299262536564976,0,0.030792260054850994,-0.005503957256033326,-2.7724379007577156
2759,-16.814669674468615,6,0.03581016448499548,0.0016000711707558656,-3.1406000114870967
2760,-8.213231266175471,0,0.027196130020448614,-0.0025867921651020302,-2.618935592130015
2761,-14.855536184061181,4,0.0359454840531827,-0.0034627311858764867,-2.5031865412567895
2762,-21.20237363222646,2,0.06358401864975656,-0.20265458952026466,-2.8651422536670963
2763,-73.80746528875866,24,0.1649253817508574,0.7379945609020069,-3.12858577936345
2764,-14.539309521045226,6,0.0282758593412093,0.00018303121662920722,-2.8920293709680873
2765,-14.750880406117648,4,0.035598941742111485,-0.001437008475911008,-2.6251159483099675
2766,-8.151296215767312,0,0.02699104707207718,-0.00867537364883299,-2.283570267651184
2767,-11.918436181489765,2,0.03673494882033249,-0.10996757495113545,-2.456447160464358
2768,-34.3113250592502,22,0.04076597701738505,-0.006274330675708352,-2.842096294944224
2769,-8.937653138068885,0,0.029594877940625455,0.000564318518956124,-3.138157131217593
2770,-11.893233205456163,4,0.026136533792901196,-0.002411582556226297,-2.439081421989442
2771,-29.881560446655538,4,0.08570053128031618,-0.6368343942246665,-2.853745937553182
2772,-7.464023244783599,0,0.024715308757561595,-0.002337942167573812,-2.7295798773649116
2773,-11.479837475424452,2,0.03139019031597507,0.02759156974444215,-2.7163133899403724
2774,-18.134993593490144,8,0.033559581435397785,-0.0011340340170762594,-2.454082937305947
2775,-10.576986478928587,2,0.02840061747989597,-0.006196889937978657,-2.510825843518925
2776,-13.994753759578074,6,0.02647269456813931,-0.0016879254430517037,-2.608992119308982
2777,-15.554858871727406,2,0.044883638648104095,0.004199002670364714,-2.7421108808632884
2778,-75.48895546446492,16,0.19698329623995092,1.3129945406488248,-2.4558221683051094
2779,-7.698746179609997,0,0.025492537018576095,-0.006731172680657431,-3.1848130844342246
2780,-22.46061145269345,6,0.05450533593607119,-0.21983616371447876,-2.532260980722741
2781,-14.160526748470568,6,0.02702161174990253,-0.005266792067813854,-2.435388467988209
2782,-11.634315230093138,2,0.03190170605991102,0.00043440751811575813,-2.6156612930045346
2783,-23.131467104675565,6,0.056726712267137304,0.10156333295255282,-2.0270301849160743
2784,-7.536538156574178,0,0.027109849484079736,-0.00291202478429048,-2.634786398035119
2785,-9.493925111271228,0,0.03143683811679217,-0.0014619219121492363,-2.9960756806823245
2786,-44.43298233551282,10,0.11401649779971104,0.055068646978574574,-2.4138380578571828
2787,-21.056803162077905,4,0.06270883515469822,-0.003860187734586789,-2.574981950072962
2788,-8.017879511784615,0,0.02654926990657158,-0.0060066045473163195,-2.9887517249020856
2789,-12.636314203565044,0,0.041842100011804856,-0.004502831109558904,-2.947603087815524
2790,-11.503835923050726,2,0.031469655374340134,-0.003092253432356265,-2.6011736547676167
2791,-17.09621881461208,6,0.03674244640600028,-0.00036275178958840716,-2.4968009281696886
2792,-24.050082317712047,14,0.033278418270569876,-0.00634554272474388,-2.2161836182618426
2793,-19.19600860136921,6,0.043695392719765525,-0.007246343276173567,-2.7147961536632073
2794,-13.307795403341004,4,0.03082051458059923,-0.00497597100849985,-2.649354007688277
2795,-11.732700062117953,2,0.032227483649397266,-0.0037459349763943562,-2.055867127668489
2796,-10.24651844008193,2,0.0273063524506024,-0.002606891225237054,-3.076988398078114
2797,-8.736140688607207,0,0.02892761817419604,0.0003530893366111578,-2.4046063317861006
2798,-13.931428865004719,6,0.027539683559044223,-0.004646106631197553,-3.343421391335687
2799,-15.90154255961524,2,0.046031597879520644,0.008265526626422532,-3.134201643207139
2800,-17.147686930900225,8,0.039092679191881405,0.0011609334813064743,-2.94151578564953
2801,-25.731651065070565,14,0.03884652670553152,0.04084542924684738,-2.5978484476983374
2802,-15.851165730181913,6,0.03261975407345,-0.0003900634626000626,-3.270422800625426
2803,-13.616324319176426,4,0.03205441439725476,-0.005546935214816282,-3.127238565317743
2804,-10.250624563086228,0,0.03394246544068295,0.0003128740547952668,-2.6421631494661892
2805,-31.684047284369043,16,0.05808906401618174,-0.10591391960848813,-2.7092622634926724
2806,-23.231772954128104,2,0.07030388395406659,0.23316759372103824,-2.6059324161596717
2807,-16.822062368115176,4,0.04245716015932178,0.0001425525734805508,-3.1704949216235625
2808,-13.261085709076593,4,0.031077468822404714,0.000841893592729052,-3.1957838451066336
2809,-15.403749710055434,0,0.051005793741905454,-0.026013572738869794,-2.9202967345092787
2810,-11.888779443805634,2,0.03274430279405845,-0.002404494217553774,-2.669854119605969
2811,-60.965709965496224,38,0.0760453972367423,-0.1778805072692266,-2.2760366107796672
2812,-8.730818911201354,0,0.02890999639470653,-0.00720097901459956,-2.778903161049844
2813,-11.752922293742051,2,0.03229444468126512,0.0008229658628246494,-3.0869982145722057
2814,-48.00496100868698,14,0.11259920863803652,0.31099490500178606,-2.90082396988777
2815,-11.195639483916048,0,0.03707165392025176,-0.0050446478551290684,-3.303585622406608
2816,-9.598778512140647,2,0.02516151825212127,-0.005427737365205409,-3.3843698719022597
2817,-22.61492370928901,14,0.031672513637092115,0.0005496365714754896,-2.865553821942526
2818,-18.277431043200323,6,0.04065374517616006,-0.0033931455320512123,-3.120511952010662
2819,-13.697159103111323,4,0.0321097983546734,-0.0033120412718726706,-2.562047465141502
2820,-7.96912928134009,0,0.026387845302450613,-0.0013816287104250085,-3.6482974836240456
2821,-18.563417126704024,6,0.058163968179185295,-0.13791918991331908,-2.908096285857297
2822,-11.746724532998766,4,0.03074097036904292,-0.0009830351154844735,-2.5035082078327715
2823,-17.064979477615488,10,0.02696557052525006,0.0005310558140782625,-2.8928247803336724
2824,-11.083751204505994,0,0.03670116292882785,-0.006292261458032869,-3.1244225725984904
2825,-14.1782706204007,4,0.03370288284900881,-0.0005407620404865469,-2.691273579966055
2826,-34.142910150215855,22,0.05059545895923247,-0.002065773830593874,-2.271050019367928
2827,-44.997360706288056,14,0.10264026723936437,0.48428117149410804,-2.5740042570638892
2828,-9.25066290708991,0,0.03212035731628448,-0.006658804037498259,-2.7992669579827534
2829,-7.382034662113799,0,0.0244438233844828,-0.0024695061646025653,-2.7152646067997885
2830,-21.967795486100314,12,0.03300594531821265,-0.007153396692978132,-3.1431921674875736
2831,-7.675382282647267,0,0.025415173121348535,-0.0027094974165584964,-2.8848486317384108
2832,-13.542547057093612,4,0.031597837937396074,-0.003782802904703167,-2.857268111462264
2833,-29.716517056332613,8,0.07190899687527352,0.4548715449391636,-2.767773954564434
2834,-23.05473650703319,10,0.04629339186891243,-0.0013834293242312755,-2.7764292798433554
2835,-17.81818362118333,8,0.03251054179199771,-0.004054129499609009,-2.6166950292288194
2836,-21.49599369072571,12,0.031443687717634825,-0.0011173805652112262,-3.21008016449131
2837,-23.397188819826127,14,0.031116519270947517,-0.003017765383963899,-2.723247530075586
2838,-12.477923662886736,0,0.0413176280228038,-0.003787316212319578,-2.803485477758442
2839,-10.94643522564221,0,0.036246474257093424,-0.004087850457020351,-2.7129705575413134
2840,-10.79667693468227,2,0.029128069320140018,-0.0014941297567122622,-3.165352757557778
2841,-31.326662994483346,6,0.08386312249828928,0.41435291164482185,-2.2451874498060493
2842,-10.795384182190654,2,0.030969662613347392,-0.004443742109308492,-2.5420474342319745
2843,-20.66255323219485,6,0.04855150076885707,-0.21358131092636914,-2.974299166676816
2844,-13.360431136036798,4,0.03099480508621466,-0.008776918808707585,-3.0316084325719093
2845,-8.480982920596686,0,0.028082724902637975,-0.0009355720835321564,-2.867952775458546
2846,-14.266886344302998,6,0.02910875473346126,0.0005462871520111049,-2.002093659954565
2847,-16.168753326018976,8,0.030942247447041507,-0.007737632307125199,-2.8798932115986564
2848,-42.57764819018831,0,0.14098559003373623,0.7028298091124866,-2.770168091020769
2849,-14.657056241244053,2,0.041910782255775006,0.0017693770326603056,-2.7068914483330637
2850,-10.227647266367642,0,0.03386638167671396,0.0020152352719462864,-2.4106242591501306
2851,-12.951715923261048,2,0.036263960010798284,-0.0017971392523571355,-2.64995677349397
2852,-18.37523306200968,10,0.027732559807978875,-0.0036733839896797445,-2.809877409763821
2853,-10.646994387810361,2,0.03633190919248045,-0.00243817278048994,-2.6649857948455926
2854,-11.63156187847805,4,0.025270072445291523,-0.0030692862476290063,-2.76829352963439
2855,-13.65293371133462,4,0.03239239500447863,-0.0004944997855255868,-2.4181064729442063
2856,-9.40088353884216,2,0.030582163383645184,-0.000373760021045373,-2.9679486128588186
2857,-26.5108542986136,6,0.10572605308563708,-0.6779645476982324,-3.294824827616535
2858,-20.72049617075638,12,0.028875815134954706,-0.001444200626404845,-2.705153184722406
2859,-21.05835049647445,10,0.03686116832158144,0.0001864467606258889,-2.493585846381262
2860,-30.098337306395262,8,0.07317330233905703,0.35247688035122954,-2.3583393351523365
2861,-11.260458645949086,0,0.037286286907116065,-0.029731807071678586,-2.251094812412965
2862,-17.696746404777368,8,0.0321084318038985,-0.005197996058152828,-2.845377790310038
2863,-13.05210912057434,4,0.02997387126017999,-0.004749688253096546,-2.54384948697268
2864,-8.76835390194705,0,0.02903428444353334,-0.005151332936724587,-2.646358634744221
2865,-29.27879224858608,2,0.09032712665094712,0.6478129678197662,-2.7614217493390134
2866,-7.390507602347343,2,0.027502589807894693,-0.0024440898336660194,-2.620138305112154
2867,-14.688368907019264,6,0.028769433466951235,-0.0016835785182852095,-2.8409504759264186
2868,-18.540740392973362,8,0.03490311388401781,-0.0021563366031588753,-2.49594538310444
2869,-10.00224581001179,2,0.026497502682158176,0.00013206878041737522,-2.8066934751800514
2870,-18.126209822988965,4,0.04677552921519531,0.15567731056925194,-2.2711806024707095
2871,-14.786669317698173,4,0.0494801344848536,-0.0026493823405679896,-2.4255311792605307
2872,-19.017392532933382,8,0.036971115882326815,-0.004454026343738472,-2.5004505106254213
2873,-39.345828057389625,4,0.11703916575294573,0.567767137614856,-2.5738165471464565
2874,-11.008478856389738,0,0.0366949295212992,-0.0037179795984799663,-3.3522155749506006
2875,-32.97433494775694,2,0.10256402300581774,-0.301535476595225,-2.9545053416877733
2876,-7.561655089900126,0,0.025038593012914324,-0.0030132710779492825,-2.964857931645581
2877,-9.268371685230408,0,0.030689972467650366,0.002447984132002916,-3.141283629135466
2878,-13.353889968444978,4,0.030973145590877577,-0.0036842116587625707,-2.4701103843912016
2879,-8.74187109312769,0,0.03078123624340739,-0.004954780807921951,-2.4580338342058714
2880,-17.911515326708145,8,0.032819587174530464,-0.004996884903648486,-2.768816669494999
2881,-33.03520773494373,8,0.08289803885742948,0.2514428394152752,-2.69748386241363
2882,-18.217020930851096,6,0.04045371169155987,0.0030913879032499645,-2.5769299403190713
2883,-18.312811756774902,10,0.031487923321117064,0.00840239229309549,-2.4302137927300382
2884,-8.189176825069834,0,0.02711647955321134,-0.001973324886134622,-2.8288032273327106
2885,-20.838073476367743,12,0.030061474409414254,-0.00035988412065697566,-2.434788627074129
2886,-14.303362130364194,4,0.03411709314690128,-0.002393634972279731,-2.677361505423034
2887,-8.939173303365132,2,0.024961055048076098,-0.005336325431892501,-2.255529796724164
2888,-14.959409175670443,2,0.05837571700752461,-0.16647019058797374,-2.359206089214212
2889,-8.08766555206081,0,0.026780349510135092,0.0005358774475568277,-3.1822814498957173
2890,-10.394705141629064,2,0.027797036892811496,0.0006913615361361807,-2.4005175638065013
2891,-26.65717099368141,10,0.07436237050750605,-0.17859079152959956,-3.3362396296555223
2892,-15.889977215335668,0,0.05261581859382655,0.06863919093477114,-2.978770214713962
2893,-15.376206184383657,4,0.03766955690193262,-0.0023814671117787724,-2.5842538738182466
2894,-20.895026390773367,4,0.0559437959959382,-0.24401376264583047,-2.5220928233146163
2895,-39.32667048814147,16,0.07724063075543565,-0.0747016271872335,-2.332501474080071
2896,-11.64988212133623,2,0.031953252057404666,-0.00010959559485674003,-3.0515791951029545
2897,-24.615294477758717,8,0.05501753138330704,0.08599115323864343,-2.4743318842834983
2898,-14.339790075728619,4,0.0342377154825451,-0.0031493966032855756,-2.6011587080118224
2899,-13.238523366238878,4,0.030591136974300867,-0.00104003202120792,-2.651828070144425
2900,-16.29771121308107,8,0.030283617565989306,-0.0009406214092185137,-2.271332929300715
2901,-14.67037763394164,4,0.03730901270608946,-0.005585273453058883,-2.502553582019775
2902,-17.045408757719677,8,0.029951684628210837,-0.0021828853515969797,-2.541525062259413
2903,-20.290407935583673,4,0.06265541513686006,-0.1286153298102391,-2.468873144180263
2904,-14.360068520084306,4,0.03430486264928578,-0.002641594542085582,-2.328645232945082
2905,-14.1738475742683,4,0.03368823700088835,-0.003339954039825139,-2.9623998555179574
2906,-10.191402988217735,2,0.0271238509543634,-0.008772931664731871,-3.3152885231015192
2907,-18.049363451530464,8,0.03327603791897516,-6.627683035893649e-05,-3.0428124763102953
2908,-13.902588990073472,6,0.03212434548810336,-0.0006339515078570543,-2.664675256125137
2909,-17.754145859804797,8,0.032298496224519004,0.0004457914199532065,-2.728299550364906
2910,-14.465160637020295,4,0.03465284979145786,-0.0018507107541840893,-2.998530470528979
2911,-11.989512574356446,4,0.02645533965018679,-0.002961065881617293,-2.6822338457211594
2912,-13.529107291087735,4,0.03155333540095287,-0.002020804505619461,-2.757570781973684
2913,-15.318119528783845,6,0.03148013354318853,-0.001783001743810805,-2.2564752738578897
2914,-11.591587754867973,6,0.032135561809585884,-0.005383001189496925,-3.3266418454491524
2915,-27.53873099943639,2,0.08456533443521973,-0.43441289149190837,-2.4253374936111545
2916,-22.247286354462624,6,0.05379896143861798,-0.006393419044394515,-3.123736497924959
2917,-9.152908798909532,0,0.03092198918550514,0.0011084251489641296,-2.7861405954581397
2918,-29.400226798354907,8,0.07086167814024792,-0.3152118129059765,-2.4458481641119985
2919,-14.198545346465512,4,0.03377001770352823,-0.001623002986696592,-2.8928987008710285
2920,-26.281903599709146,12,0.04729107152221575,-0.17694443838974608,-2.7036731243889087
2921,-23.079303364358847,14,0.033627049497624815,-0.0014142872744533062,-2.0230802619718533
2922,-17.08296048142744,8,0.03753289455135299,-0.0008921720136595844,-3.5930611103932826
2923,-18.43243738130374,10,0.03011584779037048,0.0033585971321943883,-3.058133850607576
2924,-25.291994033195266,14,0.0373907087191897,-0.004399023630613128,-3.387967063113276
2925,-12.169878932134838,2,0.03367509580177089,0.002089880018137297,-2.7796846101291797
2926,-16.442228308888833,4,0.041199431486386724,0.0004801724776810664,-3.1428105396570927
2927,-8.47484164138504,0,0.02843906591068806,-0.006015574043435388,-3.32745464785859
2928,-39.97015135210726,4,0.11910646143081859,0.8185851891567107,-2.1450026082809375
2929,-22.168616235037643,10,0.040293431241846575,-0.000999759893790381,-2.0488989278432044
2930,-39.395249446894745,12,0.09071274651289657,-0.2778579822254201,-2.672462961901772
2931,-16.160564239976704,4,0.04026676900654534,0.0009407917313610777,-3.1652834365266953
2932,-14.72388588658705,6,0.028887039359559753,-0.0006024562985025691,-2.7784587543178656
2933,-25.097803958689546,16,0.030125178671157566,-0.0012761803215141378,-2.220086459984497
2934,-8.163988605433499,0,0.027033074852428722,-0.003906560767849056,-3.010904368526142
2935,-9.726433816288106,2,0.025584217934728766,0.001495439835071613,-2.6630513944980745
2936,-31.325118596000472,14,0.06513202479699429,0.13749224428836732,-2.4599104627155257
2937,-9.141804452382418,0,0.03027087567014047,0.0006355913842423813,-2.6795851753150255
2938,-14.869638586832739,4,0.035992180751102,0.001654121782383974,-2.580655201910363
2939,-18.71269841715142,8,0.03547251131507071,-0.0032053242643388445,-3.3857041288491043
2940,-8.197552784517956,0,0.0271442145182713,-0.010226574834337495,-2.4135525956549464
2941,-20.679490766383434,12,0.029724283446518663,-0.0028138002205308375,-2.541578601245459
2942,-15.368309676310814,6,0.03102089296791657,-0.0016946412543519492,-2.3799803381133517
2943,-10.82384142090166,2,0.029218017950005518,-0.003451876025585248,-3.5146496430134233
2944,-23.104905531373934,10,0.04339372692507923,-0.0038471446401865178,-2.863382435333838
2945,-11.027398621869715,2,0.02989204841678718,-0.0018956210740243657,-2.97228343543282
2946,-14.636132663662385,0,0.048464015442590644,0.02258784566914959,-3.090914522990621
2947,-8.62936427341874,0,0.030819158119352628,-0.0013606364083742456,-2.493389297782643
2948,-9.843858958292529,0,0.03259555946454484,-0.0394341763738074,-2.9332583085178947
2949,-36.59102089128118,10,0.11461646935897092,-0.8753650083208601,-2.380135655341718
2950,-10.296391565807708,2,0.027471495251018926,-0.0018015072662506673,-2.5804383392320847
2951,-8.87985229327867,0,0.029403484414830008,-0.003969158139079809,-2.8565827465165925
2952,-18.17273757477053,8,0.03368456150586264,-0.0015866639176599483,-2.8536801430556133
2953,-14.382644235910691,6,0.028707685739420043,-0.0014503316493698537,-3.0377629664579042
2954,-17.489022396091016,8,0.03142060396056644,-0.0036732093801117496,-2.432835382848881
2955,-13.593528587801122,4,0.039642680114880764,0.0012489604895976796,-1.9393383247789364
2956,-19.79422622059776,10,0.03243121265098605,-0.0015273185289582077,-2.6821029745334903
2957,-11.134688463701446,6,0.0264674663077396,-0.006021901189269182,-2.9999465728829104
2958,-14.313358693196022,6,0.04156679346598011,-0.007751350250095129,-2.4375923384579363
2959,-16.30629300842477,6,0.03412679804114175,-0.00545688211510809,-3.308031763377852
2960,-36.20417366077458,20,0.053656204174749644,-0.0008256722051983342,-2.566359128993751
2961,-18.089939980597688,8,0.03341039728674739,-0.007912296308543756,-2.79170509604795
2962,-10.876517480699654,0,0.03601495854536308,-0.10333811538910728,-2.43796445596331
2963,-50.54335792688005,2,0.160739595784371,-0.8376239262149663,-2.6344199947673603
2964,-31.870679809054096,10,0.07241946956640449,0.06335065164611002,-3.399833967401384
2965,-23.77273149680843,14,0.034411026397212455,-0.0024700152076138054,-2.7515638462748235
2966,-7.566575375276795,0,0.025054885348598684,-0.006264350645703615,-2.819690473543076
2967,-11.945727302404823,4,0.026310355305976228,-0.0030547836759984986,-3.0860937554197267
2968,-37.11033298773069,8,0.10250117249200971,0.6535813978491154,-2.600094903418368
2969,-17.60493417820052,6,0.038426934364902424,-0.001154893059715234,-3.419815989013835
2970,-13.262870973202482,4,0.030671758189412077,-0.004664780935025866,-2.1723912772051803
2971,-7.188870159437859,0,0.027863837827278522,-0.0009997714779253096,-2.7266710155159815
2972,-15.620108710125036,6,0.031854664603062986,-0.0026136312999189,-2.7612138899596754
2973,-9.846294221956951,2,0.025981106695221707,-0.0048022966298416556,-3.1028673868009586
2974,-8.745469098997427,0,0.028958506950322635,-0.0014394002605001412,-2.4095473322884753
2975,-20.96168786395407,6,0.055006205382184,-0.124579103890916,-2.066199039261825
2976,-8.915405260354202,0,0.029521209471371514,-0.0015957503100018332,-2.4409368245689342
2977,-10.909345747434575,2,0.029501144859054917,-0.0016301505421041603,-3.1588164281393
2978,-9.8552465012582,2,0.026010750004166278,0.003748227134408639,-2.6570919844095244
2979,-63.207771082460845,8,0.18280718901477108,0.1756079955074307,-3.3839825281318254
2980,-12.169765035464792,2,0.03367471866047953,-0.0035222770072618464,-2.7563958343345862
2981,-14.991709546660614,4,0.03639638922735296,-0.0005195872830026567,-2.8903160335480647
2982,-13.430880146980062,4,0.031228079956887696,0.00020612776183079163,-2.9302266867035716
2983,-16.55460495007981,8,0.02832650645721791,-0.005470237752772707,-2.207508771308152
2984,-9.28597849220707,2,0.02891261306431377,-0.00431026656934548,-2.1276734124055934
2985,-10.408878900683737,0,0.03446648642610507,-0.0899928366886421,-2.6706047955201555
2986,-31.22252107027502,6,0.08351828168965224,-0.006485607520529124,-2.6435838504894082
2987,-21.12223703040593,10,0.04181292116693967,0.002553424472164335,-2.4900081689494025
2988,-10.038338487971428,2,0.02661701486083254,-0.00533142690068814,-2.7224889399343484
2989,-30.577142685386267,12,0.0615137175012787,0.2354752384722863,-3.235912090865741
2990,-9.594757878026796,0,0.03177072145041989,-0.005924057005750423,-2.8071372617164663
2991,-14.358372452398553,2,0.04092176308741247,-0.002044563302893611,-2.9486860761054468
2992,-22.531807119141906,4,0.061363599732257926,0.3097956844756614,-2.3493986301725447
2993,-23.476357288421077,4,0.0644912492994073,0.31811631791577333,-3.088699972175412
2994,-14.283327676967017,6,0.028761554433913247,-0.0023323606295485256,-2.9893327657611937
2995,-43.01938260097092,10,0.10933570397672476,-0.25815150857693364,-2.411468044492348
2996,-10.191888174615615,0,0.03374797408813117,-0.0012661940894638565,-3.211937902510877
2997,-14.429328244983202,2,0.04115671604299072,0.04875881852665361,-2.1950255047661
2998,-10.992924725343974,2,0.036261793247354734,-0.0058632267171501995,-2.1818005067410864
2999,-14.061127133271121,4,0.033314990507520466,0.000822438970701584,-2.7705222255664235
3000,-9.012081887437045,0,0.029841330753102836,-0.001852070761224662,-2.788160973315787
3001,-13.93923397503463,6,0.02628885422196894,0.0024185629288622774,-2.463160575987133
3002,-25.026023562910787,0,0.08286762769175732,0.15520504466820792,-2.4866286202493457
3003,-9.626874311207049,2,0.02845848623584721,0.0009703010744623729,-2.7047083591540177
3004,-29.222541654189254,14,0.051427505588477126,0.15196314347102433,-1.8782253316839579
3005,-13.812822682949411,4,0.0324927903408921,-0.00022899288690297415,-2.3130848102815857
3006,-19.614078902552844,8,0.038457214909115224,0.0013279221366030095,-3.1706320455223813
3007,-13.598435001216789,4,0.03199478333738937,-0.003024086170985053,-2.8398709735153242
3008,-9.157449914778867,0,0.030322681837016148,0.0006087057065798451,-2.477977731283708
3009,-28.118466379904824,8,0.06661743834405562,0.1730292801742152,-2.8289872622613514
3010,-10.347824901005511,2,0.027641804307965236,-0.003787716710169041,-2.5109537637323203
3011,-9.957671641031428,2,0.026349906096130495,-0.0007953159427825387,-2.700317220822507
3012,-15.133354009818985,6,0.030242894072248443,-0.002789467578100053,-3.4476382865047968
3013,-8.461867275615704,0,0.03496639370089131,-0.004036728239787573,-3.282649846951485
3014,-20.948040581951005,10,0.03625179000646045,-0.0008794960727767144,-2.923523163952439
3015,-18.703596713541017,10,0.03176495150927406,-0.0013942716463492763,-2.546957994399025
3016,-14.316363530997698,0,0.04740517725495928,-0.21175781208852196,-2.519876931264182
3017,-22.882462074439793,10,0.042657159186886465,-0.0004192101271107596,-2.906079781241252
3018,-11.788935890505469,2,0.03241369500167383,-0.0030975495964683446,-2.7606490075980648
3019,-9.02014130874984,0,0.029868017578641843,-0.0033434180521239704,-3.5930631136113087
3020,-12.777669081872068,4,0.03539382694303246,-0.001559740585282505,-3.5083539401451427
3021,-16.53134957541298,4,0.041494535017923835,-0.004654405500419093,-1.9837417681184937
3022,-18.813401769391117,8,0.03580596612381145,-0.003963913991723506,-2.394279675169336
3023,-9.224308800766032,0,0.030544068876708706,-0.0031579820113873344,-2.722055810398811
3024,-16.252339497265723,6,0.03394814403068114,-0.00016900159554272297,-2.9542920083780495
3025,-11.463251045553845,2,0.03379732516269223,-0.0004806221610384195,-2.8403746621806514
3026,-11.866965493145527,4,0.0275068723536557,-0.003096745779348694,-2.713255741199624
3027,-14.091540440068286,4,0.03341569682141819,0.0010007227070950317,-3.0422244556678386
3028,-11.267312093187558,2,0.030686463884726997,-0.004516344805886439,-2.2106042700973094
3029,-14.185309079010299,2,0.040348705559636884,0.00025709142048059905,-3.224468832599949
3030,-51.09157481764598,32,0.06321713515776821,0.09734307248037408,-2.405768813546562
3031,-12.007268072129898,4,0.026514132689171896,0.00019748871004986052,-3.6078868687701786
3032,-13.92901736223987,2,0.03950005749086046,-0.008255480405479817,-3.197724855268553
3033,-8.63450139073426,0,0.029170612806534713,-0.0005926333101170541,-2.6549785052104444
3034,-11.670858579456715,0,0.04594826212384517,0.002879690311988449,-2.532092780948389
3035,-44.74714511265339,10,0.11660115809615224,-0.024285481080425365,-2.956907149085239
3036,-35.84786599803897,24,0.047391463992155644,0.11498901859689505,-2.5470009624719854
3037,-25.745823109920384,16,0.03583023202176628,-0.0033845645380685763,-3.1730232595067185
3038,-12.830248457145446,4,0.029239233301806073,-0.0032503351044150326,-2.5644957443560084
3039,-8.049233748046882,0,0.027010851503513057,-0.003914530846702823,-2.7578459944467424
3040,-15.884814621262148,0,0.052598723911463974,0.04819360428685569,-2.5960452824266667
3041,-5.671070449955453,0,0.025777592954342985,0.0028610671307912772,-2.3692436933047563
3042,-34.79929953107143,18,0.0556268196393094,0.18857951821969046,-2.9411619914491314
3043,-17.924425655810968,6,0.051845328938308524,-0.00554549726313385,-2.836451948964968
3044,-12.145585788857183,2,0.03359465492999065,-0.030357092264993425,-2.370220787319145
3045,-13.836126225489734,4,0.03256995438903893,-0.001827350243562154,-2.8095441823458263
3046,-10.512233338514541,0,0.03480871966395541,-0.004024924305329309,-3.120248012902641
3047,-16.38050573994754,8,0.03248258038739375,-0.0014765229254831062,-1.9321534264089122
3048,-15.774540680884172,8,0.03470777089680444,0.0009808367279349893,-2.292170612575085
3049,-19.009387932292764,12,0.03157381951483187,-0.00974752235222138,-2.7823820415862754
3050,-12.967292287827735,2,0.03631553737691293,-0.0016764310788400225,-2.514946202962083
3051,-10.64096688245772,2,0.028612473120720967,-0.0060747902670764175,-2.7994761068338456
3052,-25.70332730918614,14,0.038752739434391295,-0.000486755345343606,-3.223641502883267
3053,-28.89648310454414,4,0.0824386857766363,-0.6424425716816435,-2.5937687676877172
3054,-27.003576529820315,16,0.04509662512221419,-0.008408101467362254,-2.6565946054033702
3055,-18.93350693918674,8,0.03877130120279005,-0.003306183314400045,-2.581195744748247
3056,-50.94163820540044,40,0.03852689508943807,-0.0023192948943764813,-2.7653703816330166
3057,-7.781297556237372,0,0.03325340835998877,-0.000450854509189311,-2.3469578763064094
3058,-10.901329711504921,2,0.029474601693724872,-0.005316959820157349,-2.690519272881633
3059,-21.6061511667087,10,0.03894681599566683,-0.0017069705097464182,-2.8953842868276047
3060,-11.596001571824214,4,0.03484404390745031,-0.0047278115419038666,-2.4256792485690997
3061,-9.325780291562863,0,0.030880067190605473,-0.0022481831660284505,-3.062936362700185
3062,-27.057337630218324,20,0.031505971563474566,0.0009683151498653127,-1.9897519937988752
3063,-9.034356115008723,0,0.029915086473538792,-0.0038128359802992434,-3.0738652816676035
3064,-23.74017705565402,14,0.03225224190613891,0.012041417835588684,-2.4374763592090827
3065,-14.944470053958689,4,0.036239967066088494,-0.0036874817047863337,-2.646289301874727
3066,-22.397736366101217,4,0.060919656841394824,-0.0397549218197495,-2.3837567192890883
3067,-12.068608265873388,4,0.026717245913488088,-0.004357076135914254,-2.509858371145597
3068,-11.964388228703351,4,0.02637214645266019,-0.0010997029832434772,-2.6381208190952337
3069,-8.171749323873835,0,0.027058772595608675,-0.0027684243642632535,-3.191426661975114
3070,-20.227438049580037,8,0.040488205462185706,-0.005013613015203582,-2.7912928118186215
3071,-25.424568321084568,16,0.04027593299608769,-0.005699050416881378,-2.340217250103975
3072,-16.383951496193358,6,0.03438394535163362,-0.0025265273644237327,-2.6480631445111267
3073,-11.187606017745777,0,0.03857795178533025,-0.0035864469699625826,-2.9165450483419257
3074,-12.397333444463753,2,0.034428256438621734,-0.0031675030011683704,-2.789347334775152
3075,-8.421604820477148,0,0.027886108677076592,-0.002937572568328126,-3.042506548397656
3076,-11.687731137886969,2,0.03207857992677808,-0.003235690281818935,-3.0456200569860763
3077,-33.89630193691888,20,0.04825104839207947,0.0008042410837434647,-2.9963872461825507
3078,-9.37477281630912,0,0.032105386357222994,0.0013845079509885855,-2.7378519894733024
3079,-20.867475278767948,12,0.029362500923072785,-0.0024734720171410715,-2.012544075202791
3080,-21.066151095068694,2,0.06313295064592275,-0.3790895821935257,-2.8702731117319367
3081,-10.886153455364967,2,0.029424349189950225,-0.0026465662036535163,-3.457204863251787
3082,-11.081903037596858,2,0.030072526614559194,-0.004027956283330572,-3.3417904036282255
3083,-13.787733348568453,4,0.03240971307472993,-0.003213354845420266,-3.1862113979038327
3084,-8.36301238674263,0,0.027692093995836543,-0.002823570851600476,-2.9753383189176104
3085,-10.077218769276731,2,0.026745757514161392,-0.003574696970858383,-3.2830144407668627
3086,-9.782453366626317,0,0.03239222969081556,-0.005553215333655328,-2.671555237700879
3087,-19.59242985966453,4,0.051630562449220485,-0.038076739631969454,-2.7945462632950147
3088,-16.92556832091363,4,0.048960486064066736,-0.0046707349869944716,-2.85487441099972
3089,-12.302514933455875,2,0.03411428785912544,-0.005225492303185658,-2.9469483472689806
3090,-16.684756367321793,6,0.03537998797126425,-0.008222164342099714,-2.2103100197849215
3091,-40.53618713093308,16,0.09736582194814734,-0.39471934027304606,-3.3837494198330824
3092,-17.424290550272715,6,0.037828776656532254,-0.06922666600254666,-2.410338838797391
3093,-24.486184002352065,14,0.03472246358394697,-0.002044015840337371,-2.3747921951021076
3094,-15.608318747567399,8,0.02860270205852393,0.0016524316965343248,-2.9697316863390713
3095,-7.915403218814838,0,0.026209944433161762,-0.008771108153633873,-3.124632611339727
3096,-39.83499256186919,30,0.03256620053599138,-0.00015335182739508073,-2.29964653769466
3097,-36.69961034410932,4,0.10827685544407059,-0.3902562602514105,-2.6767144419733566
3098,-15.874876572565471,8,0.026075750240282893,0.000804603215313165,-2.80974076271251
3099,-26.518447545150966,14,0.04145181306341399,-3.375173296774768e-05,-3.206351152108674
3100,-13.611273129970142,2,0.038447924271424364,-0.002853500758396425,-3.103233495431903
3101,-18.94640917367079,6,0.042868904548579084,-0.001899092219190191,-2.2773343318694006
3102,-12.87229114832597,2,0.036000964067304686,-0.004278934754844484,-2.9330105955598396
3103,-9.072402882241597,0,0.030650009737302628,0.0006413471041801008,-2.2320790472276615
3104,-13.860210762308272,4,0.03264970451095448,-0.0019228929068603312,-2.6206594617468757
3105,-10.309753353337022,0,0.03436584451112337,0.0034332137897145005,-2.3052507223112624
3106,-9.472293945517034,2,0.02852020589892001,-0.0014593233767619628,-2.704307616333733
3107,-10.182033577644859,2,0.027092826416042513,-0.005284279371173867,-2.0045914519175776
3108,-36.720208129173265,12,0.08185499380520929,0.34888247882913404,-2.139468922903175
3109,-34.129859623838044,20,0.046787614648469866,-0.026261802955333216,-2.779174446956785
3110,-18.039399141143413,6,0.039865560070011234,-0.001531763083844242,-2.8147312472763297
3111,-12.566217073079029,2,0.034987473751917256,-2.0393375800737483e-05,-2.632955721083069
3112,-19.372058061416787,10,0.031033304839128254,0.00256640721106322,-2.807585872648691
3113,-12.143212764893386,2,0.033586797234746404,-0.004571715078088424,-3.0739441095236906
3114,-17.31991141711176,4,0.044105666944078616,-0.08412419827547023,-2.8534215399736405
3115,-14.116164260629914,6,0.02878072432847493,-0.0022936017482032907,-2.6794049357081406
3116,-11.617221801672633,4,0.025222588747260327,-0.005284647978318004,-2.171240763135425
3117,-8.043448030597045,0,0.02773602769171396,-0.005146678771727301,-2.7786046724674964
3118,-18.637484649027595,8,0.03522345910274043,-0.002465240341543362,-2.9914541971932214
3119,-34.8516154542684,18,0.060617321777944023,0.16229024411199225,-2.2607362561202575
3120,-30.25493689991815,8,0.07569706428543599,-0.4898332614768423,-2.6913721076483665
3121,-8.92241386055589,0,0.029544416756807558,-0.003411758259641907,-3.205968336114411
3122,-13.874905228601362,4,0.03269836168411038,-0.0017177531969061258,-2.56209581499836
3123,-13.661110116605297,2,0.03861294740597787,0.08691425265255538,-2.4958265648797058
3124,-16.804292940123453,10,0.029328848879842714,-0.0009341882798692276,-2.6498937936399356
3125,-21.342130907827293,10,0.03755672486035522,-0.0031665949762293096,-3.045393749820038
3126,-12.717670573702083,4,0.04540453423803162,-0.00825085181762309,-2.4548379724966556
3127,-16.0845051143192,6,0.033392401040792004,-0.0005462918796002963,-2.500852975818569
3128,-41.12815658440062,6,0.1163183992860948,0.4972557247896981,-2.7244166552780706
3129,-11.529987350127003,4,0.029645619488688924,-0.0012793583846761017,-2.5828868116495953
3130,-9.308914871603886,0,0.030824221429151956,-0.002515090433325594,-2.8949729168316543
3131,-15.505647235121826,6,0.04400762608852696,-0.007311246385991884,-2.954817293286841
3132,-12.100245234072412,4,0.026822004086332386,-0.00037423934994129746,-2.962402495373016
3133,-18.695025857336425,12,0.03761250481649649,-0.007908796795560152,-2.107853600290523
3134,-14.03756899134458,4,0.0332369834150483,-0.0011875848640496565,-2.942762663289681
3135,-9.47949343050095,0,0.031389051094374114,-0.001473889285266794,-2.6653862346179586
3136,-8.818812869668951,0,0.029201367118109216,-0.00170108940088443,-3.0886729121786605
3137,-19.09467098780314,12,0.027078896900012233,-0.0012250109983142465,-2.520171125847603
3138,-10.11843796456994,2,0.02688224491579446,-0.003480415931944843,-2.762526409157524
3139,-42.74349598424747,32,0.035574490014063945,0.00225224170158463,-2.606621905709139
3140,-39.153260126747924,26,0.04355384147929762,-0.0020988139863563886,-2.643279766391759
3141,-11.957556857035156,2,0.03297204257296406,-0.007803675371364055,-2.8012418930316056
3142,-9.424068190906349,0,0.031205523810948155,7.569367784562687e-05,-2.7467575136404054
3143,-19.49639904697176,10,0.031445029956860236,-0.0017907156769358954,-2.9086126130988625
3144,-16.368641501146925,4,0.04095576656008914,-0.002185408912432559,-2.9638430434134975
3145,-12.879726483143228,4,0.02940306782497754,-0.0012449625746920607,-3.187585254908163
3146,-13.512632880500234,6,0.024876267816225876,-0.001796892158909152,-2.6250221048130973
3147,-9.467825365191088,2,0.025751121948934762,-0.0014121537376195193,-2.6418317539655956
3148,-14.297271469804668,6,0.02747440884041292,0.0004996009454723225,-2.955429769765018
3149,-15.654462047502445,6,0.031968417375835924,-0.004768604031973673,-2.9412826435523267
3150,-28.773116667039744,0,0.09527522075178724,0.09517050249585327,-3.151407462423621
3151,-14.79768670891742,4,0.035753929499726514,-0.0024045554726748472,-3.0791784131658164
3152,-28.50135350311647,4,0.0811303096129684,0.2875134684194792,-2.77182250524777
3153,-8.230957003563546,0,0.02725482451511109,-0.00010142062778356454,-2.800869872257563
3154,-15.942022472932088,4,0.039543120771298346,-0.000611090938451188,-3.113671636812671
3155,-37.8758984403057,24,0.04594668357717125,-0.0010812947809517334,-2.606876368939087
3156,-9.793530313372969,2,0.0278340368334749,0.003945034912488024,-2.8096462419665684
3157,-31.749903268132407,4,0.09188709691434559,0.7570976678249642,-2.850007171267999
3158,-17.36430102337306,6,0.051190545150328955,-0.026365119791463824,-2.6719826873524015
3159,-12.793328101152413,2,0.035739497023683585,-0.005581685688673513,-2.7315438841195125
3160,-36.60704771146447,8,0.09472532354789549,0.33884410173366225,-2.614555071927268
3161,-11.749183318269845,2,0.03778753224135593,-0.0055388513951591225,-2.648440279027825
3162,-8.058982334430777,0,0.026685371968313894,-0.009968950232762275,-3.039992787167094
3163,-10.57289377697732,2,0.028387065486679935,-0.0009853158650352366,-2.6107553522746483
3164,-13.297494943823237,4,0.04427378544677731,-0.005851366266696936,-2.5582918664923913
3165,-24.93440806487059,8,0.05607419889030006,0.1588704778234604,-2.9520311804139827
3166,-29.19024926632415,6,0.0767889048553777,0.3141861111360497,-2.570772335989345
3167,-35.000262789916306,14,0.08677794541287724,-0.20470133403350776,-2.482600295320461
3168,-18.37202243867058,6,0.040966961717452136,0.00724882723560051,-2.603324089954077
3169,-7.866839495792455,0,0.02604913740328625,-0.002087674800010509,-2.553565817567773
3170,-14.72493093733906,4,0.03551301634880483,0.00032093066456943554,-2.634448216703338
3171,-12.81048806642663,6,0.02791183633781403,-0.005822332584457549,-2.8355962080644352
3172,-10.664038707145227,2,0.029875995541880106,-0.03389602222078448,-2.7185365699491753
3173,-20.477721803508636,8,0.0413169596142672,-0.0027717655535404945,-2.994404204528384
3174,-12.68507015242504,4,0.028758510438493503,-0.0036801219267141544,-2.7960816669597026
3175,-16.745650535913867,0,0.05544917395997965,-0.2558416500661386,-2.290662133651138
3176,-10.296007200432634,0,0.03409273907428021,-0.008084396795456033,-3.2411782639375994
3177,-11.046899653472027,0,0.03657913792540409,-0.000512892872076605,-2.826140368311043
3178,-23.578545795985395,12,0.03833955561584539,-0.0035753964866659547,-3.018807576792041
3179,-41.45234752722598,30,0.03792168055372813,-0.0026881115026895375,-2.4078240253023546
3180,-13.002900222635343,2,0.036433444445812306,0.0020220619991779426,-2.347164382352066
3181,-6.981692651729757,0,0.024757775360743806,-0.006580265573100418,-2.6592786011705507
3182,-17.662976627576125,10,0.030408637411016192,-0.003661938515003948,-2.50545409040605
3183,-8.56721883528857,0,0.028368274289034972,0.0010893076813212343,-3.140787555353056
3184,-13.161557396747982,6,0.029350645068639276,-0.007895768956724005,-2.354270188581985
3185,-15.337836158354751,8,0.032183491922608505,0.005805004562410575,-2.105907189479024
3186,-16.848426908377462,4,0.043115526538179356,-0.08579017216083437,-2.4379019564692705
3187,-27.55154304502949,2,0.08460775842725007,0.23672438430390166,-2.2324409693952907
3188,-11.202051848266628,0,0.03709288691479025,-0.0026689669916048547,-2.6147690962901375
3189,-11.451382758533263,2,0.03129596939911683,-0.005892251561155284,-2.9147389017474152
3190,-10.518535785652016,2,0.02820707213792051,0.002041149509466247,-2.7992039217339175
3191,-20.326931407461217,12,0.032274927935895995,-0.0013560656622384293,-2.3908736325219246
3192,-48.58939720110817,2,0.15426952715598719,0.10132684671252176,-2.6777063769029317
3193,-21.51460563941445,8,0.04475034979938575,-0.10382229090292032,-2.4638550708571523
3194,-8.642245847702084,0,0.028616708104973763,-0.006041557255350608,-2.7642721547080598
3195,-11.637752410665362,2,0.03517427887104144,-0.00288224445917664,-2.458255524655216
3196,-59.08745619529882,4,0.18240879534867152,0.977737239991401,-2.470057639631671
3197,-17.554493450779393,8,0.0364675322548834,-0.0033388155803994366,-2.9251901705597816
3198,-8.284939327313424,0,0.02743357393150141,-0.0024371261257425396,-2.770026827617456
3199,-12.403365228611344,2,0.03444822923381239,-0.0008532449055601078,-2.9187551144019017
3200,-12.080240522835702,2,0.033378279876939344,-0.0008509075739390111,-2.97326225257087
3201,-27.215154400309178,16,0.037136272848705756,0.002073124647973142,-2.1919276773376044
3202,-22.916599307480926,12,0.03614767982609552,-0.0026127261071872978,-2.5183623882887547
3203,-9.386811361298207,2,0.024459640269199272,-0.002143998982366298,-2.9088840963499734
3204,-33.327847521579386,2,0.10373459444231578,0.16807067649876883,-2.4900731414370703
3205,-27.14707138045407,6,0.0700234151670663,0.47545354766640135,-2.6912130648834593
3206,-32.813310344070175,18,0.0500449673786153,-0.0020404779514285255,-2.498516818501584
3207,-12.252870155583944,4,0.027327384621138956,-0.0052754589738879375,-2.242869996235919
3208,-13.318383223751587,4,0.030855573588581223,0.0022248976530864933,-2.648720152684027
3209,-30.66971630755803,18,0.04835769583037402,-0.007344400877300081,-2.407173704149429
3210,-13.068923120022413,4,0.030029546755041134,0.0029098901768147157,-2.2609155474952267
3211,-19.183058448412314,8,0.037029994862292484,-0.0032457597385274727,-2.664605572071722
3212,-26.609234910630846,8,0.06161998314778405,0.2900089168332098,-2.6046911435806197
3213,-17.7780886991606,8,0.03237777714953855,-0.001584596013718143,-3.0127118020025483
3214,-18.66744811473469,8,0.03532267587660515,-0.00014072844029299373,-2.7916914190549638
3215,-8.625793671844718,0,0.02856223070147258,-0.0017522494833675886,-2.7300358861894503
3216,-23.120337352398803,16,0.04684432468683394,-0.011982600381720419,-2.9476441040071415
3217,-28.880422311618265,16,0.04265040500535819,0.0023302677250929818,-3.02167042882896
3218,-12.721926552420863,2,0.04061335815310944,-0.005343437287780089,-2.412550128602765
3219,-11.412002471177436,4,0.024543054540322722,-0.0033500961908478513,-2.4182821879669136
3220,-17.584897069692996,8,0.03173806976719524,-0.0054742909388135605,-2.9253202295460854
3221,-23.41918985680874,14,0.031189370386783936,-0.0014218858034976,-2.9859641668503945
3222,-8.96311470732805,0,0.029679187772609424,-0.002449239917956786,-3.1190895609667106
3223,-14.829542441376848,4,0.03585941205753904,0.0015071163356415187,-2.3262531476204797
3224,-14.466687359223803,6,0.02803538860670152,-0.0014482143933311202,-3.1852294838333517
3225,-8.312592493079553,0,0.02752514070556144,-0.0071889111422162675,-2.547622394273582
3226,-21.588368717714687,8,0.05186400273936874,-0.0030360116928154672,-2.991201810322823
3227,-8.030761899300707,0,0.028277330631340497,0.002694368477038462,-2.8215377786829676
3228,-15.215252674392461,4,0.03713659825957769,-0.0048166671168022104,-2.9080021098726396
3229,-27.619557331849794,18,0.031852838847184824,-0.0011330351987098102,-2.6491916555960646
3230,-26.207826824403664,2,0.08645652437287041,0.40041236865001595,-2.1132872291610094
3231,-10.358979219560528,2,0.027678739137617606,-0.005404488798477595,-3.5995130876536576
3232,-9.756203413498477,0,0.03230530931622015,-0.005383212047410105,-2.62657439571662
3233,-29.575346005334026,16,0.04495147683885435,-0.005038713936505851,-2.3103001896080726
3234,-13.919287582329702,6,0.02622280656400574,-0.0015813610397760343,-2.381154427299544
3235,-7.704759335692095,0,0.027129434280605925,-0.0005519827767144101,-2.7024739328235663
3236,-10.86947675069191,0,0.03599164486984079,-0.0035247085284093233,-3.178549105989005
3237,-16.42078986382525,6,0.03450592670140821,-0.00643766472356653,-3.242987751323554
3238,-14.299012265457415,4,0.03410268962071994,-0.003829039210940878,-2.6169202516018877
3239,-24.660010546628932,12,0.04277030590077325,-0.0007233954903141066,-2.6514130685119763
3240,-31.27660451127306,12,0.06382981626249361,0.20193942988207347,-2.385709431648827
3241,-54.85784041502059,6,0.16178092852655843,0.29435352034518336,-3.194771564951697
3242,-23.752161821271947,12,0.03891444311679464,-0.00038275227755530186,-2.5716277824091844
3243,-11.767636323912653,2,0.032343166635472285,-0.0038140040737906756,-2.284978039842947
3244,-18.94798084054433,6,0.05179192336217741,-0.07698871409604326,-2.302156039880216
3245,-68.77508615288228,10,0.19461949057245786,1.2025653234414682,-2.689221080817862
3246,-16.579552457468097,4,0.04165414721015928,-0.007622285581977162,-2.2595395506829634
3247,-14.073143797516463,4,0.03335478078647837,-0.006039900061618907,-2.0051911029112
3248,-17.30489198537991,8,0.030810900613840904,-0.0009668779989630477,-2.741334672085016
3249,-10.880017234763201,0,0.03602654713497759,-0.005220830699718798,-3.1657011844751284
3250,-6.781245106299623,0,0.0266978153791323,-0.004662704161060314,-3.0961585706066868
3251,-12.08774314107325,0,0.04002563953997752,-0.002354399031429052,-3.0595086338171207
3252,-17.444012484823897,8,0.03550380633392445,-0.004490651572438279,-2.6768023298146497
3253,-37.760254760354954,26,0.03894124092832799,-0.0005522256552870848,-2.254290623735908
3254,-25.226952669424126,12,0.04379785652127199,-0.0016037757950989123,-2.7297377713591175
3255,-23.59957906146442,8,0.05165423530286245,-0.08490712967244847,-2.501569535869439
3256,-9.310885005701863,0,0.031036283352339544,-0.0024187726142505805,-3.110971860337692
3257,-16.384417220305817,4,0.04914451277899126,-0.0014654614755676852,-2.544663147217851
3258,-11.64695203087344,0,0.03856606632739549,-0.0019711317716548772,-3.0876433951470275
3259,-12.372971632255837,4,0.02772507162998619,-0.003904218917761911,-2.638294537863999
3260,-17.750595918907184,8,0.03228674145333504,-0.006303134346064735,-2.7263795434579596
3261,-16.19981651292477,6,0.0337742268639893,-0.002438896161115525,-2.9624790831145194
3262,-10.88672497716084,2,0.029426241646228035,-0.005839247196151054,-2.902288251041357
3263,-13.532107220973257,4,0.03156326894362011,-0.00480358312438421,-2.989824745853991
3264,-13.794994343480765,2,0.039056272660532215,-0.002998222823606323,-2.623379356239842
3265,-17.220631582993978,2,0.05039944232779455,0.1683150995246733,-2.814864251786066
3266,-12.461882815377283,4,0.0330542297475675,-0.002819929225370288,-2.311520005084958
3267,-12.020767469057398,4,0.032604745809176314,0.0011241023139119512,-2.8519327615857186
3268,-8.378231463410573,0,0.027742488289439017,-0.0021840602066984633,-2.6423551762733197
3269,-31.45002245342312,24,0.044345371746566255,-0.0032177789293373715,-2.0179081879983034
3270,-17.8880484720874,8,0.03274188235790525,0.002058357896363449,-2.601755857896017
3271,-17.015066224639007,8,0.03196831994552852,-0.0038332696699005624,-3.0218626039894874
3272,-10.323982958472877,2,0.02756285747838699,-0.0005218749172794355,-2.217886762391307
3273,-14.364913608071037,4,0.03432090598699024,0.0025324515332251986,-3.1439149967237494
3274,-17.503212124334922,8,0.0314675898156786,-0.004661055148111977,-3.052499864182153
3275,-9.227859706612989,0,0.03055582684308936,-0.0014171002099648217,-2.855013652390258
3276,-24.410863777844963,14,0.03447305886703629,-0.006165387488235504,-2.0786003546972007
3277,-17.90686434467289,4,0.04604921968434741,0.19393644457797068,-2.409133248399968
3278,-7.925291893044821,0,0.026242688387565622,-0.00363252955891303,-2.79346376744836
3279,-9.436031704576012,0,0.03124513809462253,0.044270400846622183,-3.1720274486486484
3280,-39.0596189575002,10,0.09622390383278251,0.48427770113532387,-2.0920728885587954
3281,-8.623602278285093,0,0.030364796754524952,-0.001563218964795044,-2.7131713540382636
3282,-11.334595061151182,0,0.037531771725666206,-0.002567551615925518,-2.8682603818934953
3283,-14.348793025361264,2,0.040890043130335174,0.145440652907752,-2.5132694735561825
3284,-11.56742642360879,2,0.04832033547277164,-0.0334796940229702,-3.2364920645113213
3285,-14.703058196470732,4,0.03544059005453886,-0.0011694903149337367,-2.8992194537114235
3286,-8.004058294011353,0,0.031023481759733858,-0.0012765491557264225,-2.5705684677603866
3287,-11.917078229756612,2,0.033056927432522115,-0.0005718440882240733,-2.828223235249364
3288,-8.377245741001865,0,0.027739224307953152,-0.004117139269418965,-2.2503825191289666
3289,-22.151163905711325,12,0.033613125515600216,-0.0023616052995935476,-2.7441468499107473
3290,-8.716492393486995,0,0.02886255759432784,-0.0023421096308650262,-2.770716376945188
3291,-9.678206993656486,0,0.03204704302535251,-0.0044744663688335694,-3.128500319126491
3292,-21.562348688933444,2,0.0647759890362034,-0.3623940765512305,-2.3177260194777123
3293,-20.068826332374396,10,0.03520568647683366,-0.003548244853223954,-2.8414697146453483
3294,-28.573302195274792,14,0.06505938480033384,0.010797098650852734,-2.2945896787088715
3295,-15.98540487921164,6,0.03515987633525228,-0.0076410677825087606,-2.694926088178714
3296,-36.10633369962837,10,0.0864448135749287,-0.5331319288610457,-2.5157409793838386
3297,-9.76070089422556,0,0.03232020163650846,-0.004488075297443036,-2.853424018121514
3298,-9.848894082813967,0,0.03261223206229796,-0.0022926692166273166,-2.5266510075411532
3299,-28.19651351576783,14,0.049987723647069875,-0.0005581133120076757,-2.6979576607170728
3300,-30.53490878752797,2,0.09448645293883443,0.5974978036475399,-2.7086498887399952
3301,-9.60897062281011,0,0.0318177835192387,-0.0023468982551666283,-3.1324510789143667
3302,-14.228606555411924,6,0.027247041574211775,7.018230960315821e-05,-3.100488439941864
3303,-51.92665070945078,6,0.15207500234917481,0.1578423339432562,-2.5056325611257493
3304,-12.612780411666812,6,0.02802025598163908,-0.0037743028451617555,-2.7008148476868175
3305,-8.161917179213965,0,0.027026215825211867,0.001228968162299288,-2.3469966119129073
3306,-12.412359684109827,4,0.027855495642747752,-0.00013003821672859375,-2.872142118405372
3307,-10.516727860204377,2,0.02857962369196093,-0.0046019608059573,-3.115623415914214
3308,-9.950864838154127,2,0.026327367013755414,-0.0022863422793764866,-2.9058243281252696
3309,-20.962905937761004,8,0.04292352959523501,-0.1114509709885603,-2.3186759418364233
3310,-90.94381085173944,16,0.24815831407860747,1.0540667869830627,-2.7434199716607863
3311,-16.719154427760817,6,0.03549388883364509,-0.0006925087129166782,-3.0246332920166443
3312,-14.147903841651662,4,0.03360233060149553,-0.0026782339724437613,-3.092243112635757
3313,-17.199212307341003,10,0.029504968472709062,-0.006499249234434874,-2.9657708002517733
3314,-14.224314977844553,4,0.03385534760875669,-0.0004924462455947766,-2.7127429216811034
3315,-10.447699302804482,0,0.04179079721121801,-0.0002145556829869747,-2.7676561271431854
3316,-36.789506382108286,2,0.11519704100035849,-0.4712719086304751,-2.8693584118750786
3317,-14.304358327901573,6,0.027497875257952206,-0.0023532578744771366,-3.1276719281881653
3318,-8.510323123867805,0,0.02817987789360199,-0.0034356104438994944,-3.4377753292515894
3319,-14.386068500717675,2,0.04101347185668097,0.0002989787187439618,-2.2163968657858866
3320,-50.26754150965108,16,0.11816393624017625,0.5818479529576545,-2.802319532152394
3321,-21.129166160603205,10,0.03685154357815628,-0.008273905713808111,-2.77397999829991
3322,-12.823380517733847,4,0.029216491780575716,-0.003784213155748582,-2.718333141610685
3323,-13.800320767139091,4,0.03245139326867249,-0.005402871999050805,-3.2098481672671038
3324,-23.50911606511098,8,0.05135468895732107,-0.16492274417310632,-2.5925376151918433
3325,-14.563566908487894,4,0.03497869837247651,-0.005658364241529527,-3.0385079918660542
3326,-10.893845542270668,0,0.03607233623268428,-0.06517148960338573,-2.5947012526176665
3327,-21.146624353110113,10,0.03690935216261637,0.0023911220955952312,-3.140663718126116
3328,-9.438871742994715,2,0.02951933231347111,0.0014399636375148678,-2.9723760323273756
3329,-12.589910269493444,2,0.035065928044680346,-0.0021250100374616537,-2.862384940992723
3330,-11.747485542371248,2,0.03227644219328218,-0.0022567897200097163,-3.043907748899608
3331,-7.6140809733683525,0,0.030951548672229046,0.003519566664169353,-2.5461353990252173
3332,-21.42968275551064,14,0.03504567337504999,-0.0015083560814536264,-3.102075940114007
3333,-8.357751508819762,2,0.026056358642704024,-0.009240839620632288,-2.442788753191345
3334,-10.260154289688447,2,0.028288199622220678,-0.0011552078547338916,-2.86980991406615
3335,-20.245776131761154,4,0.05601991769572812,-0.3031397068885894,-2.6938913199586536
3336,-10.514321084643894,0,0.03481563273060892,0.002471329780936932,-2.7578197754261127
3337,-15.809981891586352,4,0.03910590030326611,-0.008172464377203623,-2.8487577086895093
3338,-21.953657752530017,12,0.03981463101012008,-0.0015863367222249509,-2.811547780887177
3339,-14.270578676199515,6,0.02738602210662074,-0.004940244447037467,-2.7316370274652635
3340,-16.449848683405737,8,0.031529286132110805,-0.0020431891858661132,-2.700889335984517
3341,-48.10612819881421,12,0.11955671589011321,0.014306078179560552,-2.7347886658088605
3342,-11.855436922864072,2,0.032633897095576424,-0.0026881555818477707,-2.5016853444270533
3343,-53.54557743658068,10,0.144190653763512,0.743349711338385,-2.5272663724534707
3344,-13.942375690422029,4,0.0329217738093445,3.714551879339759e-05,-2.9989476585014807
3345,-30.00895749072187,20,0.04205444323832733,-0.004336460388388814,-2.6332462886769026
3346,-12.083387179138033,2,0.033836869728651166,-0.021641235496034694,-2.8142619415842645
3347,-9.80221903881031,0,0.03245767893645789,-0.0005805028958665515,-2.979334496748356
3348,-12.787567702035465,4,0.029097906298130607,-0.0008485205323490875,-2.8352006597790194
3349,-8.02524561892902,0,0.026750818729763395,-0.00716347460995894,-2.8410530004839725
3350,-9.875321531096922,0,0.03381959428457845,-0.002229242064919935,-2.385060252644176
3351,-39.46263544153279,4,0.12144738164908478,-0.05199116367865864,-2.6916232670959936
3352,-12.50859038209795,4,0.02817414033807288,-0.006200492175894216,-2.355508364542443
3353,-10.121942315782976,0,0.033516365284049505,0.0005102769627053882,-3.0257249067411047
3354,-22.134462229311662,2,0.0666704047328201,0.07881555375057143,-2.5730660525918476
3355,-18.837808794940837,12,0.02825540824355705,-0.00576866488607431,-2.4250430907567164
3356,-28.063880091722684,14,0.04656913937656524,-0.003118052481463956,-2.905934252481544
3357,-10.182415551220892,0,0.03487128613431819,0.0005237521714537264,-2.8321626545841356
3358,-16.480010013619815,6,0.03470201991264858,-0.002983184342291083,-2.956705987052984
3359,-8.604405719611544,0,0.028491409667587956,-0.001149851482034667,-2.899036256600532
3360,-9.330457839396434,0,0.030895555759590725,-0.005049993457513189,-3.1298347131939703
3361,-18.233414962775285,6,0.04050799656548129,-0.0017010640396909259,-3.1535870629533918
3362,-14.036617157256472,4,0.03460902468019462,-0.00187341944796258,-2.5658729322993294
3363,-32.13282441826438,18,0.0565312976730572,-0.002555751399323344,-2.4411826542789115
3364,-6.082026930095714,0,0.025341778875398794,0.0003803128929575905,-2.308193988337104
3365,-22.511278207088388,6,0.06160924704137455,-0.22925890704074792,-2.6732260726811017
3366,-10.909193272672377,2,0.030303378478477423,-0.003725650709527893,-2.976498140689923
3367,-33.72807359253106,8,0.08519229666401017,0.3954706643127516,-3.2120046864840393
3368,-29.59077236852997,14,0.056488305683079366,-0.0017247792811679614,-3.242077378949245
3369,-22.93788590280583,10,0.04284068179737071,0.0011554054437908313,-2.469881447473393
3370,-42.17888695571206,6,0.11979763892619939,-0.36160124799996823,-2.912716846286731
3371,-26.097216482991936,4,0.07316959100328438,0.44965380036676095,-2.6702994339658406
3372,-10.69307218405498,2,0.028785007231970267,-0.002347713330296479,-3.029152435975902
3373,-12.441138536703036,4,0.029309508807996675,-0.003456492201722641,-2.592734853389912
3374,-22.673544852461784,12,0.03534286374987365,-0.005553419899969479,-2.3769856101205047
3375,-8.956096847641474,2,0.025573885469270276,-0.00406504393544952,-2.710303418207503
3376,-12.184214528769987,4,0.030538113913320942,-0.003319201144170878,-3.0698816580844714
3377,-9.992467701026676,2,0.028544527503666647,-0.007704139136653144,-2.8026150005635904
3378,-20.44801208891056,6,0.04784109963215409,-0.0027990869377486852,-3.1622477603120274
3379,-26.423683027260275,0,0.08749563916311363,0.5350017324990488,-2.569820458384459
3380,-10.858222225934648,2,0.02933186167528025,-0.0012352115462113183,-2.5811284768418257
3381,-25.87240783247513,14,0.039312608716805024,-0.0031600490173121407,-2.4937475323283103
3382,-8.449333091825487,0,0.02797792414511752,0.0002595248366921943,-2.567884047371848
3383,-29.462931718056502,16,0.044579244099524684,-0.0030737335092869173,-2.778248293095096
3384,-13.615116812434502,4,0.0318381351405116,0.0012199921209661178,-2.797565941268633
3385,-19.412450323862636,10,0.03116705405252547,-0.0008074017630162224,-2.349004476126291
3386,-21.727008764242246,10,0.038831154848484005,-0.007673657683205377,-2.0981280614036777
3387,-9.950735607734233,2,0.026326939098457822,-0.002276576654553808,-2.902100665402824
3388,-10.276806835825552,2,0.027406645151740357,-0.0014499893575438008,-2.6671556922514608
3389,-13.560640380620498,4,0.03165774960470372,-0.0001459911735096194,-2.5601978724584176
3390,-16.754847190959453,8,0.03149225608258811,-0.0014139973069373652,-3.00116458534114
3391,-10.831542942024386,2,0.029243519675577354,-0.003596621283965296,-2.532091103059113
3392,-10.647883647505138,0,0.035257892872533544,0.0014074825660159059,-2.4164827431077587
3393,-14.237123308442786,2,0.04052027585577077,-0.00485842398904412,-2.6517642518288045
3394,-14.785315143950028,6,0.02909044749652325,-0.007455930969252294,-2.5325745743616106
3395,-10.353642244237985,0,0.03428358359019197,-0.00022162009672021233,-2.448815687613204
3396,-52.21657638338737,6,0.15303502113704404,-0.5228487221514675,-3.095049298811081
3397,-15.002198938784469,4,0.036431122313855736,0.0006096608596792235,-3.05614227642666
3398,-31.185662904325213,18,0.0568347538979537,-0.009344155385443973,-2.6486918313199945
3399,-24.957744217608898,16,0.0392883518316175,-0.0014441143537528422,-2.6193772352383875
3400,-41.61170418693234,16,0.08480696750639839,0.25683120081913563,-2.4891543258378586
3401,-5.521281971677768,0,0.02733307906771176,-0.0005968789861648168,-2.603524583890702
3402,-9.824949139251913,2,0.02625821858809364,-0.009294579571563025,-2.9493799973222985
3403,-9.81710567451793,0,0.03250697243217848,-9.34576533969171e-05,-3.2348203307095167
3404,-17.441002935353037,6,0.03788411567997678,0.00026370397844469013,-2.354282372507952
3405,-34.94918424483793,20,0.049500610082244975,0.20863392091331548,-2.2190708853205705
3406,-18.87261489103686,4,0.04924706917561854,-0.17725000701496219,-2.857204414603442
3407,-13.800295474346811,4,0.03245130951770468,-0.0018270666549130288,-2.700627103235283
3408,-27.864062451071707,14,0.045907491559839864,-0.0024622482306243766,-2.387611354045749
3409,-10.171264401693131,2,0.02705716689302361,-0.0025086207386254278,-2.648136793169816
3410,-27.226812854450017,16,0.03717487700148989,-0.004258063464311402,-2.0483477624683695
3411,-8.605287288641781,0,0.028494328770337054,0.0012407784216839895,-3.0792374859705864
3412,-19.69277112838014,6,0.045340301749603074,-0.0018663975642994046,-2.568943488137721
3413,-12.202967420348532,4,0.027162143775988638,0.002695172896534698,-2.8454220309216645
3414,-21.060394847459023,12,0.030001307441917476,0.002642818503174314,-3.056663890547714
3415,-7.455259136235032,0,0.02468628853057959,-0.0008940792463285022,-2.6905907400064972
3416,-26.480468818045207,16,0.034703539132600075,-0.0007409634608281961,-2.9403856438097375
3417,-11.207441618940258,2,0.030488217281259167,-0.001122826420153115,-3.4087664478877095
3418,-8.054607715024389,0,0.026670886473590692,-0.003146116471454649,-2.6584245148196777
3419,-22.61491110233119,12,0.0351487122593746,-0.0016489268382332775,-1.7770930577872563
3420,-17.649582593958595,4,0.045197293357478734,-0.002171851014903444,-2.6252060750589954
3421,-33.545627152388995,18,0.05147558659731478,0.01795797640463917,-2.2376135651908418
3422,-28.37871338986248,18,0.058307378594732825,-0.0030669584838945545,-3.457114910171106
3423,-20.335292528527276,2,0.06071288916730896,-0.30649670646381366,-2.256311699563317
3424,-15.984339533119037,6,0.033060726930857695,-0.0007858469622789431,-3.031078463884459
3425,-28.753425449249793,6,0.07534246837499935,0.5004293615235916,-2.5365222115394204
3426,-11.854410102826048,2,0.03263049702922537,-0.0023811770944597065,-2.963783453514843
3427,-32.67255527498902,6,0.0889085175832967,0.39061868902187175,-2.5764587273110324
3428,-22.785547948540223,12,0.03719154465013891,0.0027720694725626503,-2.723477019672764
3429,-12.118923378362098,2,0.03350636880252358,-0.0019424116751641676,-3.0536855216963765
3430,-14.276607452535355,6,0.02740598494216994,-0.0028796420247596227,-2.5832907600099158
3431,-16.044215911766138,6,0.03325899308531834,-0.0035803766586564923,-2.9705916403342036
3432,-27.836863614777567,18,0.03257239607542239,-0.0008957097675367598,-2.987169491830097
3433,-15.281906031427855,4,0.03735730473982723,-0.0040077029276386344,-2.2262660789681252
3434,-16.056351047155427,4,0.03992169220912392,0.002212408532400844,-2.8077253835618654
3435,-13.068694526266333,2,0.03665130637836531,-0.004396664344594623,-3.0041951037160066
3436,-12.925205761492032,4,0.029553661461894174,0.00015380998444280877,-2.7445380301543185
3437,-8.396158653162338,0,0.02780184984490844,0.00017151471708487992,-3.231586901612876
3438,-9.290812310642117,0,0.030764279174311633,-0.0032901659624848443,-2.9931279492897556
3439,-18.46870576328017,4,0.04790962173271578,-0.002922668606555552,-3.0305068228625083
3440,-47.26174104712521,8,0.13000576505670605,0.1032605825517857,-2.683694130952612
3441,-12.179239687036054,4,0.027083575122635845,-0.0011049021614040094,-2.6727811845014258
3442,-13.36281117170577,2,0.03762520255531711,-0.0010023280368757046,-2.64769155478879
3443,-19.098746668602224,6,0.04337333333974232,-0.0022144301954829535,-3.1844640532517743
3444,-9.572844454909204,2,0.025075643890427844,0.0024218236608122357,-3.036400414308431
3445,-7.551076155544363,0,0.025170253851814504,-0.00016255850763991476,-3.024659655061822
3446,-11.805241400186713,4,0.025845170199293617,-0.004168247761951131,-2.8698866081733985
3447,-11.830818783520073,4,0.025929863521589717,-0.00017195642750019466,-2.876218918108671
3448,-15.85164221099147,8,0.025998815268183668,-0.005064685336338813,-2.713127325903717
3449,-12.573268348957614,4,0.03175284573687995,-0.0063422736555286165,-2.4610555000735137
3450,-11.211235482747977,2,0.030500779744198733,-0.0016540157759796508,-3.008205963071399
3451,-33.970415262238994,6,0.09261726908026176,-0.12043276806354264,-2.369608439448974
3452,-17.83506241954281,6,0.03918894840908213,-0.004180366039239117,-2.9724743898953343
3453,-9.066694101444662,0,0.030022165898823342,-0.007977591773852804,-2.9473838174707927
3454,-11.361894018674676,4,0.02437713251216786,-0.0003059924665733629,-2.4631356952873458
3455,-8.167720335043818,0,0.02704543157299273,-0.007112776098267132,-2.6126437260535322
3456,-14.082764994662835,2,0.04346318343403888,-0.0026859779234158156,-2.5515000911987102
3457,-12.798466122341434,4,0.029133993782587457,-0.007296293509649174,-2.7043327619000923
3458,-18.408805068280707,8,0.042659037165084866,-0.0021362722421935224,-2.560194033933956
3459,-42.025481355306646,4,0.12591218991823427,-0.8097862842193626,-2.4918793675395667
3460,-22.609106129327625,2,0.06824207327591947,-0.36772149996758774,-2.7465247762303133
3461,-14.314930992219676,2,0.04700355340541855,-0.010379805531039947,-2.781396080956453
3462,-9.828316829310397,0,0.0325440954612927,-0.00600022648072598,-2.919890215275624
3463,-16.290441513351894,6,0.034074309646860555,0.10487941873987632,-3.360277599413771
3464,-36.16298410770326,26,0.03365226525729544,-0.0005916960713984013,-2.8634579288282906
3465,-9.233170869548264,0,0.030573413475325488,-0.0034193877093740646,-3.126356823281817
3466,-15.72484812690416,6,0.03220148386392096,0.0010817285149130008,-2.99473015072976
3467,-15.27439290626033,6,0.03896803742126196,0.0008254002926464216,-2.5449105618142
3468,-8.411456396344466,0,0.027852504623657137,-0.0031568019768062807,-2.7227503951202574
3469,-12.91748323024369,4,0.02952809016636996,-0.001878788962494582,-3.046793060546158
3470,-14.002478816552834,2,0.039743307339579016,0.0019841641196919396,-2.797115937067236
3471,-14.459863896319828,2,0.04125782747125771,-0.002474678135692876,-2.9535725175366823
3472,-13.3875380974269,2,0.03770707979280436,0.0704267069451443,-3.1356969177105776
3473,-16.804763017300488,4,0.04239987754073019,-0.0003557269582494057,-2.6994414773846387
3474,-14.356566180328157,2,0.040915782054066784,-0.005339927832898221,-2.8419899365095853
3475,-19.611915491750544,8,0.03845005129718716,-0.09206612070294602,-2.4645988004319124
3476,-11.882457532041135,4,0.028979623279563046,-0.0006283194977132713,-2.5966335812237316
3477,-14.707904838964696,8,0.02866625999557557,0.00033284976424721,-2.0292645472589914
3478,-15.28576543366277,8,0.03642882716831367,8.058226003777236e-05,-2.9588658596607855
3479,-21.434112970159692,10,0.03786130122569424,-0.0015932958420452397,-3.0240897959412774
3480,-8.21077308965327,0,0.02718799036309027,0.00366505003562783,-3.224081246013366
3481,-44.79608497800929,32,0.042371142311289155,-0.0019394102838624343,-2.968580404448937
3482,-8.003858804945603,0,0.026502843724985466,-0.001943397587812845,-2.7579091511480973
3483,-12.737745716900495,2,0.03555544939371032,-0.002570374363675615,-2.59408526236287
3484,-8.595076937599876,0,0.030917542941006737,-0.0002722170490356122,-2.9827472159138164
3485,-26.211713869951442,4,0.07354872142368023,-0.04013642750315011,-2.525120814781195
3486,-15.782247539155984,4,0.03901406469919204,-0.006436152988428015,-2.7130120285943966
3487,-46.97152523296503,16,0.1025547193144537,0.10158491586373551,-2.54806377049019
3488,-22.044959389260967,10,0.039883971487619296,-0.0002844386795070793,-2.302990081884423
3489,-16.916350236605915,6,0.036146855088098936,8.407539614038357e-05,-2.6909993723762646
3490,-19.897729202417842,10,0.03277393775635031,-0.0030224035944271563,-2.4441891368134687
3491,-10.01550339091271,2,0.02654140195666462,-0.004091730910054229,-3.1701534720993485
3492,-8.513615967209914,0,0.028190781348377228,-0.0015745966463960362,-2.966817710185516
3493,-9.01865893343904,0,0.029863109051122712,-0.005895041674953756,-2.9545136463375057
3494,-15.844440551534,4,0.03922000182627159,-0.002680342154737735,-2.305349572777088
3495,-22.172726417414236,12,0.03368452456097437,-0.0004222755831518266,-2.4805618208553177
3496,-8.123559635614924,2,0.025303965436425265,0.00278146711432121,-3.132339644815565
3497,-10.171514465404842,2,0.029606936468858126,-0.004592086383364285,-2.8698741366023004
3498,-13.344787881674522,4,0.030943006230710227,-0.0010536633434995318,-2.4383337903979068
3499,-14.184273808786301,4,0.03372276095624605,-0.007859875862054921,-2.7655821440513213
3500,-8.413555568806181,0,0.02785945552584825,-0.003049183736974682,-2.9525865438957437
3501,-23.97114514259452,2,0.07275213623375663,-0.4667071192209233,-2.420139620277957
3502,-10.464270875977393,2,0.028027387006547652,-0.007338034236782064,-2.6363838898193013
3503,-8.380341430471963,2,0.030382578240342625,-0.008649394296863604,-2.3487339007391017
3504,-19.797416483914613,8,0.0412497079857154,-0.001231723861570203,-2.779876179515972
3505,-33.545786592996585,0,0.11107876355296874,0.8771684475542996,-2.321441863575605
3506,-9.196423730812912,0,0.030451734207989842,-0.005162021012773231,-2.7154971153604865
3507,-12.480875454034017,0,0.04132740216567551,-0.003554952016026275,-2.5666392106946794
3508,-13.506742936946297,4,0.03371185438633428,0.0007485390325400529,-2.3239898436128144
3509,-36.056008805299825,10,0.0862781748519857,-0.5698987956218952,-2.8721924416160376
3510,-19.688293550888552,10,0.032080442221485206,0.0016245698739793027,-2.6617170010023354
3511,-24.15811558422761,4,0.06674872710009148,-0.3230599460801085,-2.175672357252318
3512,-10.088214861218468,2,0.026782168414630603,-0.0007111507156842222,-2.449979487095731
3513,-7.880657905898597,0,0.026094893728141,-0.0009270821321780318,-3.7884192024811907
3514,-11.082469355383752,2,0.03007440183901895,-0.0038303413280341403,-3.119024990521532
3515,-25.258788650070738,14,0.03728075711943935,-0.007995682458442618,-2.674145709552389
3516,-53.248358698158704,16,0.123338936086618,-0.8775806669773386,-2.5414529726678654
3517,-7.818055915675162,0,0.025887602369785354,0.00014513700973822286,-3.019764612130944
3518,-8.250469532113776,0,0.0284498949383234,-0.0029462196688360438,-2.7465395941933743
3519,-28.746430198216665,2,0.08856433840469098,0.5240521973683592,-2.701620799281121
3520,-23.493341575043754,10,0.044679938990210874,-0.000458221795771345,-2.584294916204557
3521,-13.972069931244537,6,0.03240678833839256,-0.00015246752721477088,-2.4139714657491815
3522,-9.586952525455716,2,0.02512235935581355,-0.006909758030916472,-2.3231766811172463
3523,-11.180561660581791,2,0.030399210796628568,-0.003223240482374187,-2.5069472214563913
3524,-12.570914307184458,4,0.02838051095094191,-0.00662035593841632,-3.156470535591627
3525,-14.894327088541111,6,0.036155801172931344,0.00043437189263541526,-2.6688819696526687
3526,-13.27636855919906,4,0.030716452182778346,-0.0023199142564384154,-2.5417681821664355
3527,-7.189957072421528,0,0.02380780487556799,-0.004510997825561227,-2.738074955748647
3528,-12.200684414987307,4,0.027154584155587032,-0.0013200767979716624,-2.529447423384659
3529,-11.898363053105971,2,0.03277603659968873,-0.004248483114357766,-2.389169139025073
3530,-32.698105010182275,6,0.08840432122576894,0.2850973693315489,-2.808428319846357
3531,-10.14753468155216,2,0.026978591660768846,-0.0011670969837554884,-3.166246645562875
3532,-19.16411914788794,10,0.03034476539035748,-0.00518089223757929,-2.7757145013171787
3533,-10.52818637977258,2,0.028239027747591194,-0.0025026040529486852,-3.1774505624886826
3534,-12.530893556277213,4,0.02843631185425741,-0.002117583562619984,-2.5684789820378646
3535,-19.862360599682088,8,0.039279339734046494,-0.002560826080746406,-2.8980726224191438
3536,-12.093116901025146,4,0.026798400334520273,0.0003721175900358238,-2.6146741878966777
3537,-29.301368970778466,16,0.04404426811516027,-0.00406019033259706,-3.3600940201081495
3538,-36.44410176720469,2,0.11405331710994945,-0.05843896669549991,-1.9966627194108642
3539,-35.55597539563159,18,0.06095824790149863,-0.12675740695509982,-2.222108798929225
3540,-18.234233870168175,10,0.027818357669487006,-0.0018676683405017783,-2.856403866003431
3541,-13.237286395534902,4,0.03472664058471783,-0.0069293532073690335,-2.858938572061409
3542,-20.878549386063117,0,0.06959516462021044,-0.007907902885694056,-2.6925823397243707
3543,-6.817947165372682,0,0.029136526347746567,-0.004931205969192406,-2.540821506574145
3544,-10.938126279376451,0,0.03621896118998823,-0.004030184897082235,-3.112923236806838
3545,-15.217060623473058,6,0.031565276107784396,-0.001843454007199672,-2.5131253171143637
3546,-8.487839560573821,0,0.028105429008522614,-0.002707319504223665,-2.5480691131682653
3547,-34.04917840594542,4,0.09950059074816346,-0.8208746789980045,-2.692306908191604
3548,-9.970313851852136,2,0.027109911060721626,-5.407633242469763e-05,-2.566499245625154
3549,-30.187463614369385,22,0.03529079144124719,-0.005194218304200933,-2.577788534499243
3550,-31.044278110311243,20,0.036570457318911335,-0.0010436183475389682,-2.4628257928142054
3551,-37.389394024576184,8,0.0973158742535633,-0.723904704659505,-2.45526619799555
3552,-28.194155725273177,20,0.034142315521971986,-0.0014602440405481806,-2.587303959672184
3553,-11.909467496904794,2,0.03281280628114176,-0.004313736271881421,-2.5617794588717033
3554,-31.704099576152114,4,0.09173542906010607,-0.3201655762120526,-2.821810754875742
3555,-10.228800657257965,2,0.02724768429555601,-0.0015735365254557784,-3.0574856482372565
3556,-9.306472669401991,0,0.030816134666893997,0.0009136701451417133,-2.9203800845515007
3557,-13.758947281115333,4,0.03231439497058047,-0.0035489657778903496,-2.7766960390807216
3558,-10.539932841231666,2,0.028657492755810924,0.0004830127175672342,-2.5776871182601133
3559,-13.730895152620288,0,0.04546654024046449,0.18583864951367485,-2.8431124126178764
3560,-14.529257597901685,6,0.033846260309133805,-0.004793318409457921,-2.356084076542544
3561,-20.568128345981844,8,0.0604236939710664,-0.19718423366139176,-2.333264599536023
3562,-21.43775046852873,8,0.04449586247857198,-0.17314040116558702,-2.026994135519428
3563,-18.58066198171337,0,0.06152537080037548,0.3971917124552998,-2.5060199841255413
3564,-12.104758988164098,2,0.0334594668482254,-0.0021122210276689358,-2.4398334578309124
3565,-35.37389831897473,2,0.11050959708269796,-0.6801981585997693,-2.800459372636782
3566,-17.14041235852169,8,0.03542795487799106,-0.000741144220431357,-3.0196260183865142
3567,-10.381809676918357,2,0.028509556724212078,-0.004776331283418196,-3.108559085811856
3568,-19.109959237850546,0,0.0632780107213594,0.2815561498735803,-3.125790670770259
3569,-17.5329304850936,4,0.05245321893447129,-0.0312942810129201,-2.5955904360151707
3570,-18.825516334478028,10,0.02922356402145027,0.000580711256857616,-2.464006594103639
3571,-14.749859156533573,6,0.02897304356468064,-0.005165948382492442,-2.516697173198031
3572,-20.577125585427954,12,0.037291850371425427,0.0012469269134833113,-2.1576667480822653
3573,-7.764985607296005,0,0.025711872871841138,-0.0014111224462475553,-2.6839581729309163
3574,-49.83150873757177,18,0.10753888087017457,0.3534430286343637,-2.391628937622423
3575,-8.260383038416487,0,0.028882458176281413,-0.0023911211830140514,-2.445416155036285
3576,-19.178357333012322,4,0.05706149373312898,0.3068380985864179,-2.30772958715329
3577,-16.504064950873534,2,0.04802670513534287,0.21583063052882384,-2.366718315289723
3578,-24.765335039561908,16,0.029024288210469977,-0.004245155775419973,-2.7639014365121843
3579,-14.736981899004283,6,0.029717625506817145,0.0019749665856171324,-2.507197035792827
3580,-7.042752538019284,0,0.02533364222309097,0.0019053360990000715,-2.890576009027846
3581,-14.194640639911785,4,0.03375708821162858,-0.000696341613067055,-2.6934205350965654
3582,-17.56105518684447,6,0.03828163969153791,0.0007292802251307973,-2.4143821090694195
3583,-31.994469914835083,16,0.05296182091004983,-0.03838396572649775,-2.469627727421108
3584,-13.157104588826623,2,0.0369440549298896,-0.0005469019489288823,-3.188983635514892
3585,-9.36008630669495,0,0.03099366326720182,-0.004496678686392377,-2.6346664153121178
3586,-9.205745939750075,0,0.030482602449503536,-0.004130815650762016,-2.879160844696229
3587,-22.333829320759218,12,0.03514907932231019,-0.0027102485571538102,-2.6185952087389115
3588,-12.720587903260085,4,0.028876118884967206,0.0026996293857644332,-3.0147837965138455
3589,-7.772386704762232,0,0.025736379817093445,3.183675137354641e-05,-3.427431804699467
3590,-9.309289942631356,0,0.030825463386196468,-0.00015330106260514023,-2.751718395743026
3591,-8.372679342484567,0,0.027724103783061484,-0.0037487593707659387,-2.9766963863251914
3592,-25.763339463726247,12,0.0455739717341931,-0.002057953696969329,-3.0024673898220184
3593,-14.41228895666227,6,0.029830811903057742,-8.396266312305386e-05,-2.4462931335192826
3594,-12.813775692608003,4,0.02918468772386763,-0.005216160416063415,-3.428736716417198
3595,-26.533579860139252,14,0.04150192006668632,-0.00915334867379036,-2.67200371218842
3596,-20.535299282671286,4,0.06509960347508387,-0.021237400865299613,-2.1874366523881306
3597,-24.169100245041953,10,0.046917550480271,-0.0018528294641623237,-2.5837910124654297
3598,-13.318173349204132,4,0.030854878639748704,-0.0020575759330277166,-2.4815877416188674
3599,-17.308302673651948,4,0.044067227396198456,0.1757088784463025,-2.4938334513038347
3600,-25.80907232037126,16,0.03248037192175889,-0.003038465425014397,-2.901549093936133
3601,-68.47402060229412,24,0.1502500696023443,-0.00881913628608517,-2.312979396209876
3602,-13.15094958997715,4,0.030301157582705695,0.0010546075428422813,-2.6341370862446083
3603,-38.28399189867226,16,0.0737880526446101,0.25695707131522577,-2.588683206964722
3604,-11.31275321232208,2,0.030836931166629413,-0.0041536503717371125,-3.1603488933276123
3605,-11.03082464335889,2,0.029903392858804383,0.0022679530462675684,-2.652684334035352
3606,-10.319544406581745,2,0.027548160286694476,-0.00354880790583888,-2.7225421428452217
3607,-22.26556654936073,4,0.06570347679626178,0.4054975167524887,-2.4870467993670324
3608,-11.498325617119892,0,0.03807392588450294,-0.0016165211846102152,-2.6954909195542562
3609,-40.84135845021585,10,0.1021237034775361,0.7519663787195582,-2.565264451458961
3610,-28.255384577562566,18,0.033958227078021694,0.0009309000932358649,-2.4689594600317286
3611,-8.38780013963324,0,0.03083750051335743,-0.007911446963279398,-2.50649431450461
3612,-15.269377968188165,4,0.03731582108671581,-0.00198396874186182,-2.6811085438331133
3613,-10.933647217460738,2,0.029581613302850158,-0.0028074724467113516,-2.4900089366262046
3614,-20.460046199166058,6,0.048523644963644516,-0.002706452173449649,-2.3296517830651453
3615,-16.934104465787346,8,0.029583127370156642,0.0027949290275296186,-2.786154198359979
3616,-57.538778261322754,44,0.05886425331009884,0.001625363127247471,-2.4559266046823365
3617,-27.37280071782576,2,0.08401589641664158,0.012203148925454904,-2.2971088574111804
3618,-10.057465822082554,2,0.026680350404246784,-0.0020256616073407677,-2.438450037439112
3619,-28.03048347723048,16,0.03983603800407429,-0.0025587668654737093,-3.1712936252848993
3620,-16.502846865570245,4,0.052532970023404325,-0.001154029565401563,-2.892332036723774
3621,-15.263926728139591,4,0.03729777062297891,0.00011859326700476424,-2.8840671695268862
3622,-9.73555496333315,0,0.03223693696467928,-8.498512405828135e-05,-3.3683844445848417
3623,-12.147389044125243,2,0.03360062597392472,-0.0014654116653887376,-2.628360223027011
3624,-10.563216376284315,2,0.028355021113524132,-0.0029462042543728717,-3.3228738681673047
3625,-10.15088331178853,2,0.027351957422109247,-0.0016349470466312846,-2.9247485974813334
3626,-14.699590854120572,4,0.035429108788478714,-0.008841495797892304,-2.719177331954675
3627,-8.410157623037989,0,0.03161713392119546,-0.0007177220631208747,-2.8215481272035565
3628,-14.215742804500229,4,0.033826962928808754,-0.005276593735398392,-2.7406773178327817
3629,-18.5263180473846,6,0.04147787432908784,0.0030514806342490067,-2.6129831961645986
3630,-7.030739202975853,0,0.026431350387127288,-0.004995009067811464,-2.2048434711337137
3631,-11.52621775779811,0,0.038166283966218906,-0.0011858048187322076,-3.3244512498860606
3632,-11.241380202763356,2,0.03348326160421515,-8.209765158202229e-05,-2.7809111636668526
3633,-31.99509333360501,4,0.09269898454836106,-0.6500280625607806,-2.292276429273003
3634,-23.322452017632184,12,0.03931406950566733,-0.0009172230186070212,-2.599803012336229
3635,-13.165337537393054,4,0.03204663474612956,-0.0032937421233855658,-2.6897071397129833
3636,-54.42645196190204,20,0.11399487404603327,-0.011064198755486468,-2.869669784821989
3637,-17.26361834139211,8,0.030674232918516786,-9.911378239596029e-05,-3.0409455173206363
3638,-17.504479321875795,8,0.0406174329994691,-0.0813001998507171,-2.7295299556463535
3639,-13.452878397109657,2,0.037923438401025404,-0.004227275481071348,-3.047729646363789
3640,-14.677245334022707,2,0.041977633556366474,-0.0032349736122522406,-2.792106048948523
3641,-20.511426493437536,10,0.04958220044074322,-0.0015664265885342895,-2.699837804841809
3642,-8.599609554440324,0,0.028475528325961386,-0.0012819681742185394,-2.9918676804459734
3643,-9.29483214161816,0,0.03077758987290777,-0.00788783607326004,-2.4093678363039936
3644,-23.687414364121885,14,0.032727751230141634,0.0008421789898027389,-2.7677910361963645
3645,-26.309677819384362,14,0.040760522580742795,-0.00723162802546871,-2.5151335397082617
3646,-13.388245585438627,4,0.03556153630847972,0.0019834259629009686,-2.3036410338656754
3647,-22.497029818763274,2,0.06787095966477903,0.11666184270897856,-2.5568642827326746
3648,-15.667775255631605,6,0.032012500846462136,-0.0020237665253364486,-2.9267269339549684
3649,-26.03031693367067,12,0.046458003091625025,0.09617147460604543,-2.6142900347504385
3650,-19.148722758138877,10,0.030293783967347155,-0.0046778606524188315,-2.8212039880946413
3651,-20.97101807459193,8,0.04295039097546997,-0.0023109537407459803,-2.7061657740324367
3652,-15.304286924593338,6,0.030808897101302517,-0.00536099119329307,-2.2283233325595395
3653,-9.861333420947824,2,0.026030905367376882,-0.002645001802069215,-3.0499087933698803
3654,-23.802543920440144,12,0.03908127125973559,-0.0028417730962993293,-2.9458308492807808
3655,-11.332127268952902,2,0.03561880637004926,0.0009145383859934811,-3.160907326206807
3656,-10.783326305164593,2,0.02908386193763111,-0.0029216892571675757,-2.6735818529740554
3657,-10.710742393503647,2,0.030037042736219446,-0.007452334310409838,-2.533973192422137
3658,-8.29133547561573,0,0.027454753230515692,0.0016384394224563503,-2.965724474132109
3659,-13.718384573327175,4,0.032180081368633026,0.000385998978914804,-2.5727266282976884
3660,-12.31014033914022,2,0.0341395375468219,-0.0032513809748092627,-2.3924463875941
3661,-40.190869850546875,10,0.10705982216505962,0.4842763041165915,-2.830287808937133
3662,-24.35004342707588,14,0.0342716669770726,0.003228497760839119,-2.705275170485927
3663,-22.441261811445948,16,0.03286358067064285,-0.008581906204511013,-2.1644801568838634
3664,-14.707305758614481,4,0.035454654829849254,0.0022797844437450567,-2.9682545582208757
3665,-13.84055313183634,6,0.025962096463034216,0.0011925176607864285,-3.0834910538349383
3666,-11.009327582270135,2,0.030436917507669334,0.0014192900612535005,-2.835081963135697
3667,-10.295228269482266,2,0.03606620986731438,0.06800194258882623,-2.246051299658847
3668,-26.34155546724353,12,0.04878080090899192,-0.005096834847152385,-2.189559937804798
3669,-16.00462576458525,6,0.03312789988273253,-0.006685283102537659,-2.2994016203757943
3670,-10.796517832721277,4,0.02614045320277424,0.0034285700873722537,-2.7565214137399856
3671,-24.924245616512668,14,0.03617299873017439,-0.0019244839583788783,-3.163470622444709
3672,-12.855295058043957,4,0.029322169066370682,-0.0024585396159341596,-2.410422205240836
3673,-11.108631004988425,2,0.030161029817842577,0.0001367705393835458,-2.863196561034863
3674,-14.93853862918987,4,0.03695452239591171,0.0010779296803111965,-2.8987982525281777
3675,-19.45219948491996,10,0.0312986737911256,-0.0007641909722645847,-2.7283423898647547
3676,-7.026346741576671,0,0.024567645949568732,0.005455738725954784,-2.428414477684195
3677,-52.04831529169831,2,0.16572289831688183,0.6979081597716535,-2.0927829138567633
3678,-11.187731345758577,2,0.030422951476021802,0.0020978770247315186,-2.7278033826487844
3679,-26.873086663773602,18,0.029381081668124573,-0.004617248300080564,-2.442348919039598
3680,-15.862997672338887,8,0.03170563577555996,0.0017764658644615161,-2.6014886467133636
3681,-8.900602954905287,0,0.02986779515068886,-0.004224953745904335,-3.0223004115757925
3682,-10.562309544865931,2,0.028352018360483264,-0.005797297313550351,-3.1260289241414863
3683,-26.484065883193768,4,0.07445054928209831,0.16883758253476502,-2.785460589911067
3684,-7.934324757731645,0,0.026272598535535215,-0.0006044509267089087,-2.8283187582053473
3685,-15.473573350171574,6,0.031369448179376175,-3.6678877844172994e-05,-2.835510012219561
3686,-10.102877371192847,0,0.03436352847344514,-0.005046682198354531,-2.9014198954699824
3687,-23.911025509286024,0,0.07917558115657637,0.5265111267461059,-2.4487775613323306
3688,-16.222839519336244,6,0.03993296687240703,0.0036434252626349915,-2.3807995567788565
3689,-17.219488718113677,8,0.030528108338124794,-0.0022088539428910276,-2.869298105251731
3690,-34.72891717344405,10,0.08188383170014596,0.5756968071062846,-2.7017262442070615
3691,-14.797568847324495,6,0.029923703562328294,-0.0030027119946495003,-2.904515396374108
3692,-23.08953195517966,4,0.06321037071251541,-0.1669093683918642,-2.401996748255364
3693,-13.351977335999486,4,0.030966812370859256,-0.00033708656197475477,-3.23516792424909
3694,-52.433235882963885,12,0.13388488702968135,0.687873188848453,-2.685785392026605
3695,-29.16599129468732,16,0.043595997664527576,-0.003986364780826531,-2.355788481364486
3696,-41.152656457716624,0,0.13626707436330002,0.9173380103803568,-2.4936661700056617
3697,-14.77703959059791,4,0.03568556155827129,0.000475944619971198,-3.0353451450391584
3698,-23.277340315264443,10,0.043964703030676754,-0.1467424585984323,-2.366365585713477
3699,-10.866261120651414,2,0.029358480531958293,-0.001043577071985489,-2.5848420289857006
3700,-30.31112658725944,20,0.0341428032690712,-0.0025436278807295376,-3.2138277700779936
3701,-19.190704298752728,6,0.043677828803816945,-0.040335883994568264,-2.55063758108172
3702,-18.099092286547553,8,0.033440702935587756,-0.002012378557597515,-2.9061921722989603
3703,-8.51049670516111,0,0.02818045266609634,-0.004276067121817872,-3.007187775848973
3704,-17.447535019546788,10,0.03324792419440548,-0.004889795424865692,-2.7717279030005946
3705,-13.251684202231491,4,0.030634715901428855,-0.005779750776378475,-3.060555317668895
3706,-19.230489667368044,6,0.04380956843499364,-0.0001636547815141003,-2.93307077550246
3707,-12.665668231493767,2,0.03531678222348935,-0.0010548860448357088,-2.6799683902662443
3708,-21.042753817796886,6,0.050479039657036436,0.19580153873309042,-2.3510121108355446
3709,-24.762356459922376,0,0.08199455781431261,0.6248574669764297,-3.0041641035841913
3710,-18.720001659337893,10,0.02887417767992687,-0.00666264366410173,-2.832158831860184
3711,-12.330367154122078,4,0.03155442103834129,-0.001149774005259105,-2.8499502146696836
3712,-12.119482713290651,2,0.033508220904935895,-0.003239487268998972,-2.928140377303561
3713,-37.26841339489581,0,0.12340534236720488,-0.31630663435893835,-1.9295965751920616
3714,-19.93989306184482,10,0.032913553184916546,-0.00210029867027473,-2.782570105971189
3715,-14.3433724516822,4,0.034249577654576875,-0.006924361753622872,-2.9615982081289696
3716,-16.808506963732075,8,0.0346791612745359,-0.004991060309501651,-2.476192481485452
3717,-34.25736547819642,22,0.04058730290793507,-0.0014818565691790439,-2.9317291827719023
3718,-10.012929062780659,2,0.026532877691326687,-0.006156095490938929,-3.453749009636917
3719,-11.524435850105181,2,0.03153786705332841,-0.006628151666234241,-3.172080735017897
3720,-39.33521770262225,6,0.1103815155715968,0.26750089417046724,-2.748447663562499
3721,-16.57364196523861,6,0.03501205948754514,-0.006099898288711067,-3.0795103744070187
3722,-31.369133943043124,14,0.05751368855312272,-0.23607194057807623,-2.2443091469457404
3723,-7.962055689486018,0,0.026364422812867636,-0.002997292348010996,-2.8013192946606296
3724,-14.11718439049988,6,0.026878094008277762,-0.00631068376778002,-2.647270356340504
3725,-30.524086186254827,6,0.08120558339819473,0.465100218713999,-2.39762215136353
3726,-22.708838043430887,10,0.0467236692773192,-0.004293264167105971,-2.3438088857894934
3727,-9.852330378289002,0,0.03262361052413574,-0.004738473557961167,-2.881270350734391
3728,-14.36103082938472,8,0.031805154146923566,-0.0076568913719384,-2.2954275791094405
3729,-25.32170164062426,4,0.07060166106166993,0.05404078797564459,-3.200059674364755
3730,-14.476604453087278,4,0.03688945229960314,-0.007192133948482363,-2.9729611838792294
3731,-8.592172892032991,0,0.02845090361600326,-0.003389087755738801,-3.0766357860355624
3732,-11.996059670150974,4,0.026477018775334375,-0.005370992350250186,-2.626686944646471
3733,-37.58490098398538,26,0.03836059928471992,0.0010835828262671138,-3.36955515828696
3734,-7.837157667484929,2,0.02727643769852768,-0.003311071455017359,-2.5324243611891135
3735,-14.319085003353617,4,0.034169155640243774,-0.005835942011819967,-2.621856134520483
3736,-24.02059790468698,6,0.05967085398902977,-0.3485215786287857,-2.600655657604386
3737,-9.848595104413715,2,0.02744264022522279,-0.0018140143115672614,-2.643260578674238
3738,-16.355148378402237,8,0.02766605423311985,-0.004154979783597568,-2.8220165118830285
3739,-11.57385732275124,2,0.03170151431374575,-0.00250433705799553,-2.960136916658483
3740,-8.904769139451979,2,0.025764063953178977,-0.0015006571055959854,-2.096703575317984
3741,-6.1285941300778015,0,0.03259890494722232,0.0073064158413004366,-2.482551523438714
3742,-14.460378088093092,4,0.03486792696031026,-0.0036090753299649805,-2.872859311443288
3743,-10.208069562050891,2,0.027179038284936816,0.0011111535150434403,-2.5814970396914743
3744,-41.889286724976955,4,0.12546121432111595,-0.5277663072836369,-2.6962338272950133
3745,-14.858431176971068,6,0.02933255356612936,-0.0017810829822976291,-2.757092881180186
3746,-17.54296480677709,2,0.05146677088336786,0.1989645726770619,-2.6138878499792035
3747,-7.920623526034742,0,0.02622723021865806,-0.0034810060279024456,-2.500662152226729
3748,-25.8708069830075,14,0.03930730789075319,-0.001396385590709277,-3.148812970591888
3749,-15.119507956458026,6,0.030197046213437235,0.0003659967767901176,-3.043857948493871
3750,-56.84781943452482,2,0.18161529614081076,-0.5401226169838329,-2.4943419469226713
3751,-10.928578525420281,2,0.02956482955437176,-0.007496625844262762,-2.8635896194732515
3752,-10.941627630929231,2,0.029608038513010675,-0.0007097322413611491,-3.04029264363791
3753,-14.403711368402622,0,0.047694408504644424,-0.16573235132054592,-3.2096482750134765
3754,-14.33514285600802,4,0.03885392051130817,-0.006055289816025547,-2.72855454574775
3755,-21.545628189225692,12,0.032690507497348226,-0.006238671449931619,-2.7030860560241297
3756,-13.115935638205226,4,0.03018521734505035,-0.0008888183614942215,-2.400348826376598
3757,-15.171720092139207,6,0.03036993407993121,-0.005590400848204628,-2.864165618244712
3758,-15.044506526713183,8,0.032918254797725234,-0.0031006806081804996,-2.759430690969245
3759,-88.97598265192212,38,0.16879464454278842,-0.17401173786521928,-2.4123821540737973
3760,-16.543292443812874,8,0.028289047827195064,-0.0024067602752143556,-2.7058024457330117
3761,-15.277623298562125,2,0.05353880362323433,0.17040837516824173,-2.586633144208087
3762,-10.218524488770392,2,0.03604616003846657,-0.001799457254737877,-2.528715055128723
3763,-10.767941713182266,2,0.029032919580073754,-0.005350839056225728,-2.631310341240058
3764,-12.901510048348392,4,0.029475198835590737,-0.0015451763952397648,-1.9991508488495147
3765,-22.938932405081488,14,0.02959911392411091,-0.004817625448194067,-2.5346644121145103
3766,-19.992019685128835,10,0.03308615789777769,-0.003536119012374875,-2.754384308271357
3767,-8.644912526335741,2,0.028397062078357814,0.00300441624250454,-3.0814820621668115
3768,-19.993380412195837,0,0.0708985120999852,0.48965407817142337,-2.2657356003954088
3769,-9.908311288840544,2,0.02618646122132626,0.0017726525334357624,-3.429712076043588
3770,-14.972445881592535,4,0.03633260225692883,-0.0014222781855415627,-2.980200590561792
3771,-38.4292797386547,0,0.12724927065779712,-0.027305583087557816,-3.284674311827964
3772,-7.846212446551256,0,0.025980835915732647,-0.000885957453495496,-2.392958831462399
3773,-27.746717602758604,18,0.03227389934688277,0.0017002796667893202,-2.7877533500359566
3774,-24.455532570129005,2,0.07435606811300983,0.1202786686083931,-2.686923679346446
3775,-12.749323611384803,4,0.02897127023637362,-0.004172552816434116,-3.1813049404030416
3776,-16.985102733680637,10,0.03424069967490508,-0.007846394135056329,-2.8723982676197135
3777,-12.866672878676136,2,0.04984712329667961,0.00027519496298745414,-2.7118343673254484
3778,-37.281712470546324,26,0.03735666380975614,-0.003051371889694637,-2.42470663944691
3779,-22.37059248969813,12,0.034339710230788356,-0.003931863762038168,-2.951783335393307
3780,-12.107662402144014,2,0.0334690808018013,-0.0002132458150516332,-2.916320337882475
3781,-13.82673495072069,4,0.032538857452717604,-0.006476379806000049,-2.7622024838401726
3782,-10.245102273912613,0,0.0339241797149423,0.00013281312055688426,-2.816637202497843
3783,-9.619599053279007,0,0.03185297699761262,-0.0029521493746942243,-3.1430100680722095
3784,-22.902391949886272,12,0.036100635595649945,-0.03168697488788725,-2.567815074773154
3785,-40.79779362578371,8,0.10860196564829029,0.1846237946992481,-2.853204323738715
3786,-12.65520877432352,2,0.0352821482593496,-0.006704668568937564,-3.083632311999215
3787,-31.039440652101895,20,0.03806703673138555,-0.006277165230331493,-2.404762679244841
3788,-13.531888180463667,4,0.03156254364391949,-0.0017314171645210574,-2.5636909461162354
3789,-8.556689295824883,0,0.02991849404134575,-0.006222298196468085,-3.1550148758643237
3790,-34.68030100154552,22,0.041987751660746676,-0.0016137502429118713,-2.362799671017611
3791,-15.230726695002282,6,0.03056532018212679,-0.00467835872816477,-2.53750024564851
3792,-19.37702752282645,6,0.05028957715348272,-0.19266475071251757,-1.9718761902395285
3793,-9.90871345102983,0,0.032810309440496094,-0.0006403031460601614,-2.776716928830306
3794,-9.676409960074078,0,0.03204109258302678,-0.0024669411316951924,-2.9951395450230063
3795,-14.918844191670766,4,0.03791265344330131,0.0042385895977430565,-2.7792925981980967
3796,-10.664443612826233,2,0.028690210638497533,0.0035129397765221383,-2.713795456865248
3797,-8.87232448557119,0,0.029378557899242323,-0.003974289399732077,-3.1298165860430904
3798,-5.896137286757741,0,0.02704650131540254,-0.006616617088983638,-2.3723611584580993
3799,-42.301864451409685,6,0.12020484917685328,0.9049543686127074,-2.4862379927937535
3800,-27.82473387149643,12,0.052399781031445186,0.1801797495063607,-2.080825751668015
3801,-53.642375575413766,8,0.15113369395832382,0.5098811939307056,-3.0600879198880806
3802,-11.037142385432364,2,0.030949117758329876,-0.014872353660040024,-2.237568657935022
3803,-12.046101281037098,4,0.02664271947363291,-0.002390135383998223,-2.7629844507842214
3804,-15.847240802419055,0,0.05247430729277842,0.2510919499459263,-2.5323754591134913
3805,-11.772284396003172,2,0.03235855760265945,-0.00353402830274862,-3.191118864194083
3806,-10.058300012358005,2,0.026683112623702016,-0.00045707193958813584,-3.0308873141502857
3807,-14.014490002156586,4,0.033160562921048346,-0.004053771448019423,-2.966240720217739
3808,-7.9309624038279685,0,0.02626146491333767,-0.004675359602104749,-2.857950554540017
3809,-12.370615743074588,2,0.0343397872287239,-0.006541561296160351,-2.3302885481092033
3810,-23.3030559443432,4,0.06391740378921579,-0.23635564974311812,-2.6100920562081145
3811,-29.334797623519172,0,0.09713509146860681,0.8426941742448272,-3.1338043390048003
3812,-10.26698900275768,2,0.027374135770720835,0.0012860235334867427,-2.8901785081548503
3813,-11.156186777548234,0,0.036941015819696096,0.06669978024804231,-2.966802846676121
3814,-49.42228366723543,4,0.15040491280541554,-1.154881807522492,-2.7455905603510113
3815,-12.378771327536654,4,0.027744275918995552,-0.006752360559882756,-2.868635859957199
3816,-12.23093675965862,0,0.04049979059489606,-0.0012846449356131403,-2.502081440066306
3817,-9.991654752802198,2,0.026462432956298715,-0.0014738704921525058,-2.64385193036137
3818,-11.19398251413693,2,0.03044365070906261,-0.003312361161286221,-2.811881308557831
3819,-13.47595050345824,0,0.04462235266045778,-0.18955346425692243,-3.1231977955398396
3820,-14.656167013735507,6,0.02866280468124337,-0.0020370865958459082,-2.944484246700126
3821,-11.38955466267966,2,0.031091240604899584,-0.0027186877177473134,-2.834973672930759
3822,-8.158635227984957,0,0.02701534843703632,0.0007644543687917835,-2.173120040248074
3823,-9.043163891255235,2,0.02751235895021569,-0.0023107966235329513,-2.385451391283641
3824,-21.316401277775714,10,0.037471527409853454,-0.0007955097772230376,-3.341703198839824
3825,-8.732946353549268,0,0.02891704090579224,-0.0025797437641319407,-3.047962149079821
3826,-17.895863771649232,6,0.03939027738956705,0.003218960445158381,-2.964305218652936
3827,-29.87883937399813,18,0.039333905211914245,-0.0026219414684317066,-3.025414986541766
3828,-10.956752008530932,4,0.028511278723487556,-0.0009304316601807587,-1.9730227134942429
3829,-35.2810135437045,10,0.08371196537650538,0.18335621930159235,-2.228756093326551
3830,-11.103049775376736,0,0.03676506548137996,-0.07272514363747731,-2.489210016834465
3831,-19.02270941897555,6,0.04312155436746887,0.10911465513146797,-2.7421253912959984
3832,-8.597634692456609,0,0.028468989047869517,-0.0004741954060567432,-2.9527136860546404
3833,-19.155339390888162,10,0.04444339510139904,-0.002932556391268679,-2.8572647721018387
3834,-16.402303817590877,6,0.0379646124729595,-0.001010915371470398,-2.4598963570675685
3835,-11.63474134692452,2,0.03465734297454871,-0.006060802004142604,-2.5938727812615405
3836,-23.22775194372382,0,0.07691308590637042,0.3002526426182471,-2.5747060446035395
3837,-9.405660174874834,0,0.031144570115479615,0.00011077948293913872,-2.7098238362546776
3838,-18.0846799853518,8,0.033392980083946325,0.0019188076219157568,-2.838578128093462
3839,-7.813826880913312,0,0.02587359894342155,-0.004908221761005259,-2.983800189497469
3840,-34.29817592728519,8,0.0870800527393551,0.1266809890840036,-2.921081675338676
3841,-28.333447105937044,4,0.08057432816535437,0.4519080393128128,-2.4770512759175523
3842,-31.87869096743357,4,0.0923135462497798,-0.5448899201620123,-3.047429683740985
3843,-10.093050503848096,2,0.02679818047631821,-0.0007022787554695314,-2.8327670912575194
3844,-22.658124278027397,2,0.08828258238473248,-0.4205121480449875,-2.012661197452018
3845,-39.89357289057756,6,0.11223037380985945,-0.765321434420589,-3.2856733866172783
3846,-21.091659020588747,4,0.05659489741916791,-0.08340601205454973,-2.6047311893275737
3847,-19.725082741016372,10,0.032202260731842514,-0.0020908302036946676,-2.587085606842105
3848,-12.596347418631597,4,0.02846472655176022,-0.004348600553391063,-3.4035682063284547
3849,-8.329043288849787,0,0.02757961353923773,-0.0009054479992559908,-3.118946752789051
3850,-9.67327812892147,0,0.032030722281196876,-0.0013879445217054843,-2.608155308296096
3851,-17.31125552012583,6,0.037957233289012904,0.001632044017908707,-2.6908841333075446
3852,-15.14146384416658,8,0.02684760843671661,-0.00854416330838646,-2.4499641725214083
3853,-10.98806807074758,2,0.030161302250830906,-0.002083528849558792,-2.9326951016038314
3854,-22.18181048803359,4,0.061842892816440766,-0.28128163253311955,-2.529445154133386
3855,-26.332730263385987,16,0.03421433862048388,-0.001332871150225401,-2.0667059404803254
3856,-9.666977760503187,2,0.0306679110420127,-0.0010931949694640934,-3.0779545166760682
3857,-13.620858593914363,4,0.031857147661968045,-0.005387752189991737,-2.57222305763546
3858,-15.640540155413204,6,0.03192231839540796,0.00028548987053445734,-2.6332303449157273
3859,-13.56161907026662,2,0.03828350685518747,-0.005990590767548281,-2.874139734221983
3860,-8.138344427032937,0,0.029065515810831884,-0.002509042715786823,-2.941933845395189
3861,-17.570485994060586,8,0.031690350973710445,0.0006925917144198686,-3.0513608989496994
3862,-17.18906992556069,4,0.043672416972055185,0.04467672408035716,-2.526830703454572
3863,-21.684633652181684,6,0.051935873020469314,0.004199617345731039,-2.8049167868584113
3864,-10.705913399570827,2,0.02882752781314858,-0.004344430854790752,-2.917978547649483
3865,-14.459046066310803,4,0.034632602868578825,0.018246144576719806,-2.8181781209234322
3866,-9.044340320991214,0,0.029948146758249052,-0.0026993804043837335,-3.470613427685064
3867,-10.33847626092623,2,0.027610848546113224,-0.0031327435804611157,-2.668766576880381
3868,-16.92458894159962,8,0.029551619011919404,0.000817539953142528,-2.6969841119084106
3869,-12.18186336846292,4,0.027092262809479753,0.0022747534745841576,-2.369025645469969
3870,-15.18061209266138,4,0.03702189434656087,-0.0008139611032964132,-2.522719043573451
3871,-12.227930569366784,2,0.03386731976611516,-0.0006631361513355414,-2.986635679204868
3872,-19.305685040211888,10,0.030813526623218263,-0.0014143404879280372,-2.843567586143421
3873,-13.202778738546936,4,0.03047277727995668,-0.006607040963428626,-3.0463882361401957
3874,-39.96876912095737,2,0.12572440106277266,0.07495726410882388,-3.2137181078271926
3875,-21.894283637836335,14,0.02967775803697877,-0.007277014262053443,-2.5419286467752915
3876,-9.273761803182207,0,0.033120577868507875,-0.0028473746131307313,-2.9265418099372513
3877,-13.932568227344634,4,0.03288929876604177,0.001924574878051359,-3.3339343319364843
3878,-10.567535413138604,2,0.02836932256006163,-0.0014458101133304024,-2.599920274438961
3879,-9.215250286939819,2,0.03435833469971348,0.009012393871588366,-2.8601291522378145
3880,-12.20608482470696,4,0.02717246630697659,-0.00121331899457716,-2.382184999387242
3881,-45.14446401098932,8,0.12299491394367308,0.3398042410928972,-2.677195274562032
3882,-6.102966632570311,0,0.0252188703825219,-0.0008213506518932413,-2.52223702215338
3883,-27.30721372146089,6,0.07055368781940695,0.4939001563813503,-2.5887372833869375
3884,-14.59343799316559,4,0.035077609248892826,-0.0025563489832292428,-3.006963589362529
3885,-17.239270395592875,4,0.04383864369401603,-0.002813997697886943,-2.482659570841868
3886,-18.05878970570644,8,0.03330725068114715,-0.0014422714073420656,-2.5020657393432977
3887,-28.137560889604927,18,0.033568082415910194,-0.006195283722477836,-2.233152004131517
3888,-29.790396632551364,2,0.09202118090248798,0.07036536103638741,-2.4966028165477727
3889,-10.34239423403353,2,0.027623821966998533,-0.0009274800341200108,-2.526825349443956
3890,-20.310163847989518,12,0.030552072970549446,-0.0014598873338186155,-2.704111133392229
3891,-8.999329310179434,0,0.02979910367609079,-0.005729370487434481,-3.1900455466242637
3892,-15.720752002662575,6,0.0321879205386176,0.0026661686710273192,-2.5899410947407935
3893,-9.81025797044884,2,0.02586178135910205,-0.001588492986548766,-2.8469027788060277
3894,-11.703065506925975,2,0.03212935598319865,-0.0022164591470893646,-3.302373687325767
3895,-25.566771154566517,0,0.10065657934868731,-0.8236647233308301,-2.8256422033705784
3896,-15.354463111273674,4,0.0375975599711048,0.00029560069427116224,-3.002065288403118
3897,-18.02209983662323,4,0.046430794161004214,0.002812649928872159,-2.5683618063162257
3898,-20.105281344071418,12,0.02683867994725634,-0.002745911202991739,-2.685112676079792
3899,-16.59921009700532,4,0.04171923873180556,-0.004844843182059017,-3.056876093273233
3900,-21.339976349843912,10,0.037549590562397116,-0.0020534268479381027,-2.6255678353949707
3901,-42.75440292317269,14,0.0952132547124924,0.21947474201249934,-2.648411753034028
3902,-9.062799528209126,0,0.03000926996095737,-0.0012747344293397242,-2.643878079144691
3903,-13.480623003136433,0,0.04463782451369663,-0.06830369343847,-2.669775279183272
3904,-13.74568823725682,4,0.032270490851843844,-0.002506106112935636,-2.9766402404818573
3905,-8.894101872400125,0,0.029450668451656052,-0.005110758005538092,-2.821012791235893
3906,-10.76069602479832,4,0.028169566769992875,-0.004998657365407174,-2.4716516638860533
3907,-15.06614884600041,6,0.030020360417219883,-0.0010411575325573518,-3.37496035189687
3908,-19.899608002556327,10,0.03278015894886211,-0.0037828779491034664,-2.2257108312029246
3909,-11.745389298414022,4,0.025991239256423094,-0.0031282373375865636,-2.9413671956367904
3910,-16.474792026498434,6,0.03468474180959754,-0.007389955603770468,-3.1188175452732025
3911,-19.54230357427573,2,0.06310181141825795,-0.06887406298912485,-2.4755674711715017
3912,-12.348668269798825,6,0.026901136736435616,-0.008844256168231368,-2.4690025974804994
3913,-33.74365631586383,20,0.05128229968605918,0.0019700547518667335,-2.7252976295524345
3914,-19.718966583923255,4,0.052049558224911224,-0.10178546531354107,-2.807652482480606
3915,-16.311758216575008,4,0.040767411313162194,-0.0016171197990566147,-3.0945899419760985
3916,-10.627440613313528,2,0.02856768415004484,-0.0025897562676510276,-2.572613878198668
3917,-16.643391614829458,8,0.02862050203585917,0.000847768411657076,-3.3537248215169355
3918,-9.883425310036143,0,0.033617092891279475,-0.006461123581603486,-2.517093581731786
3919,-12.153290740428412,2,0.03362016801466357,-0.0005900424575149421,-2.512318924444497
3920,-16.599129273427685,6,0.035096454547773964,-0.0020250242141797055,-2.8983514659164555
3921,-28.36495809944959,18,0.0343210533094355,-0.002576782568573754,-2.712487398059554
3922,-9.168973699660684,0,0.030360840065101608,0.0009555700137927536,-2.8085879682748276
3923,-16.721453860871193,6,0.03550150285056692,0.0003755314710445159,-2.3039463865465875
3924,-14.836315746635918,8,0.02998384099401716,-0.005000590501157077,-2.252066096495745
3925,-7.412967467280499,0,0.029651869869121977,0.0036928438362898307,-2.1629388096014037
3926,-20.837272303039096,10,0.039265479358837105,-0.004965890717415976,-2.8380715248448287
3927,-19.639778187178372,10,0.04155076804818262,-0.004692799192933558,-3.160659624608826
3928,-14.392423895526784,2,0.04103451621035348,-0.0013689604596333542,-2.5224595681933026
3929,-27.67898343260548,4,0.11275706396478792,0.04091668913673077,-2.226182986630038
3930,-8.684300651167941,2,0.036327720930260494,-0.006799640343271439,-2.5351684902187275
3931,-16.25835560943211,6,0.033968064931894554,-0.027048771331142266,-2.8249289197415894
3932,-15.476929397573844,4,0.04069833119707051,0.0600699962672434,-2.4003173217159226
3933,-13.465083197957782,4,0.0313413350925755,-0.008302000714296364,-2.7392224057229075
3934,-8.488689482073276,0,0.028108243318123435,-0.004119143920290648,-2.5908968273631223
3935,-9.873446488451965,0,0.03269353141871517,-0.00514151442199267,-3.0647788042070756
3936,-25.13748796843835,14,0.05062494531108372,-0.13239572824973783,-2.5181072816237893
3937,-33.10303099387139,2,0.11269214128214264,-0.49904345978431885,-2.7073779085357472
3938,-10.05030384158114,0,0.03327915179331505,-0.0018865445087546642,-2.6354144771190815
3939,-11.515457771592327,2,0.03150813831653082,-0.00916063637559037,-2.6609003328848537
3940,-13.516300516322806,4,0.03151092886199598,-0.0011681663358139973,-3.00333810014826
3941,-24.357198106201572,2,0.07403045730530328,-0.09607355895319981,-2.5246542153460596
3942,-8.68783251337201,0,0.028767657329046428,-0.0034685975680010554,-3.1462932613163272
3943,-10.970681708602983,2,0.029704244068221832,-0.00207206817939014,-2.621018618027316
3944,-14.347975723585296,4,0.03426482027677251,-0.004041950643796548,-2.7413229099808674
3945,-25.302732000712624,12,0.04404878145931328,-0.09284278629544278,-2.901048000293802
3946,-10.845966914641036,2,0.029291281174307918,0.0030831792504011674,-2.3694433296987456
3947,-7.366814370126356,0,0.0272844976671347,-0.00521340640279016,-2.606034379208771
3948,-9.522432241970119,2,0.02961587496838628,-0.006580561660340159,-2.425027078569236
3949,-10.968921738401804,2,0.036757875977056605,-0.004363493284651414,-2.884748085183053
3950,-24.358169467437115,8,0.06543267786974845,0.003292297561466694,-2.8406776972013756
3951,-47.13755605675052,22,0.0832369405852666,0.4081896148373786,-2.9091531374769297
3952,-15.30366203303175,4,0.037429344480237645,-0.0024512160775276358,-2.9968553824411144
3953,-10.370021547430177,2,0.02771530313718605,-0.002249898263469141,-3.1364599442300665
3954,-13.658906723960662,4,0.03198313484755183,-0.004637076365083012,-2.5288458439977903
3955,-23.115178913330254,6,0.05667277785870951,-0.003981602032027448,-2.976906844953249
3956,-18.467972384916393,10,0.03002827086849792,0.0020335076316524005,-3.0078348578663925
3957,-11.08233815541179,2,0.030073967402025767,-0.0011828633728406287,-2.796626695455206
3958,-8.027958755649248,0,0.02658264488625576,0.004829986911287858,-2.893623660634865
3959,-21.908363153268073,12,0.032809149514133065,-0.006056348422838264,-2.45490770015912
3960,-12.155774714572303,4,0.027005876538318863,-0.005267615146651272,-2.905743361978918
3961,-9.306379843690994,0,0.030815827296990027,-0.0027811138209152893,-2.6988829229180937
3962,-12.498806775154994,4,0.028141744288592722,-0.0027343335078831837,-3.0050082192844125
3963,-58.42674525155917,16,0.14048591142900366,0.8454179927717898,-2.580737345283836
3964,-41.96391610754593,12,0.09921826525677477,-0.5198707867242606,-2.9697715680056334
3965,-10.494932241986673,2,0.028128914708565086,-0.016759248482085,-3.017030285901717
3966,-14.112079773117076,6,0.026861191301712124,-0.0006896729525548733,-2.7913020683688594
3967,-17.068284560336455,6,0.03664994887528618,-0.003358764065867475,-2.3488711490189433
3968,-24.55164029623398,0,0.08129682217296033,0.27801644422402233,-2.4678902141216352
3969,-10.088621265023814,0,0.0334060306788867,-0.0032103057189024247,-2.809111197685841
3970,-15.508452241132623,6,0.034450913917147254,5.040735949465222e-05,-3.2077776369054134
3971,-14.873769087990729,2,0.042628374463545504,-0.03508961066705427,-2.4702315568677244
3972,-19.65897321668234,8,0.04163919005957968,-0.006297515601244023,-2.7911252697796693
3973,-22.17287864405792,4,0.06017509484787391,-0.30781913762202867,-2.650027228607673
3974,-15.054857391596125,4,0.03660548805164284,0.016831810530259686,-2.373178941226836
3975,-14.938974563406077,8,0.03125664217750507,-0.007104120850678416,-2.4321430569304874
3976,-16.940605967137856,8,0.036343926695682274,-0.005912790748639017,-2.4847832287892198
3977,-27.103970213255625,2,0.08312572918296567,0.35956775089186177,-2.464633315985726
3978,-8.393126686924607,0,0.028743584544262377,-0.0024454424148170305,-2.536953099303056
3979,-7.801935064201755,0,0.02583422206689323,-0.002034783591701347,-2.900474144541504
3980,-12.957399339315481,4,0.02966026271296513,-0.004319519798012315,-2.9843945719042657
3981,-12.6507399812954,4,0.02864483437515034,-0.005077554047453088,-2.607348625097036
3982,-21.872233364314955,10,0.03931203100766547,-0.0025832776070822227,-2.8917394564283505
3983,-6.636398002951089,0,0.02962677679888876,-0.0011449758761695452,-2.5797804194753553
3984,-12.640361507217108,4,0.030001255233392747,-0.004602179528511543,-1.9373753840253913
3985,-24.10337767502054,14,0.03345489296364417,-0.0030234212650214354,-2.6731859696143787
3986,-11.000264462879422,2,0.02980220020821017,-0.0041895118913619425,-3.263767164065703
3987,-49.22221573720618,36,0.046231523556665925,-0.011278305221365283,-1.987351706966805
3988,-23.607000949456094,14,0.031811261422039806,-0.003920875440832745,-2.644620991236201
3989,-47.85403555346469,18,0.09885442236246604,-0.14042478982908096,-2.473796955805807
3990,-7.73748459401004,0,0.025620809913940445,0.001159574148794081,-3.1458275858144003
3991,-27.54370657626761,18,0.031601677404859384,-0.0014360301822596631,-2.2947480613587805
3992,-31.636688139287397,6,0.08488969582545493,0.5045794929511882,-2.965389013746815
3993,-8.146208157714181,0,0.026974199197729087,-0.004560180551631512,-2.405435366199902
3994,-41.2159295675462,0,0.13647658797200718,0.5545881011390701,-3.0837760793054416
3995,-24.12130856015093,12,0.04013678331175798,0.0919885492405626,-3.0723405855175088
3996,-10.36056234124349,0,0.034306497818687026,-0.002878044966133373,-2.56479131320163
3997,-9.584865236295398,0,0.03173796435859404,0.00048049449325471326,-2.9211159236434567
3998,-14.684817625794249,6,0.028757674257596722,-0.005125246854924554,-2.6424656051063034
3999,-40.70225408025533,12,0.0950405764246867,0.591984097827889,-2.742185214342047
4000,-10.735383063316714,2,0.02892510948118106,-0.004217916795064923,-3.2743896768544465
4001,-36.24974219733992,4,0.10678722581900649,0.8689446028840068,-2.4553172589521792
4002,-16.056342438481764,6,0.0332991471472904,0.0006568419669958337,-2.5603803744217357
4003,-9.359912618015082,2,0.02437057158283134,-0.0028730565412216726,-2.9724568985669335
4004,-15.372529559639117,4,0.037657382647811787,0.0005284719975566528,-2.7420054112007497
4005,-12.889260180703126,0,0.042679669472527035,-0.005740570189702689,-2.1933144632237345
4006,-22.229422773693834,4,0.060362327065211274,-0.38351473923316165,-2.454421269060236
4007,-12.385338496501117,4,0.02776602151159305,-0.0008170143637917195,-2.7854625258998738
4008,-45.979216142384075,8,0.1257589938489538,-0.48009011579125455,-2.9006916620827585
4009,-10.260690041189926,2,0.027353278282085842,-0.001765099077871754,-2.9967229047264374
4010,-13.83881515895522,6,0.027218108190816794,0.0031517710810779437,-2.938153153046733
4011,-10.727700048595336,2,0.02889966903508387,-0.001252140998778655,-3.0897388053403407
4012,-20.09046449045918,8,0.04030154830153077,-0.0843288889331743,-3.4547905371744805
4013,-9.715110880618589,2,0.02554672477026016,0.0004964796132377244,-2.4673171570260135
4014,-15.619454343319767,6,0.033400883136526935,0.0023981800048608823,-2.7461938240557275
4015,-6.406139970517515,0,0.03050542843103579,-0.007188304012552613,-2.2502965231683283
4016,-8.347993484435339,0,0.02764236253124283,-0.0033432982259874065,-2.8295591966159037
4017,-12.418644239138983,4,0.027876305427612307,-0.004909101706954176,-2.772108495185887
4018,-23.714016509742056,14,0.032165617581927486,-0.0014151675637429026,-3.0572615709402506
4019,-10.697888478149904,0,0.0368892706143101,0.09054506632900829,-2.2427248374110182
4020,-11.90241931955138,2,0.037795493586073925,-0.004155023626357545,-2.312378693206897
4021,-6.893934033502062,0,0.0325185567618021,-0.008598347740876049,-2.6183092704367876
4022,-17.027200500657244,8,0.029891392386282304,-0.003141411052421599,-2.6738759464736943
4023,-7.725231224777245,0,0.025580235843633278,-0.005049908775774553,-3.223498493438535
4024,-6.059156541373087,0,0.024044271989575688,-0.001988264891533329,-2.5576728390871146
4025,-30.406340553314166,18,0.04108059785865625,-0.002468021392871607,-2.7016810302422165
4026,-13.879663901609549,6,0.0336737773573056,-0.00115811571232083,-2.8252148173373337
4027,-23.8221535989909,2,0.07964289634668224,0.4955650358510129,-2.5702969707061714
4028,-14.77991185205042,6,0.02907255580149147,-0.005899262563587592,-2.447986535976912
4029,-22.513646713311037,8,0.048058432825533313,-0.005747325867815375,-2.567793423310616
4030,-9.958162970185477,2,0.02635153301385916,-0.00565749618729009,-2.8377592592726812
4031,-9.51835233008628,0,0.031517722947305524,0.001134290997962782,-2.7680471930899566
4032,-25.283737777887577,14,0.037363370125455826,-0.0009206330227906144,-2.4571537552931844
4033,-18.21266617307706,10,0.034219442387820806,-1.3689529150724411e-05,-2.5600142753042747
4034,-14.165910111108559,4,0.03529829899690476,-0.00012023464280193568,-2.234335823460717
4035,-12.185375492471536,4,0.027103892359177283,-0.0022066696539262175,-3.335431499386342
4036,-27.45910923623039,16,0.03794407031864356,-0.005691824587206942,-2.9260379543977044
4037,-24.689143864222686,2,0.07512961544444606,0.2897113331706905,-2.680245600044357
4038,-16.43755332944937,6,0.04832200615485814,-0.004434451857297164,-3.3437351392099153
4039,-30.60096999111728,16,0.04899654359435356,0.00039870577113118474,-2.696361447108172
4040,-17.04804296969779,8,0.036192171878791354,-0.00026140550039708616,-2.515198696589284
4041,-18.346606494497806,2,0.05412783607449626,0.18466935825012995,-2.872815262686171
4042,-15.174897884288116,0,0.05024800623936472,0.1258988516093756,-2.531140016623625
4043,-10.772418815419423,0,0.035670260978210015,-0.000812389210270508,-2.975605290286653
4044,-7.625277987322906,0,0.0252492648586851,-0.0010103501689416783,-3.033265779709415
4045,-14.638950026914795,6,0.028605794791108675,-0.005797142466485488,-2.5943227479199646
4046,-12.497834014830874,4,0.0281385232279168,-0.003038298141824957,-2.5722907200605234
4047,-30.18631119357378,2,0.09333215627011197,0.8090123175506153,-2.455514493380713
4048,-12.61041030821961,4,0.02989725801465152,-0.00518020339899926,-2.7160952812122963
4049,-29.315601443629202,6,0.0772039782901629,-0.2556932524540492,-2.684140921947419
4050,-9.166641541946799,0,0.030353117688565575,0.0005105678364480321,-2.8177223511791993
4051,-9.169371608312359,0,0.030362157643418333,-0.003229607182511727,-3.3947757964555576
4052,-22.454969948383148,6,0.05448665545822242,-0.0006696749276586419,-2.429899203733368
4053,-14.707451382451012,6,0.028832620471692005,-0.001960059187593962,-2.8617014379491135
4054,-38.27518262206109,2,0.12011649874854667,0.48925328598379325,-3.1478810836995077
4055,-16.335137887153856,6,0.036391330588569824,-0.002932126946422652,-2.6126498285939252
4056,-12.893698811535842,4,0.0344717008199064,0.04286716525522313,-2.1834355604701745
4057,-9.190916813105899,0,0.03306085184570462,-0.0011387209926410277,-3.0125906335299653
4058,-10.822802105949922,2,0.029214576509768008,-0.0005078496941864886,-3.3067779542797417
4059,-30.163571267258483,18,0.04027672605052478,-0.0015189749257336833,-2.716220834925465
4060,-10.197034633385238,2,0.027142498786043884,-0.0019383618659000621,-2.902361075764573
4061,-21.515473817607415,10,0.038130708005322304,-0.003479980349553046,-2.97511185860471
4062,-29.721580269778716,8,0.07192576248271129,0.1319030257199416,-2.8779742948227525
4063,-6.202180435348686,0,0.026505044595507246,-0.005267371461850106,-2.497215200359555
4064,-9.80713203783959,2,0.027297664467970648,-0.0014207900772066592,-2.4700777962719176
4065,-21.72560680094314,10,0.038826512585904506,-0.007591348816640675,-2.5783066578480778
4066,-8.558791408983096,0,0.02834036890391756,-0.0013183729417023823,-2.871936891311716
4067,-20.40877754642562,12,0.038929525677896586,-0.0010846509753415982,-2.712117197529814
4068,-27.178498204964633,0,0.08999502716875726,0.6214887410134774,-2.3457882706849955
4069,-46.25666602493093,8,0.13470657051032014,-0.4663020281920465,-2.3695342380535447
4070,-15.802395017237192,2,0.04570329475906354,0.010868419758475922,-2.6827214888161333
4071,-35.1527115310524,18,0.05679705804984224,-0.004414196031488823,-2.9454929501399945
4072,-30.69679438552722,4,0.08839998140903042,-0.1794582232539943,-2.565790142920115
4073,-26.733368299932778,4,0.07527605397328738,-0.467496216119597,-2.541432467181103
4074,-16.817871428318128,6,0.035820766318934244,-0.0004350148647135457,-2.6140512009812187
4075,-17.606819244371167,6,0.03921222717692958,-0.10404660236656767,-2.3444256213912507
4076,-11.591218604195351,2,0.031759002000646755,-0.005223114434737613,-3.3354931113051114
4077,-12.03513378363176,0,0.03985143636964162,-0.08609923181071606,-2.666315563554746
4078,-8.282609388132569,0,0.027425858901101142,-0.0023112909216125377,-2.902839072747464
4079,-14.903508720174887,4,0.036104333510512766,-0.0044659008114908616,-2.919417297737523
4080,-11.015789127043623,0,0.03647612293723052,-0.003734125673696892,-2.9026558989492424
4081,-10.563373445085825,0,0.03497805776518485,0.0017414518210278293,-3.5906571470053374
4082,-13.650721620684873,6,0.030360006431289104,0.00021567650579123034,-3.3216102048830454
4083,-14.015047934297586,4,0.03576802833677712,-0.004644227882111279,-2.8022897051424454
4084,-14.0408178074862,4,0.033247741084391526,-0.004563650023808937,-3.51137777866845
4085,-16.843221190757003,8,0.032997093995361944,-0.005357574117404701,-2.247171982218956
4086,-10.781717197849916,2,0.029078533767715034,-0.0014782160466586221,-3.0165212666414623
4087,-12.355391383784909,4,0.027666858886704962,-0.0022975369095987338,-2.3293872564204965
4088,-33.28848610780187,8,0.08373670896623119,0.21148575208387307,-2.8804498983960327
4089,-14.63815721355982,6,0.028603169581323903,-0.0020642636900471633,-2.2912712964790547
4090,-9.208876589613284,0,0.030492968839779,-0.006915737706581933,-2.809213123353975
4091,-42.22729795394522,24,0.0734971691691345,0.22767176608923043,-3.149678536481224
4092,-51.91379043978057,2,0.16527745178735306,0.9086214072040177,-2.828986234443466
4093,-18.068083567782633,10,0.02671550850259133,-0.0033027372463291745,-2.741397288432522
4094,-16.61223847265344,8,0.03262211542671769,-0.0026337897507332717,-2.1837817433286655
4095,-13.04680891503186,4,0.0299563209107014,-0.00019592039999459556,-2.6297358027455435
4096,-8.405785920981273,0,0.03335629333722729,-0.004254381531952984,-2.2868897567701336
4097,-10.646477304171324,0,0.0352532361065276,-0.09391140487162236,-2.946381457909554
4098,-24.34760499878747,14,0.034263592711216984,-0.003763637825112716,-2.666788925544863
4099,-10.20887090696578,2,0.027181691744919877,-0.0010754345855305575,-3.015369158208529
4100,-18.711683941328992,10,0.02884663556731468,0.002311205175945794,-2.6706241921455516
4101,-11.311475168635704,2,0.03083269923389303,-0.00300430446810749,-3.0690332501830646
4102,-25.323356149256,16,0.030872040229324528,-0.0056210288610648584,-2.038724598845383
4103,-17.692720011925445,8,0.032095099377236556,0.00156396673483441,-2.441330170489012
4104,-32.19861348320386,14,0.0727944539328154,-0.3418132170238532,-2.60231179118258
4105,-15.924781156513273,6,0.03286351376328882,-0.0013660889993181193,-2.807362098906217
4106,-14.4075300263179,4,0.03446201995469502,0.0024709287184442466,-2.7071865515932223
4107,-29.280609527487496,8,0.07046559446187932,0.35237449180220703,-2.3864967049636094
4108,-8.511886918813484,0,0.028185056022561262,0.00037058009442238025,-2.6228036658005753
4109,-20.129488506514797,12,0.03597118808192416,-0.008137422381226484,-2.8050995129263607
4110,-23.17417381909387,4,0.06349064178507906,-0.1520143302896103,-2.890955839143289
4111,-18.72576220697901,10,0.03408500862101169,0.0005345463323465083,-2.395567304416545
4112,-18.241894470495602,8,0.033913557849323324,-0.00039756497420641957,-2.8521986866952838
4113,-20.0658026365444,10,0.0333304723064385,-0.001858432585410527,-2.637483635286659
4114,-42.52027639377946,0,0.14079561719794548,0.764151863242185,-2.310221394586272
4115,-16.240511153293383,6,0.03390897732878604,0.0095333863163848,-2.9104895496772163
4116,-8.654030912573427,0,0.02865573149858762,-0.0009958657631897274,-2.7665020896981485
4117,-24.094319047050167,4,0.06653748028824537,-0.08447945612584494,-2.067747011631413
4118,-15.100892310910398,0,0.05000295467188874,0.11843943213820396,-2.7704983968054107
4119,-26.987285808748823,18,0.02975922453228113,-0.004615694830743041,-2.3254316937629387
4120,-7.7864149215631056,0,0.025782830866102984,-0.005810377204988078,-2.6594611654835227
4121,-22.260111768205125,10,0.040596396583460655,-0.0003232339384737394,-2.9124992766090676
4122,-14.725000272457372,4,0.03551324593528939,-0.003416156558788671,-2.9633348806654043
4123,-27.376868250589343,2,0.08402936506817683,0.07821461186105916,-3.4146759132126854
4124,-29.740038935736678,20,0.03225178455541955,-0.00479727610876315,-2.8999704782686826
4125,-10.16644378577112,2,0.027041204588645992,-0.0053137078739406655,-2.9851012686380827
4126,-17.822311332304,8,0.0325242097096157,0.0006591541109766983,-2.50514385820681
4127,-32.75246060765342,6,0.08858430664785892,0.26065009769255804,-2.6687285003034917
4128,-8.444625115770183,0,0.027962334820431187,-0.0033857625792734327,-2.841282534417511
4129,-11.499361652734283,2,0.035182820936053065,-0.0035132966109516998,-2.5067891812141707
4130,-15.87819709423299,4,0.03933177845772519,0.10429438580188358,-2.608212788754439
4131,-11.642037914254955,4,0.02530476130548014,-0.003245726685981815,-2.946822684704147
4132,-10.777206161301615,0,0.035686113116892806,-0.0023709528115793865,-2.8592589325096154
4133,-7.527121419509335,0,0.024924243110958068,-0.0016299394387998525,-2.9687273503231064
4134,-11.744473124733076,4,0.029559057727988856,-0.0016415160351951842,-2.674271351342176
4135,-11.874188838244525,0,0.03931850608690252,-0.000834270266489132,-2.983115924175887
4136,-16.713679198040225,10,0.02774247602495968,-0.003444317057016806,-2.4600425644837367
4137,-48.3986701056322,28,0.06754526525043783,-0.0010759603674677725,-3.2617379281981322
4138,-15.632713001763095,2,0.045141433780672466,-0.13547159588235794,-2.8942329159226974
4139,-26.46312495690831,18,0.030887317360978966,-0.0018183625848746322,-2.6634798434298284
4140,-20.61736100183951,8,0.04321014041725858,-0.0020737955908048645,-2.77063059956856
4141,-14.72388697562784,4,0.03550955952194641,-0.0047309877631942195,-3.2332954003554244
4142,-13.621259843631009,4,0.031858476303413916,-0.004151881242399135,-3.6025304204207655
4143,-13.993597616761058,2,0.03971389939324859,0.07946497796046308,-2.2916558289564284
4144,-20.22009551663136,0,0.06695395866434228,0.019514187520049166,-3.311266042713449
4145,-30.806867200759836,20,0.03578432847933726,-0.004152363213704319,-2.623263897094567
4146,-9.889098971533752,0,0.032745360832893186,0.0012618276683015392,-2.714356899603782
4147,-15.862151927543584,6,0.03354473444742702,-0.007611300377294003,-2.0987180178751377
4148,-41.21025238631557,6,0.11659023968978639,0.36091379754673936,-2.6451581099540897
4149,-9.333315446364264,0,0.03174597090600086,-0.002435414571486109,-2.845195245276978
4150,-13.824325728653276,6,0.03287531818761892,-0.004025539996869424,-3.154871676037354
4151,-16.17671019073417,2,0.04694274897594104,0.1899631111019149,-2.6817548799029374
4152,-15.233630283131461,6,0.030574934712355954,-0.005249073544813209,-2.4763229373318225
4153,-7.8775622610836145,0,0.02608464324862131,-0.0034023663880217154,-2.8199955416196842
4154,-13.924503128984254,4,0.03731016213903862,0.002779331673251787,-2.9711305686377716
4155,-11.890699319012496,4,0.026657767969636845,-0.005556865986137701,-2.499401232826593
4156,-11.104291954505227,2,0.030146662101010673,-0.004336111512268733,-2.8894438285486994
4157,-24.28408771562302,14,0.034053270581533616,-0.007533235097495186,-2.6968984670702687
4158,-13.615772669797716,4,0.0318403068536348,0.0007766689206257659,-2.8640461601246
4159,-18.640887337092025,8,0.03523472628176171,-0.0027103040432125726,-3.18633578786436
4160,-21.198431351797574,6,0.07102070725139074,0.24241611353855005,-3.134582972057625
4161,-8.493029696216063,0,0.028122614888132606,-0.005554007495667119,-2.1922279285202233
4162,-38.48594995997216,26,0.04134420516547073,-0.0032272541789115958,-2.600308122906359
4163,-22.944517618381763,10,0.04286264112046938,-0.09376225930712624,-3.1665387796749984
4164,-20.917480966488,2,0.06264066545194706,0.22816612413241713,-2.4419648286113818
4165,-44.386698974033266,4,0.13373079130474602,-0.03402368966929479,-2.8453845249778444
4166,-10.468012711029278,0,0.03466229374513007,-0.0010932333887684227,-2.533271298044136
4167,-9.159805135268002,0,0.030330480580357665,-0.004602215874135273,-2.9444225090624654
4168,-27.41066076830266,8,0.06427371115331994,-0.11560952200420163,-2.640929325334404
4169,-28.80168340401802,14,0.055645426330894754,-0.005225564950825016,-3.1273806861625513
4170,-10.47553702189047,0,0.034687208681756516,-0.006681520677254912,-2.93071671832578
4171,-25.557662075501803,16,0.031647887667224504,-0.008854943463140913,-2.2892010676856347
4172,-18.639886852136,12,0.027212651033344165,-0.008720056472830933,-2.501874145836909
4173,-7.223729045784621,0,0.028217691585096173,-0.004608808260218211,-2.706543524826702
4174,-18.278670774390864,8,0.03403533369003606,-0.0033917881590036663,-2.6958424780087618
4175,-11.07200487594089,2,0.030039751244837452,-0.0032340383530279856,-2.4985745901735315
4176,-27.994383492918107,14,0.04633901818847059,-0.003748349310207298,-2.4918936179553017
4177,-14.068373128968748,4,0.033338983870757496,-0.002301456176426064,-2.646400137663979
4178,-19.326686039088816,8,0.039882697320735204,0.11554785455695131,-2.371758500889639
4179,-56.293624605444556,12,0.14666763114385595,-0.03494276955079238,-2.593157466233782
4180,-12.488463338429927,2,0.03473001105440371,-0.003072805598375098,-2.3282763484518494
4181,-9.184118294948414,0,0.030410987731617236,-0.0032307506432534745,-2.9584862574874826
4182,-17.240306090052044,8,0.03347936989149282,-0.008735498698829822,-2.394457239941677
4183,-13.95690712422931,4,0.03296989113983213,-0.0014562239989157249,-2.898265719330204
4184,-35.25477168460024,22,0.04447909961275215,-0.005721368099603452,-2.6900658297927147
4185,-7.864402283778704,0,0.02604106716483013,-0.004080267832151904,-2.564935459044765
4186,-13.475349691180297,4,0.03509388774511226,-0.003283612404053134,-2.337410799422198
4187,-33.702316660521284,8,0.08510700880967302,-0.07098254960397296,-2.442887058899898
4188,-11.724716720997499,2,0.03220104874502486,-0.0015582347911665376,-2.798091122807568
4189,-14.317704086526456,6,0.02772568028842148,0.002338769146396468,-2.3078911003243943
4190,-15.23797044703652,2,0.0441265681567884,0.0019761115082850057,-2.714765414430236
4191,-21.299408143651906,10,0.03741525875381418,-0.006250928801835965,-2.1709417261673596
4192,-11.044658449490093,2,0.02994920016387438,-0.0015850140087904766,-3.1515144567428597
4193,-17.18028959129294,8,0.03039830990494363,-0.0009456923689434169,-2.8624701078390604
4194,-14.368604059150927,6,0.027710609467387296,-0.003531644321571024,-2.9934882265094296
4195,-13.31063352883739,4,0.030829912347143832,-0.0019420338177819126,-2.093237456165112
4196,-16.569206802875215,6,0.0349973735194544,-0.003661938304149404,-2.7833972472472377
4197,-11.405259597118937,2,0.031143243699069297,-0.005876633657191862,-2.3423723427440417
4198,-26.943264139239897,4,0.07597107330874119,-0.4807527940999408,-3.220974546852938
4199,-19.308591248115107,8,0.054896074019976385,0.004323481121190905,-3.179667318208048
4200,-15.230762403782363,4,0.03718795497941184,-0.0055754639286184,-2.6284981720334164
4201,-7.499091928156135,0,0.024831430225682603,-0.0015578234683111655,-2.9127782751792397
4202,-10.879975771817206,2,0.029403893284162895,-0.004200455909348186,-2.790518691269596
4203,-69.8603866161126,14,0.1849681676030218,1.2796452154236575,-1.838819929610688
4204,-26.066213147863618,16,0.03333183161544261,-0.0036854258510253288,-2.6303409169431133
4205,-9.03409549055675,2,0.02906651029155689,-0.0064375455375791585,-2.782463881829446
4206,-34.7416311642147,14,0.06868089789475071,0.04767465103226436,-2.5755114813268936
4207,-10.298876818969111,2,0.027479724566122913,-0.004696343525001372,-2.6247463132579356
4208,-11.394766163349175,2,0.03110849722963294,-0.004627090523448088,-3.064335365107833
4209,-8.552321557497061,0,0.029288772457181807,-0.002187984466571871,-2.5630401377406686
4210,-51.536062037274256,12,0.1309141127062063,0.7924786805640907,-2.2459424308153864
4211,-8.712867362397837,0,0.028850554180125283,0.002916129204577193,-2.9491151598670724
4212,-15.005612639189605,8,0.030459185387781036,0.0001783294657893155,-2.730945086495941
4213,-6.538843495515387,0,0.0265806646159162,-0.0014196115169234998,-2.496165583524058
4214,-34.66614123015455,10,0.10914221783254237,0.2862631294828947,-2.7463748223393996
4215,-17.31461235113493,2,0.050710636924287816,0.07834678063838317,-2.898162772036844
4216,-21.88713934183836,8,0.045983905105424924,-0.0045019303217980495,-3.0100875058043317
4217,-38.611357370814375,24,0.04838197804905405,-0.005136785741790586,-2.5900452063073534
4218,-7.911283871581301,0,0.026196304210534163,-0.003088899605000848,-2.3577866932592126
4219,-19.796600475037952,8,0.039061590976947044,0.001544486678402797,-2.5359951593772823
4220,-30.648361591610442,6,0.08161709136294859,0.535151846653825,-2.545176133995919
4221,-9.122567322119032,0,0.03020717656330808,-0.0005466975910058677,-2.781466633099939
4222,-7.180907421615821,0,0.03264048828007195,-0.006014410835606131,-3.0832915605274454
4223,-29.76809116894076,18,0.0389671893011282,-0.0026720728458441943,-2.990682847019353
4224,-31.675529062856405,6,0.08501830815515396,0.031878448773286494,-2.323910681586304
4225,-9.73029274618464,2,0.03220955310910266,-0.0046054340296541344,-2.6554283014907076
4226,-19.506156851500034,2,0.05796740679304638,0.04358730811391732,-2.992395860168698
4227,-12.856441854888637,4,0.029325966406916155,-0.0020622677185159447,-2.4544774996614027
4228,-11.022707975949874,2,0.030899684849143485,0.01749796893811236,-2.321404963262915
4229,-11.483731528104586,4,0.024780567973856308,-0.006088013687928127,-2.29335831558264
4230,-14.088743841236802,2,0.07111025788962842,-0.00514603696160895,-3.360936507802347
4231,-15.37348035669481,6,0.031454632069445806,-0.005252655762116481,-2.1518851482818033
4232,-16.038196511986495,2,0.047108041986531866,-0.06061590063391916,-2.580170597731243
4233,-26.53074395887366,0,0.09024062571045464,0.21710314705625786,-2.48532810840256
4234,-11.344536123556685,2,0.03094217259455857,-0.004762329032956098,-2.8629776113802285
4235,-9.797724959117268,0,0.03244279787787172,-0.0034296756661157833,-2.8037023198379925
4236,-12.939381552091465,2,0.03622311772215715,-0.00542865968818178,-3.0203197243052347
4237,-28.02956555061146,14,0.046455515068249756,0.16661429280455267,-2.4132967545785817
4238,-32.0427657496497,18,0.04649922433658842,-0.0028920962106720204,-3.315618634198785
4239,-7.2177690040792015,0,0.0255949255463802,-0.0029404248635231762,-2.4195538013622806
4240,-36.47869738086721,12,0.0810552893406196,-0.38257208375109125,-2.4769949610384385
4241,-33.0487943991434,12,0.06969799469915029,0.36820587780903286,-1.8619372886624064
4242,-30.470709728688078,20,0.03467122426717918,-0.005490752838363883,-2.690118561978282
4243,-28.087015358665976,16,0.04139388821460952,-0.0008421282609286782,-2.9546448045647034
4244,-13.861873381492586,4,0.03265520987249197,-0.0023792917864853577,-3.0602314593059177
4245,-22.485946161845735,8,0.047966709145184826,0.17442872065696896,-2.480825728618687
4246,-10.656334322996033,2,0.02866335868541737,-0.002416542908238457,-2.1719829166482283
4247,-42.81176045599542,6,0.12189324654303119,0.09722881314023984,-3.006342482790721
4248,-10.103954854488403,0,0.03367984951496141,-0.00046833102280894917,-2.896020067801699
4249,-11.360311736474443,0,0.03761692627971668,-0.003321321887297198,-2.6983600087070183
4250,-15.924660913523313,6,0.0362213901953405,0.0005000480482130427,-3.029100790713492
4251,-34.21345052327801,10,0.08017698848767567,-0.5020428654839537,-2.4694615359499625
4252,-15.073831648010358,6,0.030045800158974654,-0.00046928257154091107,-2.6878589506712065
4253,-16.919771046454237,8,0.029535665716735868,-0.0020505487780080526,-3.213061041259731
4254,-14.417096868125245,6,0.02787118168253402,-0.0030437272849233687,-2.874058877262873
4255,-11.308835825796724,2,0.030823959688068704,-0.003084602484800267,-3.286283697097698
4256,-7.927848312784468,0,0.026251153353590954,-0.0031508067505594517,-2.7922355821388556
4257,-18.78426679584764,10,0.0366011116493653,-0.0027931097163430728,-2.3828005042658575
4258,-10.816946950046265,2,0.02919518857631215,-0.003642141909973807,-2.2399952306937188
4259,-31.45613685499599,16,0.0511792611092581,-0.004243765154387802,-2.9131752910908153
4260,-52.47749709938666,20,0.10754138112379731,-0.6386477537955842,-2.893612830592813
4261,-15.8486167322932,6,0.035943856687201604,-0.004443996018869463,-3.147822785866277
4262,-9.426546623162178,0,0.031213730540272096,-0.0048460542363120826,-3.08495323158502
4263,-12.674943527311973,2,0.0353474951235496,-0.0023931220991055893,-2.431528397426227
4264,-8.994837323210064,0,0.029784229547053318,0.002988066778453499,-2.5203933548839204
4265,-19.358979442008266,8,0.03761251470863671,-0.00191102441329361,-2.482043415255065
4266,-8.687470060316244,0,0.028766457153365045,-0.004266447080330096,-2.4957405406403486
4267,-16.74472575479577,8,0.028956045545681326,-0.001050052250464083,-2.743264971656373
4268,-23.144406841436506,10,0.04352452596502181,-0.006923417444186692,-1.8324647182394405
4269,-7.481588789653941,0,0.027916376080798253,-0.0014285506552464064,-2.7383568985597924
4270,-21.193652666888372,14,0.03100712356417383,-0.002654473949625189,-2.4300017466025974
4271,-7.549714787925733,0,0.02499905558915808,-0.004101313650685159,-2.9598777429669454
4272,-12.18102247177703,2,0.03371199493965906,-0.001199808124212289,-2.620032804667493
4273,-9.577590496204131,0,0.03171387581524548,-0.0013234906990253767,-2.8961183366274756
4274,-10.875841930515167,4,0.0327421044310247,-0.004565069433301688,-2.321159604637928
4275,-8.812784679925915,2,0.0283866028330247,0.000969709628552664,-3.1267580718586396
4276,-16.981826730241153,6,0.04223779511631196,-0.005397044254305701,-2.9613027754469883
4277,-10.941393094592929,2,0.029607261902625626,-0.005236245688692426,-2.852497625616009
4278,-33.18466173592428,6,0.0900154362116697,-0.20351894795031145,-3.0842877988032424
4279,-9.751653174779772,0,0.03229024230059529,-0.0006672694050207339,-2.6476008857206814
4280,-17.572877715000143,6,0.038320787135762105,-0.001740263308288949,-2.2639664963086674
4281,-9.808678145718602,2,0.02585655015138609,-0.0008580264326999125,-2.7217740719057066
4282,-37.76810448570888,4,0.11181491551559246,0.26947506736865307,-2.702114315144718
4283,-15.513176335925117,6,0.03150058389379182,0.0010654720522475657,-2.5426834270428627
4284,-31.0423361433391,6,0.08292164285873874,-0.49983707106894265,-2.227862627899532
4285,-8.466542223943216,0,0.028034908026302027,0.0031129689751476643,-2.5770732080964804
4286,-30.80725217956897,14,0.05565315291247999,0.13735258621996305,-2.539002992708347
4287,-25.569671303015816,14,0.03831016987753578,0.004139061841114566,-3.4025256988919335
4288,-24.340717551049348,8,0.05410833626175285,-0.007986415111435122,-2.4453996488664127
4289,-11.08825762674035,0,0.03720891821053821,-0.008798283561923534,-2.725269819633055
4290,-10.227653514345931,2,0.027243885809092587,-0.0013301935666765006,-2.8301043870575135
4291,-8.850078745412214,0,0.029304896507987423,-0.004354264492335551,-3.056076455094685
4292,-8.973881457143284,0,0.03478248626799727,-0.006646524471241634,-2.5538536336713347
4293,-23.636671507915842,8,0.051777057973231094,0.18581879479203078,-2.521562397224668
4294,-8.77907785380875,0,0.029069794217909756,-0.0005932291214884759,-3.3962812776374323
4295,-15.865212909570127,6,0.032666267912483796,-0.0028822939127486273,-2.354927091682885
4296,-20.08093589791012,12,0.026758065887119594,0.0001579706216715153,-3.0098039373629017
4297,-17.460577064614135,6,0.037948930677530524,-0.005579085145546555,-3.0128875746058656
4298,-16.632028945104995,6,0.03520539385796369,-0.0029138293141955573,-2.821392731214966
4299,-18.43926362741683,4,0.04781213121661208,-0.023214292960296947,-2.8427676658782897
4300,-15.120259927167167,6,0.03534984467894243,-0.004729772379505448,-2.2194560650640436
4301,-16.56713689293523,4,0.04161303606932204,-0.001626760385381613,-2.7262591152248397
4302,-31.034027959951356,10,0.07458875163103333,-0.37089557328413353,-2.7958023002627965
4303,-9.834321430375335,0,0.03256397824627588,-0.009720438826422127,-3.0726598066630904
4304,-30.16070869917039,12,0.0601347970171206,0.255303802335826,-2.8737122090813236
4305,-22.420598030694553,10,0.041127808048657476,-0.005057851547322896,-3.02497627902961
4306,-12.742910404987146,4,0.03442090710624858,-0.0013330992208573761,-2.826392714915154
4307,-15.567123098308695,6,0.03441411186441977,-0.006917936263376472,-2.7922168796327593
4308,-16.41688303871175,8,0.027870473638118353,-0.0030808932870311895,-3.2569016275804072
4309,-7.2594409569146,0,0.024037883963293344,-0.005883525616477016,-3.0730754683156567
4310,-7.856598718429218,0,0.029315666859810494,-0.001028543896104362,-2.9511977349220317
4311,-28.035323737016828,10,0.0597196150232344,-0.16236199971106496,-2.627443163938487
4312,-14.197056602474385,4,0.03376508808766358,-0.017032219377263073,-2.513864126506212
4313,-15.185335046647701,0,0.0502825663796281,0.23680178793401624,-2.965854441542456
4314,-10.054189080522782,0,0.03329201682292308,-0.004174793261991481,-2.9307519319561304
4315,-13.008661238428374,6,0.02849049283913958,-0.00044256503035019085,-2.65818510689395
4316,-12.290196600378316,4,0.027450982120457944,6.108896549334687e-05,-2.8523246331170466
4317,-9.347531515580785,0,0.03095209111119473,0.004307096755742681,-2.8718970803431363
4318,-21.055324834583523,12,0.029984519319813087,-0.006457794827273399,-2.3185236939617635
4319,-14.216486489438969,4,0.033829425461718556,-0.0009426585774073093,-2.7919598651195674
4320,-17.086142373436875,0,0.056576630375618844,0.3260547906679983,-2.298843702716199
4321,-11.119365204266552,2,0.03019657352406143,-0.004798629714310206,-3.1816988339977623
4322,-26.318566842532046,16,0.03416743987593408,-0.0034662364674454544,-2.486890800806982
4323,-12.91015042052622,2,0.03612632589578214,-0.004761433899279265,-2.6088727720602978
4324,-18.89973233138813,10,0.02946931235558991,0.003222306540994504,-2.9223792501122365
4325,-8.066465665602031,0,0.026710151210602804,0.0017259539095746564,-2.955850770410354
4326,-20.707866693594987,6,0.0583645503714087,-0.010429999505510159,-3.2673402776052836
4327,-12.039921083481461,0,0.03986728835589883,-0.005096149344817544,-2.7087016413070413
4328,-12.032777406076105,2,0.0332211172386625,-0.00521741240942197,-2.7649158582504567
4329,-9.876220134576895,2,0.026080199121115668,-0.008663218340139516,-2.68278091833734
4330,-14.008018959629236,6,0.030333405150110713,-0.0033580524536470572,-2.1484714680781702
4331,-16.610721243171238,6,0.03513483855354707,-0.0036053843416939705,-2.9810424959167547
4332,-8.230292425132403,0,0.027252623924279556,-0.002239658006016683,-2.7720814724147878
4333,-11.827559759514074,2,0.03254158860766248,-0.001486449171511444,-3.532120565433419
4334,-12.495499869082456,2,0.035219798218397415,-0.0028429459074149595,-2.9836174092294208
4335,-9.889845672955019,2,0.03181389384256055,-0.002211574709884101,-2.466914869388453
4336,-9.223087510714597,0,0.03054002486991592,0.0018791509107594065,-2.920054206668996
4337,-10.28723739085,2,0.027441183413410574,-0.003904467887578174,-3.033473372734086
4338,-17.327860393432715,8,0.033553454652635664,-0.0005726133034356849,-2.4837344746686614
4339,-8.292097135211767,0,0.02745727528215815,0.0005436632618391332,-3.003745633520923
4340,-14.470574632845992,6,0.028048260373662284,-0.0036240185498004,-3.165396404113861
4341,-9.504133191025272,0,0.03147063970538172,-0.0025770810619305004,-3.3031528032576154
4342,-19.451495396820242,10,0.031296342373577014,-0.005195526065557751,-2.5535663333529874
4343,-15.06191891488529,4,0.04127581684658683,-0.00576332644107682,-2.395560628536623
4344,-50.20252242493848,2,0.15961100140708112,-0.04200357322038355,-2.4744752546925106
4345,-19.99744268411303,6,0.0463491479606393,-0.0015416383042481314,-3.117890515819574
4346,-56.071633718562886,18,0.1260650123131213,0.8781941311936579,-2.5017097800608306
4347,-13.018907542231828,4,0.029863932259045906,0.00422857316744372,-2.6366655672698385
4348,-24.38629973771363,8,0.054259270654681085,-0.0037252701689421343,-2.7374091108630267
4349,-12.798404794756742,4,0.031422874266988275,-0.007271441773877346,-3.029864939010087
4350,-12.226017716926627,2,0.03386098581763788,0.0011608100557138539,-3.019534969850773
4351,-16.637001847330776,8,0.028599343865333856,-0.00013962057480798257,-2.921911801877185
4352,-9.200561181658935,0,0.030465434376354118,-0.003185616962654849,-3.1409188130922887
4353,-19.23024074441014,10,0.030973962229564424,-0.0005768521900613786,-2.6251235788088407
4354,-69.31469799102749,16,0.18384378617595742,1.4097543642042478,-2.1754343621416723
4355,-10.702385098933481,2,0.03321521030127282,9.152449077379158e-06,-2.1230754690010185
4356,-22.47151258182825,12,0.039664820385713034,-0.0029940063726495614,-2.406493169201631
4357,-24.58633422056538,0,0.08141170271710403,-0.30667547631148395,-2.7078171427480395
4358,-10.255691294010647,0,0.03395924269539956,-0.00337205640902274,-3.433643175110596
4359,-10.190368803718,2,0.027670164877425654,-0.0013088179834822595,-2.7238670868244963
4360,-7.933577898356117,0,0.02627012549124541,0.0016008891848714665,-2.911220388275121
4361,-62.79462813849688,18,0.14832658324005552,-0.21512176910074526,-2.3518129419486056
4362,-14.380401597883385,6,0.032735943741731874,-0.0034166767376973438,-2.4118683597640485
4363,-13.269990474814024,4,0.03264081153103524,-0.001236575039457792,-2.4612904270522873
4364,-16.814178534736236,8,0.03497689894736601,-0.0004008751166688781,-2.896271027974962
4365,-11.576057966057485,2,0.031708801212110796,-0.0010210834178358118,-3.398361559651348
4366,-9.64378168292225,0,0.031933051930206166,-0.003849279533436411,-2.775333179773328
4367,-9.033102367267336,0,0.029910934990951422,-0.0015369750661097022,-2.796762155496981
4368,-8.746386757239325,0,0.029548603909592287,0.0010530355874121794,-2.3332085150362047
4369,-12.593167694674266,2,0.035076714220775664,-0.0059506267215902395,-3.1087846364542444
4370,-22.782499848223967,4,0.06260833282741317,0.3919147491838473,-2.587977197457881
4371,-7.739676199320277,0,0.029767985382001098,-0.0057553831899825195,-2.5877892769339423
4372,-16.9335618192059,8,0.04097964137250437,-0.0022943695456028807,-2.7783912408119176
4373,-27.59609386813786,6,0.0715102445964832,0.39498213037805296,-2.3394924576462106
4374,-21.354911952717394,10,0.037599046201050916,0.0014343731210563974,-2.559076337150409
4375,-19.222179706020547,4,0.05040456856298193,-0.2611199093606348,-2.493384199616012
4376,-13.72230854413196,2,0.03881559120573507,-0.005878795520094106,-3.2050352107406215
4377,-13.230700001316823,4,0.03056523179243964,-0.00016786857286085752,-2.6437817490738484
4378,-12.512037218563139,2,0.038365099337821625,-0.001891919613278804,-2.4032717899507317
4379,-10.18976473483413,2,0.03470239294421249,0.00033767986292871884,-2.663643194080165
4380,-50.32237066256683,8,0.14014030020717513,-0.617628392649025,-2.2217530627074242
4381,-10.480860896094848,2,0.02808232084799605,-8.53808257506778e-06,-2.59445746498497
4382,-26.321808702347646,16,0.03417817451108478,0.0007754378314885551,-3.0950769441052715
4383,-13.649195954198184,2,0.038573496537080164,-0.002653037850314825,-2.5403576197912368
4384,-25.821606015532865,14,0.03914439077991035,-0.006919763862334241,-2.83097375392866
4385,-74.77708906018714,10,0.2417055561947281,-0.45734145721705605,-2.665368705716874
4386,-17.499783336814478,6,0.038078752770908955,-0.008031636979800976,-2.6453149801864075
4387,-11.024670007789782,0,0.03650552982711837,-0.003965248622691,-2.730647500186298
4388,-8.182178973880536,0,0.027093307860531535,0.0013115492795859247,-3.0278795736168806
4389,-9.848801531955937,0,0.03261192560250314,0.00024174055661266015,-2.7091201747580285
4390,-35.55217662982057,22,0.04487475705238611,-0.002633377332209505,-3.1805231725434706
4391,-50.507081431252054,8,0.1407519252690466,-0.1409583807728617,-2.702758960146457
4392,-15.892865685376387,6,0.03275783339528609,0.0005646331548777143,-2.111724828229639
4393,-16.030030470705867,2,0.04645705453876114,-0.009181032702172583,-2.4300401264589753
4394,-19.164794410020985,8,0.03696951791397658,-0.0017088379824244176,-2.612384145537126
4395,-10.185438482672343,0,0.03372661749229265,0.0004367415979042008,-2.8736492862695187
4396,-18.819644613129338,6,0.05432052802173427,-0.12757219432012604,-2.569069152341269
4397,-7.780539187370431,0,0.03215098837756376,-0.004292609539914353,-2.8277813352340417
4398,-8.442557125886342,0,0.027955487171809085,-0.0008752213707748825,-2.6332458355510298
4399,-28.85878219200217,6,0.07775095983674214,-0.3492503193063744,-2.5460587109054194
4400,-7.976106651772106,0,0.027315433738945565,-0.0038568966687108353,-2.8953508063707476
4401,-47.62177166241978,0,0.1576879856371518,0.34311933360199,-2.8535570653981917
4402,-13.417108528301789,4,0.031182478570535646,-0.005602299370525392,-3.05283714121216
4403,-26.097632431969163,16,0.03606297297131856,-0.005178934126327347,-2.7718355271244945
4404,-9.849187302211334,2,0.025990686431163333,-0.00229004425407597,-2.8274978486292177
4405,-8.255172849197956,0,0.027335009434430308,-0.0010747307142094764,-2.838274991138536
4406,-16.82018146999363,6,0.03582841546355515,0.0016751293683523276,-2.688937388061174
4407,-29.694937402167426,20,0.0359071755635829,-0.003469573217444122,-2.6272067182797385
4408,-33.07840614138928,6,0.0896635964946666,-0.028719380094796198,-2.7557726218121896
4409,-13.096559808713682,2,0.03674357552554195,-0.00227098387391584,-3.0085741936841313
4410,-8.340356999326817,2,0.02496203543042057,-0.004651732960629725,-1.7457545289877934
4411,-25.208787800127226,6,0.07010506496396794,-0.476149723629457,-2.913792119936909
4412,-32.59608386788404,10,0.07482146976120548,0.35582639369562374,-2.5237757996548837
4413,-10.21966482688236,2,0.031614095488009065,-0.0003903266157990751,-3.1097093114430585
4414,-17.510598944474324,4,0.04473708259759724,-0.0036369408653518617,-3.3933244229972805
4415,-9.94523424609354,0,0.033598764344910645,-0.0022590394791001706,-2.40502825994076
4416,-22.27746522734835,14,0.03043185745348697,-0.003992982499424697,-2.3867529225890074
4417,-27.34710070741648,18,0.04919526688113899,0.004410453759329884,-2.4332600573984613
4418,-12.962270118008233,4,0.03111899346530638,-0.00543066877063312,-2.93557984777225
4419,-20.579973832313392,10,0.03503302593481297,-0.006063602698002387,-3.1126958915701644
4420,-10.431606322956057,4,0.02702355597880699,0.0035074990745555578,-2.285783927708213
4421,-19.4860380555392,4,0.051278271707083434,0.17357767340002445,-2.4871752814567856
4422,-9.21872389291689,0,0.03601064020670664,-0.009875048295361922,-2.4390613101629244
4423,-11.911623732385737,4,0.02619742957743622,-0.0037339365843757494,-2.8078785358884972
4424,-9.493487371328595,2,0.026385518913128868,-0.0016122061211589567,-2.1512276335219314
4425,-17.002346369731136,6,0.036431610495798517,0.0006780354571312863,-2.5718138907652883
4426,-7.8365318956473535,0,0.025948781111415006,-0.006257716862990564,-2.9492621848713574
4427,-26.479049615404136,16,0.03469883978610637,-0.00228781951560534,-2.784736703501996
4428,-21.958807561448545,4,0.059466250203471994,0.07383850969571547,-2.4395836757554594
4429,-9.307117636921193,2,0.0415177138461431,0.0014386557674945586,-2.2905734785742506
4430,-20.711533734480064,10,0.035468654749933784,-0.003973932117485867,-2.3785107623776485
4431,-11.252969175022535,2,0.030638970778220392,-0.003579985482204977,-3.111886573492839
4432,-11.803850824431859,2,0.03246308220010551,-0.0010221773110151242,-3.0435468547013804
4433,-24.309808436903467,8,0.05400598820166683,-0.004988358235325886,-2.7589817196161976
4434,-10.215299418571073,2,0.02913226744174151,-0.002758535407549629,-2.8048252786148886
4435,-13.057836659325773,4,0.029992836620284197,-0.0012891673499530194,-2.7259509701527724
4436,-29.638370256914015,6,0.07985935897606083,-0.4946663230388564,-2.3912936886396525
4437,-8.74057233172499,2,0.03663354528111406,0.0006454900008342836,-2.4807038850292726
4438,-10.60726670294701,2,0.028500883122341072,-0.0004093158529494698,-2.6427321852121612
4439,-12.446399077216284,4,0.02796820886495453,-0.002739215692943147,-3.0975007188532637
4440,-12.747067094159132,4,0.0289637983250304,-0.004451353362428382,-2.497141962488057
4441,-12.749416906886003,4,0.028971579161874268,-0.007453471358668133,-2.4282963080806983
4442,-26.038675344661147,14,0.039863163392917185,-0.004811958197368593,-2.6573656501926926
4443,-10.348323351424561,2,0.027643454806041655,0.002481269361050368,-2.193569345828108
4444,-25.898840500654256,16,0.032777617551835316,-0.0013229673890056187,-2.1727295231624564
4445,-43.50925129673339,6,0.12420281886335534,0.24105974603182212,-2.5407356891991277
4446,-16.040149362095498,6,0.038615959084982616,0.00043330132612027226,-2.8651034616999542
4447,-14.429973035608784,2,0.04115885111128741,-0.0009810836327690878,-2.8587966438336605
4448,-9.679450750951284,2,0.025428644870699593,-0.004421119514963781,-2.5639320787004602
4449,-12.829482132382564,0,0.04248172891517406,-0.0010685720488688114,-2.78692467525734
4450,-17.490617099951063,8,0.03142588443692382,-0.0030482544724070868,-2.299755527287882
4451,-9.039648984202799,2,0.026464845805273647,-0.004993085732291403,-3.2872857080835542
4452,-10.426519147597977,2,0.032409689029223025,-0.0004057138538561188,-3.07180238017584
4453,-19.96449882060908,0,0.0661076119887718,0.35710847776364657,-2.69301176395322
4454,-39.82603445979472,6,0.11200673662183694,0.43129151555465145,-2.1676275374086433
4455,-23.800548483088097,8,0.05231969696386784,0.22332065223457156,-2.6027171883992857
4456,-14.780957802323922,4,0.0356985357692844,0.0004673023091394775,-2.3320815526417746
4457,-13.184410267922651,0,0.043948034226408736,0.1842191779438872,-2.5719409345471456
4458,-47.155965249773,0,0.15614558029726172,1.3302796719914198,-2.7356554054681346
4459,-29.81200052718719,2,0.09209271697744124,-0.5981709940596646,-3.0678506523420856
4460,-35.640472470165086,6,0.10662040456893881,0.6062894638812022,-2.240080305162764
4461,-7.614740797559977,0,0.025214373501854164,-0.0009577792665970493,-2.7276727754481613
4462,-15.254439636175777,6,0.030643839854886678,-0.003146173408261149,-2.9492892716129453
4463,-12.91801281243752,4,0.02952984374979307,-0.0010241150933114306,-2.5590627359151754
4464,-25.300444733174846,8,0.05728624083832726,-0.22676088227674562,-2.6127741184723194
4465,-14.021780200536126,0,0.04642973576336469,0.10214756164739883,-2.6286809094741304
4466,-38.741537268994826,6,0.10987093043286868,-0.09579439414102559,-2.667916391714907
4467,-22.67394633101542,14,0.035548960373014096,0.005744970309525178,-2.244732009046272
4468,-11.880611419967716,4,0.026268704733225727,-0.003993107461292917,-2.537448381828144
4469,-13.30200525956589,2,0.037423858475383785,-0.001097758943430882,-2.283028579971696
4470,-15.527875123838164,4,0.03817177193323893,-0.007085918302382558,-2.479820638872831
4471,-7.452319932272151,0,0.024676556067126303,-0.0017882181802187855,-2.644857911159599
4472,-9.719914650831006,2,0.025562631294142442,2.0977750340390284e-05,-2.847698723476855
4473,-25.54436728067979,10,0.051471414836687907,0.11361721568287579,-2.3723581876372917
4474,-17.15175642115578,2,0.050171378877999245,0.27404237724593933,-2.3028711404343016
4475,-16.650535765884165,6,0.035266674721470666,-0.004577896747867644,-2.6415673777585176
4476,-22.69839470245137,8,0.048670181133945056,0.08325471249917855,-2.371090324441224
4477,-33.34900723547028,20,0.04420201071347803,-0.0004974531586473154,-2.627593734235555
4478,-9.73334400306773,2,0.03143635773604765,0.002716737886799908,-3.0906527013039002
4479,-12.71675020019477,2,0.0354859278152144,-0.0011267602181567853,-2.8772691125575984
4480,-22.204536355966155,14,0.03390304279324848,-0.00619777899008429,-1.9040031509797188
4481,-8.78676444189285,0,0.029095246496333885,-0.0027747470674271517,-2.7962914723737184
4482,-9.840456195890237,2,0.03733550569471539,-0.002655001070705198,-2.5622638739883854
4483,-51.47817299131938,8,0.1439674602361564,0.598131893585985,-2.7657089343562027
4484,-38.5141847089196,8,0.10104034671827654,0.764919124430027,-2.4501219924025577
4485,-10.316919455108785,0,0.03416198495069132,-0.003001802593056384,-3.211530509140552
4486,-14.523083128210889,6,0.028222129563612103,-0.002537892699327986,-2.5685695264685826
4487,-8.699052899436728,0,0.02880481092528718,-0.00027862671139767235,-2.902654230417892
4488,-10.480719286256981,2,0.02808185194124849,-0.0006299414680438079,-2.77589504843183
4489,-8.346659463410234,0,0.029389645997923344,-0.002102717119154297,-2.544894079128805
4490,-12.218596200908115,2,0.033836411261285025,-0.0021010731551981228,-3.174293758072243
4491,-11.247575747933,2,0.03062111174812252,-0.003986983878741547,-2.9858523070972054
4492,-12.891543746848116,2,0.03606471439353674,0.00033824754883118885,-2.973149157192447
4493,-37.28280657653185,4,0.11020796879646302,0.8835642529192029,-3.108302153239261
4494,-27.513422858276353,16,0.03812391674925937,-0.005791593657109566,-2.729610299280481
4495,-24.47231432728412,12,0.04129905406385503,-0.0038324607388942893,-2.588117847306074
4496,-12.283968706790843,2,0.03405287651255255,-0.04134164831087622,-2.4865359349696496
4497,-40.548077727240134,0,0.13426515803721886,0.28641349040264796,-2.540664455728661
4498,-10.027826311250154,2,0.02658220632864301,-0.005669527646888122,-2.830593183935105
4499,-18.366597112966616,4,0.06301139084634456,0.002991286317793358,-2.631842374781212
4500,-8.927957232462973,0,0.02956277229292367,-0.0014764615437879369,-3.1122533951142404
4501,-10.80544597966858,2,0.029157105892942268,-0.0014113536045966756,-2.721463629448731
4502,-8.283384714322711,0,0.027428426206366558,-0.0014751575675188559,-2.712101328687662
4503,-9.720249683146717,2,0.03015722532479178,0.0012234112871738034,-2.1661278508867867
4504,-7.9109937453015675,0,0.026195343527488663,-0.0005208598587057548,-3.116218552762328
4505,-14.10920255122314,6,0.026851664076897853,-0.0008601330615432058,-2.6401951576690252
4506,-12.064984223895358,4,0.026705245774487955,0.0011711480020428237,-2.5808783562443396
4507,-32.38820079322234,4,0.09400066487821948,-0.12904796222986542,-2.2161583583561444
4508,-16.49924419496587,6,0.03476570925485372,0.0009249788283413609,-2.6810729346981286
4509,-13.01863790134848,2,0.04142345075694914,-0.00016802773964976457,-3.4007164536891294
4510,-11.959951121312175,2,0.03297997060037139,-0.00401827930989336,-2.470202319100283
4511,-21.20869954948502,12,0.030492382614189066,-0.005354787056975757,-2.740451706243858
4512,-9.186044569778762,0,0.030417366125095154,0.0012441095175215395,-3.0381482718117683
4513,-23.469372084118042,12,0.03823124028039331,-0.001730804457484434,-2.794433255900367
4514,-9.70308324760215,2,0.02985691181241144,-0.0036063845341577547,-2.653677942407455
4515,-13.082942200957849,0,0.043321000665423284,-0.05092015958357208,-2.7228311717251468
4516,-21.003198801736012,10,0.036434433118331055,-0.0034393689513440855,-2.6329178495480625
4517,-20.17946345099235,6,0.04695186573176292,-0.004323400049593719,-2.222914849001057
4518,-7.822898035747234,0,0.025903635879957712,0.0015963895240218829,-2.7949233976205203
4519,-14.765354543826449,4,0.03588451514608814,0.0024570547034963967,-2.260653249269002
4520,-11.891802653642367,2,0.0327543134226569,-0.0013898720539218148,-2.796930227260836
4521,-15.051465413190797,4,0.036594256335068846,-0.0019278973812817146,-2.614794267396811
4522,-10.4709506725462,0,0.03467202209452384,0.0013210433586161362,-2.87021989413608
4523,-16.426417353971182,6,0.03805261808018681,-0.002293331439464088,-2.5969264082469126
4524,-15.449826546812139,6,0.03129081638017255,-0.00088396864805975,-2.0928205680050986
4525,-10.265645153727613,2,0.02736968593949534,-0.007847317377882485,-2.3434185993754757
4526,-17.244534613138413,10,0.04211938728568846,-0.006575090829066412,-2.857548464089632
4527,-18.496044390885274,2,0.054622663545977605,-0.3124644479984171,-2.599139280868956
4528,-20.63948161296127,10,0.035230071566097,0.000583469231045552,-2.192683224710258
4529,-12.968795164955525,4,0.029697997234952044,-0.0027327713692277076,-2.309015025911335
4530,-26.25629450341087,12,0.05483190193619554,0.06645453638773269,-2.4570407989544147
4531,-27.76085607844507,0,0.09192336449816242,0.40961053859325286,-2.6630218130863845
4532,-9.98416203937547,2,0.026437622646938663,-0.006736541426715916,-2.9366128926403627
4533,-13.575374997684145,2,0.03832905628372225,-0.004708259371695238,-2.8505558987482704
4534,-15.391827056510097,0,0.050966314756656125,-0.186271471334683,-2.030406810225848
4535,-10.131921992456398,4,0.02666053040198424,0.002224600718802084,-2.170126050225555
4536,-15.130644190352884,4,0.036856437716400264,-0.003667568418178831,-2.91264158614575
4537,-17.523041433415614,8,0.03283807390832971,-0.0076175383817211825,-2.862486935476933
4538,-11.701580061197587,2,0.03212443728873375,-0.005969155858045703,-2.945983038334768
4539,-23.22985308829216,14,0.030562427444676507,-0.004643932176871065,-2.5413337894058508
4540,-26.928794671819432,12,0.05183609261048422,-0.004807424188968273,-3.0481348056083437
4541,-8.98240720797762,0,0.02974307022509149,-0.007135612969302159,-2.616598180351688
4542,-10.194598471848705,0,0.03375694858228059,-0.0017912759070919937,-2.9133964949386155
4543,-14.936151112750803,6,0.03285349673805428,0.10820313965018345,-2.3242312669483534
4544,-17.98354495625938,6,0.03968061243794504,-0.020066306138386492,-2.761184555267767
4545,-19.676399875338397,6,0.05746386502243032,-0.1552007639956731,-2.5121979177409015
4546,-36.11002082970573,2,0.11294708884008516,-0.29070416111082753,-2.8623134633588463
4547,-10.101531412555131,0,0.03344877951177197,0.00027134437206515806,-2.9667296577842253
4548,-14.865614378452051,6,0.03725048058173137,-0.00017127428808398233,-2.4138391549137475
4549,-42.65579571178832,8,0.11475429043638496,-0.859844505187087,-2.441404060807271
4550,-13.164175007839281,4,0.037252743934306026,0.0012666889270426841,-2.685662021554961
4551,-11.225375113447942,2,0.030547599713403786,-0.004608128352448443,-3.0149683501890596
4552,-20.04933423966723,10,0.033275941190950994,-0.0033374678766021864,-3.2470542613646898
4553,-44.291813058249,6,0.1428798994710786,0.11361399439420662,-2.6501364584781864
4554,-19.42844632453813,10,0.031428154415127314,-0.004043381242391964,-2.5174355760365335
4555,-17.263140514135145,6,0.04022550183619684,-0.004760474735022789,-2.6627997776502994
4556,-10.017800338809728,0,0.03317152430069444,-0.007833027947441187,-2.450313536630188
4557,-20.59235141265715,4,0.0549415609690635,-0.007008657264461531,-3.139303402214686
4558,-14.263300882049208,4,0.03398444000678539,-0.004534739809764537,-3.1529094117477734
4559,-7.885749877776515,0,0.026111754562173912,-0.004151881845214632,-2.6857036880831697
4560,-8.761917569970576,0,0.029012972085995296,-0.002650204361940654,-3.048941031060955
4561,-10.20792030538585,4,0.026990957849503675,0.001322828379317956,-2.4169203471562715
4562,-22.670047135978752,4,0.06182134813237982,-0.20037475254329612,-2.885089398841281
4563,-20.23569192341851,8,0.040515536170259894,0.0021211099055355154,-2.7198329675511546
4564,-31.61729227715341,22,0.03535769219541671,0.0022094262878561174,-2.8508702277146662
4565,-21.075328741737163,0,0.06978585676071906,-0.3601695853823623,-2.9039591273300607
4566,-10.17175940283615,2,0.02705880596965616,-0.0008885889625583856,-2.2785879007759595
4567,-26.38893002102544,20,0.03993081263140938,0.0011809864646056666,-2.1754067890613804
4568,-9.902009542505123,0,0.03278811106789773,-0.0011297276053139755,-3.0209307838550505
4569,-12.229816552553638,4,0.030939159972006237,-0.0005827704422645047,-2.827520455436079
4570,-13.11824882523519,4,0.030192876904752412,-0.0037452465290240696,-2.3722422827976533
4571,-13.358551803753661,4,0.03098858213163464,0.0011159720179927074,-3.2171401750107083
4572,-18.59498999446012,6,0.04170526488231824,-0.0012396287920866285,-2.759492164664125
4573,-10.649671480897762,2,0.028641296294363412,-0.00217443088482794,-2.909873839276411
4574,-10.295306012220951,2,0.027467900702718418,-0.006888219172332362,-2.7999259356878055
4575,-26.436310871848683,14,0.04117983732400234,-0.004398822319996081,-2.7129668080058282
4576,-49.469959851137084,16,0.12039553903286696,0.49671997790519656,-2.745436146606946
4577,-15.719520161065242,6,0.03218384159293139,-0.005196073878978977,-2.4360764168258386
4578,-10.800341027595733,2,0.02914020207813158,0.002291883965368253,-2.9745279835080667
4579,-10.378390494777022,2,0.027743014883367712,0.0008755517949269998,-3.2171856543727855
4580,-17.28792054544095,2,0.05062225346172501,-0.2288887462412186,-2.7896658311629228
4581,-15.229572451315317,6,0.034697640794418415,-0.005107530338087476,-2.5000787189867544
4582,-14.444764995337351,2,0.04120783111038863,0.044427502335709156,-2.6793256046962832
4583,-16.668345050806224,0,0.06128068033384642,-0.261788128870916,-2.890812234530698
4584,-14.084202221919842,4,0.033391398085827126,0.0002834253439476208,-3.093923309266518
4585,-20.086529179340285,10,0.034781135101173505,-0.00411914494081304,-2.3405265982516497
4586,-17.17248175604496,4,0.04361748925842708,0.00012088528146584894,-3.022902233256428
4587,-8.330654828456952,0,0.027584949763102422,-0.003145481389715947,-2.8522879609707066
4588,-11.07698793053344,2,0.030056251425607455,-0.002234579103116859,-3.0308820880261798
4589,-21.15782963509385,8,0.048374373658432966,-0.002707276064371827,-2.820415427251924
4590,-19.160202323391943,8,0.03795987184827217,-0.004047462535977719,-2.796139136602988
4591,-7.737118125294948,0,0.025619596441374026,-0.0026879012868400443,-3.1864044233316258
4592,-14.807679283966813,6,0.029164500940287465,-0.002824875685873608,-2.741040574210628
4593,-38.97939221341971,6,0.1092032854748996,-0.46483438892215984,-2.8099685820895832
4594,-33.62605124174854,12,0.07160944119784292,-0.1917562163652334,-2.670654726654329
4595,-13.891293058503171,4,0.03275262602153361,-0.0031924110954467035,-2.5457022112240284
4596,-14.801611486192858,4,0.03576692545096972,-0.007437306747845812,-3.425537465008235
4597,-11.324071395509705,2,0.030874408594403005,0.0001680755161291716,-2.444371523304391
4598,-13.90433421023299,4,0.03279580864315565,-0.0024512387460578753,-2.87277563664999
4599,-13.722172705033298,4,0.03219262485110362,0.003630458033144079,-2.6742366888009887
4600,-25.593044333020774,10,0.05163259712920769,0.1543323250031037,-2.939088819655343
4601,-23.375799125422674,14,0.03811300457488889,0.0008733384491027734,-2.4902159746357704
4602,-9.939337109295698,0,0.032911712282436105,-0.0025592694998817483,-2.8705831938948436
4603,-26.725368746198658,8,0.06200453227218131,0.31957322556328105,-2.2015793300091153
4604,-16.63347425797089,4,0.041832696218446555,-0.13554037052109555,-2.6453451425926673
4605,-11.413439908048513,2,0.034608234956060656,-0.004449575691422283,-2.581801134254473
4606,-42.31699785740226,18,0.08051986045497433,-0.10343112315387397,-2.338095737527131
4607,-8.077805905628086,0,0.026747701674265125,-0.0003413300079275046,-2.5562842371557464
4608,-41.553076317815716,2,0.13097045138349575,0.9093427336376179,-2.72593788381447
4609,-9.233071611403458,0,0.030573084805971713,0.0018218107981798517,-2.5625287733128834
4610,-16.619721532397516,6,0.035164640835753484,-0.005328703174731441,-2.5247638385368214
4611,-11.224630421846493,2,0.033666534386300975,-0.0037354840171339846,-2.537703666286796
4612,-11.693457023595618,0,0.03872005636952186,0.004547606417539203,-3.592126366578733
4613,-12.04175086123284,2,0.03325083066633395,-0.0006718364100138478,-3.175931324010533
4614,-9.510156609409236,2,0.027409330691274585,-0.001995979334112175,-2.415628413407703
4615,-8.08520431749969,0,0.026772199726820132,-0.004666385035641917,-2.8578835720196367
4616,-13.588266635685287,6,0.03387619033788069,-0.0011558307146645218,-2.3284602952476625
4617,-16.17287066253047,8,0.027798879804525452,-0.0044354544177993525,-2.791781916813988
4618,-17.890549135525564,4,0.0459951958129984,-0.19429609876770576,-2.3150683438881847
4619,-14.844040988553406,6,0.029284903935607474,-0.008207405206364956,-3.1467750490411794
4620,-10.972140865489557,0,0.03633159226983315,0.00033254523542617135,-2.6036335646177933
4621,-37.78947480641667,0,0.13121345418894673,-0.5499577059101688,-2.6682218884665216
4622,-25.892957373936255,10,0.05262568666866303,-0.11635907652004567,-2.644876543300948
4623,-18.110371530630534,10,0.03351393194475452,-0.001142258412389408,-2.224580924492137
4624,-12.955201276695181,4,0.02965298435991774,-0.006681591034088197,-2.851057725449691
4625,-12.950023137341997,2,0.03625835475941061,-0.004669574072310047,-2.8515468300782016
4626,-10.20233560760251,2,0.027160051680803023,-0.0006430128095856565,-2.7081423786478056
4627,-19.610236742977957,6,0.04536745580992677,-0.007327162567448492,-3.2856168680945412
4628,-6.433201943030138,0,0.026365581733730072,-0.005939330100787987,-2.5012428707367316
4629,-7.830490976809954,0,0.025928778068907164,-0.007434268391672645,-2.5452038013754454
4630,-13.198780756849997,4,0.03216356907989494,-0.007221686279594937,-2.49046936806998
4631,-14.979275749589467,2,0.042977734270163694,0.17513369495582626,-2.9784831821018005
4632,-27.151713754108602,0,0.08990633693413433,-0.1039425554717675,-2.404360583701575
4633,-18.823598430170946,6,0.04246224645751975,-0.0028731654952850734,-2.372949699709417
4634,-27.806310369433756,16,0.03909374294514486,-0.002686042473605211,-2.539319633213427
4635,-12.660861388904864,0,0.04192338208246637,-0.0008733514451964555,-2.5124338304762737
4636,-10.900390759891774,2,0.029471492582423053,-0.002752452932409202,-2.890509400607838
4637,-26.84790443198273,14,0.04254272990722734,0.00043787201403930093,-2.6852431030002646
4638,-7.808003076706616,0,0.02585431482353183,-0.0004357256001441289,-2.613722064925222
4639,-11.402377203278347,0,0.037756215904895335,-0.0005771638688304467,-2.9512605582033933
4640,-12.109807717247547,4,0.0311915681432599,-0.0006582520769622464,-2.5276976507894084
4641,-7.332487240751437,0,0.024279759075335878,-8.055152423951208e-05,-2.9065627051764076
4642,-11.258383168473152,0,0.037279414465142956,-0.00606797097870673,-2.50160941743332
4643,-12.925112466843593,4,0.029553352539217172,-0.0012609658974827274,-2.7807374119846497
4644,-35.81855091858094,4,0.1053594401277514,-0.1158588095577372,-2.8903720945960205
4645,-51.93688810071855,4,0.1587314175520482,0.462499578902575,-2.938638987136459
4646,-32.74394185883896,24,0.03497576743535589,-0.005773387975525111,-2.209727945235721
4647,-16.95344989380388,10,0.03049758725352565,-0.00424062604035594,-2.128938915544259
4648,-9.286564545002811,0,0.0307502137251748,-0.0026135617206204647,-2.1831586962651937
4649,-17.73369124346196,10,0.03362474453679124,-0.0008532022628123346,-2.0285015948758582
4650,-13.284288595813365,2,0.03736519402587189,-0.0022916841950955252,-2.7317131772299685
4651,-16.426952306671254,8,0.030755300389311242,-0.0034334203394904843,-1.8373881926671705
4652,-20.078635233180083,2,0.08369738533879688,0.28990972295093037,-2.0782252616820323
4653,-14.447135673953497,4,0.039572483613460184,-0.004740228219783272,-2.6328700209293996
4654,-10.374590578697314,0,0.036789328293252876,-0.0028130839265063934,-2.693875066771879
4655,-11.461756396715142,0,0.03795283575071241,0.0020005327782020074,-3.0270004484672963
4656,-43.06140769782478,8,0.1160973764828635,0.4089569527837787,-2.7053571967060743
4657,-12.653677608315666,4,0.03698152824066505,-0.012663672297285536,-2.410909209611207
4658,-29.342416504226964,0,0.09716031955042052,-0.24694212397471046,-2.594647208546344
4659,-14.48758750771867,6,0.03929438660980864,-0.0021824232214216694,-2.669944135473041
4660,-9.666063685653532,0,0.03200683339620371,-0.0072370910899874,-3.1779584087417554
4661,-31.32418249983257,4,0.0904774254961342,0.003465949858705334,-2.605938294753494
4662,-10.924854631141358,2,0.02955249877861383,-0.006865418651306983,-3.0585004379522576
4663,-15.117642748770434,0,0.05005841969791535,0.22049961794007397,-2.2208074141021616
4664,-18.73050580730533,10,0.028908959626838843,-0.003777678360058525,-2.801008043650519
4665,-43.81774524494327,14,0.09873425577795744,-0.41108881652868656,-3.0346278895457455
4666,-7.937551138085217,0,0.02628328191418949,-0.0032319110270823963,-2.6898560487921195
4667,-20.4500620037018,10,0.03460285431689342,-0.0004927946720272303,-2.6018866900484143
4668,-6.9623117911225485,0,0.028302080451717736,-0.00031526304248576543,-3.0112495029346102
4669,-10.193343866001813,2,0.027130277701992767,-0.004184572027752558,-2.9056037532748493
4670,-13.100549898813753,4,0.030134271188124936,0.0008675935501633644,-2.371539747823856
4671,-11.216142041108455,4,0.02733387136783492,0.001941917278225336,-2.8023688133781737
4672,-14.91810640147358,6,0.029530153647263396,-0.0017876726747120403,-2.6374088449222852
4673,-17.59517488107062,4,0.04501713536778353,-0.004178213219147558,-3.144651536841334
4674,-11.534511858484096,2,0.03157123131948378,0.000179581043606513,-2.8543736037431247
4675,-16.111044756439824,6,0.03348028065046301,-0.0015764533858191197,-1.9883623762705767
4676,-52.98515136412971,4,0.1622024879606942,0.8728225513713724,-2.598712880321584
4677,-15.502542202426364,8,0.035058608422552866,-0.0010281870270008656,-2.082230910188769
4678,-30.1527930872732,18,0.041906183059562584,-0.0003461486663556947,-2.5088152364449945
4679,-11.68373292695372,2,0.03534209097428369,-0.00040242087748581476,-2.923971986145726
4680,-21.808327439012754,4,0.058967971652360215,-0.003146874095661726,-3.0624117674617506
4681,-22.216241355625417,8,0.0470736468729319,-0.007133572753626754,-2.3637690330838588
4682,-18.84240714823201,8,0.035902010424609464,0.0002379594591218016,-2.483100621981719
4683,-21.79292540938506,6,0.05229445499796374,-0.14470477913950017,-3.020657468536132
4684,-15.450644137165558,8,0.03356146007732217,-0.0025055069738562715,-2.34794798018243
4685,-17.517540831680094,0,0.05800510209165595,-0.25824713178645103,-2.5103641631182887
4686,-15.888711302168172,8,0.03259798058747189,0.006019934653381486,-2.4054010731046382
4687,-32.92591988772064,6,0.08915867512490268,-0.29526251164675127,-2.6480611271389516
4688,-14.636736685564033,2,0.04184349895882125,-0.0007971920493977848,-2.398338609805873
4689,-15.060944962577329,4,0.03662564557144835,-0.0030362607097092842,-2.9833010139708587
4690,-13.938141798676591,6,0.032268869100311334,-0.00042215369762928505,-2.688893561239725
4691,-9.931085924000124,2,0.026261873920530275,-0.0037388185962775587,-2.8762408440727554
4692,-41.03437645306948,6,0.11600786904989903,-0.2516288936492796,-2.3945374946893248
4693,-23.35678901368161,12,0.03760526163470717,-0.001616167244871474,-2.7798142524616907
4694,-20.401382270428464,12,0.03500575946011846,-0.00324575220195887,-2.5008441740037717
4695,-21.99701551456279,10,0.04194760669427547,-0.0014184019004867471,-3.0607947894070833
4696,-12.513035894301849,4,0.028188860577158532,0.00026710476565933384,-2.8450709193362083
4697,-38.56327657083808,6,0.10782541910873555,0.031164974008921213,-3.1876309853637497
4698,-19.844062268511752,2,0.05908629890235675,0.3727401899351177,-2.295687176618688
4699,-9.039229197139703,0,0.0299312225070851,-0.002855155388331226,-2.8189052965242216
4700,-11.946363935010323,2,0.03293497991725263,-0.001095993316035397,-2.7232008073379563
4701,-19.774918370542395,6,0.04561231248523981,0.0032273565112175234,-2.7016728213710697
4702,-7.8501228623480825,0,0.025993784312410867,-0.00418228104892526,-2.662759952339658
4703,-22.311852797523052,12,0.049576215372706955,0.0017013764559613684,-2.7630053474326046
4704,-10.042977779349094,0,0.03325489330910297,-0.00017332968052279277,-2.4520987295913965
4705,-20.05990748921265,10,0.033310951951034985,-0.0020892423377156456,-2.424608507357069
4706,-36.69725137562258,0,0.12151407740272382,-0.014477052558167215,-3.1258876468172136
4707,-16.419680739547452,8,0.0278797375481704,-0.002009999231567964,-2.5649536394723267
4708,-59.194116694159014,16,0.14302687647072526,0.49621593577398715,-2.6274279513753713
4709,-20.81044306018601,10,0.035796169073463474,-0.004554572592902657,-2.724651459625472
4710,-10.083607687749598,2,0.027495264244046302,-0.0018934279559877048,-2.90933451421486
4711,-20.530854285864013,10,0.040503285714861496,-0.004423085742343504,-3.272508593660851
4712,-8.12906530477269,0,0.026917434784015537,-0.003601923121127072,-2.8708801397586563
4713,-17.150065586688623,6,0.036920746975789946,-0.0014094113228867286,-2.24023271534925
4714,-15.2036758192116,6,0.030475747745733868,-0.0040744996521720625,-3.009570642543104
4715,-14.976102985451455,4,0.0363447118723557,-0.0009969077350584087,-2.730420253112672
4716,-11.297433398765152,2,0.030786203307169302,-0.0037856488790831816,-2.169799890424956
4717,-12.918118240158554,4,0.029530192848207206,-0.0011218686335232873,-2.633122114192722
4718,-33.15804940385755,16,0.05681473312535604,-0.00012157071583799475,-3.004919694897423
4719,-9.254162168874537,2,0.030479672978464392,-0.0017403083456241908,-2.569740870083191
4720,-10.909819136364604,2,0.029502712372068196,-0.001499259464646264,-2.8585250315497728
4721,-30.759371121659974,4,0.08860718914456948,0.1592383620705431,-2.5463303466821676
4722,-30.93316519102805,0,0.10242769930803974,0.3894474821851361,-2.8532584974411197
4723,-19.236482766155074,8,0.03720689657667222,-0.003022428989928487,-2.4912289637497116
4724,-13.19194227334347,4,0.030436894944845846,0.00438556705465824,-2.371451665155454
4725,-16.47581562761443,6,0.04092115479536893,-0.002746670651868044,-3.1598541389947057
4726,-16.72758172591773,8,0.028899277238138264,-0.002623658152513009,-2.176552709753491
4727,-33.27989118675343,14,0.06602702461216897,0.2914914875367835,-1.8900164418394536
4728,-9.73867116667488,0,0.03224725551879094,-0.006334264939172897,-3.1197010070045437
4729,-22.115899336637625,12,0.03349635541932988,-0.004679055868174621,-2.738441500447641
4730,-21.109107250457896,4,0.05899692155330293,0.23885193134461336,-2.7729168562918645
4731,-7.379790942681996,0,0.02443639384994045,-0.0014672601447496194,-3.167298389736156
4732,-11.523047402181346,4,0.027257418123845453,-0.0025700607305422993,-2.701695286695621
4733,-39.57154751806685,4,0.11778658118565172,-0.1578188197176891,-2.4963347000212157
4734,-7.732542576443756,0,0.025604445617363428,0.0007675885038206736,-3.081441525063483
4735,-14.545940736932776,6,0.028297817009711165,0.0006358416786491377,-3.196661857280237
4736,-20.042743875850995,6,0.04649915190679139,0.13150320178208508,-2.1571581316850494
4737,-12.677741063093144,2,0.03535675848706341,-0.001404999630427025,-2.726023468370021
4738,-6.918141435958806,0,0.026008050511123357,-0.002189943213120831,-2.650911741507331
4739,-16.830450241705734,4,0.04248493457518453,0.05489986982730075,-2.8859538924095873
4740,-10.980814613977339,2,0.029737796735024337,-0.005250177388264495,-2.525834732417893
4741,-15.46025546748523,6,0.03132534923008351,-0.0009820869591839563,-3.0521540065144888
4742,-8.32172952655107,0,0.028894894189413416,-0.0035817896229370185,-2.662010092499905
4743,-13.869736889274467,2,0.03930376453402162,-0.0006617858071521615,-2.7326519355073797
4744,-8.817166261319544,2,0.030987119369634185,0.00013422751090150665,-2.740098696599651
4745,-52.326802630964046,4,0.16002252526809274,0.7556556061571711,-2.679938297859904
4746,-15.765647780020542,6,0.03233658205304804,-0.002268413520288586,-3.0897126822679963
4747,-13.314911609083433,4,0.030844078175772983,-0.003420677035892789,-2.594025258435282
4748,-13.67001975547716,4,0.03201993296515622,-0.009552958061446787,-2.944641182863112
4749,-18.337150022238085,6,0.04085149013986121,-0.0017922346773156465,-2.4920820358392417
4750,-8.261018983389102,0,0.02735436749466586,0.0004060676835619209,-2.88129247703396
4751,-26.7774230774553,6,0.06879941416375916,0.4060865381593039,-2.382607894834279
4752,-9.121492705120481,0,0.030203618228875836,-0.0026528395291430173,-3.0002790285385403
4753,-18.034474445653384,8,0.03322673657501138,-0.010093362099299862,-2.765595223006194
4754,-14.168191201830975,4,0.03366950729083099,0.002152228028365466,-3.355544472840732
4755,-9.971593362417524,4,0.03078140908462637,0.0034168023587271726,-2.0137670339963676
4756,-14.288725396544699,6,0.0274461105845851,-0.007290108349414802,-2.425408437444338
4757,-15.147265472077544,6,0.03028895851681305,-0.004152857762335843,-2.6268713857500585
4758,-27.059983719989845,16,0.03662246264897325,0.001573469593121812,-2.394092143799135
4759,-12.082240877942473,4,0.030614548780085144,-0.0009634570647242733,-2.627838018417683
4760,-13.048122816367103,4,0.02996067157737457,-0.0033963854034548464,-2.9315469331212887
4761,-29.52351726377346,0,0.09775999093964716,-0.7415991370126741,-2.421773945272473
4762,-22.42181282366579,8,0.05263435337104312,0.10016374615714443,-2.52539521861179
4763,-11.347375792617122,2,0.03223233031936944,0.000469713634490196,-2.4509457582509917
4764,-12.844260787960595,2,0.035908148304505234,-0.0018376008937419054,-2.394823875967552
4765,-9.115352249635496,0,0.03018328559481951,-0.0013021696456060406,-2.9025053812137696
4766,-21.514576227795807,8,0.04475025240991992,-0.0004563111656141893,-2.4585391301547626
4767,-9.326184384443536,0,0.030881405246501768,-0.00453038900884004,-3.032342919318155
4768,-11.130518882520155,2,0.030233506233510375,-0.0011046261577527749,-2.8394005696428013
4769,-16.486219935512427,6,0.03472258256792192,-0.001080234255024929,-2.176346392611763
4770,-22.039957201836796,10,0.03986740795310211,-0.00438490665628766,-2.3214327147594402
4771,-13.92818940361838,6,0.029363664457845856,-0.007540713130254988,-2.561162180672141
4772,-13.065941079176646,2,0.036642189003896306,0.00037752665681086036,-2.5793430623538263
4773,-15.904770028021128,4,0.03941976830470578,-0.001983755638681056,-3.4536689020865996
4774,-10.408875811334566,0,0.0344664761964721,0.003847207916257822,-2.6497416535827227
4775,-34.212599663185095,8,0.08679668762644087,0.5711559387502131,-2.7503625873050743
4776,-18.99275760777386,10,0.0405079171521347,-0.006167764516614445,-2.052715962659987
4777,-12.98533569661445,4,0.029752767207332702,-0.0019546748704079614,-2.6866147607744755
4778,-14.93858055838509,6,0.029597948868824876,-0.00038918668623174853,-2.6319930247844905
4779,-20.924557525058564,8,0.04279654809622047,-0.00018894541314772227,-2.676839005817283
4780,-10.608899689426018,2,0.02850629036233783,-0.006642606430023982,-2.411551438105857
4781,-13.397754871870294,4,0.031118393615464576,-0.003115910372854093,-3.4142668238671385
4782,-7.7070894184667225,0,0.030105818040885524,0.0033766744802051106,-2.967257123604759
4783,-12.472690692006916,4,0.028055267192075885,-0.0013084884846678608,-2.921991481970331
4784,-18.114743295298915,0,0.0611984570787126,-0.24746966651598357,-3.009436999599613
4785,-28.454572779807087,12,0.054485340330487,0.0323908925929187,-2.7219503034362633
4786,-25.770669986837053,4,0.07208831121469218,0.44835521365432623,-2.669896695233838
4787,-7.375544707738122,0,0.02442233346933153,-0.00028630051336294375,-3.0158374108172703
4788,-19.295393238944342,8,0.041527181025530935,-0.0001389268591404235,-3.12081559529549
4789,-50.04023331183047,8,0.14107460842896077,-0.5645710584330966,-2.5607562444754093
4790,-10.331110834686442,2,0.030629083951053234,-0.003597824559170369,-2.4070830264448886
4791,-18.03195796778253,8,0.03321840386682975,-0.0010293643545384043,-3.151914351173817
4792,-19.46267407352395,10,0.03133335785935083,-0.00044727669658743783,-2.632345221125342
4793,-15.096551731211715,4,0.03774337323541409,-0.002814960677167211,-2.9850880923417247
4794,-15.126015250744073,2,0.04346362665809304,-0.1388507818925774,-2.4720097208549023
4795,-11.466244003019703,0,0.0379676953742375,-0.0004507479381235625,-3.3734068046628005
4796,-9.840758838839704,2,0.02596277761205208,-0.002038168309900959,-3.009127498065686
4797,-15.732008870542757,8,0.02560267837928063,-0.003263777694842217,-2.5035012655721482
4798,-12.614659721900685,4,0.030121187838813564,0.001686241728957039,-2.099158454298691
4799,-12.470383540500068,4,0.028047627617549864,-0.004233135415598849,-2.787194279751537
4800,-13.971404587619615,2,0.03964041254178682,-0.002345764193998415,-3.1409026830595153
4801,-9.64696942114581,2,0.028113858165977293,0.0028062456869520245,-2.371105956737221
4802,-11.102609238215459,4,0.03318976279539921,0.0023814325882383037,-2.510820001735848
4803,-24.86085279375509,14,0.035963088721043306,-0.00325381021610529,-2.5174410322966327
4804,-12.48045756150833,2,0.03470350185929897,-0.0002057515205784596,-2.6063308299913857
4805,-9.99779134491495,0,0.03310526935402298,-0.005623853610464625,-2.998037196197387
4806,-13.935776425356176,6,0.026277405381974105,-0.005253937483043564,-2.8759560626114267
4807,-27.08512351611801,0,0.08968583945734447,0.4051331962583685,-2.7136471226131422
4808,-7.419663124104693,0,0.024568420940744053,0.0004834991217504521,-2.9745195114680385
4809,-12.14342666503081,2,0.03358750551334698,-0.003105849529530187,-2.286399377833139
4810,-15.624952250224716,6,0.03187070281531361,-0.006008986158555509,-2.31980733178889
4811,-15.369158173131204,4,0.05167799169605105,-0.00349435768915679,-2.596296738134062
4812,-7.8086470932581244,0,0.031742467858772855,0.001181887246940921,-2.690463347290832
4813,-18.26148939052886,6,0.04060095824678424,-0.006361627228410039,-2.9376577613423485
4814,-23.031762370609222,12,0.03752300126057544,0.000918660745132385,-2.36658755327883
4815,-8.27840323967355,0,0.02741193125719721,0.002073758628854639,-3.6173968599800834
4816,-12.754855499292614,2,0.052208036404333136,0.0003559256980683908,-2.7910403264315744
4817,-22.497930986895,12,0.03476136088375846,0.0016504723541685288,-3.127724376188542
4818,-11.982599956117843,2,0.03305496674211195,-0.005098395086115609,-3.142738944316431
4819,-10.529514840374247,0,0.034865943180047126,-0.006211266869336786,-2.8729206120279627
4820,-8.374804292948859,0,0.027731140042876995,-0.009430337524032282,-3.008107195931197
4821,-10.854096879378146,2,0.029318201587344803,-0.007200149086300925,-2.8554130284020074
4822,-13.345537531481085,4,0.030945488514838162,-0.001990911453986997,-3.001488053667689
4823,-7.526716996285584,0,0.032165457249083686,-0.002862174762213905,-3.104457697741942
4824,-11.454326641225752,2,0.03130571735505206,-0.006709339471675751,-2.186759860824363
4825,-17.746124159695878,8,0.03227193430362871,-0.000931358747708531,-3.1569137890848626
4826,-32.18243617217637,12,0.06682925884826614,0.28851392853955754,-2.4982121622862543
4827,-35.532695045208385,2,0.11103541405698128,0.8475268518198312,-3.3674118880678234
4828,-11.964745924698196,4,0.027090972532987145,-0.006342053239797653,-3.022658740310394
4829,-34.86965494725876,2,0.10883991704390328,0.28027896472107966,-2.643536704267369
4830,-18.741518686349387,6,0.04219045922632268,-0.007072791597394995,-2.76624592991811
4831,-10.731917174179493,2,0.03282675629390773,-0.0015176498724140675,-3.0190904121278765
4832,-11.759035678031303,0,0.038937204231891724,-0.000629695518318539,-3.098878743477661
4833,-8.560045065052055,0,0.028344520082953743,0.001862816833613428,-2.868463692982442
4834,-10.893424442445623,4,0.026718699389324103,-0.007994339900278999,-2.6900503870314565
4835,-30.68832825412984,2,0.09499446441764847,0.7103473098194597,-2.868390122208374
4836,-12.164277489252067,2,0.03365654797765595,-0.005543126100026663,-3.4613560278494058
4837,-7.340859120725556,0,0.02430748053220384,-0.00449621665109541,-2.7967530152371882
4838,-15.975646374346802,4,0.03965445819320132,-0.08446779058758934,-3.079137858598561
4839,-8.344467991863684,0,0.027630688714780343,-0.000800655627876076,-3.3485579751650896
4840,-10.939326812243008,2,0.02960041990808941,-0.006614455338012403,-2.2602719445922568
4841,-15.297153997254814,2,0.04403031124918817,0.007019157461599996,-1.9731083339469069
4842,-15.880009742257892,4,0.039337780603502945,0.07156413264621962,-2.7439732635918763
4843,-16.989287866471397,6,0.036388370418779424,-0.003061407043009577,-2.286755367447252
4844,-27.14071184174797,16,0.036889774310423756,-0.006251135702547155,-3.148438445134636
4845,-16.089131792835307,6,0.03340772116832886,-0.003137453910216245,-3.18645671091909
4846,-11.570819398546766,2,0.031691454962075316,-0.0024942190801903654,-2.3766073472760865
4847,-14.628069213134767,6,0.035950288388061476,0.0019524761717184447,-2.8490160187122333
4848,-13.466959596084452,4,0.03134754833140545,-0.003255659665269407,-3.1112641967794494
4849,-24.255869956450532,2,0.07369493363063104,-0.34150827987734783,-2.817875990877988
4850,-18.4792732039615,4,0.04794461325815077,0.14250702426918407,-2.571145480732273
4851,-32.3024739560042,22,0.03411415217219937,-0.0038405639285974155,-2.382315312315344
4852,-10.084080731364816,2,0.02676847924292982,-0.0018078580993653231,-2.578596385633141
4853,-9.347455967179767,0,0.03095184095092631,-0.004652626009886184,-3.451180185008731
4854,-10.142150904988114,2,0.027140503016626995,-0.004256078984898826,-3.058043818852709
4855,-15.830745661213495,6,0.03255213795103798,-0.00401593777705724,-2.733765124883048
4856,-19.61146710648815,12,0.03844175306307143,-0.00015583397653612374,-1.8969341539272173
4857,-19.773588813886924,6,0.04560790997975799,-0.147578389055037,-2.4604685268124307
4858,-23.966309159590047,2,0.07273612304499995,0.15026051861893952,-2.332626535618333
4859,-6.5023478551282246,0,0.028519069540035982,0.00044664600026679405,-2.73672672496116
4860,-9.156035335339688,2,0.027953263028670666,-0.0015771619993756758,-2.280785044607865
4861,-13.545210405190305,2,0.038229173527120304,-0.0036709510581722075,-2.839332020090583
4862,-37.29260525851823,12,0.0837503485381397,-0.11623400168282147,-2.8460302850157517
4863,-13.764366570387832,4,0.04562788117003648,-0.1492195337458087,-2.379204127103717
4864,-17.885431976917264,10,0.02836486322632105,-3.9403328819455004e-05,-2.8059566837315875
4865,-18.057648595593438,6,0.03992598872713055,-0.0022026364956766564,-2.4445984538413263
4866,-13.358537047549536,6,0.024366016713740155,0.00042523713767010445,-2.4642199427237124
4867,-26.521058641410743,4,0.07457304185897604,0.15365344985197021,-2.7229648985684114
4868,-9.823158252575697,0,0.03252701408137651,-0.008863215277199665,-3.1103976591206495
4869,-63.93554508550727,8,0.18521703670697798,1.2030575847320277,-2.7441391590586015
4870,-16.04044110400237,0,0.05311404339073641,0.20895225268585102,-2.5043810304679863
4871,-9.571942618372969,0,0.03169517423302308,-0.0010148454614026805,-3.4093027285420465
4872,-16.29725073596227,6,0.03409685674159695,-0.0025079037163048884,-2.469389813134292
4873,-53.501925078333976,12,0.13742359297461573,-0.3322638292802306,-3.0446357677441664
4874,-18.460301307046688,6,0.041259275851148025,-0.00612932937566672,-2.8605895916109487
4875,-11.381136017940895,0,0.037685880854109,0.12395740400148642,-2.649021045711286
4876,-12.380716446993826,2,0.034373233268191465,0.0049810374162964745,-2.9652264424527237
4877,-11.992290727379961,2,0.03375773894385125,0.0016452201179581116,-2.59878119591268
4878,-15.262669041939414,6,0.030671089542845836,-0.0026170840052061324,-2.2250384259360128
4879,-21.17092657533323,0,0.07402421879487144,-0.2498707940076621,-2.4828657089726076
4880,-14.65530172640703,6,0.030476414529602334,-0.005582437195821704,-2.454182940626248
4881,-10.162671749497074,0,0.033651230958599544,-0.004460122769649159,-3.230941822422693
4882,-15.746804289410322,6,0.03506044708420966,-0.006316128932107106,-2.2714337257139903
4883,-27.210915450241544,18,0.04186779750109795,-0.013341878982557153,-2.521968316514341
4884,-49.73434070810365,2,0.15806073082153546,0.9913231186005164,-3.1360472136472017
4885,-11.655972265858946,2,0.032186574219529925,-0.0058446474395071465,-2.3608373883782576
4886,-11.362412512178222,2,0.031001365934364943,-0.005882622905319174,-3.1625516423365
4887,-10.909412962023914,0,0.0361238839802117,-0.005070464765430977,-3.0731470341259914
4888,-13.12944418386217,4,0.03084271683737216,-0.0024452921519106303,-2.66527462605634
4889,-7.710619200150648,0,0.025531851656127952,0.0034104400342145308,-2.463610718779062
4890,-9.559306689162963,0,0.031653333407824356,0.0009734503118419982,-2.4947100299647977
4891,-26.59877883021903,4,0.07483039347754662,0.3732331876812228,-2.676327052113942
4892,-24.59496740445048,14,0.03508267352467061,-0.005483691269433163,-2.5338737189585485
4893,-59.49271008203801,14,0.1506381128544307,-0.07334907758851468,-2.6069916383671883
4894,-29.877384249687648,8,0.07492254880030008,0.3291328761723428,-2.615535592546763
4895,-16.35206259249279,8,0.027655836398982923,0.00178887916486772,-2.4211236871633255
4896,-15.189898733090175,6,0.0319093706010075,-0.005317525538460662,-2.887434662312848
4897,-15.794738345636876,6,0.03243290842926118,0.00031464647884104426,-3.0247929981186528
4898,-8.864840715517111,0,0.029353777203699024,-0.0043101954545258295,-2.1124965683041608
4899,-48.18085570301076,6,0.1396717076258633,-0.2860471334669196,-2.7685792497321438
4900,-14.53244711665202,4,0.034875652704145596,-0.0050230741601079605,-3.33344690631998
4901,-11.132833434467345,0,0.03686368686909718,0.0930464341864915,-3.208177234930455
4902,-8.07984847902461,0,0.026754465162333162,-0.005163664108416719,-3.0493151595501464
4903,-28.593965067672762,18,0.04772056336789533,-0.005417688868662997,-3.160758137766708
4904,-10.784323136156669,2,0.029087162702505498,0.0006874616698065883,-3.058992120955565
4905,-19.112961177420665,10,0.030175368137154383,-0.000210325972490099,-3.0233869796003785
4906,-7.1644876068878665,0,0.031149946116903717,-0.00040960640211225205,-2.0923702397539645
4907,-14.020405935165373,4,0.03318015210319671,-0.0012547304201948252,-3.077923635130213
4908,-9.453017717319476,0,0.03130138316993206,-0.001550370158121878,-2.389606802828305
4909,-25.12362527354081,8,0.05670074593887694,-0.03159851912853912,-1.858971237059103
4910,-28.751435489090632,0,0.09983137322600906,0.34188702314471203,-2.4936090966403652
4911,-27.322325196554893,18,0.03353354387249965,0.0009675902193881196,-2.977189268570719
4912,-11.262795876502912,2,0.03067150952484391,-0.004211390981395168,-3.1649925862260115
4913,-16.452565106923558,4,0.041233659294448874,-0.055199853051608024,-2.95920158308647
4914,-13.261136991842045,2,0.03728853308556966,-0.006973863249669308,-2.7237775670115476
4915,-24.44355022195539,2,0.07431639146342853,-0.023472258330797715,-2.9027347316383576
4916,-8.476577960349672,2,0.032382889801748346,0.0027403320451267065,-2.4379713055412284
4917,-8.51460443826259,0,0.028194054431333132,-0.0015486815870301613,-2.797522609695848
4918,-7.885055505651864,0,0.026109455316727984,-0.0023642616597812204,-3.5990547784806126
4919,-15.81795861822788,6,0.03250979674909902,-0.005079297784913258,-2.8563623099537745
4920,-13.552431263554839,6,0.030209725054219278,-0.0010166324738413095,-2.2732485871175303
4921,-8.111157186230548,0,0.0340804923791199,-0.0069237034558514215,-2.863938496384316
4922,-17.08040667718251,8,0.03006757177875009,-0.005692147043462695,-3.162227628209215
4923,-11.883281508918785,4,0.029636396650070566,-0.0036298136568201104,-2.4037647821980745
4924,-20.34822762925078,0,0.06737823718294965,-0.26477469419235583,-2.9234683708663236
4925,-15.878058338419168,4,0.03933131900138805,-0.007735876628469108,-2.8572910826758093
4926,-13.364775143321319,4,0.034684352382671424,-0.001484923264425662,-2.529317819223636
4927,-16.247009399663256,6,0.033930494700871824,-0.0028653233796234754,-2.905132050150296
4928,-14.963098268300863,6,0.029679133338744664,-0.0030701915784399733,-3.453017880866566
4929,-13.751023585513924,4,0.03228815756792683,-0.0011378427725346968,-3.2780270322400225
4930,-20.08875623894397,12,0.030873115415816596,-0.0018221870441530042,-2.503594373007845
4931,-11.294668575527496,4,0.02941398619164319,-0.0009981677062892084,-2.5564898530926343
4932,-10.168293055417552,2,0.027047327998071385,0.001429771794320781,-2.3282007852219206
4933,-18.297532497455183,8,0.03409778972667271,-0.008428809548526177,-2.600069181485848
4934,-10.62810680012428,2,0.02856989006663669,-0.0008260603142988603,-3.3245108627072293
4935,-27.698102742987157,16,0.04569571383979381,0.006668192239953896,-2.8790358572827017
4936,-21.18434212875474,2,0.06352431168461825,-0.3096808119099556,-3.476470124192801
4937,-19.806460129187354,10,0.03247172228207731,-0.0031901320535843783,-3.026429400937123
4938,-21.456914052459897,12,0.0313142849419201,-0.006982084872071564,-2.859027377599912
4939,-11.121846934468769,2,0.03353620196495874,-0.0012984223655246965,-2.4138140228778386
4940,-14.66653927973925,6,0.030092150276872495,-0.0025261298221367825,-2.818768566199934
4941,-17.236044178341835,6,0.037205444299145345,0.0019984909563035462,-2.6248991033170275
4942,-34.237875115515976,18,0.05376779839574802,0.11900615481997452,-2.3603583210391155
4943,-11.690155415463996,4,0.025464090779682137,0.002732407422165775,-2.549037822113594
4944,-12.718972011047102,4,0.03113918575373957,-5.821753210122032e-05,-2.8430211013938034
4945,-13.370129282126623,6,0.028566392566382316,0.0033367677136006686,-3.077659576603341
4946,-9.497105589820135,0,0.031447369502715726,-0.0031758581642801595,-3.149628326118714
4947,-13.080601993053032,2,0.0366907350763345,-0.0016188143377827591,-2.9968007799347443
4948,-20.28392737355579,0,0.06716532242899273,-0.2325834351056718,-2.526900232414387
4949,-13.856369650130496,2,0.03925950215274989,-0.00047912137915953894,-2.6856599259161738
4950,-24.762022549261655,10,0.04888086936841604,-0.1337662914568953,-2.68445484249094
4951,-9.881261380150715,0,0.03271940854354549,-0.004140396829577323,-2.99805786988834
4952,-10.259062990593053,2,0.027347890697327997,-0.002891202998618959,-2.8274245242062426
4953,-32.558445774621966,16,0.0548292906444433,-0.1171262912288006,-3.1640437100617875
4954,-13.155388169944985,4,0.030315854867367563,0.0014512564988486123,-2.592519885079861
4955,-16.765613308055485,2,0.05953876333893335,-0.2873031576349017,-2.826698893630659
4956,-17.45915636520929,8,0.0313217098185737,-0.0013594083460232872,-2.9935953857410804
4957,-8.534523836358863,0,0.028260012703175,-0.005026759778531824,-2.6960099018753634
4958,-12.24129617448447,4,0.02728906018041219,-0.005389360066376849,-2.8810978888220227
4959,-12.585729147920054,2,0.03505208327125845,0.0008409716191220511,-2.9530003792094184
4960,-43.365015137447365,6,0.1237252156869116,0.9673815206419492,-2.7745829679500558
4961,-10.317137467214833,0,0.03849678159408527,-0.0011628884181845932,-2.726698393205445
4962,-11.486165236117293,2,0.03248686724697709,-0.029845236989586577,-2.840567495505013
4963,-6.884283560934525,0,0.03187168315247467,-0.003898523766461208,-2.2819830337153957
4964,-24.974779752264944,2,0.07607542964326144,-0.3647292376004795,-2.9503632249936635
4965,-10.999044237891933,2,0.02979815972811909,-0.0026898599902032225,-3.161942561606056
4966,-28.265186040196532,10,0.06048074847747172,0.1546947047662141,-2.6534366452930778
4967,-19.449772194865158,10,0.03129063640683823,0.001622091296101174,-2.5950705892737145
4968,-14.005821385223834,4,0.0331318588914696,-0.005064641956597666,-2.8159696435932045
4969,-42.39909370907269,0,0.140394350030042,0.33853572423828904,-2.762402116298361
4970,-9.737359201581993,0,0.03224291126351652,-0.0019205818976590176,-2.797497060742701
4971,-29.004954761862834,0,0.09604289656245965,0.08237416282587605,-2.7628827931804643
4972,-26.684096457520912,18,0.028755286283182135,-0.0036516795295679213,-2.6422675066410153
4973,-29.919726654777726,6,0.08248181605095775,0.5599339284939724,-2.5989113756165647
4974,-30.576027653705967,6,0.08137757501227136,0.26910513128244185,-2.624983098879549
4975,-15.232928452830585,6,0.030572610770962114,-6.75146100620141e-05,-2.872734021036986
4976,-14.198952385771854,4,0.03377136551580078,-0.0005112183740553723,-2.561375255252324
4977,-7.250175371407774,0,0.026268751345680387,0.0012687742672995597,-2.584189747490893
4978,-14.858042525073566,6,0.029331266639316518,6.786501127609749e-05,-2.59018700671957
4979,-11.651945544319261,2,0.03196008458383863,-0.0037554036260779872,-2.8724563235407756
4980,-11.772999953034722,4,0.02573841044051238,-0.005985103032878594,-2.530301022789108
4981,-10.72732389429931,2,0.028898423491057146,0.0027178455333823695,-2.959150704568011
4982,-9.922670490646398,2,0.03505606411790447,-0.0022639040062533674,-2.669300552872732
4983,-29.227968520551443,0,0.09678135271705779,-0.5632429740080203,-2.412778096893318
4984,-17.984132274631143,8,0.03306004064447409,-0.007131853841387032,-2.7186942220616173
4985,-23.873322721919884,10,0.04593815470834396,-0.003062474496496089,-2.992399855611043
4986,-49.80605483236417,14,0.11856309547140516,0.37380963831319663,-2.689873181111434
4987,-34.931929311595155,8,0.08917857387945417,-0.5304980465600311,-2.8258792939009947
4988,-13.667311350446997,0,0.045255997849162344,-0.19125123649553413,-2.717593721151722
4989,-23.983431858923076,16,0.02851225663901127,-0.011882453899764056,-2.3512655515581304
4990,-20.38301362206893,2,0.06087090603334074,0.1482811791028223,-2.235897559294078
4991,-19.476764849692817,4,0.051247565727459636,0.21739717434493466,-2.7393908939592615
4992,-5.754648580834795,0,0.030938970864703198,-0.008753128151749811,-2.448215265077791
4993,-11.10195319391718,4,0.023516401304361487,-0.0031571345664375763,-2.574870209126897
4994,-23.406041516883896,12,0.041028926319726176,-0.005493856754100366,-2.7991836276836692
4995,-17.098801577035584,2,0.04999603171203839,-0.11214724876717448,-3.2820263543172388
4996,-25.1366350585263,14,0.037623767089615574,-0.005641424418836077,-2.934566342132481
4997,-15.945940340733205,6,0.03526929198841558,-0.005421493913159303,-2.729827057109181
4998,-40.17697958011052,20,0.0668111906626176,-0.34482074627307374,-2.5762091673386363
4999,-14.115320242486689,6,0.026871921332737324,2.212712528887174e-05,-2.7402386028197787
