episode,tot_reward,tot_intrusions,tot_drift,hdg_in,spd_in
0,-54.97797274897476,48,0.02492133124633823,nan,0.32051564815811745
1,-196.90796830756045,188,0.02949658379986944,nan,0.9545285384528438
2,-101.11501217376238,92,0.03018215951576851,nan,0.6150694685239524
3,-82.63736865602834,74,0.028600558463669663,nan,0.04986746732998136
4,-145.92286006616618,136,0.0328571525369742,nan,0.044824696455435326
5,-41.3608739243234,32,0.030996271272593853,nan,0.721185399230033
6,-53.385628010373445,42,0.03770075500123726,nan,0.9640233250940835
7,-31.792974195026375,6,0.08540719932127962,nan,0.5367842202946014
8,-74.02876036155,46,0.09281046477334409,nan,0.013859697793369853
9,-78.20945293340725,56,0.07354123487883152,nan,2.3590410308199257
10,-12.272086510993175,4,0.027391014937063547,nan,-0.00457907991935977
11,-45.07975214842568,36,0.030065404464985904,nan,0.13892353632082988
12,-92.97723246250024,84,0.029725935306292053,nan,0.29217967888863067
13,-142.7081159370742,134,0.028834820983689103,nan,0.9240433295861439
14,-122.77627577736658,112,0.03568303237538589,nan,0.9520884768420596
15,-81.937482177541,70,0.03952808668059904,nan,1.6169300489673863
16,-87.16065754171265,78,0.03033330311825358,nan,-0.07822801500696855
17,-76.10192501785168,66,0.03345008284056914,nan,0.6792071724107754
18,-90.92840143130263,68,0.0759218590440495,nan,0.33584455647235983
19,-37.15939719984194,28,0.030329129800801095,nan,0.24258985471538197
20,-54.08324478511238,46,0.026765711208981104,nan,2.1897072535480215
21,-59.43545571526674,50,0.031243230845254294,nan,0.24745750223361232
22,-29.078005005643966,20,0.030059619223986422,nan,2.886441969371282
23,-8.105024989521144,0,0.02683783109112964,nan,1.9315777404708534
24,-61.150790865785886,52,0.030300632005912737,nan,0.21636892559548604
25,-67.03364071445924,58,0.029912717597546757,nan,0.04232570585102423
26,-74.70879745106325,66,0.02883707765252783,nan,0.2641341633542706
27,-80.81554178557917,70,0.03581305227012956,nan,1.5640422790215678
28,-132.51498053482933,98,0.11428801501599195,nan,0.9111147978401662
29,-101.1832633268315,92,0.030408156711362364,nan,0.8883664738321916
30,-66.19033536830158,58,0.027120315789078142,nan,1.6297301607789312
31,-102.00954166862283,78,0.07950179360471168,nan,-0.39916868108129655
32,-104.72315491569223,96,0.028884618926133133,nan,0.3697022081110688
33,-61.086693072563094,52,0.03008838765749376,nan,0.4837994417949697
34,-93.23674363508374,82,0.0372077603810724,nan,2.5714682104648667
35,-54.959083083145266,46,0.029665838023659963,nan,1.0487754169096384
36,-220.11881927329773,210,0.03350602408376676,nan,2.124707815246768
37,-62.4575200458203,54,0.028005033264306072,nan,0.5337741048078053
38,-49.518183514083184,40,0.03151716395391767,nan,0.14411275871772633
39,-104.61342967681665,68,0.12123652210866447,nan,0.048740319614853735
40,-21.059454089963015,12,0.02999819235087071,nan,0.23564086418927704
41,-40.42415064810843,32,0.027894538569895197,nan,0.4180879990440147
42,-82.7558533037828,74,0.0289928917343806,nan,0.3377143721319797
43,-82.06218757149438,66,0.05318605156123881,nan,-0.14827990944505767
44,-129.06147147937153,120,0.030004872448250442,nan,0.06035690035748863
45,-55.294665889700575,46,0.030777039369869117,nan,0.026421996599910565
46,-198.80206596186585,190,0.02914591378101286,nan,-0.39344112983325014
47,-89.90268093768668,82,0.02616781767446054,nan,-0.3377929220611726
48,-106.7859890776161,72,0.11518539429674059,nan,0.008253539318221911
49,-76.14786085359876,56,0.0667147710384062,nan,0.7161091902968628
50,-37.07375632342036,20,0.05653561696496811,nan,0.5014186855959204
51,-63.1252000840483,44,0.06332847709949783,nan,-0.7900930864466216
52,-27.740595601328614,20,0.029099983463641475,nan,1.5578915735723098
53,-17.44668521176518,8,0.0312804146084938,nan,0.2870677036224766
54,-124.6844318309588,116,0.028756396791255277,nan,0.5265529095141749
55,-132.61034443395772,124,0.028511074284628398,nan,0.412061905289001
56,-69.44470126810005,60,0.03127384525860887,nan,0.2019844316626091
57,-62.786331253234955,52,0.03571632865309614,nan,0.6866084941161853
58,-76.89005586385365,68,0.029437271072363103,nan,1.2162761235322082
59,-47.064031211122185,38,0.0300133483811994,nan,-0.05321777510203865
60,-61.588030194684,52,0.03174844435325884,nan,1.7349965761101878
61,-212.9475108733318,204,0.02962751944811889,nan,-0.14694674814837702
62,-169.42606108157398,160,0.03121212278666765,nan,0.38010311462698254
63,-52.23539638036256,44,0.027269524438287156,nan,-0.152501145351581
64,-47.75961377204555,40,0.03464113291091745,nan,3.72548924648706
65,-178.08909959243675,156,0.07314271388224092,nan,0.21355214884704354
66,-46.22107890658817,36,0.033844632141020195,nan,0.29613398066648616
67,-84.27711883984048,76,0.027407678277618176,nan,1.1652136169608363
68,-58.7866689902647,50,0.029094930431339833,nan,0.5526192347829412
69,-78.14568879578799,68,0.03359499601254329,nan,-0.37513409533570885
70,-24.174151772496757,16,0.027066727723499086,nan,-0.07508477131224743
71,-55.20206543382117,46,0.03047041534377885,nan,1.069930290647579
72,-40.23964907752907,32,0.027283606216984075,nan,0.8454279196878051
73,-136.0414042744621,114,0.07298478236576837,nan,0.430726319759011
74,-51.38801279247089,42,0.031086135074407432,nan,0.13941682011131135
75,-98.99791681823527,90,0.029794426550447617,nan,-0.05456863992696394
76,-94.91820349988276,66,0.09575564072808808,nan,1.764178733855165
77,-25.08654425483508,16,0.030087894883560038,nan,-0.16362296720058503
78,-76.84314247801264,66,0.0359044452914329,nan,1.9461060064027567
79,-29.1652019019443,20,0.030348350668689895,nan,-0.6539386275890113
80,-46.92840989962529,38,0.029564271190811887,nan,0.3447928385571222
81,-115.5074163329701,94,0.0712166103740737,nan,0.623539250739696
82,-148.58834251572654,138,0.035060736807042074,nan,3.50278054481766
83,-8.158457787518369,0,0.027014760885822404,nan,-0.13699640418954667
84,-20.499802029284094,12,0.028145039832066718,nan,-0.5587412489736946
85,-80.78110899676001,72,0.029076519856819912,nan,0.46455496737550334
86,-27.351581529341697,18,0.03096550175278718,nan,-0.14006554989671544
87,-58.543989123333745,48,0.03562158487612756,nan,3.0274226129472703
88,-16.428064256212814,8,0.027907497537128356,nan,0.058115213878016415
89,-67.37438160913936,58,0.031040998705759073,nan,0.8968684341694885
90,-37.51069633043437,28,0.03149237195508051,nan,1.150808081150422
91,-70.91357002423791,62,0.029515132530588788,nan,0.2983020682002949
92,-56.58381148649872,48,0.028423216842711024,nan,0.19736090831717612
93,-8.684853874568118,0,0.028757794286649423,nan,-0.0892508595226647
94,-54.901028645266415,46,0.029473604785651183,nan,-0.3292764736717029
95,-57.122228748694525,48,0.030206055459252867,nan,-0.5501576296586562
96,-78.65787110440422,70,0.028668447365577762,nan,2.875673196879863
97,-47.437279947651305,36,0.0378717879061304,nan,1.9594123225757816
98,-118.4601726747772,110,0.028013816803897626,nan,0.3309931433835401
99,-103.61417890785962,64,0.13117277784059458,nan,1.3956758026479343
100,-211.05281901141922,202,0.02997622189211675,nan,0.68639615775712
101,-107.14385339551794,98,0.030277660250059017,nan,0.3252543751553294
102,-53.780734429311295,44,0.03238653784540171,nan,0.5691000985861709
103,-78.74095803640117,70,0.028943569656958382,nan,-0.022885991858649674
104,-62.89403058212543,54,0.02945043239114398,nan,0.2737276582225195
105,-67.78616650746532,58,0.032404524859156514,nan,2.18619521983856
106,-16.259449708621123,8,0.027349171220599745,nan,0.4103674169620561
107,-35.50531201473668,26,0.031474543095154746,nan,0.1715913433822131
108,-53.71995159400227,44,0.03218527017881573,nan,0.7539908921286126
109,-40.37376862324571,32,0.027727710672998864,nan,-0.11925659772318584
110,-153.77688281782488,98,0.18469166495968634,nan,-0.7587229985605759
111,-73.72091254046408,62,0.038810968677034055,nan,0.5826115401912674
112,-35.89287815579637,12,0.07911549058210711,nan,-0.45502726163300056
113,-49.68824356296501,40,0.0320802766985599,nan,0.5547733333498773
114,-36.290779220669876,28,0.027452911326721875,nan,0.14737990406351104
115,-113.2099025900077,74,0.12983411453644844,nan,0.3261517764695143
116,-50.831042812545384,38,0.04248689673028303,nan,0.5078601668658975
117,-58.75777313773758,46,0.04224428191303868,nan,1.1858797053993058
118,-12.499531386756905,4,0.028144143664757898,nan,-0.5951038710580829
119,-53.92972296146177,46,0.02625736079954231,nan,-0.43999278672788883
120,-101.66697065639745,84,0.05849990283575354,nan,1.0343085257045073
121,-78.89072454107128,70,0.02943948523533509,nan,-0.13302554963187418
122,-40.89948837721886,30,0.03609102111661845,nan,0.9490687678918082
123,-127.7367751314854,118,0.03224097725657355,nan,2.291566059903923
124,-18.423491282637176,10,0.027892355240520316,nan,0.02890128679854937
125,-46.72511329692711,38,0.02889110363220908,nan,0.004930603351009954
126,-58.122845339244634,50,0.026896838871671377,nan,-0.07196011910483315
127,-40.41043406154072,32,0.027849119409075827,nan,0.34220903068796316
128,-119.03769592046146,110,0.0299261454319916,nan,1.2598060399081115
129,-31.598074466137646,22,0.03178170353025718,nan,-0.1698313804093551
130,-115.88884109546322,106,0.03274450693861923,nan,3.020623285605168
131,-23.939082212316137,16,0.026288351696411152,nan,-0.31189442276187546
132,-75.25302711411057,66,0.03063916262950534,nan,0.6236697865259565
133,-54.27467203952606,38,0.05388964251498669,nan,0.5823498451922302
134,-44.77390855763287,36,0.029052677343155055,nan,0.06561437241319838
135,-66.30717810496776,58,0.027507212268105378,nan,0.33537699469490073
136,-15.450644990517306,6,0.031293526458666766,nan,0.5026129506946335
137,-47.1111553287866,34,0.043414421618498414,nan,0.06240700472544089
138,-61.015495084959575,52,0.029852632731654075,nan,0.1278578199600201
139,-40.46027545341046,32,0.02801415713049878,nan,0.8712217096986391
140,-75.40642093209935,66,0.03114708917913693,nan,0.5687918713894543
141,-66.12394703562649,58,0.026900486872935375,nan,-0.04572757174344178
142,-130.4350371751935,120,0.03455310322911906,nan,1.1102463189568772
143,-117.09511735894927,92,0.08309641509586009,nan,0.603176115472922
144,-34.077998735753745,26,0.02674834018461495,nan,-0.5988124114657067
145,-108.19037923692781,100,0.0271204610494303,nan,0.09854168935859305
146,-68.95181783922817,60,0.02964178092459672,nan,-0.13242698286707044
147,-244.32786816897755,216,0.09380088797674774,nan,1.477677716705208
148,-31.157736554722202,22,0.030323630975901485,nan,1.2024540362423994
149,-91.23413595883724,82,0.03057660913522193,nan,1.4127243261293982
150,-60.6016982394311,52,0.028482444501427836,nan,0.49518862137910585
151,-89.71052711078873,64,0.08513419573108807,nan,0.1331429567795543
152,-106.32586531817438,78,0.09379425602044476,nan,-0.4574741170646699
153,-30.29964066748549,22,0.027482253865846542,nan,-0.5239353121538949
154,-44.592629678486894,36,0.028452416153929853,nan,0.05151021720059771
155,-119.36175119674186,110,0.030999176148151952,nan,2.401032544895606
156,-86.2978774892429,54,0.10694661420279104,nan,2.126396635638948
157,-46.77275297802065,38,0.02904885092059869,nan,0.1718196126024874
158,-15.029162174783357,6,0.02989788799597143,nan,0.045454043524944227
159,-36.92010788622892,28,0.029536781080228183,nan,0.6074494718746297
160,-29.779715627803274,20,0.03238316433047443,nan,0.3586548208078641
161,-42.91468833685062,22,0.06925393489023415,nan,0.5348432428642972
162,-31.44239018050068,22,0.03126619265066463,nan,0.12521001770481427
163,-66.1525487784333,40,0.08659784363719705,nan,-0.27526669184265223
164,-75.40146112738957,66,0.031130665984732374,nan,0.8845218665409827
165,-24.273006388220328,16,0.027394060888147026,nan,-0.07520418230807316
166,-83.34125974715559,74,0.030931323666077908,nan,-0.12645008192942725
167,-73.0809029157793,64,0.0300692149529109,nan,0.715720608185619
168,-30.22049589388179,20,0.0338427016353704,nan,1.0486196027160275
169,-73.26131291178731,64,0.030666599045653633,nan,0.6235020082054472
170,-79.11020205245813,70,0.03016623196178158,nan,0.39359117439926433
171,-50.62777346226404,42,0.02856878629888771,nan,0.5575337660740421
172,-80.93218335427991,48,0.10904696474927097,nan,0.12029250668907625
173,-66.17045763378452,54,0.040299528588690646,nan,2.3001396490402044
174,-69.46526116948219,56,0.044586957514841416,nan,1.3534879808537723
175,-167.41058180729618,158,0.031160866911576948,nan,3.1944473218745615
176,-54.10299808998584,44,0.03345363605955643,nan,0.21401387802129557
177,-201.12608783317367,154,0.15604664845421395,nan,-0.7706307962642048
178,-24.251511165708052,16,0.02732288465466233,nan,2.251151340685373
179,-88.98207718544178,80,0.029741977435237446,nan,0.25475344377155845
180,-35.53497507432526,18,0.05806283137193811,nan,-0.2205574383888631
181,-123.95855572045564,114,0.03297535006773409,nan,0.7170815972442853
182,-33.507784844017415,10,0.0778403471656205,nan,-0.4601769344472567
183,-164.47694226854958,114,0.1671421929422175,nan,0.021771910799696537
184,-61.743838494330674,52,0.03226436587526744,nan,1.9233077590621697
185,-240.76531095148513,230,0.03564672500491881,nan,2.772160413524374
186,-22.972463214801287,14,0.029710143095368496,nan,0.30302020147741954
187,-17.97677990741029,12,0.02644592879385089,nan,0.06004711965797469
188,-57.5602607967398,48,0.031656492704436,nan,0.5309077303865959
189,-84.4942620240768,60,0.0811068278942952,nan,1.752213608378865
190,-79.47338769236418,72,0.02474631686213227,nan,-0.17765335774462399
191,-14.272006132710477,6,0.027390748783809597,nan,0.18779326480132372
192,-92.20733282856631,84,0.027727475772183013,nan,0.48222841220975515
193,-57.48230583664143,48,0.03139836369748771,nan,0.13956240962624908
194,-53.08965012732434,44,0.030098179229550933,nan,-0.07222184065961824
195,-24.891601641242012,16,0.029442389540536264,nan,0.023381003346109135
196,-28.980520990475895,20,0.029736824471774746,nan,-0.288514747325792
197,-42.62571198086634,34,0.028561960201544216,nan,0.1579150962673393
198,-24.633922233186283,16,0.028589146467504305,nan,-0.8917934182298907
199,-344.62300680596474,336,0.028553002668758813,nan,-0.4226155840024654
200,-403.2451488218584,394,0.03061307556906602,nan,0.903846996213976
201,-69.33779229868216,60,0.030919842048616208,nan,-0.34181381069566663
202,-19.19628070050522,10,0.030451260597699273,nan,-0.1495875752235328
203,-55.08684226665064,44,0.036711398233942344,nan,1.0550547062396225
204,-48.62334287041864,40,0.028554115464962792,nan,0.18430795588608467
205,-31.19332729421813,22,0.030441481106682457,nan,0.5629985305006903
206,-92.65079450413307,84,0.028645014914348055,nan,-0.0001534433668635058
207,-93.01912863092504,84,0.02986466434081137,nan,1.172373193437511
208,-129.82584891719665,120,0.03253592356687682,nan,2.6541372948167354
209,-71.89629185869576,58,0.04601421145263422,nan,-0.8050479230470955
210,-77.72272908948295,68,0.032194467183719634,nan,-0.03981192113341307
211,-63.28854563560551,56,0.029389296917763718,nan,0.2961612891039676
212,-60.770837111099716,52,0.029042506990396615,nan,0.3037621510754006
213,-77.05588954614556,68,0.029986389225646965,nan,1.1834893033917244
214,-43.81336089550076,34,0.03249457250165753,nan,0.46569638282880926
215,-45.272729579688864,36,0.03070440258175105,nan,-0.616460523812084
216,-19.2779495383216,10,0.03072168721298542,nan,0.19515446904564465
217,-16.299317927356814,8,0.027481185189923117,nan,-0.44683769530168
218,-92.7708111632232,84,0.0290424210702742,nan,-0.08551958177195529
219,-32.511109024016335,24,0.028182480211974417,nan,-0.08189886310615806
220,-229.89317581247138,220,0.03275886030619463,nan,0.7467513178724993
221,-68.28632918669129,48,0.06717327545262047,nan,0.9826981138827479
222,-58.96130663424378,50,0.02967320077564144,nan,-0.5092167162122082
223,-25.093867000328206,16,0.030112142385192636,nan,-0.24224841058048394
224,-18.331183879929945,10,0.027586701589172122,nan,0.71608676771419
225,-35.1649703643629,26,0.030347583987956766,nan,0.36127114068614224
226,-63.3670140523073,48,0.050884152491083634,nan,1.7829713388413209
227,-192.57216805275328,184,0.028384662426336093,nan,0.002054827050529482
228,-84.4915506837997,76,0.02811771749602491,nan,0.017168400813650033
229,-14.859195826131486,6,0.02933508551699177,nan,0.6938105373929317
230,-68.91620099386455,60,0.029523844350544566,nan,0.5153464316030801
231,-45.68803371348867,36,0.03207958183274389,nan,0.08542108747628996
232,-32.605842575078924,24,0.028496167467149055,nan,-0.5810369202024681
233,-61.89806144157158,52,0.032775037885998594,nan,0.24911327968807953
234,-85.51520132447818,52,0.11097748782939794,nan,1.8941149271390514
235,-97.70785385581839,84,0.045390244555690205,nan,0.7536140136576847
236,-52.364989400610924,34,0.06081122318083046,nan,0.5047261889369015
237,-36.411242623419405,28,0.02785179676628983,nan,-0.00929945384287923
238,-83.78402620312386,74,0.032397437758687087,nan,1.5318004512784706
239,-61.6766713679861,52,0.032041958172139076,nan,1.1583270647847526
240,-28.4044507011507,20,0.027829306957452667,nan,0.7065395438147782
241,-64.32777186959808,22,0.14015818499866886,nan,-0.6220602865411826
242,-51.76797831275097,30,0.07207939838659277,nan,-0.42464660965155815
243,-59.486121877360716,50,0.031410999593909666,nan,2.0819234506615643
244,-53.18097825393209,44,0.03040059024480883,nan,0.3669194849929618
245,-52.91087601561251,44,0.029506211972226585,nan,0.2207387468313863
246,-99.26769032756664,84,0.05055526598531987,nan,1.617224618823064
247,-100.66068593469366,74,0.08828041700229776,nan,0.507131815615144
248,-29.209477059695235,20,0.030494957151308656,nan,0.3923755220656105
249,-59.00556134791808,38,0.06955483890039123,nan,-0.21841786402313884
250,-214.2666330501587,192,0.07373057301377135,nan,-0.12350995782570025
251,-61.09876657920519,24,0.12284359794438793,nan,1.5026727433023443
252,-69.02859102480556,60,0.029895996770879493,nan,0.5626970366816135
253,-54.69384052787213,46,0.028787551416794784,nan,1.0298113459388827
254,-80.45788472895828,68,0.04125127393694779,nan,2.300054325527413
255,-22.49369725077314,14,0.02812482533368582,nan,-0.18640933636124346
256,-34.94488610074448,26,0.029618828148160737,nan,0.9465635691762578
257,-29.422081680575136,20,0.03119894596216943,nan,-0.013833930674170927
258,-88.2299837722335,70,0.060364184676270125,nan,1.3931297849912723
259,-26.826149544206608,18,0.029225660742405877,nan,1.864909153768873
260,-44.90963991722738,26,0.06261470171267391,nan,-0.6347544829472159
261,-24.11661537833823,14,0.03349872641833858,nan,1.12222482218983
262,-22.336291553270758,14,0.027603614414803895,nan,0.010224661738642596
263,-85.44031663824498,40,0.15046462462995008,nan,0.3224469820556342
264,-284.7632060123072,278,0.03046489194733193,nan,2.0263352092229634
265,-58.05270926506219,50,0.026664600215437952,nan,-0.44827867328745946
266,-57.33282369275052,48,0.030903389711094006,nan,0.311499739416612
267,-67.53121219277796,56,0.0381828218303907,nan,0.9290843851304812
268,-36.123146520463045,28,0.026897836160474056,nan,-1.0507779923867087
269,-24.1919211845453,16,0.027675409407247588,nan,0.004373631599308873
270,-105.84495108674246,94,0.03922169234020693,nan,1.7112099828848473
271,-104.0391809299194,56,0.15907013552953525,nan,-0.2853925117504874
272,-50.398079468311565,42,0.027808210159972566,nan,0.44081663808520166
273,-119.94293109010694,92,0.09252626188777083,nan,0.6230074029245077
274,-62.68192102678097,52,0.03537059942642739,nan,2.2497763030172404
275,-42.749618483439015,34,0.02897224663390351,nan,0.48303587303600204
276,-60.451224457473366,52,0.02798418694527607,nan,-0.371341702554819
277,-30.228839571995955,22,0.027247813152304567,nan,0.6211697459058598
278,-56.910883940454475,48,0.029506238213425184,nan,1.1689237674012054
279,-268.6878673060845,238,0.10161545465590958,nan,0.1879887757748329
280,-9.10220926708602,0,0.030139765785053025,nan,-0.25880714470978566
281,-232.2134538747893,222,0.03381938369135545,nan,2.278985554068534
282,-29.197905718999355,20,0.030456641453640215,nan,0.04284868192340907
283,-86.53918030751903,70,0.05476549770701724,nan,1.21439088947519
284,-88.56354056465747,80,0.028356094584957976,nan,0.06018145176472562
285,-32.134125731930055,24,0.026934191165331273,nan,-0.08183116859930648
286,-43.14541885377501,32,0.03690536044296322,nan,1.4600859931056829
287,-84.23203227900642,76,0.027258385029822738,nan,0.4035473247234469
288,-18.586748847574714,10,0.02843294320388976,nan,0.09965041008414022
289,-69.8119600981028,62,0.025867417543387578,nan,-1.0579331771491423
290,-97.12964446396475,74,0.07658822670187058,nan,1.603101634041912
291,-24.34104319807523,16,0.02761934833799754,nan,-0.23789525123294566
292,-137.20951537304742,112,0.08347521646704349,nan,0.5986197444191279
293,-136.48903505032246,128,0.02810938758384831,nan,-0.3283173028248615
294,-102.41975565249089,94,0.02787998560427522,nan,-0.38570619046484544
295,-88.99044873792802,80,0.02976969780770862,nan,0.9809763872191859
296,-103.9598214897286,82,0.07271464069446476,nan,0.6864078280182913
297,-59.62872750247281,50,0.03188320365057223,nan,0.1803631775242289
298,-128.24833991081437,96,0.10678258248614118,nan,2.1781320415734813
299,-28.522224200404334,20,0.028219285431802604,nan,0.5959655327029335
300,-71.41671466502154,62,0.031181174387488624,nan,0.8616150199736712
301,-73.41642386844329,50,0.07753782737895153,nan,-0.6530748743809828
302,-166.92162798744454,128,0.12887956287233213,nan,0.6703505688991062
303,-114.48545293758534,102,0.041342559395978265,nan,2.855307904885934
304,-62.83581851582898,54,0.029257677204731245,nan,0.5018573130283386
305,-18.954584342639407,10,0.029650941531918634,nan,0.5301565875236056
306,-51.13917279266181,42,0.030262161565105153,nan,0.07284468799193053
307,-49.67973724729932,40,0.032052110090395144,nan,-0.01706673460569239
308,-41.71920525847728,32,0.032182798869129836,nan,-0.5478670961256694
309,-44.55077901458402,36,0.028313837796635825,nan,-0.14125895714502942
310,-16.856538257981192,8,0.02932628562245435,nan,0.17131298835904318
311,-72.07020076972252,64,0.026722519105041833,nan,0.1707487683849631
312,-273.8045984349652,248,0.08544569018200487,nan,0.30919489617901236
313,-20.83495230195439,12,0.029254808946869,nan,-0.31584112919258617
314,-53.34743148124773,44,0.030951759871680924,nan,-0.20650792329245254
315,-24.85459027529523,16,0.029319835348659607,nan,-0.010281166825430978
316,-48.82991420097116,40,0.029238126493282085,nan,-0.001539180733428093
317,-62.0103110511645,44,0.05963679156014719,nan,0.6708734687578106
318,-44.95529743143627,36,0.029653302753100054,nan,-0.634728869685012
319,-51.41203336057558,42,0.03116567337938937,nan,-0.6332021037396314
320,-39.68442523838774,30,0.032067633239694096,nan,1.9865396143043514
321,-150.18143421385267,140,0.033713358324015494,nan,2.787032802595714
322,-54.687447285402165,46,0.028766381739742337,nan,-0.2897342662583674
323,-68.31785591824419,58,0.03416508582199993,nan,0.03239157936221223
324,-130.9586769206637,114,0.05615455933994474,nan,1.1899111836512044
325,-25.153685489724143,16,0.030310216853391216,nan,0.34101018959876855
326,-25.159344857190938,16,0.030328956480764835,nan,1.0327384177992422
327,-64.08243269480425,44,0.06649812150597474,nan,0.8120123052763728
328,-8.73484949339103,0,0.0289233426933478,nan,0.40570790781847677
329,-45.28679572763044,36,0.030750979230564288,nan,-0.3944476922968594
330,-66.24147224860914,56,0.033912159763606446,nan,0.9643802196475514
331,-91.86214256428931,84,0.029119046534404378,nan,0.8180093743545176
332,-156.52183844139105,148,0.02821800808407786,nan,0.07468516412888813
333,-143.28328655787217,116,0.09034200846977569,nan,1.049293893867709
334,-47.09483214375242,38,0.030115338224345683,nan,0.2673691274052255
335,-42.836830771703596,26,0.055751095270541985,nan,1.1038273725256214
336,-99.31986795886483,90,0.03086048993001609,nan,3.1254439138212176
337,-30.845278732738905,22,0.029289002426287906,nan,0.13004115094864024
338,-62.88086486150655,54,0.02940683728975724,nan,-0.2779873728750594
339,-39.03927158781587,30,0.029931362873562538,nan,0.3177572866438937
340,-124.57861899632339,116,0.028406023166633734,nan,0.1732456378968716
341,-48.3969970155537,40,0.027804625879316636,nan,-0.6857804060351206
342,-52.91546898241835,44,0.029521420471585104,nan,1.4070222448555303
343,-178.75773813734136,168,0.03562164946139478,nan,1.8842490815614976
344,-137.48150650213148,128,0.031395716894476275,nan,-0.10565875221609712
345,-68.84243928977374,42,0.08888224930388643,nan,1.027591495163583
346,-158.77184653701025,150,0.029045849460298243,nan,0.305618588561701
347,-8.425144656369921,0,0.0278978299879799,nan,0.26062570652648476
348,-49.98260855892038,40,0.03305499522821322,nan,1.6488896223764238
349,-34.89218840984303,26,0.029444332482923996,nan,1.8517727151172334
350,-345.5520890244257,336,0.03162943385571541,nan,0.1963272415002845
351,-135.46201459689672,126,0.0313311741619102,nan,0.937469933745112
352,-29.29279714947105,20,0.03077085148831476,nan,0.6811249093598198
353,-70.26938340067625,38,0.10685226291614602,nan,-0.09864828173429258
354,-74.86272629659234,66,0.02934677581653038,nan,-0.04693415912083313
355,-48.025471245037956,40,0.0265744080961523,nan,0.14651099317190577
356,-66.1771542269983,56,0.03369918618211369,nan,1.901433172345621
357,-78.06320853346021,68,0.03332188256112727,nan,0.5655734678929663
358,-94.43831983140505,86,0.027941456395381696,nan,0.23220274935500382
359,-16.624380093627416,8,0.028557549978898693,nan,0.2900251438189375
360,-120.83600746021675,98,0.07561591874243999,nan,1.9668251914188069
361,-50.35069703275753,42,0.02765131467800476,nan,0.3732680325691252
362,-341.3190565651964,326,0.05072535286488829,nan,-0.2904357333642809
363,-223.72520432034455,214,0.032202663312399064,nan,-0.36697849961697737
364,-78.84862197037461,70,0.02930007274958562,nan,-0.15458868452373256
365,-125.30269445696875,116,0.030803624029697767,nan,0.7429796956150349
366,-216.27037291655088,194,0.07374295667732117,nan,1.2177281813295127
367,-71.43269505503062,58,0.04447912269877772,nan,3.564383769971442
368,-71.63464525580594,62,0.03190279886028508,nan,0.17710216225445616
369,-69.12101835377193,48,0.0699371468667941,nan,0.639868781673055
370,-80.62819915224019,72,0.02857019586834523,nan,0.4834254358333477
371,-32.691743129810156,24,0.028780606390099953,nan,-0.15268658755319378
372,-36.324362147041754,24,0.040809146182257144,nan,1.3180866314537687
373,-165.83202633736397,118,0.1583841931700799,nan,-0.3591753335309453
374,-357.8274949415155,342,0.052408923647399776,nan,1.5194576455509257
375,-152.87603299617754,144,0.02939083773568909,nan,0.2273987734189954
376,-66.46579758582426,50,0.0545225085623324,nan,1.1360880882064666
377,-148.75715484252183,140,0.028997201465303567,nan,0.2761698608182599
378,-8.736254095713024,0,0.028927993694413984,nan,0.8166330897346422
379,-9.193759506393242,0,0.03044291227282531,nan,0.6818390680389134
380,-64.03723366535064,56,0.029332969581571736,nan,0.8802606252368784
381,-131.03326273407248,120,0.03653398256315314,nan,1.060978140184403
382,-35.65599295402948,26,0.031973486602746425,nan,0.48778092447687205
383,-84.89669919895962,76,0.029459268870729104,nan,-0.2897283756443213
384,-43.223127675390316,34,0.03054015786553082,nan,-0.24020665153978232
385,-52.239554393853325,36,0.06655555079448051,nan,2.69311867889702
386,-101.23155784958546,92,0.030568072349621837,nan,0.802920133953036
387,-23.32460180900205,14,0.030876164930470382,nan,-0.17423853125617475
388,-141.08232086721114,118,0.07643152605036757,nan,1.5503380588139022
389,-18.86373773422982,10,0.029350124947781126,nan,0.7214744316029674
390,-122.76169491986282,108,0.04887978450285699,nan,-0.24218799002277389
391,-40.41178373709928,32,0.027853588533441467,nan,0.1355413068258219
392,-78.81255747902279,70,0.029180653904048188,nan,0.7303930409218721
393,-29.374771510240606,12,0.05753235599417385,nan,0.009091598419117932
394,-87.3907792462541,54,0.11056549419289417,nan,1.0430997230394725
395,-30.693721909374414,22,0.028787158640312612,nan,-0.1237274270466936
396,-45.057630129779696,36,0.029992152747615207,nan,0.14980084677180583
397,-56.74505406937423,48,0.028957132680046637,nan,0.6628811227560829
398,-256.15239471682946,238,0.060107267274268926,nan,0.9742724216738963
399,-58.53731034115221,50,0.028269239540239095,nan,0.7987646797967963
400,-64.25987064248216,54,0.03772011265618445,nan,2.0770642452431596
401,-419.0360100029806,404,0.04978811259265252,nan,1.4146884252587857
402,-19.634351249624586,16,0.025594022884680406,nan,1.5876902581556145
403,-58.143165494822846,48,0.03358664071133404,nan,1.943662877618073
404,-48.19426615674344,40,0.027133331644845913,nan,0.27726591743489526
405,-68.47758843848611,60,0.028071484895649507,nan,0.7091825620397414
406,-133.02173093550465,112,0.06960838058113966,nan,-0.8291489000222492
407,-69.35269342925949,60,0.03096918354059367,nan,0.07078053982225277
408,-55.40195310931111,46,0.03113229506394421,nan,0.8612371997457515
409,-27.18092065435861,18,0.030400399517743648,nan,0.654247323204054
410,-72.86867847522959,64,0.02936648501731484,nan,0.08774198796337976
411,-71.53355636653063,48,0.07792568333288266,nan,1.0622757423667557
412,-84.26163588628731,76,0.027356410219494635,nan,-0.03045271567812202
413,-144.95198074985763,132,0.0428873534763497,nan,1.860269291877102
414,-128.24070161587792,100,0.09351225700621889,nan,0.457579941528507
415,-186.70480452318637,166,0.06855895537478908,nan,2.5308838831673843
416,-44.25185672849911,32,0.04056906201489832,nan,0.14109117572069776
417,-84.09344653772506,76,0.026799491846772588,nan,0.05472288485215545
418,-81.14665656061077,72,0.030286942253678003,nan,0.6501273794772738
419,-50.59022855006664,42,0.028444465397571273,nan,0.4392496926457519
420,-40.73246294528484,32,0.02891544021617493,nan,0.20279488447552568
421,-153.98797466785425,144,0.0330727638008434,nan,-0.3073950089898195
422,-30.73019073770715,22,0.028907916350023467,nan,0.22253456294129137
423,-70.30626581342746,60,0.0341267079914814,nan,0.2091617358230719
424,-48.783784767614485,40,0.029085380025213436,nan,-0.049628450222227054
425,-108.75488787800167,100,0.028989694960270894,nan,1.3139115653483395
426,-40.962222815363596,20,0.06941133382570736,nan,-0.5961775150248647
427,-16.389493392859052,8,0.027779779446553056,nan,0.10077925933916615
428,-117.48805919799715,108,0.03141741456290407,nan,0.3089233623880011
429,-53.14517019780134,44,0.030282020522520974,nan,0.5687654766774912
430,-140.32868292953864,118,0.07393603619052502,nan,-0.5633284921842683
431,-18.721988573380774,10,0.028880756865499384,nan,0.21374878628215666
432,-48.64992857994252,40,0.02864214761570351,nan,0.669722333897367
433,-158.29284648063208,150,0.027459756558383907,nan,-0.10722139451941105
434,-111.85856378550137,104,0.026021734389077705,nan,0.9025609112788756
435,-68.0291293779163,58,0.03320903767521997,nan,0.42878810529279465
436,-34.50211698105523,26,0.028152705235282356,nan,-0.27433066984943294
437,-32.98545357239426,24,0.029753157524484476,nan,-0.06777129352677903
438,-30.025524710300576,22,0.02657458513344562,nan,0.269599846262787
439,-91.81568468666791,82,0.03250226717439657,nan,0.3034667394938204
440,-38.66417605321694,30,0.02868932467952649,nan,-0.5205508288265601
441,-120.7470899810483,112,0.028963874109430306,nan,-0.265875912785325
442,-18.74293994723303,8,0.03557264883189738,nan,0.9832995435878301
443,-37.16710168678048,28,0.0303546413469553,nan,0.8078848724504039
444,-59.20953106352386,48,0.037117652528224875,nan,1.2712725281121753
445,-324.7863888527263,316,0.02909400282359805,nan,1.4607281326067663
446,-82.04636087601773,72,0.03326609561595257,nan,2.480142119121838
447,-44.92112204404053,36,0.02954013921867743,nan,0.6419731776396566
448,-366.3222266775648,356,0.03417955853498084,nan,0.7423679626099642
449,-92.1932289349673,82,0.03375241369194392,nan,2.3020420377226762
450,-121.19842762042714,112,0.03045836960406399,nan,2.537815187130214
451,-70.45299195326265,62,0.030189256975937086,nan,0.5157458833462026
452,-54.86625969492643,46,0.029358475811014216,nan,-0.03103102873686997
453,-60.86521930183276,54,0.0252397768449737,nan,0.5343633552041651
454,-25.83295171953633,18,0.02593692622363028,nan,-0.5427231590167946
455,-41.02812265680602,26,0.04976199555233773,nan,-0.2272757916404428
456,-84.33499666441179,76,0.02759932670335024,nan,-0.11733880485438847
457,-262.62999024206505,244,0.06168870941081232,nan,0.8550747303803303
458,-345.1902627707467,310,0.11652404890975487,nan,0.835401437744893
459,-55.10850409485821,40,0.05002815925449765,nan,2.001853125199478
460,-66.59992423002015,56,0.03509908685437133,nan,0.39884336899575895
461,-320.3603017273879,288,0.10715331697810423,nan,-0.036996807856331054
462,-26.423610306319265,18,0.027892749358672902,nan,0.08012892567484782
463,-58.16161292355728,48,0.033647724912441515,nan,1.504161691524332
464,-323.78558255842256,314,0.03240259125305564,nan,0.2692333275001629
465,-68.76374257036953,60,0.029019015133674077,nan,1.6499073188638604
466,-52.724714132536334,44,0.02888978189581563,nan,-0.27276815897958595
467,-27.110811988329928,18,0.030168251616986507,nan,0.5948908710496467
468,-29.071897285582537,20,0.030039394985372572,nan,0.4495017870796138
469,-13.403588840818028,4,0.031137711393437198,nan,0.33751635696856147
470,-118.20987832607882,110,0.027185027569798327,nan,-0.20911497907791693
471,-51.388856534388445,40,0.05321895576817071,nan,0.8704254439407437
472,-50.773143405777176,42,0.02905014372773907,nan,0.6467636979131077
473,-88.39048129167688,80,0.027783050634692524,nan,2.3970810903549666
474,-53.38505496314924,44,0.031076340937580552,nan,0.4615584375585016
475,-56.56020472185029,48,0.028345048747847608,nan,-0.14491896846012478
476,-41.0851006907197,32,0.03008311486993274,nan,1.661893803269112
477,-102.12190494706682,94,0.02689372499028767,nan,-0.04659541038541792
478,-61.026275011533066,24,0.12260355964083806,nan,1.3636049277680333
479,-34.25004806426044,26,0.027318039947882348,nan,0.13494123995549082
480,-92.24832253315132,84,0.0273123262687144,nan,0.3322435064086134
481,-53.75416770263345,44,0.032298568551766764,nan,0.5007903529155309
482,-52.1789493071549,44,0.027082613599850643,nan,0.0784450565825605
483,-54.5020482516164,46,0.028152477654358184,nan,-0.1367821966088801
484,-12.577616531884445,4,0.02840270374796177,nan,-0.12759367345296663
485,-139.08085466754383,126,0.0433140883031264,nan,-0.5396158276159712
486,-54.890375176552844,46,0.02943832839918146,nan,0.29880213239812775
487,-73.30525667018372,64,0.030812108179416157,nan,-0.42882873883138606
488,-42.92807080659867,22,0.07421301704467628,nan,0.7185587346458544
489,-101.15860272649947,62,0.12966424743873997,nan,0.3371303418427837
490,-142.89361645958326,134,0.029449061124446955,nan,0.5358515719261748
491,-91.23351788078719,76,0.05044211218803793,nan,1.724227857873166
492,-96.40863512719426,88,0.02784316267282948,nan,0.1629922587767595
493,-51.27971240534233,34,0.057217590746166405,nan,-1.2274545377801136
494,-59.80071752749735,50,0.032452707044693135,nan,1.1844798136188723
495,-87.88360561467651,52,0.11881988614131311,nan,-1.0065562429676558
496,-64.67650010666317,56,0.028730132803520398,nan,0.03798641652201876
497,-120.90777576483784,112,0.029495946241184758,nan,0.5153688897904539
498,-33.530207323445005,26,0.0351878846889955,nan,1.6060084239777752
499,-60.72371025141165,52,0.02888645778613069,nan,0.03599689433361567
500,-14.381352625444348,6,0.027752823263060764,nan,0.16727660810833161
501,-62.87922710564832,54,0.02940141425711337,nan,1.1816019946571852
502,-17.11166636169756,8,0.030171080667872836,nan,-0.2842424092707548
503,-83.24159668378641,74,0.030601313522471137,nan,1.0676679785837133
504,-54.84508887386735,16,0.12862612209889848,nan,-0.016040321753956092
505,-66.86718826906466,58,0.029361550559817002,nan,0.34464191290687163
506,-40.503337321980595,28,0.04140177921185643,nan,0.31068924373819107
507,-218.51197066787122,206,0.041430366449904846,nan,0.47817906484559847
508,-112.35026226189194,98,0.04751742470825203,nan,0.5450876744057357
509,-236.4577337997068,228,0.028005741058630813,nan,-0.16061157475538637
510,-32.830718117910244,24,0.02924078846990208,nan,0.020855907018069757
511,-60.868057875557625,52,0.029364430051515775,nan,0.5639116222746994
512,-25.0897588446463,16,0.03009853922068363,nan,-0.07919317432320738
513,-76.77270037530839,68,0.029048676739432525,nan,-0.3306424521036224
514,-50.25776175854196,40,0.03419253919514019,nan,3.5604123967550185
515,-50.41839563585432,42,0.027875482237928198,nan,0.3029125142732862
516,-31.12370998031127,22,0.030210960199706198,nan,-0.2922576951856292
517,-187.93855796596338,178,0.03290913233762643,nan,0.5092686569205614
518,-72.3167979820049,26,0.15336688073511512,nan,1.7928178760516826
519,-25.488979186888233,16,0.031420460883736165,nan,0.17236817789985645
520,-94.95874870397022,86,0.029664730807849295,nan,0.15723378062525775
521,-191.54829959338878,180,0.038239402627116455,nan,1.1280861859983111
522,-58.616791721162244,50,0.028532422917755637,nan,0.5897891778978571
523,-39.88955877172164,30,0.032746883350072066,nan,0.6542380216384973
524,-140.9998500635208,134,0.025734742880591424,nan,0.4436343278066488
525,-80.45845168110924,72,0.028008118149367732,nan,-0.054011707244339145
526,-31.664655385526483,12,0.06511475293220675,nan,1.8682729217282417
527,-16.466854429490752,8,0.02803594181950568,nan,-0.3696953301761293
528,-76.23727207661861,68,0.027641852606101545,nan,-0.1969273877919428
529,-282.28701757191465,252,0.10028813765534828,nan,1.1420948468564907
530,-94.4088309403561,86,0.027843811060781657,nan,-0.3697728962796302
531,-48.204853177334435,40,0.027168388004418377,nan,0.13489238665098424
532,-41.75113067130625,34,0.02654496805241857,nan,0.017549133805633037
533,-72.52041358146806,64,0.028213290004861447,nan,0.4367530522302151
534,-11.376545157194473,2,0.031048162772167154,nan,-0.2692747132368509
535,-40.41795344512679,28,0.041119051142804175,nan,0.3678460883483559
536,-265.0963534762957,246,0.06323295853078043,nan,1.3691829226104255
537,-35.45050592146528,22,0.04453809907769959,nan,-0.09724064169610412
538,-36.90507314007928,28,0.02948699715258041,nan,1.734831673448785
539,-121.60470736653164,112,0.03180366677659342,nan,0.17030023530403934
540,-39.63463666028687,18,0.07163786973604966,nan,-1.0885419445573383
541,-74.46474283179124,66,0.028028949774143455,nan,-0.0835689937845042
542,-59.54553252426317,54,0.025438222588363014,nan,0.6239489337178951
543,-33.24436631273251,24,0.030610484479246813,nan,0.46003053262035687
544,-147.14301735623224,138,0.030274891908053228,nan,0.13121171937065257
545,-111.96912349541475,90,0.0727454420377981,nan,1.2292665377854437
546,-51.353197327266386,32,0.06408343485849753,nan,0.051900068126173246
547,-155.40777030077408,146,0.03115155728733084,nan,0.617475166603451
548,-151.80186406633612,142,0.03245650353091468,nan,-0.08899901045443157
549,-130.27081266275823,120,0.03400931345284241,nan,-0.1372307793239582
550,-52.61682304316038,44,0.028532526632981007,nan,-0.02126589054153116
551,-44.30452426918192,36,0.027498424732390163,nan,-0.04218129474339723
552,-95.21489708336918,82,0.043757937362149626,nan,0.9103330187437075
553,-47.45477659482858,28,0.06441979004910155,nan,0.5012675219355768
554,-38.0779046712734,30,0.026748028712826326,nan,1.030571760650607
555,-19.639932921117534,12,0.025297791129528194,nan,-0.29997776919491714
556,-30.077574601709724,22,0.02674693576725063,nan,0.2724406001018707
557,-49.13103258129537,40,0.030235207222833,nan,-0.2503116292930495
558,-127.22948954111841,118,0.03056122364608743,nan,1.0001168534336788
559,-103.5220165910003,66,0.12424508804966972,nan,-0.021409205089701764
560,-92.42523640240354,84,0.02789813378279285,nan,0.6372950032648487
561,-65.79065071747188,58,0.025796856680370687,nan,-0.30454281453844156
562,-62.061325313550306,54,0.026693130177318836,nan,-0.338860892605257
563,-326.2334745019871,318,0.027263160602606435,nan,-0.020135354048870072
564,-17.346199198879557,8,0.030947679466488527,nan,-0.2346231329252493
565,-151.09962484535575,142,0.030131208097205868,nan,2.568843928767701
566,-206.71060977753828,196,0.035465595289862886,nan,2.4465017090586247
567,-16.469171920073165,8,0.02804361562938133,nan,-0.3650687532675983
568,-46.60754011802713,38,0.02850178847028856,nan,0.674997664979965
569,-37.118557864638355,28,0.0301939002140344,nan,1.5643846242397943
570,-94.80307392600284,84,0.03577176796689691,nan,-0.5895120580899044
571,-30.381668805598338,22,0.02775387021721284,nan,0.14945455323303403
572,-14.30973261195248,2,0.04076070401308771,nan,0.543718690139516
573,-41.13820258480475,18,0.07661656485034685,nan,0.1774742611910761
574,-108.747753832465,100,0.028966072292930002,nan,0.33172631775636524
575,-78.23274754331142,66,0.04050578656725565,nan,0.9172363220264272
576,-50.570958876698135,42,0.02838065853211316,nan,-0.9137736242877424
577,-69.81626090204652,60,0.03250417517233942,nan,1.1964241477554827
578,-88.12974077785215,80,0.026919671449842458,nan,0.08594330271092299
579,-105.36559065101757,94,0.037634406129197676,nan,2.7069032657220773
580,-38.609409606986276,26,0.05253920669577585,nan,1.9708741232704778
581,-26.18635071213734,18,0.02710712156336889,nan,1.0652515093192292
582,-43.31394072204426,34,0.030840863318027142,nan,0.4929346662341225
583,-17.283310767677037,8,0.030739439628069534,nan,0.5451918373504246
584,-51.63014481411921,42,0.03188789673549401,nan,1.2437334458548568
585,-128.97249180634273,96,0.10918043644484378,nan,-0.11201335590545532
586,-14.382327799566976,6,0.027756052316447018,nan,-0.23494562944867617
587,-113.01716106484751,104,0.02985814922134883,nan,-0.11860639517664268
588,-60.725263991984875,52,0.02889160262246658,nan,-0.06234468431292959
589,-170.11045785000462,138,0.10632601937087527,nan,0.9839749518355558
590,-54.889468369368515,44,0.03605784228267708,nan,3.2939558848392507
591,-21.016646083194125,12,0.029856443984086635,nan,0.7190969461308216
592,-54.91821985434599,46,0.029530529319026527,nan,0.27347679589109863
593,-194.01955601391484,164,0.1007367651473667,nan,0.8244933957767856
594,-128.8262856585279,116,0.04247114456466302,nan,0.7662392193415288
595,-55.37044842378228,46,0.03102797491318699,nan,0.29611439473845297
596,-19.125922306532612,10,0.030218285783220788,nan,-0.22516415227094314
597,-17.345535525560383,8,0.03094548187271655,nan,-0.30025189356573484
598,-66.43733122197791,58,0.027938182854231584,nan,0.2545478612958185
599,-56.78876008004503,40,0.055591920794850966,nan,0.7648583886980322
600,-28.785045961034314,20,0.02908955616236512,nan,0.854650683910663
601,-27.669499150233825,18,0.03201820910673417,nan,-0.16903299596418922
602,-96.99136245259324,50,0.1556005379224941,nan,-0.3016231275526714
603,-53.73230222569395,44,0.03222616631024574,nan,2.3368045902652557
604,-63.08162337176745,54,0.03007160056876634,nan,1.2575020519990339
605,-30.22907244507284,10,0.06698368359295642,nan,0.8039245295408105
606,-35.55597956436423,26,0.03164231643829169,nan,0.7775979467269822
607,-43.5985001909281,34,0.031783113214993684,nan,-0.19487272375186176
608,-90.57464463296269,56,0.11448557825484335,nan,0.12026961241198846
609,-84.66060918413011,74,0.0353000304110267,nan,2.365156458029277
610,-24.958821652935956,16,0.029664972360715344,nan,-0.1931650823392344
611,-83.46024471375618,74,0.03132531362170972,nan,0.3976214608951541
612,-18.151174742991117,10,0.02699064484434122,nan,-0.20147017243989768
613,-120.825653390456,112,0.029224017849192572,nan,0.21951291605275872
614,-102.41320127206247,96,0.026500831702736198,nan,1.8971864356455386
615,-39.885623157321575,28,0.03935636807060069,nan,2.220463550930291
616,-177.4844972983822,158,0.0645182029747738,nan,0.7076464261971686
617,-54.80161329900957,46,0.029144414897383158,nan,0.3653208800612176
618,-140.07415043081664,132,0.026735597453034807,nan,-0.2903955000936669
619,-35.19951329182611,28,0.02727088368115957,nan,0.5710016690790574
620,-71.16739615253205,62,0.0303556163991133,nan,0.943346995850971
621,-78.01089604054636,62,0.05301621205478832,nan,-0.6100717440670409
622,-100.69185737190762,70,0.10162866679439671,nan,-0.4009624423382076
623,-64.89512812886191,56,0.029454066651861212,nan,0.7800844944799196
624,-48.91062144100708,40,0.029505369009957295,nan,0.8290203677392056
625,-39.13831548769565,30,0.030259322806939416,nan,-0.4270245259771243
626,-88.52061347822213,80,0.028213951914642852,nan,-0.02881246457818513
627,-70.06106023554226,62,0.02838401491388081,nan,0.491364233647096
628,-133.73739804090306,126,0.02562052331424839,nan,-0.4639347981433353
629,-47.32904665080905,38,0.030890882949698502,nan,-0.11156126676926803
630,-27.52108459561582,18,0.03152677018415835,nan,-0.30232491666969186
631,-19.36477948030624,10,0.031009203577172868,nan,0.07784869638206098
632,-63.32114412133519,54,0.030864715633560864,nan,0.19408923774468673
633,-180.9658313162594,172,0.029688183166422213,nan,0.13873970851684544
634,-119.15923080903023,110,0.03032857883784841,nan,0.25275244526418594
635,-39.34966298231515,30,0.030959148948063817,nan,0.39822552406679324
636,-48.26291439651313,40,0.027360643697063116,nan,0.3927058007076247
637,-48.093060403669305,38,0.0334207298134746,nan,0.29215334225415146
638,-36.72874117286214,28,0.028903116466431185,nan,1.2277098016301478
639,-34.88792959897518,26,0.029430230460182845,nan,-0.07665358182584053
640,-30.70800309797552,22,0.02883444734428954,nan,-0.8564804833814877
641,-368.18413920794865,358,0.0337223152581074,nan,2.709494700051485
642,-46.48355007755127,38,0.0280912254223551,nan,-0.3091138812622737
643,-60.64410749616734,52,0.028622872503865276,nan,-0.2874749488511241
644,-66.41628546133005,36,0.10071617702427167,nan,0.2981631387268742
645,-84.6022511530003,76,0.028484275341060922,nan,0.5719005185916453
646,-53.666712572210805,46,0.025386465470896975,nan,0.48679618862891627
647,-67.44478826769311,58,0.031274133336732436,nan,0.3644628706178474
648,-48.07143071593945,38,0.0333491083309257,nan,1.6480163965517245
649,-166.82981937413413,144,0.07559542839117181,nan,2.0162073792427906
650,-25.623713896692927,16,0.03186660230693009,nan,-0.4527562910520521
651,-409.2030161729781,400,0.030473563486683574,nan,0.5508047489589697
652,-84.61598627017315,60,0.0815098883118313,nan,0.9350671690697504
653,-78.61699475474309,70,0.02853309521438079,nan,-0.2061937614639869
654,-86.37365013138422,76,0.03434983487213352,nan,2.751448060855939
655,-72.24527129288543,62,0.03392473938041543,nan,2.26312048304402
656,-85.3248252854802,52,0.11034710359430559,nan,0.5255053350851495
657,-55.618856179775904,46,0.03185051715157576,nan,0.35669269942754067
658,-31.49087500812253,22,0.03142673843749158,nan,0.04385018452041357
659,-81.9667396077417,64,0.059492515257422295,nan,-0.013995799863370234
660,-24.206577208801995,16,0.027174096717887314,nan,0.40903023232928315
661,-55.593825172073466,46,0.0317676330201106,nan,1.0437777445349374
662,-168.96950465429978,160,0.02970034653741664,nan,0.5928166365927272
663,-44.356477997197445,36,0.027670456944362307,nan,0.8249936445715833
664,-84.88919154629849,74,0.036056925649995415,nan,1.9302434109870672
665,-79.27509011013017,50,0.09693738447062981,nan,0.5743429594594578
666,-80.6913197222723,70,0.0354017209346771,nan,4.263114941336711
667,-50.21997462486656,42,0.02721845902273676,nan,-0.07215424288470539
668,-26.504686214959058,16,0.03478372918860647,nan,0.17379672853642342
669,-38.40199061202568,30,0.027821160966972673,nan,0.5338578711378709
670,-66.75501807039464,58,0.028990126060909716,nan,0.9211702283847282
671,-89.22485925455233,80,0.03054589157136553,nan,0.46340099457440903
672,-21.274809142334714,12,0.03071128855077737,nan,0.389671299451444
673,-397.22812221070546,374,0.07900721840376106,nan,0.4277674671447223
674,-54.74870536301959,46,0.028969223056356644,nan,-0.6852822539636353
675,-57.35331947866959,48,0.0309712565518864,nan,0.9377184768549486
676,-66.40351632016711,40,0.08742886198730798,nan,0.9993272427480285
677,-54.833514743546985,46,0.029250048819691937,nan,0.3451095623138441
678,-103.18872260415847,74,0.09665139935151748,nan,-0.014502398256368208
679,-40.45819247028373,32,0.02800725983537656,nan,0.14128436905664193
680,-76.70732171613687,68,0.02883219111303636,nan,0.16412357960408244
681,-68.16148263440896,56,0.0402698100477111,nan,2.0693734824974355
682,-42.389510019360486,34,0.027779834501193992,nan,0.7930876500815128
683,-40.900480478448,32,0.02947178966373514,nan,0.07573137477245367
684,-61.36150103954837,52,0.03099834781307394,nan,0.6068268403022347
685,-205.6472982704873,198,0.025322179703599627,nan,0.24202328297330394
686,-45.248828050613646,36,0.03062525844574062,nan,0.026954201438417195
687,-42.99344515156671,34,0.02977961970717448,nan,0.19422685758758873
688,-250.68858680338633,242,0.028770154978100138,nan,1.6247720449036898
689,-38.645066403037895,30,0.028626047692178982,nan,-0.08586896305390332
690,-62.353534977367005,54,0.027660711845586536,nan,-0.25968939993620715
691,-39.346886348851726,32,0.027619873491924025,nan,0.41603834196746603
692,-137.10159559922417,118,0.06325031655372214,nan,0.520098874422441
693,-60.400567022604655,52,0.027816447094717565,nan,0.6452018046256083
694,-146.40317242298346,138,0.027825074248291115,nan,0.15840080032945805
695,-128.4893597400616,116,0.041355495828018965,nan,1.198865975207484
696,-138.17136862081477,130,0.02705751198945304,nan,-0.44118676553994945
697,-23.09211636060575,14,0.03010634556491992,nan,0.05933757260018136
698,-114.61670210175802,106,0.02853212616476199,nan,0.3745770465076858
699,-77.70045959345266,68,0.03212072713063755,nan,0.4904663913190559
700,-18.587502329053237,10,0.0284354381756731,nan,-0.17454572002961807
701,-87.65321625675607,34,0.17765965647932463,nan,0.14321275981758344
702,-120.43162165865118,112,0.0279192770154013,nan,-0.6699853056236108
703,-60.56499840294257,52,0.028360921864047744,nan,0.8637883655576958
704,-33.761206284017724,24,0.03232187511264127,nan,-0.2431556198498487
705,-43.03100406113654,24,0.06301656973886215,nan,-0.12546811787560366
706,-211.49730555335603,202,0.031448031633627915,nan,0.745480888583759
707,-116.26093719854889,108,0.027354096683936215,nan,0.31168739165996456
708,-24.295919169218383,16,0.027469931023901984,nan,-0.21103797733578647
709,-36.474189957587456,28,0.028060231647640488,nan,-0.7733953995564613
710,-25.39554756290167,16,0.031111084645369803,nan,0.01812237732660562
711,-111.14931609454814,98,0.04354078177002708,nan,0.3513660845822818
712,-26.135618841362803,18,0.026939135236300527,nan,0.12734711668505186
713,-12.673100767648435,4,0.028718876714067695,nan,1.1794715501576976
714,-192.44913526027582,162,0.10082495119296486,nan,-0.9650842558190116
715,-102.63760691473802,78,0.08158147985012615,nan,0.2368967023185479
716,-59.37983705715604,50,0.03105906310316586,nan,2.5287727346234425
717,-31.768972990519433,24,0.02572507612754794,nan,-0.4056302245941849
718,-147.47172598803797,140,0.027269072949042395,nan,2.617007412043584
719,-66.23502130670597,58,0.027268282472536137,nan,-0.20126022461320686
720,-56.88272452636243,48,0.029412995120405017,nan,-0.14181442605174457
721,-39.71290361481807,30,0.03216193249939717,nan,-0.013742136776860533
722,-37.050539900755496,28,0.029968675168064847,nan,0.4198709097326986
723,-24.786228375422912,0,0.08207360389212881,nan,-0.46723072642062646
724,-126.96271656644653,118,0.02967786942531976,nan,0.42814660199998666
725,-139.81763691830182,116,0.07886634741159523,nan,0.18245669968521827
726,-41.29158342124906,30,0.03738934907698369,nan,-0.0977584620005997
727,-39.87099239478163,32,0.02695545340678609,nan,-0.5259090489686159
728,-105.44286914473356,96,0.03126777862494547,nan,1.9454089824834975
729,-86.95277614549943,74,0.04288998723675358,nan,-0.2034565325770897
730,-37.28793963873149,28,0.030754767015667202,nan,0.046060077503261104
731,-25.184852881212166,16,0.03041342013646422,nan,0.16085107080532016
732,-121.24798170043252,114,0.03097428077107879,nan,4.002581241132859
733,-55.81592676340434,28,0.09210571775961722,nan,0.17990464113578694
734,-138.02884760349068,132,0.024309869368911722,nan,0.05976816401666691
735,-99.1749216068924,90,0.03038053512216051,nan,1.0559114979102397
736,-71.1921113809113,62,0.030437454903680675,nan,1.0360433396528665
737,-190.04220840385562,182,0.02662982915183916,nan,2.0518105470993255
738,-73.21828562914678,64,0.030524124599823996,nan,0.7186130409274483
739,-252.93386150517037,244,0.02958232286480345,nan,0.18491840488585762
740,-321.40434656431,314,0.024517703855332286,nan,0.16047555875889485
741,-59.68543669767585,48,0.03869349899892726,nan,0.49232584308564586
742,-22.45103658517871,14,0.02798356485158505,nan,1.3415130881377533
743,-45.515051915160235,36,0.03150679442106056,nan,0.7630051730166341
744,-388.7650738869737,380,0.029023423466800362,nan,-0.21588907552272427
745,-67.0202604655235,58,0.02986841213749527,nan,0.9219855645425357
746,-80.2116641388934,54,0.08679358986388547,nan,-0.4450334780249708
747,-18.590617668839943,10,0.02844575387033091,nan,0.1916504880313959
748,-67.6681378649111,58,0.032013701539440075,nan,0.11221170614073392
749,-49.961664878476384,32,0.0641488031374161,nan,-0.42657783560641943
750,-46.09881793851778,36,0.03343979449840344,nan,0.2721666491682956
751,-50.42642873363475,42,0.027902081899452258,nan,0.5544761698406239
752,-33.079941297758005,24,0.030066030787278035,nan,0.2675277787958047
753,-32.582556795541876,26,0.026330227182167754,nan,0.16636538307201118
754,-36.27107520013139,28,0.0273876662256011,nan,0.144579120642298
755,-21.082738766650106,12,0.030075293929304792,nan,-0.40536357866714257
756,-71.90604212372406,44,0.09240411299246401,nan,-0.04994656315215228
757,-78.36829183505351,42,0.12042480740083972,nan,-0.019879988469769377
758,-29.711097771810746,24,0.02644026746208643,nan,0.6278813946707588
759,-29.387732676713814,22,0.025474940264530326,nan,0.05202278587023792
760,-148.47469428792286,138,0.03468441817192959,nan,1.6527018427632176
761,-355.77066707435534,346,0.032353202232966324,nan,1.3784234621363927
762,-69.8879198732387,60,0.0327414565339039,nan,0.42633008750669027
763,-279.85388033294294,254,0.08560887527464334,nan,1.1229609126271372
764,-30.923832996972923,22,0.02954911588401619,nan,0.4725404127380368
765,-105.25342176188636,82,0.0769980853042589,nan,-0.7896099976546113
766,-91.9186374184631,66,0.08582330271014217,nan,1.090564798635758
767,-92.57410104232284,84,0.02839106305404912,nan,0.505604173364723
768,-34.57801251336573,26,0.028404014944919277,nan,1.218471367837243
769,-79.61661179307839,70,0.03184308540754344,nan,0.28668245540392917
770,-43.00325456689711,34,0.029812101214891373,nan,0.6338158346085025
771,-139.324788256546,120,0.06398936508789989,nan,0.13717641553618723
772,-62.46409905031129,54,0.028026818047388144,nan,0.482826782337568
773,-54.80055806140643,46,0.029140920733133676,nan,-0.09444743929992103
774,-87.65673852224513,78,0.03197595537167324,nan,0.37040865451322225
775,-856.646797112199,848,0.028631778517216724,nan,1.1784331331264677
776,-38.30867472381906,30,0.027512167959665455,nan,0.44466931534704013
777,-30.379838462295705,22,0.02774780947780036,nan,0.06922829321628769
778,-572.919570487105,562,0.03615751816922827,nan,1.2957702350124272
779,-47.56644855779379,38,0.03167698197944972,nan,2.0978816527199817
780,-17.204607026720307,8,0.03047883121430567,nan,0.8395389640707652
781,-8.921851357387258,0,0.029542554163534025,nan,0.17895237900831718
782,-28.517272742406213,20,0.028202889875517244,nan,1.0297733789137549
783,-74.88403380257988,66,0.029417330472119033,nan,1.405319710057198
784,-101.83668575427488,80,0.07230690647110848,nan,0.2902829635490907
785,-22.722305552808354,14,0.030285783169473626,nan,0.32945525205118936
786,-273.38685626968856,238,0.11717502076055884,nan,0.0911006579863579
787,-14.24246888840168,6,0.027292943339078595,nan,0.13073083276787945
788,-26.849678199728203,18,0.029303570197775547,nan,0.2328196417538288
789,-102.0723052114847,94,0.02672948745524763,nan,-0.11743842692201917
790,-111.25149231461629,102,0.030634080511974554,nan,0.3406909488473243
791,-60.81272666200926,50,0.03580373066890452,nan,0.5149650929121775
792,-69.25458035164297,60,0.030644305800142928,nan,-0.019233125763261437
793,-72.6813266885894,64,0.028746114862879202,nan,-0.22823602986211322
794,-42.497731682032445,34,0.02813818437759118,nan,0.08726362763681998
795,-39.78847742177347,30,0.03241217689328967,nan,0.2994079240266078
796,-18.547531465382125,10,0.0283030843224573,nan,-0.3545506231060455
797,-131.95500962110242,122,0.03296360801689539,nan,-0.25126552914235734
798,-65.07645374211913,50,0.04992203225867319,nan,0.10557997820219286
799,-152.41355623600114,116,0.1205746895231833,nan,0.3168824046542012
800,-117.42344666618445,108,0.031203465782066744,nan,0.7838863208237727
801,-76.32836470541754,68,0.02757736657423032,nan,0.8955654887531865
802,-200.82165672708228,192,0.029210783864513094,nan,0.08377399345334088
803,-55.76547632445653,46,0.03233601431939194,nan,3.4163978697824606
804,-90.21195890704091,60,0.10003959902993644,nan,0.8653481708211972
805,-48.13466144142487,32,0.0534260312629964,nan,0.9451892641976606
806,-158.84204356235597,150,0.029278289941575813,nan,0.8146015858351691
807,-189.52139046694072,180,0.03152778300311434,nan,0.21274080261008332
808,-46.01445324283685,38,0.026537924645154608,nan,-0.15339232250739318
809,-122.98717864697633,116,0.027508577350300788,nan,0.47179505766459234
810,-121.24901833981045,112,0.030625888542418024,nan,1.991799520099511
811,-205.1694331176171,200,0.02393256072970733,nan,0.9603042750125664
812,-34.13696209542523,20,0.046811132766308564,nan,0.4736433960480418
813,-45.31142802116474,36,0.0308325431164394,nan,-0.22471930318001646
814,-25.222392566863117,10,0.0504052734002091,nan,0.9458183608634632
815,-410.09807863803996,370,0.1327750948279468,nan,0.22929416987274015
816,-43.102361862426804,34,0.030140271067638818,nan,0.0037321938220288187
817,-21.18793501292181,12,0.030423625870602086,nan,-0.006353499153351399
818,-101.36777590026654,94,0.02612686489456276,nan,-0.12748822727212653
819,-53.86837057735992,44,0.032676723766092264,nan,-0.3052048798413047
820,-36.48201776490047,28,0.028086151539405867,nan,0.027701324302185054
821,-35.485068193505576,22,0.0446525436871046,nan,-0.15624203288982413
822,-64.92900710019526,40,0.08777819401477188,nan,-0.04395742128444524
823,-50.66680283667931,42,0.028698022638010967,nan,0.07166320430191961
824,-47.463547420988164,38,0.031336249738371486,nan,0.2395342966273353
825,-36.695803457198075,28,0.02879405118277504,nan,1.0293477498521466
826,-56.534450820343494,48,0.028259770928289515,nan,0.3988982375580139
827,-295.13836163692235,286,0.030259475618948265,nan,0.5577880952372531
828,-32.51618462219074,24,0.028199286828446406,nan,1.992860996040565
829,-45.971526057321356,40,0.02596315677096236,nan,0.8721248352351477
830,-136.67926712932163,98,0.12807704347457521,nan,1.664584861323623
831,-192.56107610308746,184,0.02834793411618299,nan,-0.110188872768179
832,-47.0993663396346,38,0.03013035211799536,nan,0.41126313180753665
833,-74.75193608761526,50,0.08196005327024998,nan,0.3536335748195916
834,-87.83286732016238,58,0.09878432887471034,nan,-0.34355465763939286
835,-52.47570503017186,40,0.04131028155686041,nan,-0.4223392435876862
836,-106.10118679937574,94,0.04007015496481994,nan,2.4165369463840882
837,-53.17250129677435,44,0.030372520850246054,nan,0.3875940302751304
838,-140.81360936697044,132,0.02937869788989984,nan,0.0213523005482081
839,-37.09793371189802,28,0.030125608317543014,nan,-0.4163116232254715
840,-53.01739505818208,44,0.029858924033715546,nan,0.14362031929460908
841,-44.3623186309942,36,0.02768979679137139,nan,0.16357180780703387
842,-34.475449566929996,26,0.028064402539503333,nan,0.6862445640019974
843,-74.65264739672863,66,0.028651150320293715,nan,1.229389793536046
844,-63.34113230011089,54,0.030930901655996233,nan,-0.18243968228945226
845,-35.29313667838773,26,0.030771975756250236,nan,0.4346549794779449
846,-31.731698206063314,22,0.03222416624524265,nan,2.2311994906462456
847,-36.18126248974964,28,0.027090273144866298,nan,1.0490433889584592
848,-24.0486668142493,16,0.026651214616719727,nan,-0.046695875813492604
849,-29.47584377866532,20,0.03137696615452086,nan,0.9718227697292725
850,-214.10973470634846,206,0.02685342617996206,nan,0.7478268898082573
851,-70.18591485894817,62,0.027105678340885918,nan,-0.4641857298077562
852,-182.84533498951149,174,0.02928918870699116,nan,0.09217903434943843
853,-155.81320432266227,128,0.09209670305517167,nan,0.7115828378162646
854,-18.528714685741562,10,0.028240777105104288,nan,0.4080637169397141
855,-37.497067613936686,28,0.03144724375475731,nan,0.40893402365209774
856,-78.62738542026382,46,0.108037700067099,nan,0.9170550125722375
857,-52.73707993159413,44,0.028930728250312027,nan,-0.06292824731541825
858,-132.63403652386512,124,0.02858952491346074,nan,0.39176279367471967
859,-64.55721689827257,56,0.02833515529229313,nan,0.9575062932194495
860,-112.11972121140579,104,0.026886494077502404,nan,0.5781078643125631
861,-66.7748007051316,54,0.042300664586527974,nan,0.688019835799146
862,-49.02735184211857,44,0.026741233202758306,nan,1.668515014687724
863,-34.18682774262433,26,0.02710870113451764,nan,-0.04524379146951467
864,-24.208950235717698,16,0.027181954422906083,nan,0.7118957593144088
865,-72.21262872311763,62,0.03381665140105161,nan,1.0627775964659827
866,-35.26773190194163,26,0.030687853979939252,nan,-0.12038365172458171
867,-37.76966812457247,28,0.03234989445222678,nan,1.3436598841085126
868,-64.28358672892116,56,0.027429095128877905,nan,-0.19409912512714772
869,-60.45325344641083,52,0.027990905451692166,nan,-0.01831790753071409
870,-32.83412403625007,24,0.029252066345199185,nan,-0.06492472013800916
871,-26.548206430340322,18,0.028305319305762768,nan,-0.1648708638990593
872,-144.5318471502039,136,0.02825114950398699,nan,0.07375130820304343
873,-55.14473204313718,14,0.1362408345799243,nan,0.35833247347275377
874,-306.1478682707732,298,0.02697969626083977,nan,-0.9819941801214838
875,-181.87159573756148,174,0.026064886548217172,nan,0.06676327416354125
876,-83.08143488609291,74,0.030070976444016625,nan,-0.07584624667046264
877,-56.793629091471125,46,0.03574049368036836,nan,0.6674700599720406
878,-51.00191769722525,42,0.029807674494123436,nan,0.034346242382272844
879,-65.2946224346059,58,0.027631145585629274,nan,0.013074377315845622
880,-149.43041875222437,140,0.031226552159684652,nan,-0.022022816910414605
881,-74.72414503405885,66,0.02888789746377062,nan,0.4170176420996848
882,-71.22305116784966,62,0.03053990452930371,nan,0.2499008857447728
883,-88.45323744491655,48,0.133951117367273,nan,1.1078357124398925
884,-200.89843782805332,192,0.029465025920706153,nan,1.0036271099085976
885,-85.06238174257604,76,0.030007886564820674,nan,0.623806845113043
886,-49.32703780093684,16,0.11035442980442657,nan,-0.2680702095446547
887,-63.133534841807425,54,0.030243492853667103,nan,-0.7622447261544383
888,-53.36616104164839,44,0.031013778283604316,nan,1.3681689692308403
889,-56.633960388596755,48,0.028589272809923374,nan,0.4351480747580787
890,-119.38035525479619,110,0.031060778989390234,nan,0.42214458513085956
891,-120.14016115828242,54,0.2190071561532529,nan,0.6715532987123541
892,-101.1149690466147,94,0.02355950015435329,nan,-1.0073556945783646
893,-29.87577942655144,20,0.032701256379309214,nan,0.49692983989802725
894,-220.6447105398571,210,0.03524738589356431,nan,2.3416583507898743
895,-197.80423162536513,190,0.025841826574056363,nan,0.20626924622218765
896,-136.3060579263859,112,0.08048363551783308,nan,0.3770953969571035
897,-8.421356991077364,0,0.027885288049925013,nan,-0.1997500992095212
898,-133.46494424556997,124,0.03286438974156167,nan,2.1608471251246857
899,-200.49812310036626,192,0.028139480464790353,nan,-0.40673819225102614
900,-39.52854162294809,30,0.03155146232764273,nan,0.06272492327500714
901,-40.34007430272762,32,0.02761614007525716,nan,-0.041588774562577424
902,-125.58929247675492,116,0.03175262409521552,nan,-0.012457606760131208
903,-86.0115121503918,64,0.07288580182248887,nan,2.0803078488691553
904,-24.794089090929933,16,0.029119500301092383,nan,-0.3810414162792484
905,-37.86154287238755,30,0.02603159891519083,nan,-0.07867922906082321
906,-16.811854314733843,8,0.029178325545476266,nan,0.32874846752564924
907,-24.85522631489349,16,0.02932194144004472,nan,-0.35940045572552115
908,-32.3371659044694,24,0.027606509617448538,nan,0.08943447963124919
909,-342.6122703670088,334,0.028517451546386196,nan,0.7979594133619685
910,-48.711766021403164,20,0.09507207291855346,nan,0.09115866365447789
911,-105.6515926671959,64,0.13791918101720455,nan,0.9166376353944621
912,-21.62871637114266,12,0.03188316679186329,nan,1.0006890585348827
913,-14.857692516204038,6,0.029330107669549795,nan,0.5327559499665231
914,-38.349441099459966,30,0.027647155958476822,nan,0.8382332836260822
915,-123.86819630467221,114,0.03267614670421226,nan,-0.028186130122318617
916,-44.91545728797203,34,0.03614389830454302,nan,0.15047356112426863
917,-108.06792993136574,86,0.07307261566677342,nan,1.7471147151252207
918,-29.057798424786746,22,0.028458864616075705,nan,0.6179087436215336
919,-119.8599472261903,96,0.07900644776884157,nan,-0.4953624116337206
920,-362.0681905845679,336,0.08631851186942878,nan,2.603357863018986
921,-34.366780922714455,26,0.027704572591769623,nan,-0.18722584072295392
922,-120.62210555874196,112,0.028550018406429862,nan,0.5719455308179793
923,-50.59194270636248,42,0.02845014141179679,nan,-0.2680032077089391
924,-76.71562382946863,48,0.0950848471174454,nan,-0.2035111138165392
925,-46.989561539473996,38,0.029766760064483658,nan,-0.5480171145249645
926,-14.478698568771508,6,0.02807516082374652,nan,0.06864008433163353
927,-126.7361060322312,118,0.02892750341798386,nan,2.840722293378758
928,-186.86081741383762,178,0.029340455012704894,nan,0.525256984412519
929,-111.95962981667603,102,0.032978906677735294,nan,0.618226319606929
930,-52.6791149158412,44,0.028738791112056572,nan,0.0796021737198003
931,-94.19662446301031,84,0.033763657162285826,nan,3.094019257176794
932,-29.202440472739156,20,0.0304716571945006,nan,-0.20122878557654708
933,-48.99874452666658,40,0.029797167306843165,nan,0.14639310234839972
934,-110.11412595960523,78,0.10633816542915646,nan,0.4251357864513619
935,-39.52014892223123,30,0.03152367192791736,nan,0.841865310021707
936,-300.4591104258166,292,0.02801029942323405,nan,0.7029955885481376
937,-63.99411778002475,54,0.0330931052318701,nan,0.07612584936746708
938,-92.39759313987501,84,0.02780659980091009,nan,0.21908016814053288
939,-75.54459665557124,66,0.031604624687322405,nan,0.1525448954012322
940,-44.86855033527186,36,0.029366060712820816,nan,0.3549002576371908
941,-43.21806204421382,34,0.030523384252364096,nan,0.7741997877078051
942,-50.76962547448666,36,0.04890604461750522,nan,2.0409536075815025
943,-141.39262585646935,132,0.0311014101207606,nan,-0.20267105771229443
944,-16.777546767693394,8,0.029064724396335617,nan,0.49162217554829424
945,-65.80220558933509,48,0.058947700626937445,nan,0.5458151474954338
946,-61.203611654844295,52,0.030475535280941598,nan,0.9981267840905264
947,-110.25136405678175,98,0.04056743065159427,nan,0.03953104315168342
948,-39.27476917971879,28,0.037333672780526184,nan,0.3864095783285914
949,-85.16336896935923,76,0.0303422813554944,nan,0.3923240832228904
950,-40.20124288408117,30,0.03377894994728881,nan,2.921096886701447
951,-114.20367495947478,106,0.02716448662077796,nan,-0.7073493113144168
952,-128.885405364222,120,0.029421872066960505,nan,0.2873288568129319
953,-44.640017606197965,36,0.02860932982184725,nan,0.6567552406440291
954,-79.64984143602867,68,0.03857563389413493,nan,2.495111794904663
955,-19.158789466503592,10,0.030327117438753513,nan,1.1510960160998438
956,-78.3737317074845,70,0.027727588435379803,nan,0.037007406180792346
957,-66.07637496156028,56,0.033365480005166606,nan,0.18746358993856793
958,-65.42565333531822,56,0.03121077263350371,nan,2.1029452746609127
959,-48.777938125300224,40,0.029066020282450894,nan,0.3589916106454168
960,-96.23453965063733,72,0.08024682003522197,nan,2.2414608244215204
961,-55.78462988094619,48,0.027218985597713633,nan,0.24103206658354875
962,-64.0986516227155,56,0.026816727227534455,nan,-0.4846756959556246
963,-29.844691052630882,20,0.03259831474381066,nan,2.3197549166617337
964,-17.55454706980759,8,0.03163757307883314,nan,-0.30549816277339925
965,-87.77012504236846,46,0.13831167232572344,nan,0.7076984384989934
966,-29.272455906861904,20,0.03070349638033718,nan,-0.30035432954420976
967,-103.45171584271253,82,0.07103217166461055,nan,0.5676268373834414
968,-48.641774457890165,40,0.028615147211556727,nan,0.6610661884661863
969,-57.269472508873804,50,0.026338668510412038,nan,0.08570125348936847
970,-33.61712157760997,28,0.026248231671074714,nan,0.17808853353457482
971,-244.44840192313566,214,0.10082252292429167,nan,-0.18565510719558162
972,-284.0374875395573,274,0.03323671370714453,nan,2.416558038027547
973,-45.655838349992635,36,0.03197297466885027,nan,1.3197035973811435
974,-34.84914989004193,10,0.08228195327828444,nan,1.4370793828194104
975,-21.80346428871892,14,0.02583928572423475,nan,-1.0051215254435693
976,-59.123508941099445,50,0.030210294506951774,nan,0.042922003979028345
977,-30.690089250095323,22,0.028775129967203134,nan,-0.6998626387388205
978,-68.20425763778151,60,0.027166416019143595,nan,-0.29201346559498986
979,-54.0522161459241,44,0.03328548392690074,nan,0.9148402270285254
980,-30.62435230646981,22,0.0285574579684431,nan,-0.2505850922180238
981,-287.6555935511158,282,0.02594308968401948,nan,0.28535066667528064
982,-13.921122320436234,6,0.026228881855749092,nan,0.21913242316265152
983,-23.414287469572052,14,0.031173137316463796,nan,2.0935124741555136
984,-131.2197281184957,120,0.03715141761091339,nan,2.8062216112020097
985,-55.69817723154407,44,0.0387356861971657,nan,0.8066345165881663
986,-93.83997112846657,84,0.032582685855848795,nan,1.436175003266949
987,-39.479942535590986,30,0.031390538197321016,nan,-0.18054264791013783
988,-65.07880749625306,56,0.030062276477658776,nan,0.41788282577998453
989,-27.02990747705726,18,0.031573103066633634,nan,0.36375892370397067
990,-100.67623274950567,92,0.028729247514918815,nan,0.4463587084536083
991,-76.90841660001458,66,0.036120584768260286,nan,3.275299659796832
992,-81.51144246166007,72,0.031494842588277575,nan,1.2908576008166797
993,-15.98905736562705,6,0.0330763488928047,nan,1.022676745136361
994,-94.47696405385136,84,0.034691933953149935,nan,0.18062983395058402
995,-45.90361459301181,38,0.0261709092483837,nan,0.15136260226669002
996,-34.77550709065513,22,0.042303003611440744,nan,0.1563462693084244
997,-46.438079898476495,38,0.02794066191548525,nan,0.5118187905051776
998,-383.37672743385485,374,0.031048766337271095,nan,2.1716809099755983
999,-109.81224166665821,78,0.10533854856509416,nan,-0.1282740880743699
1000,-28.87192139559974,18,0.035999739720528764,nan,-0.20309110151292348
1001,-9.230459357017086,0,0.030564434957010188,nan,0.42753172020261354
1002,-21.041741927902358,12,0.029939542807623714,nan,0.8864547532037732
1003,-56.61495984007632,48,0.028526357086345218,nan,0.3189121112659564
1004,-94.44208851097974,86,0.027953935466820314,nan,-0.4840424710779454
1005,-256.4484406698943,248,0.027974969105611563,nan,0.44228170339144546
1006,-114.74284194105608,94,0.06868490708958915,nan,0.7376732792346029
1007,-146.4585083247775,138,0.02800830571118354,nan,0.2036858269870823
1008,-62.71119671961463,40,0.07520263814441966,nan,1.1082925575195552
1009,-72.63246552091076,64,0.028584322916922467,nan,0.3549037156371201
1010,-54.13873412966548,42,0.040194483873064145,nan,-1.031355916909929
1011,-44.62946352015409,36,0.02857438251706634,nan,0.5885643443867521
1012,-53.39720853687241,44,0.031116584559179854,nan,0.405510799648462
1013,-27.29265673493982,18,0.030770386539535653,nan,0.08989437855564256
1014,-57.32455910591152,48,0.030876023529508263,nan,0.4613267243326243
1015,-38.68265264305592,28,0.03537302199687401,nan,0.49891435854346644
1016,-42.88087300834534,34,0.02940686426604414,nan,-0.062076593431511534
1017,-43.786351374829806,32,0.03902765355903916,nan,0.5175092307679565
1018,-89.27532289355868,78,0.037335506270062054,nan,0.8071872877658635
1019,-67.76081394292514,44,0.07867819186398993,nan,0.6746366231060442
1020,-166.22426593225788,158,0.02723266864986064,nan,1.382573529981217
1021,-186.32315336968998,172,0.04742766016453578,nan,0.8883959959249362
1022,-197.49203090170488,178,0.06454314868114172,nan,0.34390449728826383
1023,-38.26406544702385,30,0.027364455122595607,nan,0.8237215236523797
1024,-77.02235544137591,68,0.02987534914362894,nan,-0.12016575204259376
1025,-139.95792579702282,130,0.03297326422855294,nan,0.24819570625583964
1026,-165.00585362231752,136,0.09604587292158133,nan,0.23110161948812638
1027,-133.9332639206452,114,0.06600418516769903,nan,-0.32145870112326763
1028,-52.82004601340669,44,0.029205450375519026,nan,0.09370730859705476
1029,-64.654290431413,56,0.028656590832493754,nan,-0.07427433567318799
1030,-90.48547569025588,82,0.028097601623364242,nan,-0.49614525473836985
1031,-23.939981579206176,16,0.026291329732470992,nan,0.006609061036998289
1032,-52.97396251782007,44,0.02971510767490085,nan,0.15877648397351327
1033,-85.92501047914362,76,0.037594736663422834,nan,1.8776373505177837
1034,-54.35050779314207,46,0.027650688056761675,nan,0.49780195608371963
1035,-184.16188550447845,176,0.027026110941980697,nan,2.553169052005516
1036,-133.7195672589415,114,0.06529658032762067,nan,0.47862371535727366
1037,-187.30102776935198,162,0.0837782376468611,nan,0.7120361577642353
1038,-101.36060185193526,92,0.030995370370646234,nan,0.43108257481000317
1039,-37.00795835210789,28,0.029827676662608993,nan,0.567359185186739
1040,-28.725339924824542,22,0.026477716239466872,nan,0.7279421416620951
1041,-25.354796411566646,16,0.030976147058167557,nan,0.15492918105113052
1042,-114.45493115229979,106,0.02799646076920448,nan,-0.17361179675211297
1043,-122.74563465552275,114,0.02895905515073748,nan,0.6522788923584921
1044,-152.9577418345026,144,0.02966139680298871,nan,0.12398639794736668
1045,-104.06931972631094,92,0.0434148191593913,nan,-0.23592071836758172
1046,-58.00392446998134,50,0.02704028537155867,nan,0.01866194937280631
1047,-58.94334293904079,50,0.02961371834119463,nan,-0.11759333166471893
1048,-54.82821144326855,46,0.029232488222743325,nan,-0.4051960241933051
1049,-160.39666560620847,152,0.02780352849738051,nan,0.8793438228615482
1050,-77.75095859133314,62,0.052155492024281484,nan,1.1254877842282753
1051,-59.59984209282523,50,0.03178755659875914,nan,0.8173930450232348
1052,-84.77860739788738,76,0.02906823641684489,nan,0.005842257364609106
1053,-116.46365757627603,108,0.028025356212834352,nan,1.1676754040660533
1054,-56.68004473375306,48,0.028741869979314737,nan,-0.7011848269454095
1055,-47.496938104195955,38,0.031446814914556434,nan,0.7885556499066683
1056,-15.271613343417558,6,0.030700706435157432,nan,0.18478000302279995
1057,-64.49463551575946,56,0.028127932171389536,nan,0.2383098989543166
1058,-203.58816022600007,194,0.03174887492053078,nan,1.040743539802189
1059,-266.42066815061395,258,0.027883007121238725,nan,0.4479511894388988
1060,-34.48858710779838,22,0.04135293744304059,nan,1.1122120739933756
1061,-154.04589588335062,136,0.059754622130300646,nan,0.9713784734237421
1062,-82.08979476397965,62,0.06880066699992977,nan,0.2649404842004639
1063,-172.5338007468473,108,0.2136880819432016,nan,-0.7107751489894862
1064,-26.291347108744567,18,0.0274547917508097,nan,-0.19176533094696727
1065,-29.44993755328936,22,0.028875726950734117,nan,0.7084909790679235
1066,-101.07991118845484,72,0.09629109665051253,nan,1.3035583089332448
1067,-58.814417449286715,50,0.029186812745982532,nan,0.810532071670542
1068,-29.30608230954473,18,0.037437358640876606,nan,-0.1865036449374304
1069,-59.19441070803432,44,0.05031261823852418,nan,2.0358961497637016
1070,-46.07615303021071,38,0.02674222857685692,nan,0.16645849099257862
1071,-46.441419299014335,38,0.027951719533160026,nan,0.5042419124036158
1072,-28.051306849974512,20,0.026659956456869107,nan,0.13917917243346867
1073,-101.29071382345026,92,0.030763953057782078,nan,0.9746387736215172
1074,-94.29338584913383,38,0.18640193989779397,nan,-0.010215502755141305
1075,-50.77121413334755,42,0.029043755408435595,nan,0.631297590437003
1076,-67.21024478648634,58,0.030497499293000916,nan,-0.09538053620656002
1077,-153.68372879908702,124,0.09829049271221028,nan,0.63511736034752
1078,-64.95068277528578,56,0.029638022434721342,nan,0.42080134648513073
1079,-79.27047326055813,50,0.09692209688926601,nan,0.3517781763826535
1080,-60.10148587176907,46,0.046693661827050176,nan,0.5830069850857519
1081,-48.55352567984966,40,0.02832293271473419,nan,0.1449813879790426
1082,-76.21082924880842,62,0.047055725989430745,nan,-0.035346797439894204
1083,-88.36149029885732,80,0.027687053969726212,nan,2.5899169230472068
1084,-89.57707770306993,80,0.03171217782473502,nan,-0.12103210235899622
1085,-9.28355356684129,0,0.030740243598812254,nan,0.30691737104839467
1086,-20.892597774922667,12,0.02944568799643245,nan,1.841215785894819
1087,-92.55670829256673,84,0.0283334711674394,nan,-0.29856465830693535
1088,-37.09023125202271,28,0.03010010348351869,nan,0.3301919027605045
1089,-75.21956514641292,66,0.03052836141196323,nan,-0.11817775249445737
1090,-58.941164081349065,50,0.029606503580625658,nan,0.3371294207152038
1091,-53.45174843506477,44,0.03129718024855913,nan,2.3562759160133546
1092,-54.13790022840378,46,0.026946689498025582,nan,0.39084973061187056
1093,-58.932601993923974,50,0.029578152297761253,nan,0.3042394712448601
1094,-29.32760532978374,20,0.030886110363521926,nan,0.15949267238187326
1095,-216.8172399640148,208,0.029196158821242123,nan,1.5007645379728791
1096,-52.843369840563206,44,0.02928268159126951,nan,0.710327211933963
1097,-64.31459723681637,40,0.08051191138018707,nan,-0.33855624192086703
1098,-73.31530794076794,64,0.030845390532343583,nan,0.44521752543105986
1099,-31.845741126724814,24,0.0259792752540558,nan,-0.8409608961633462
1100,-130.8860594145998,122,0.029424037796689066,nan,0.8220993110966723
1101,-56.51268970156393,48,0.028187714243589256,nan,0.6652512048844893
1102,-88.8780424891916,80,0.02939749168606505,nan,0.04248355230144402
1103,-82.16735580368842,74,0.027044224515525045,nan,0.265228354967961
1104,-64.19609265110944,42,0.07349699553347525,nan,-1.236708081802523
1105,-77.1101491104612,68,0.030166056657156666,nan,0.871378673362817
1106,-70.74215493093925,62,0.028947532883904167,nan,-0.015107848623456026
1107,-18.405396866169845,10,0.027832439954204764,nan,0.02197893622195632
1108,-46.16902210495879,38,0.027049742069400334,nan,0.28374345000611234
1109,-111.03280273388569,84,0.08951259183405767,nan,-0.06619836027450267
1110,-43.20599410863186,34,0.030483424200767443,nan,-0.6403724793365938
1111,-60.307844940855496,52,0.027509420333958638,nan,0.7058700843245432
1112,-245.71878866016175,232,0.045426452517091855,nan,2.9717970665679383
1113,-14.713830367578606,6,0.028853742939002086,nan,0.3996297998113877
1114,-46.669285929649575,38,0.02870624480016363,nan,-0.5754834071891105
1115,-49.1904585593913,40,0.03043198198473903,nan,0.35734134794862704
1116,-108.75776449673852,98,0.03562173674416672,nan,1.2813598961977979
1117,-41.8529520971159,32,0.03262566919574813,nan,1.835112024376798
1118,-64.64195469612346,56,0.028615744026898687,nan,-0.32081842866073984
1119,-419.1255934374058,388,0.10306487893180334,nan,-0.9289900715373431
1120,-69.43159258845644,60,0.031230439034624028,nan,0.06107147479037036
1121,-30.117062127657324,24,0.024468248510629387,nan,-0.046568606848083435
1122,-85.86200469861387,78,0.026033128141107188,nan,-0.2060924649443277
1123,-69.28321229706748,48,0.07047421290419667,nan,-0.5962619165060363
1124,-90.90339391643148,82,0.03113074795954941,nan,0.3606112900730613
1125,-40.99588241291149,24,0.056277756334144245,nan,0.6889129679610749
1126,-15.808109488579815,6,0.03247718373701923,nan,0.5595993347968732
1127,-151.64141108372144,140,0.038547718820271304,nan,1.0645749604106658
1128,-60.19018991021361,24,0.11983506592785939,nan,0.8396556154249656
1129,-58.78707233185273,50,0.029096265999512143,nan,0.4482537103228044
1130,-17.46561881724961,8,0.03134310866638945,nan,0.05340479166448943
1131,-50.88429240121347,42,0.029418186758985148,nan,0.34938575690754825
1132,-429.7931631735494,418,0.03905020918393825,nan,0.8516051516175271
1133,-79.95387323960047,70,0.03295984516424058,nan,0.240233128475309
1134,-40.65622045593406,32,0.028662981642165332,nan,0.337942282045528
1135,-109.40213878173256,100,0.03113290987328592,nan,1.8091398660146478
1136,-144.09310476696473,136,0.02679836015551392,nan,0.08046553160907355
1137,-46.80216606032972,36,0.03576876178917099,nan,-0.021384835984659633
1138,-31.216747225165662,22,0.030519030546906148,nan,1.0354122727358441
1139,-58.610337103841566,48,0.035133566569011856,nan,1.1625941739512442
1140,-76.8747961574366,58,0.06249932502462459,nan,0.6443565708169535
1141,-18.311511868645937,10,0.02752156247896024,nan,0.3521043447432623
1142,-22.205471490703495,14,0.027170435399680545,nan,0.9279931777458336
1143,-155.33557197159817,136,0.06402507275363628,nan,0.22414725125213739
1144,-186.8936041240017,178,0.029449020278151834,nan,2.4891399749826073
1145,-88.82292738969515,60,0.09544015691951988,nan,0.5007461411823728
1146,-10.175170787639743,2,0.02707010194582702,nan,-0.07129889576609512
1147,-83.7735368184582,74,0.03236270469688095,nan,2.7169019998811397
1148,-22.916589185632557,14,0.029525129753749917,nan,-0.07327889571836009
1149,-98.49488233848489,90,0.028128749465181537,nan,0.46311419170676726
1150,-84.44735622707728,76,0.027971378235355934,nan,-0.13898837028320113
1151,-208.15976886895646,188,0.06675420155283623,nan,0.866497655188671
1152,-61.25556037367663,52,0.030647550906213725,nan,2.6692020659200426
1153,-45.61921695577516,34,0.0384742283303808,nan,0.6426527650740818
1154,-22.687818259750347,14,0.02876761013162354,nan,0.19295561545905665
1155,-42.49765754850163,34,0.028137938902322877,nan,-0.2956965512730218
1156,-59.78836910056891,50,0.03241181821380455,nan,1.910486517277614
1157,-18.966370767188227,10,0.029689969427775565,nan,0.06636198331264236
1158,-38.867262353052666,30,0.02936179587103495,nan,0.24697506756214146
1159,-47.1912323961048,38,0.030434544357963236,nan,1.5062575281579171
1160,-352.40021413222604,334,0.06092786136498958,nan,-0.016677307515364257
1161,-56.15671439328964,48,0.027008988057249966,nan,-0.14985775649065725
1162,-86.63771875455367,78,0.02860171773030886,nan,0.2723134228508667
1163,-96.54223419749319,84,0.04153057681289105,nan,2.474927883365173
1164,-31.305915351512596,22,0.030814289243419182,nan,0.34799172311661986
1165,-166.96438034798155,124,0.1422661600926543,nan,-0.29044693873671734
1166,-62.31821069595916,48,0.047411293695229,nan,0.9451624869440862
1167,-264.6223876196635,226,0.12788870072736166,nan,-0.5569584274387746
1168,-25.191860176178814,16,0.030436623099929932,nan,-0.04632251833978769
1169,-88.78457847241216,80,0.029088008186795123,nan,0.4571432866418614
1170,-82.90460397607477,74,0.029485443629386324,nan,0.3240701653076404
1171,-76.76334524914671,68,0.02901769950048632,nan,0.34757084961579104
1172,-43.02634865053844,34,0.029888571690524543,nan,0.01069222551389653
1173,-26.21007788864219,18,0.027185688372987432,nan,0.6367152902171238
1174,-82.51936777229305,74,0.028209827060572595,nan,1.2545019673067146
1175,-116.65295135194538,106,0.03527467335081272,nan,-0.02052156970063718
1176,-78.21649661481663,66,0.040451975545749704,nan,2.6192613905892457
1177,-33.50606526699953,6,0.09107968631456778,nan,-0.4473164061898526
1178,-15.952151073068784,8,0.026331626069764358,nan,-0.5642530346849767
1179,-70.38702225584542,62,0.027771596873660653,nan,0.4959381634849031
1180,-114.43548823915427,106,0.027932080262100003,nan,0.807391804689291
1181,-401.3080698010626,390,0.03744393973861634,nan,0.9801406129520072
1182,-26.414464261187376,18,0.027862464441017816,nan,-0.08772803700420333
1183,-92.72432808086042,88,0.02435220660237491,nan,0.7446876017488395
1184,-50.734901901147325,42,0.028923516228964326,nan,1.4190489123772756
1185,-96.68920325177814,88,0.02877219619794161,nan,0.3993705483329627
1186,-34.44732537811242,26,0.02797127608646495,nan,0.5348888411176228
1187,-61.10435595314874,52,0.030146874017049023,nan,0.1369818678183754
1188,-26.96852228543709,18,0.02969709366038772,nan,0.20866724433391262
1189,-24.13975081636297,16,0.026952817272725,nan,-0.2697571977319594
1190,-57.82421338906769,24,0.11200070658631617,nan,0.771040897786699
1191,-87.553396313907,48,0.13097151097320187,nan,-0.04274240796504749
1192,-60.174618540848,52,0.02706827331406642,nan,-0.04059734613451928
1193,-24.387964677350155,16,0.02777471747466948,nan,0.08128394239168886
1194,-127.37563928477223,112,0.05091271286348417,nan,-0.04279721090138353
1195,-126.7260695887392,118,0.02889427016138767,nan,-0.08418187186250499
1196,-131.14416639965705,114,0.05676876291277196,nan,1.0136781334789269
1197,-24.954436116044892,16,0.029650450715380576,nan,-0.0822548167385309
1198,-105.77016934385868,64,0.1383118190193989,nan,1.235923997827016
1199,-33.694473976253384,24,0.032100907206137154,nan,-0.2880670573056247
1200,-191.82540134289403,178,0.04577947464534458,nan,1.079877035399696
1201,-98.50318277364414,90,0.028156234349813777,nan,-0.3465373146376227
1202,-100.16236958615157,92,0.027027713861428767,nan,1.2895299102369362
1203,-27.3204526964939,20,0.029049415462277614,nan,1.5936429895105817
1204,-72.63790884484904,66,0.029900490292113002,nan,2.6956972694181762
1205,-97.90293504595887,82,0.05265872531774467,nan,1.938535824472575
1206,-32.557292601687806,24,0.028335405965853887,nan,0.5365850822425899
1207,-50.39352482433832,42,0.02779312855741142,nan,-0.1359739989280124
1208,-119.80206807372765,110,0.03245717905207948,nan,2.6580536944088555
1209,-30.633053768996334,22,0.028586270758266006,nan,1.0783726686888162
1210,-39.12569804565675,30,0.03021754319753868,nan,0.27907414254431756
1211,-63.30934197456584,54,0.030825635677370664,nan,-0.304122993795997
1212,-116.10091852698737,70,0.1526520481026066,nan,0.8006662364921915
1213,-61.03025937852381,44,0.05639158734610502,nan,1.7767665438552154
1214,-48.109718088086524,16,0.10632356982810119,nan,0.7917632227834462
1215,-27.69003007013267,20,0.025463675728916325,nan,0.06331101858353132
1216,-43.29786407688798,34,0.03078762939366926,nan,0.12824367055837496
1217,-86.34681414946103,76,0.0342609740048395,nan,1.7726819053091438
1218,-30.00839701136457,20,0.03314038745484958,nan,1.7841777331031556
1219,-138.14153703947096,128,0.033581248475067736,nan,1.2615509829693532
1220,-200.33111647242453,190,0.0342089949418048,nan,2.264279486313663
1221,-23.425169948547044,14,0.03120917201505639,nan,-0.39827999753942284
1222,-78.63570592828353,70,0.02859505274266089,nan,0.6229173740705117
1223,-8.835809502134794,0,0.029257647358062217,nan,-0.14283565342374646
1224,-66.51073873221249,58,0.02818125408017318,nan,0.14051718800482865
1225,-148.8791819567103,116,0.1088714634328163,nan,0.03880073860941442
1226,-36.45912733495699,28,0.028010355413764704,nan,0.17899434381304927
1227,-98.27341607301084,90,0.027395417460299464,nan,0.5090440766022832
1228,-33.5972173608115,24,0.03177886543315036,nan,-0.4938746814351392
1229,-49.462409502051344,40,0.031332481794872205,nan,-0.3509685405416704
1230,-44.57670360682646,36,0.028399680817306754,nan,0.6512783874746795
1231,-30.337352612284217,22,0.027607127855245717,nan,1.3634451618409618
1232,-133.96547291818072,126,0.02637573813967009,nan,-0.5652028115019079
1233,-59.018743665318475,50,0.029863389620259667,nan,-0.08007701666785146
1234,-80.80878412526339,72,0.02916815935517676,nan,0.15684213412968293
1235,-35.42556158161808,20,0.05107801848217911,nan,-0.13097236155561598
1236,-318.57686803585125,308,0.035022741840564336,nan,0.4844358578465404
1237,-41.46080897596925,30,0.0379496985959245,nan,-0.4209363117096298
1238,-31.686259907445127,22,0.03207370830279799,nan,0.008730274619330692
1239,-36.62097480623574,28,0.028546274192833582,nan,0.25328365895590305
1240,-74.84471610675818,66,0.029287139426352207,nan,-0.09247776311324965
1241,-162.73976387457506,94,0.22761511216746638,nan,-0.3641871037093509
1242,-85.60960006227613,54,0.10466754987508663,nan,2.0073249785453915
1243,-47.35565905177029,38,0.03097900348268279,nan,0.571069680519143
1244,-79.6579977593401,54,0.08496025748125788,nan,0.20875188297922076
1245,-445.7276332271761,422,0.0785683219442864,nan,1.1748158492935845
1246,-92.76500216118626,84,0.02902318596419234,nan,0.2804776743814559
1247,-43.78545708933959,34,0.03240217579251505,nan,0.13642507601507772
1248,-21.410846062071055,12,0.03116174192738732,nan,0.42013232176094195
1249,-182.38787654047292,168,0.047641975299578684,nan,0.19246904537870413
1250,-52.72501200780211,34,0.06200335101921202,nan,0.5250329857344177
1251,-33.33643438220414,24,0.030915345636437552,nan,1.2894340866168041
1252,-54.47835312514644,46,0.028074016970683315,nan,1.3384309733678246
1253,-66.86441452443438,58,0.02935236597494816,nan,-0.4164603004413996
1254,-47.688607376330516,38,0.032081481378577456,nan,0.8660793915158138
1255,-68.46282987214951,60,0.028022615470693592,nan,-0.5279818289776391
1256,-71.36682678369438,30,0.1369762476281269,nan,0.2678464746285216
1257,-12.748135558639815,4,0.028967336286886858,nan,-0.06260835330687395
1258,-86.34521211416147,72,0.04750070236477249,nan,0.726298284524125
1259,-50.74270313315048,42,0.028949348123014643,nan,0.8014614892658617
1260,-88.72139121826812,78,0.03550129542472864,nan,2.4831804195602443
1261,-60.42615779883537,52,0.027901184764355418,nan,0.3496106092411013
1262,-100.78359276552119,92,0.029084744256692895,nan,-0.15423023023982593
1263,-78.31030705614569,44,0.11361028826538334,nan,-0.21974195916430572
1264,-40.83339037787109,32,0.02924963701281769,nan,-0.022366422092825765
1265,-34.89623146636864,20,0.04932526975618759,nan,0.6651940143128259
1266,-36.10746098296442,28,0.026845897294583542,nan,0.031991839065719146
1267,-36.93200549570362,28,0.029576177138091304,nan,0.37872470378515694
1268,-208.57506174837238,176,0.10786444287540455,nan,-0.06550146809018553
1269,-79.43150081832506,70,0.031230135160016364,nan,0.6184265454195379
1270,-49.22874426325063,40,0.03055875583857835,nan,0.2927050603852786
1271,-31.952613574713403,24,0.026333157532163694,nan,0.0175609537426518
1272,-63.85292182456368,56,0.026003052399217238,nan,-0.5397630634243513
1273,-67.66105322616583,58,0.031990242470746943,nan,-0.20096810480428626
1274,-60.90009360384637,52,0.029470508622007667,nan,-0.22367078803112694
1275,-76.95764788172,40,0.12237631748913984,nan,-0.15907099239747133
1276,-116.8814684474448,108,0.029408835918691627,nan,-0.22692169662147132
1277,-59.592879256286295,50,0.03176450084863025,nan,0.5891641264357784
1278,-53.65865070601155,46,0.02535977054970708,nan,-0.9345096550699145
1279,-79.32046258376559,70,0.030862458886640645,nan,0.37597430317201236
1280,-58.2533224159709,50,0.027328882172089168,nan,1.4942025087296573
1281,-80.28127833205266,70,0.03404396798692957,nan,1.4723091907933392
1282,-253.4000784939275,242,0.037748604284528635,nan,0.7150042145236993
1283,-125.96075976694637,116,0.03298264823492283,nan,1.6410707603550836
1284,-124.75208381937871,116,0.02898040999794167,nan,0.2992467959729079
1285,-202.8690293173038,194,0.029367646746040296,nan,0.5264752256112144
1286,-27.01695262003282,18,0.029857459006731354,nan,-1.4047732899235894
1287,-38.637958530503205,30,0.029380811328242024,nan,0.5037576741671592
1288,-43.10014975770698,34,0.030132946217573144,nan,0.21657857569397138
1289,-29.117237460847857,20,0.030189528016052753,nan,0.26083064832076447
1290,-115.04029961737525,106,0.0299347669449517,nan,0.5074683929239601
1291,-120.63662764258768,112,0.028598104776779626,nan,0.002647747320868152
1292,-55.0268157997942,46,0.029890118542364657,nan,-0.1724487788889385
1293,-69.91051741779694,56,0.04606131595296963,nan,1.488899631027999
1294,-23.68854681804348,10,0.04532631396703121,nan,0.32533554010196714
1295,-33.01194319985115,24,0.029840871522686333,nan,0.13518825060266243
1296,-63.221220252380974,54,0.0305338418953008,nan,0.01798562540330412
1297,-78.10132435565185,70,0.02682557733659587,nan,0.540738199279782
1298,-83.27188103610243,74,0.03070159283477571,nan,-0.21508502227027548
1299,-58.225138284903835,50,0.027235557234780938,nan,0.1827627607964367
1300,-44.70568388966769,36,0.02882676784658122,nan,0.22864860916095447
1301,-34.28204001239483,10,0.08040410600130743,nan,0.45601918228787436
1302,-60.30020912749342,48,0.04072916929633591,nan,0.6373891904623928
1303,-119.47633447902098,110,0.031378590990135076,nan,1.8250709027684886
1304,-67.26158849141999,58,0.030667511560993236,nan,1.1963653945795798
1305,-56.23179031080429,48,0.027257583810610112,nan,0.283914453001494
1306,-162.70599502803907,154,0.02882779810608943,nan,0.9348310316608264
1307,-62.855249394473134,54,0.02932201786249331,nan,1.0097692712233632
1308,-166.4990420596378,158,0.028142523376284177,nan,0.42592629902016615
1309,-110.77266462732912,102,0.029048558368639336,nan,0.675451370202092
1310,-89.03835415909737,80,0.029928325030123583,nan,0.5141045587921795
1311,-73.8875504216955,50,0.07909784907846194,nan,0.7552930513611187
1312,-32.1903970386675,24,0.027120519995587747,nan,0.10204657849752412
1313,-153.70962172055812,144,0.03215106529986145,nan,2.4476453645685257
1314,-52.532898267309285,34,0.061367212805660265,nan,2.4331048942996545
1315,-89.67469069662177,80,0.03203539965768841,nan,0.2899477473349119
1316,-58.32239252305779,36,0.0739152070299927,nan,0.2984699738409224
1317,-51.07204518959928,42,0.03003988473377224,nan,0.6889267771038001
1318,-63.2728994509677,54,0.030704965069429484,nan,1.3976989191136515
1319,-57.92986730312169,50,0.026257838752058428,nan,-0.10733546230237351
1320,-48.805010660768346,42,0.027004010558604515,nan,0.6401494798790072
1321,-174.95119091443308,166,0.02963970501468051,nan,0.42728164993212653
1322,-101.23129539959866,92,0.030567203309928206,nan,0.570370516095184
1323,-69.00336501049667,52,0.05630253314734036,nan,1.0827701791322217
1324,-39.45251165749943,30,0.03129970747516355,nan,-0.5629305798267416
1325,-55.084986472778,46,0.030082736664828063,nan,0.5581611667876902
1326,-66.08583282066489,26,0.13273454576379096,nan,0.5693798393230431
1327,-46.99117776753589,38,0.029772111813032874,nan,0.02087401657146309
1328,-17.236196375184928,6,0.03720594826220169,nan,1.2565370164582634
1329,-73.2526261271713,64,0.03063783485818432,nan,0.502650117506011
1330,-46.08139015906851,28,0.05987215284459779,nan,-0.04074830229391054
1331,-20.74405930092316,12,0.028953838744778686,nan,1.0607964107526207
1332,-30.460773846891723,14,0.05450587366520454,nan,0.6652454681833666
1333,-62.98970385987011,54,0.029767231324073284,nan,0.3923126671282075
1334,-124.26011886304408,116,0.027351386963722548,nan,0.057430380712485324
1335,-58.945241680053535,18,0.1355802704637532,nan,0.07886165685220066
1336,-54.94624241831657,46,0.02962331926594868,nan,-0.5200094521996474
1337,-81.22556887215124,52,0.09677340686142705,nan,0.6761426683112194
1338,-261.011651618072,230,0.10268758813931125,nan,-0.08141530214867475
1339,-132.51266761969237,124,0.02818764112480847,nan,-0.1397624289259987
1340,-406.01045142525044,396,0.033147190149833194,nan,0.3176129041412315
1341,-49.067393223827075,30,0.06313706365505639,nan,1.1748926494617495
1342,-108.79896436154208,100,0.029135643581265566,nan,2.1616273905947767
1343,-48.932771262135645,40,0.029578712788529624,nan,-0.48671665761855143
1344,-191.24508815587745,180,0.037235391244627415,nan,2.00904510269105
1345,-241.82583253400716,222,0.06564845209936025,nan,1.543629716479972
1346,-100.54967052472959,80,0.06804526663817775,nan,0.6347809067740342
1347,-57.14884658558686,48,0.030294193992009534,nan,0.3882028068497157
1348,-263.7680664329592,256,0.02814516823535799,nan,0.7835050913487541
1349,-77.35887109777781,56,0.07072473873436345,nan,0.16663204983226795
1350,-58.53563885195727,50,0.02826370480780607,nan,-0.36022354836686704
1351,-65.92655087274227,38,0.09247202275742443,nan,1.6801511993304061
1352,-38.58304230412529,30,0.02842066988120993,nan,1.518450047543877
1353,-32.69622979901045,24,0.028795462910630856,nan,0.7478672629489798
1354,-52.05246002344222,40,0.03990880802464356,nan,2.1368242762200125
1355,-74.13312046842204,64,0.03355337903450951,nan,0.2265228747583722
1356,-39.44327293223406,30,0.03126911566964896,nan,0.05048410786936038
1357,-24.755642861486596,16,0.028992194905584592,nan,0.6046637330710771
1358,-116.4042258608278,108,0.02782856245307178,nan,-0.25744081691233883
1359,-88.29108447141274,34,0.17977180288547276,nan,-0.16826293008097074
1360,-50.3247944193892,42,0.02756554443506357,nan,0.016124067916694573
1361,-136.48476634519943,128,0.028095252798672487,nan,0.38580065249567175
1362,-92.75552390804364,84,0.0289918010200111,nan,-0.6378088845741867
1363,-183.60642756338416,168,0.051676912461538306,nan,1.440623759165474
1364,-31.423020115087212,22,0.031202053361216085,nan,0.2178285787001542
1365,-34.333832063902406,26,0.027595470410272865,nan,0.5293906869570685
1366,-102.17542730941581,94,0.02707095135568154,nan,-0.06745392287767567
1367,-64.88847726530305,40,0.08241217637517544,nan,0.59921382105954
1368,-47.25613837445979,38,0.030649464816092133,nan,0.6478729896916582
1369,-63.90164111362493,34,0.09901205666763267,nan,-0.2925543263617792
1370,-49.73641301480474,32,0.058729844419882896,nan,0.9308282741565961
1371,-78.20963281025723,66,0.040429247716083826,nan,0.9540378123659036
1372,-40.37938952222969,32,0.02774632292129031,nan,0.49898851713561143
1373,-75.41678868501064,66,0.0311814194867904,nan,0.2319202543726551
1374,-24.523094737849245,16,0.02822216800612322,nan,0.10849599316476367
1375,-188.28317029984743,180,0.027427716224659483,nan,-0.12695638306738827
1376,-218.67451412142978,210,0.028723556693476593,nan,-0.2540840401283361
1377,-8.237376438662256,0,0.027276080922722684,nan,-0.9477883696289339
1378,-28.371976393869282,20,0.027721776138640394,nan,0.8302932432216642
1379,-262.04529407585323,252,0.033262563165080056,nan,2.0811340202450976
1380,-22.814753233959063,12,0.035810441172049845,nan,0.5458419139408321
1381,-69.11902708654254,60,0.03019545392894904,nan,0.5975499287909047
1382,-46.89743139954282,38,0.029461693375970165,nan,1.457052141177778
1383,-25.258243827453043,16,0.0306564365147454,nan,1.9290763976379388
1384,-35.715324526094484,24,0.038792465318193706,nan,1.1158704426230615
1385,-34.49087685838863,26,0.028115486286054953,nan,0.6427654087389295
1386,-39.24669936380599,30,0.030618209813927,nan,0.49479683259544843
1387,-107.26343370704198,76,0.10352130366570149,nan,-0.6633197398109605
1388,-53.51896339885009,38,0.051387296022682306,nan,1.3110161095947053
1389,-38.79940166792711,30,0.029137091615652828,nan,0.048043953588279426
1390,-52.84073943715736,44,0.0292739716462163,nan,-0.15494070852326464
1391,-45.22664208547902,36,0.030551794985030526,nan,0.7979144745304739
1392,-41.36802044402677,26,0.050887484913996035,nan,0.3607678510937516
1393,-48.03148536164309,38,0.0332168389458383,nan,1.2399923455708703
1394,-130.98369936521257,122,0.0297473488914327,nan,0.4189759470315786
1395,-51.87786429414061,40,0.03933067647066422,nan,2.7068825399754446
1396,-40.36455264747189,32,0.02769719419692663,nan,0.21311443568352265
1397,-34.62994586132275,26,0.028575979673254072,nan,0.014262729332447346
1398,-54.2080525833018,44,0.03380149862020457,nan,1.7839300937793334
1399,-90.66623785754423,82,0.028696151846172604,nan,0.3720210064317421
1400,-132.6361005642262,102,0.10144404160339807,nan,-0.07613105536399976
1401,-355.6140268365428,344,0.03845704250511,nan,0.8687779221406339
1402,-184.36651780543218,176,0.027703701342490367,nan,0.2584633716358957
1403,-72.48460219808699,64,0.028094709265189175,nan,-0.5321476331403917
1404,-80.32911374086667,70,0.0342023633803536,nan,0.10956513767588624
1405,-75.04730118051114,66,0.02995795092884613,nan,-0.5474419795128591
1406,-107.20277916379666,98,0.030472778688068598,nan,0.2408798518079481
1407,-57.549959005619044,46,0.03824489736959993,nan,-0.13713772647645223
1408,-117.64867161340698,98,0.0767526234898703,nan,1.5980954836009005
1409,-96.78494368686641,80,0.055579283731346386,nan,1.1787964353839009
1410,-96.91141616713345,56,0.13546826545408394,nan,-0.09007771766439253
1411,-335.46931606147405,326,0.03135535119693359,nan,2.4926313930255475
1412,-78.82152474418783,70,0.02921034683506012,nan,0.22661734488310867
1413,-59.159364361659314,50,0.03032902106509658,nan,-0.06962329502154253
1414,-68.58351820700183,60,0.028422245718550083,nan,0.49263761280598317
1415,-22.42933854171005,0,0.07426933291956968,nan,1.0670969520138103
1416,-27.896276360682503,20,0.02614661046583585,nan,-0.4402377841892014
1417,-88.68697681163859,72,0.05525489010476433,nan,1.6563071252208432
1418,-67.77553476103002,60,0.025746803844469993,nan,0.7894970646123433
1419,-44.81514653145237,36,0.029189226925338853,nan,1.0838663631660241
1420,-54.79059517130612,48,0.026946806235341576,nan,0.31925684659074743
1421,-54.76134680581359,46,0.029011082138456094,nan,2.3550004378429903
1422,-136.92320819812105,128,0.02954704701364532,nan,0.4432988520406359
1423,-73.66002958116253,64,0.03198685291775623,nan,0.38380904676167554
1424,-245.83591260773437,236,0.032569247045478325,nan,3.731239931029576
1425,-50.815659961752104,40,0.03581344358196058,nan,0.9869146754309868
1426,-30.93848108839378,22,0.029597619497992597,nan,0.47396226559653076
1427,-28.705832609767338,20,0.028827260297242866,nan,0.28231638208272963
1428,-31.710216471474357,22,0.03215303467375626,nan,0.2942671754234008
1429,-107.49800158131143,96,0.038072852918250334,nan,1.1690656608321384
1430,-104.6893871791769,48,0.18771320258005664,nan,0.47780947614953057
1431,-55.138707462171745,46,0.03026062073566832,nan,-0.3563508725057461
1432,-90.26782880292055,78,0.04062194967854498,nan,-0.7336451894421723
1433,-84.64598838891817,66,0.06174168340701345,nan,1.6198018060994044
1434,-9.42399267584473,0,0.03120527376107521,nan,0.2590461108005923
1435,-114.88522625078708,108,0.02550083796587786,nan,0.018066888744942843
1436,-108.48942435025725,100,0.02811067665647994,nan,0.06144866334148744
1437,-102.78692613632575,94,0.02909578190836406,nan,-0.04132656032544875
1438,-85.37872003971242,76,0.031055364369909418,nan,1.5810364119211266
1439,-139.50195785896457,126,0.0447084697316708,nan,1.4992246493082841
1440,-24.053615134731693,14,0.033290116340170914,nan,0.3623685759845319
1441,-90.84162655306658,82,0.029276909116114056,nan,0.7290396206389298
1442,-47.39210627779295,24,0.07745730555560583,nan,1.02756337316908
1443,-201.83515202006475,190,0.0391892450995536,nan,1.6792068424629625
1444,-108.56307406741034,100,0.028354549892086044,nan,0.5408463722186445
1445,-38.701032395145134,30,0.028811365546838635,nan,0.8055942110621505
1446,-221.15473437693836,180,0.13627395489052518,nan,0.25152253815929315
1447,-74.72733340012067,60,0.04876600463616205,nan,1.3591104034990895
1448,-44.585039920889876,18,0.08802993351288053,nan,0.08945141976914331
1449,-32.64103115238312,24,0.028612685935043736,nan,1.2765462103002205
1450,-98.31141250762053,68,0.10036891558814781,nan,0.2505373764736115
1451,-66.51741978746053,58,0.02820337677967004,nan,0.024341679942626076
1452,-66.2618799002534,56,0.03397973476905131,nan,2.323342842405272
1453,-96.7670072053499,88,0.029029825183277357,nan,-0.05376796382853286
1454,-62.6679714302455,54,0.028701892153131275,nan,-0.05831171826541189
1455,-84.24225048436442,30,0.17961010094160382,nan,0.48412638529179164
1456,-52.45880693937338,44,0.028009294501237247,nan,0.555837012807043
1457,-50.948574416611244,42,0.02963104111460648,nan,-0.096460326964233
1458,-76.22382667258098,66,0.03385373070391066,nan,1.24279296750431
1459,-146.3298281954726,138,0.027582212567790473,nan,0.0773191882014839
1460,-90.69286022295124,82,0.028784305374011082,nan,-0.6421138602102311
1461,-101.34883058926293,92,0.030956392679677668,nan,2.556127879349553
1462,-102.71075001965757,94,0.028843543111449047,nan,0.4611640617009314
1463,-68.9603320725132,60,0.029669973750043623,nan,1.0656253109582767
1464,-66.27316556167835,60,0.03136582780839161,nan,3.681034095341631
1465,-80.81057289533933,54,0.08877673144152096,nan,1.1165897443321313
1466,-44.331814281559346,30,0.059222373064294793,nan,0.34727188042097545
1467,-38.23991285131937,22,0.05377454586529578,nan,-0.13692478942438122
1468,-32.032514777446636,22,0.033220247607439045,nan,0.7913423218532305
1469,-21.41502483676991,14,0.024553062373410216,nan,0.16849084202524364
1470,-63.100104013383856,54,0.03013279474630433,nan,0.24294074091209186
1471,-172.54265603867768,164,0.02828694052542249,nan,-0.19491175765626564
1472,-25.12392661974016,16,0.030211677548808807,nan,0.4165449385976092
1473,-8.760636372715078,0,0.029008729710977024,nan,-0.32319567485045575
1474,-66.7113063616313,58,0.0288453853034153,nan,-0.060092566881038936
1475,-49.06074649584618,40,0.030002471840549844,nan,-0.08162961653880899
1476,-97.61079957618797,60,0.12453907144433163,nan,-0.6354085329047324
1477,-69.04603135883231,60,0.02995374622129916,nan,1.7704838622213928
1478,-42.0756173092794,34,0.026740454666487553,nan,0.6004257826373561
1479,-144.90987921123408,124,0.06923801063322586,nan,0.5377693373063851
1480,-186.0417661682546,178,0.02662836479554365,nan,0.6955262377370913
1481,-9.158450206378289,0,0.030325994060855295,nan,0.637514270395293
1482,-47.93610532105213,38,0.032901010996861955,nan,0.9641094465947799
1483,-82.82398133597432,50,0.10868867992044463,nan,0.0534541114011397
1484,-76.30436746667635,70,0.02605110523420005,nan,0.20202890622323957
1485,-65.84186547791381,48,0.05907902476130408,nan,0.09558027351170235
1486,-111.40831563764287,102,0.031153363038552137,nan,-0.10378292340308039
1487,-71.79501945318559,62,0.03243383924895881,nan,1.5990689375786271
1488,-165.08673802978498,156,0.030088536522467558,nan,0.6369427212181746
1489,-64.27037771379693,58,0.02569826931884007,nan,3.077801900479578
1490,-26.5746261435608,18,0.028392801799870238,nan,0.15946847107065787
1491,-132.82773480899698,102,0.10207859208277187,nan,-0.2820555744047773
1492,-55.783610252764774,48,0.025773543883327497,nan,-0.8722094744039909
1493,-28.631476191522705,20,0.028581046991797244,nan,0.3391027919479356
1494,-18.757042995442504,10,0.028996831110736664,nan,-0.24202038922118924
1495,-38.95349391647392,30,0.029647330849251502,nan,0.1483658823779081
1496,-108.755165760938,100,0.028990615102443256,nan,0.3565006312063821
1497,-71.69113900210367,62,0.03208986424537603,nan,-0.24744725750456353
1498,-49.76970692993935,42,0.025727506390528072,nan,0.4555186699021574
1499,-43.59599405064363,36,0.027521717574795955,nan,0.4687670160350219
1500,-89.82665843345292,82,0.02591608752798987,nan,1.8289696694838982
1501,-104.22991092975417,88,0.05374142691971678,nan,1.0498817175384287
1502,-107.6169672933919,98,0.03184426256090101,nan,0.20372455514771232
1503,-72.37069096577457,52,0.07895616653401048,nan,1.1245687535014581
1504,-18.596958491863045,10,0.028466749973056458,nan,0.32260060742041036
1505,-406.92957506868373,384,0.07592574526054628,nan,0.41364554044195384
1506,-118.62560506075707,110,0.02856160616144759,nan,0.3151178953467578
1507,-121.83478859366636,96,0.08554565759492115,nan,1.1852005312670275
1508,-56.936435072763246,48,0.029590844611799057,nan,-0.23232996824401006
1509,-136.71645453015284,130,0.02870279713740707,nan,0.19215953757421264
1510,-32.13371703454638,8,0.07991297031306727,nan,1.4894696431828216
1511,-97.45231634312267,92,0.025010625427167282,nan,0.17697512800153772
1512,-9.465545167794671,0,0.031342864794022075,nan,0.26475745833543246
1513,-157.09628412420838,148,0.030120146106646616,nan,0.01572046889686442
1514,-128.44694874974638,102,0.08757267797929268,nan,1.997766729831809
1515,-85.87949307491084,78,0.02609103667188987,nan,0.07542729501626748
1516,-139.4571131285699,132,0.024692427578046426,nan,-0.5972158773712789
1517,-36.30103876520672,26,0.03410939988479035,nan,2.6524010257377593
1518,-55.44193424740234,46,0.03126468293841801,nan,0.8075187876760332
1519,-99.3995589005541,90,0.03112436722037778,nan,0.2499207695595695
1520,-73.02555541333817,64,0.029885945077278216,nan,-0.13866178913613234
1521,-30.817471882735894,22,0.029196926764025986,nan,-0.07138080145109026
1522,-126.05827397816988,114,0.039928059530362735,nan,1.3861242288057476
1523,-22.942792432516395,14,0.029611895471908727,nan,0.3878719972838547
1524,-38.676867887102176,30,0.02873135061954366,nan,0.4451415550232393
1525,-62.575792695247365,54,0.02839666455379938,nan,0.9248061550619229
1526,-64.86628024919402,56,0.029358543871503356,nan,-0.10600828977582347
1527,-50.56993787580057,42,0.028377277734438693,nan,0.4166668559618862
1528,-25.217191273495892,16,0.030520500905615325,nan,0.26912058433240266
1529,-60.32637199137499,42,0.0606833509648178,nan,-0.060226342279852574
1530,-54.6909693281953,44,0.03540056068938838,nan,2.9376033664320977
1531,-36.543497642319736,28,0.028289727292449447,nan,0.4432633683383033
1532,-135.8459744126326,102,0.11207276295573776,nan,0.17039218972932813
1533,-34.775344184959366,26,0.029057431076024903,nan,1.150156288239095
1534,-78.45910722908766,70,0.028010288838038765,nan,0.29180200931800004
1535,-71.85043566996025,62,0.03261733665549749,nan,2.572635025956779
1536,-51.747362958915474,42,0.0322760362877997,nan,0.04605174172501579
1537,-27.24434311377357,18,0.030610407661501804,nan,0.09870038407589525
1538,-39.68672842974573,30,0.0320752597011446,nan,0.04808313741791216
1539,-48.32546403390802,32,0.054057827926848045,nan,-0.13401731771263925
1540,-113.61276938233391,104,0.03183036219315885,nan,-0.18323032944802417
1541,-51.86479914423014,42,0.03266489782857599,nan,3.6389048640407116
1542,-35.525025643229355,26,0.031539820010692735,nan,0.11801166083694155
1543,-42.17772472756901,34,0.027078558700559256,nan,0.3582716582353005
1544,-33.7212831124442,26,0.02718761659311325,nan,1.2574677827230223
1545,-389.1390763471924,380,0.030261842209245837,nan,0.5052222622800556
1546,-24.72696152297768,16,0.028897223586019073,nan,-0.07132996661736575
1547,-91.9392549886431,84,0.026288923803453965,nan,-0.4046577138459658
1548,-55.94441003291121,42,0.04617354315533565,nan,1.789114411870659
1549,-42.2331134344222,34,0.027261965014643168,nan,-0.20633297112399546
1550,-54.6596805311058,34,0.06840953818246913,nan,0.9858694179179972
1551,-68.10343357204147,56,0.04007759460940905,nan,1.6658712532445294
1552,-118.3310115029387,110,0.027586130804431463,nan,0.44898167600753464
1553,-29.89059109902253,20,0.032750301652392115,nan,0.6301386042819543
1554,-89.40268591849876,40,0.16358505271026055,nan,0.5420647678366363
1555,-62.72852946681214,54,0.028902415453020698,nan,0.6703275287472596
1556,-47.93976694468217,36,0.03953565213470932,nan,2.558214103868108
1557,-38.716136322655196,30,0.028861378551838606,nan,0.8141990269843445
1558,-46.68588961190517,38,0.028761223880480354,nan,1.062898687637004
1559,-96.9158368640556,88,0.02952263862270092,nan,0.4978289713908838
1560,-68.86814625943556,60,0.02936472271336201,nan,0.9110356452744547
1561,-53.71175068414029,34,0.06527069762960372,nan,3.008839530867967
1562,-60.7914586804132,52,0.02911079033249438,nan,0.4376203202822906
1563,-26.68167209167153,18,0.02874725858169361,nan,0.05506323233107259
1564,-59.08927011522538,50,0.030096920911342702,nan,-0.2622290792127158
1565,-108.79593768779156,98,0.03574813803904579,nan,0.9736586856725934
1566,-48.649656873630015,40,0.028641247925926868,nan,0.13506433776424062
1567,-44.251148872013054,36,0.027321685006665476,nan,-0.004558238856932333
1568,-61.45316284871887,44,0.057791929962644796,nan,1.1551667233904752
1569,-172.91715009215898,140,0.10899718573562518,nan,0.09241350760678792
1570,-86.04184244618064,54,0.10609881604695565,nan,-0.9288011115727428
1571,-117.83592156681951,110,0.02594676015503221,nan,-0.24197209188844723
1572,-127.50867354333397,84,0.14406845544150232,nan,-0.4302884431984522
1573,-120.89049726356815,110,0.03606124921711329,nan,1.312491476574538
1574,-75.27208945943296,66,0.030702282978255387,nan,0.6134454018033159
1575,-253.08949590174643,244,0.03156074965884206,nan,0.2152764488666435
1576,-122.21579282126939,74,0.1596549431167861,nan,2.198348649235466
1577,-106.06528223942516,86,0.06644133191862603,nan,1.9702235379723125
1578,-106.8302572462257,98,0.02923926240472069,nan,0.27795100051761806
1579,-43.04113534680261,34,0.0299375342609355,nan,0.9328768375752932
1580,-80.42774455436387,64,0.06571097821745497,nan,1.292407605918299
1581,-100.30778817109413,90,0.03413174891090778,nan,2.4332862934093407
1582,-37.91805714642108,30,0.026218732272917596,nan,0.06433808948004419
1583,-37.318357165258284,28,0.03085548730217994,nan,0.8119456186539044
1584,-13.400228235185915,4,0.031126583560218215,nan,-0.25954239710938765
1585,-188.4767597073542,162,0.08767138975945299,nan,-0.13709422487628753
1586,-26.25784634568072,18,0.027343862071790535,nan,0.11957030104001404
1587,-60.8079614646859,52,0.02916543531352965,nan,0.23052551477364208
1588,-38.1783941074702,24,0.046948324859172885,nan,0.07085428575319504
1589,-105.00164380571752,52,0.17550213180701174,nan,0.19588900391438002
1590,-116.50068965344582,108,0.02814797898492126,nan,0.4973581412810191
1591,-186.27450057349242,160,0.08700165752812207,nan,0.14855437088791099
1592,-108.66958818280136,94,0.04857479530728966,nan,-0.17841216309538838
1593,-108.29894597653025,100,0.02747995356467006,nan,0.31556746108694134
1594,-188.8548767112663,170,0.06243336659359524,nan,0.309822994988577
1595,-32.453352008192454,24,0.027991231815207126,nan,-0.11032112667511297
1596,-68.66437391548016,58,0.03531249640887467,nan,1.0593735917115923
1597,-67.61753233893776,60,0.028637339620067245,nan,2.4025113323480207
1598,-49.27001668015916,40,0.030695419470725665,nan,0.11497572476953262
1599,-51.09715325985056,42,0.030123024039240092,nan,0.47129692659017147
1600,-148.76491435240325,120,0.09524806076954588,nan,0.3569595848877424
1601,-29.405797155004805,22,0.02848383521155702,nan,0.37520883260348525
1602,-45.33603986744019,36,0.030914039296159587,nan,0.7083571939972778
1603,-158.1971384011336,150,0.02714284238785962,nan,-0.33216633069094764
1604,-57.713288468060085,48,0.03216320684788102,nan,0.4831740298082733
1605,-44.515263927916436,34,0.03481875472820019,nan,1.9716390965787836
1606,-298.66497965204815,290,0.02869198560280742,nan,-0.2326232433262137
1607,-66.7277640312027,44,0.07525749679206191,nan,2.569651354909782
1608,-126.12788475234198,118,0.026913525670006776,nan,-0.5714943222881955
1609,-96.1597534842283,74,0.07337666716631835,nan,0.2603488002015611
1610,-40.31462506192364,32,0.027531871065972387,nan,-0.19051017648901247
1611,-77.28064908258061,66,0.037353142657552255,nan,2.9316990200988715
1612,-36.08659863019377,24,0.04002184976885343,nan,0.05164776343847656
1613,-30.71527456694743,22,0.028858525056117246,nan,0.19748282538027662
1614,-48.72081755674524,40,0.028876879326971538,nan,0.27154856406365036
1615,-81.87837946669232,56,0.08568999823408145,nan,1.2837758311684189
1616,-38.04723415051981,30,0.02664647069708549,nan,-0.23613907048622892
1617,-32.84822859792122,24,0.029298770191792167,nan,0.1046683770945197
1618,-212.54877856238983,204,0.02830721378274734,nan,1.1248879200411153
1619,-76.10612797699905,68,0.026841483367547738,nan,0.27947908922465553
1620,-34.123718323580135,26,0.026899729548278867,nan,0.1953052696559134
1621,-54.65461819400041,46,0.028657676139074488,nan,0.5862151787557719
1622,-115.32588653196397,106,0.030880418980012165,nan,0.4511194997720362
1623,-53.29523824186904,44,0.03077893457572528,nan,-0.31894705833589454
1624,-77.1169964375468,68,0.03018872992565221,nan,0.25052275645160366
1625,-63.040483800211824,54,0.02993537682189328,nan,-0.04627740839684177
1626,-30.106377793268475,22,0.026842310573736594,nan,-0.2289344928962092
1627,-56.156318250238805,48,0.027007676325294248,nan,-0.610899152685494
1628,-160.10428994560158,150,0.033457913727157854,nan,0.7110078570540895
1629,-51.355038980622375,42,0.03097695026696137,nan,0.48300607903160475
1630,-14.544842130145478,6,0.028294179238892363,nan,0.7061489051634917
1631,-154.7810546877854,106,0.16152667115160743,nan,0.7416015275206651
1632,-60.18607264133572,50,0.033728717355416334,nan,1.332240759444713
1633,-81.16414819923645,72,0.03034486158687586,nan,1.0015260282556206
1634,-313.0469527850237,304,0.02995679730140232,nan,0.378026197899005
1635,-37.94893211972018,30,0.026320967283841507,nan,-0.7012667150209683
1636,-44.319356379774206,30,0.04741508735024585,nan,-0.21463510051079784
1637,-192.71349627413375,172,0.06858773600706557,nan,1.084925474372495
1638,-53.0470826725887,34,0.06306981017413463,nan,0.03842739602319575
1639,-40.95820267232624,32,0.029662922756047143,nan,0.46520578040531685
1640,-181.8434303786432,172,0.03259414032663196,nan,2.3029619527881233
1641,-44.77018581315246,36,0.029040350374676747,nan,0.18743260916427898
1642,-58.01221232791342,48,0.03315302095335554,nan,0.08755636259579329
1643,-113.37155603861841,102,0.03765415906827249,nan,-0.09484500018998307
1644,-32.84909766702773,24,0.029301647904065226,nan,0.5184896348734865
1645,-19.457417438242228,10,0.03131595178225911,nan,0.7400785923678357
1646,-26.242573766833843,18,0.027293290618655222,nan,0.3298570118340685
1647,-10.961494959008933,2,0.029673824367579232,nan,0.5520684569934537
1648,-14.419717984591037,6,0.027879860876129293,nan,-0.3351984954730166
1649,-353.494561512923,344,0.03143894540702498,nan,0.8342523952097816
1650,-36.10637986361977,28,0.02684231742920462,nan,0.26867182013684576
1651,-88.52124271998568,80,0.02821603549664147,nan,-0.05427272554339736
1652,-55.80766593906826,46,0.03247571503002719,nan,1.178382338068852
1653,-156.76277126032264,148,0.02901579887524142,nan,0.0021475249783842153
1654,-24.666446822842204,16,0.02869684378424569,nan,0.02691925472667786
1655,-110.68559337240185,102,0.028760242954972894,nan,0.43891747150977223
1656,-20.552187694949296,12,0.028318502301156553,nan,-0.13648375706741006
1657,-101.17421819389031,92,0.03611896926728458,nan,3.380625970918854
1658,-78.4450680576754,70,0.02796380151548077,nan,1.4421454387165686
1659,-59.44499661785281,50,0.031274823237922876,nan,1.352032792935262
1660,-175.93840473747758,168,0.02628610840224371,nan,1.447392903857815
1661,-205.57316795942327,196,0.03169923165371906,nan,1.216844399229682
1662,-378.36507689641377,364,0.04756647978945326,nan,0.8132992895956102
1663,-103.2823570319691,94,0.0307362815628118,nan,-0.32649178749444935
1664,-92.45235372284219,84,0.02798792623457708,nan,0.7071929693388573
1665,-38.59581528978305,28,0.03508548109199683,nan,1.7068577374451153
1666,-51.15057320975241,42,0.030299911290570646,nan,0.7856669984352374
1667,-59.37141377638289,50,0.031031171444976195,nan,0.5829270248484045
1668,-52.75450494682446,20,0.10845862565173649,nan,0.7926215164716871
1669,-60.865066083648074,52,0.029354523455788314,nan,0.2125718889976944
1670,-33.07942751910751,18,0.04993187920234316,nan,1.439042151028376
1671,-21.74500986581167,12,0.0322682445887803,nan,0.5648703919055976
1672,-79.23872004939149,70,0.03059178824301793,nan,1.5553334658448152
1673,-235.12253638461272,226,0.030207074121235595,nan,1.7778585136735454
1674,-79.77392501684933,70,0.03236399012201788,nan,0.3939390695794942
1675,-28.588728328358204,20,0.02843949777602042,nan,-0.32359123093504705
1676,-56.358159757714596,46,0.043158998990477745,nan,0.9562271363775229
1677,-106.22269211572379,64,0.13981023879378623,nan,0.05396236224903336
1678,-22.286439710847837,14,0.027438542088899988,nan,-1.4451157602319642
1679,-112.0117871361645,102,0.05160715018641506,nan,1.633776722169666
1680,-106.24830954378004,98,0.027312283257550144,nan,0.40336814823333755
1681,-18.07766325947974,8,0.03336974589231705,nan,0.05367080526033629
1682,-34.99723240241748,26,0.029792160272905717,nan,0.8950531889465545
1683,-45.39682705673669,36,0.031115321379922824,nan,0.5710614128499323
1684,-48.39078192010824,40,0.027784046093073687,nan,-0.2569210022703572
1685,-132.1704082799398,114,0.06016691483423798,nan,1.6223308432995287
1686,-31.534682771032152,22,0.031571797255073364,nan,0.008282063663428317
1687,-54.5872369756567,16,0.12777230786641233,nan,0.5435892606273776
1688,-16.81657023890446,8,0.02919394118842534,nan,0.9525128188755037
1689,-73.01656332574075,64,0.029856169952783587,nan,1.1526737828033558
1690,-34.75896073638824,26,0.029003181246318715,nan,0.12498080716999393
1691,-26.997511399054826,18,0.029793084102830485,nan,-0.00428952731990829
1692,-24.17816398343111,16,0.02708001319016951,nan,-0.04809137221968529
1693,-145.36539725453434,136,0.031011249187199372,nan,2.18337678110072
1694,-43.69722337138184,34,0.03211001116351636,nan,0.658426289116333
1695,-124.42742089999176,116,0.027905367218515383,nan,0.3733770564306429
1696,-22.66856201670728,14,0.02870384773744132,nan,0.1579954001754954
1697,-43.824003612860885,34,0.03252981328761906,nan,0.6813538078051256
1698,-63.85465210701907,54,0.032631298367612506,nan,-0.5616652053122067
1699,-49.51753904006772,40,0.031515029933999766,nan,0.39947277432390865
1700,-107.26592286842214,90,0.05717193002788815,nan,-0.7720124901418068
1701,-56.74249938479329,48,0.028948673459580094,nan,-0.11105319370164085
1702,-37.956302651358186,30,0.0263453730177426,nan,0.446818418250595
1703,-67.02657930850914,56,0.036511852014930964,nan,-0.08814706267040787
1704,-131.5266642244651,102,0.09777041133928899,nan,3.728251817664062
1705,-19.912014789272362,10,0.032821241024080516,nan,0.7759823272182189
1706,-80.4070004587292,72,0.02783774986334049,nan,0.5020751328903732
1707,-38.5443720728586,24,0.04816017242668403,nan,-1.064428148849633
1708,-55.95913885198784,48,0.026354764410555957,nan,1.229661281397358
1709,-241.35958710499386,214,0.09059465928805933,nan,0.42914599412805493
1710,-89.10146327367563,68,0.06987239494594655,nan,0.5368757572337397
1711,-52.42482710433795,44,0.027896778491185596,nan,-0.2113145774867176
1712,-40.698495491094675,34,0.027229656467864443,nan,0.3541334202072282
1713,-53.207125889467044,44,0.030487171819427495,nan,0.17979822684093286
1714,-51.078629172836436,42,0.030061686002769778,nan,0.22341501287944823
1715,-68.35391885427082,58,0.03428449951745425,nan,1.1730111829088832
1716,-58.818205140330505,50,0.029199354769306237,nan,0.2185827061860816
1717,-195.86973242966874,152,0.14526401466777725,nan,-1.2379698807682846
1718,-170.23635417866626,158,0.04051772906843191,nan,0.4061786657820659
1719,-97.10146930197027,88,0.03013731556943915,nan,0.17630714908811196
1720,-86.83508341456117,78,0.029255243094573315,nan,0.2717242375296843
1721,-32.41444327533638,24,0.027862394951445345,nan,0.1458791316533924
1722,-88.8880094174593,80,0.029430494759798802,nan,0.25848815375169976
1723,-71.5260685572822,34,0.12425850515656317,nan,1.2440314880317842
1724,-100.504055355237,74,0.08776177269946002,nan,-0.7553107993982366
1725,-47.29843670644408,38,0.030789525518026446,nan,0.35394192350251963
1726,-62.566660521274166,54,0.028366425567133063,nan,0.5939245110882553
1727,-87.75566258955979,64,0.07866113440251635,nan,0.10115902271262056
1728,-38.20655418476645,30,0.028896317551994715,nan,1.2045301632098746
1729,-26.842544888594006,4,0.07563756585627172,nan,0.25066559914039255
1730,-191.02223798266897,158,0.10934515888301077,nan,-0.6965084314127745
1731,-44.46453541107138,34,0.03465077950685868,nan,0.03881889720719511
1732,-130.0921650499579,122,0.026795248509793864,nan,-0.36875865319265755
1733,-59.10873048783265,38,0.06989645856898227,nan,0.695609675884472
1734,-155.4981623843799,138,0.05794093504761326,nan,0.3093120972019935
1735,-50.0373181295392,32,0.06832317473310319,nan,1.284129636173042
1736,-170.42041506602675,144,0.08748481809942564,nan,-0.05328037467097481
1737,-59.38484848835866,42,0.05756572347138659,nan,-0.47155706475917497
1738,-324.878823375017,316,0.029400077400719732,nan,-0.08890749958007664
1739,-17.687305003149955,8,0.03207716888460252,nan,0.20744479250529818
1740,-154.81708958613936,146,0.029195660881255858,nan,0.25672039865926277
1741,-41.9875476329376,20,0.07280644911568714,nan,1.0577247438986248
1742,-32.68582318580847,24,0.028761003926518532,nan,-0.46431029083824793
1743,-67.62469503389886,36,0.10471753322483057,nan,-0.4249686886994353
1744,-86.88046017660633,64,0.07576311316757045,nan,0.5639126036209764
1745,-34.27544167688289,26,0.027402124757890323,nan,0.10953425553948032
1746,-30.11925968671827,24,0.02592906646914505,nan,0.35399654746722525
1747,-27.531652723306845,12,0.05142931365333386,nan,0.26646864224365596
1748,-69.73387438689184,60,0.03223137214202604,nan,0.2093591013339476
1749,-148.5173694945631,132,0.05469327647206234,nan,0.3940681060539622
1750,-54.41254239078068,42,0.04110113374430718,nan,1.616886478361454
1751,-45.650650554556336,38,0.025673324008577966,nan,-0.5779068734189776
1752,-90.32009228324588,82,0.028493466723444254,nan,-0.2768070634716822
1753,-33.052879696761686,24,0.029976422836959105,nan,-0.33973055128428303
1754,-52.71283943390044,46,0.02622202903867308,nan,0.18034703505954894
1755,-124.92581055255685,116,0.029555664081314565,nan,0.3990941917010474
1756,-114.67675069259217,92,0.07508857845229167,nan,-0.8425380977855946
1757,-72.5968353868698,24,0.16091667346645594,nan,0.2438860317686571
1758,-44.67271344689233,36,0.0287175941950079,nan,0.04354816044377015
1759,-123.36004718060585,76,0.15682134828015223,nan,0.8921824985567715
1760,-66.47258852345969,56,0.0346774454419194,nan,1.102949365733125
1761,-36.37834164517134,28,0.02774285312970631,nan,-0.42638959182212005
1762,-46.37387283001411,38,0.027728055728523635,nan,-0.041138604293355335
1763,-34.6984941236326,12,0.0751605765683201,nan,1.1614633879041074
1764,-41.33186899673715,32,0.03090022846601694,nan,0.795280931062002
1765,-101.11281801289893,92,0.030174894082447033,nan,0.28387349313117305
1766,-31.71220364951151,22,0.03215961473348171,nan,1.4304088282545362
1767,-67.19482074054663,58,0.030446426293200202,nan,2.6144714088964682
1768,-56.38324048523077,48,0.0277590744544065,nan,0.45815508764403695
1769,-39.188637912240885,30,0.030425953351791227,nan,0.3305868725694827
1770,-113.31043891643378,76,0.12354449972329035,nan,0.13389726760157303
1771,-97.80624978662264,88,0.032471025783519195,nan,1.441855376883447
1772,-110.7188167725127,102,0.028870254213617583,nan,0.2392173265670935
1773,-45.68789691994521,16,0.09830429443690422,nan,0.21465284259556577
1774,-251.07622004629195,242,0.030053708762557363,nan,0.8355486626318959
1775,-67.46696127960053,60,0.028499852212215484,nan,0.7499435310002296
1776,-18.305241835323482,10,0.027500800779216815,nan,0.0434584396459557
1777,-29.12578074564963,20,0.030217817038574877,nan,1.1867060998818584
1778,-13.602974842184588,0,0.04504296305359139,nan,-0.3687465732715197
1779,-287.90564259515844,280,0.026177624487281847,nan,0.3115242973692401
1780,-34.3200269957418,26,0.027549758264045415,nan,0.3711162827600801
1781,-118.74562409110835,110,0.028959020169232876,nan,1.216736528405184
1782,-78.09706179607589,70,0.026811462900913314,nan,0.25820164295194187
1783,-96.85689569314657,88,0.02932746918260506,nan,-0.25872559421059727
1784,-25.42021826474419,16,0.03119277571107342,nan,-0.1577051427047075
1785,-179.6568333864521,168,0.038598786047853446,nan,1.2977667959030743
1786,-93.8509093772809,84,0.03261890522278468,nan,0.8062133523088183
1787,-96.59292046696402,78,0.06156596181114007,nan,1.6209382815082982
1788,-38.88662475792105,30,0.029425909794440222,nan,0.395520891413549
1789,-30.73073424121773,22,0.028909716030522295,nan,-0.1375040187661934
1790,-98.4270111967414,90,0.027904010585236474,nan,-0.41940571044826885
1791,-54.59339164399549,46,0.028454939218527854,nan,0.02867818613165052
1792,-169.26856190599938,146,0.07704821823178694,nan,0.36930135265640324
1793,-33.734122643526796,24,0.032232194183863895,nan,-0.2332440706702922
1794,-48.01229110420515,40,0.026530765245712126,nan,0.10072696215198652
1795,-23.279383483175735,14,0.03072643537475407,nan,-0.4134361348926924
1796,-39.27494137572384,30,0.030711726409681384,nan,1.5644381084215722
1797,-90.01362051964648,82,0.02653516728359694,nan,0.7445355266032722
1798,-113.01297180739569,90,0.07620189340197284,nan,0.4270525513769633
1799,-40.31103592387689,32,0.02751998650290342,nan,-1.3874834186999325
1800,-43.73048962488772,34,0.032220164320820456,nan,1.0456955853980714
1801,-196.75597981526798,168,0.09521847620949671,nan,0.2554689820103397
1802,-45.12914269500273,36,0.030228949321200904,nan,0.3534721875162363
1803,-46.73141720928691,38,0.028911977514195383,nan,0.09075037572950753
1804,-46.455919624144,38,0.027999733854781293,nan,0.18743880368423776
1805,-25.383309221922538,16,0.031070560337491965,nan,0.1082003823241273
1806,-173.93552216959105,152,0.07263417936950668,nan,0.31635474389274787
1807,-230.02390621802172,222,0.026569225887489483,nan,0.031721301786971606
1808,-57.857809876050645,48,0.0326417545564592,nan,0.8104570043149916
1809,-42.755468301619864,34,0.02899161689278019,nan,0.18118046653072564
1810,-63.59529597218463,52,0.03839501977544571,nan,0.14448681878009256
1811,-109.449208178114,100,0.031288768801701825,nan,-0.4186103099492218
1812,-78.16094050131295,66,0.040268014905010224,nan,0.9202622197516955
1813,-42.60116485896633,34,0.028480678340948327,nan,0.4111252939886728
1814,-44.21862336325492,4,0.13317424954720147,nan,0.746573210809386
1815,-60.26988242114345,52,0.027383716626302894,nan,0.2916166361810875
1816,-36.33230246582338,28,0.027590405515971566,nan,-0.6062008179297104
1817,-18.074893997001734,6,0.039983092705303626,nan,0.14537739644759173
1818,-16.304743539637084,0,0.05398921701866585,nan,1.7186497973299173
1819,-53.43657207566675,46,0.030985716981945365,nan,2.730415259481524
1820,-56.93746182209091,48,0.029594244444009418,nan,-0.09709090719741363
1821,-43.63540803449141,34,0.031905324617520985,nan,0.018741205431342077
1822,-133.42552222416262,124,0.031210338490606095,nan,0.10720575381527556
1823,-64.43790663697204,56,0.02909622978266194,nan,0.0926302854709552
1824,-66.41521856196499,58,0.0278649621257127,nan,0.4767327780064561
1825,-47.001342932754376,38,0.029805771300511562,nan,0.9111200206911512
1826,-105.1885043172046,96,0.030425510984120763,nan,-0.6969205353876256
1827,-63.98001993944133,54,0.03304642364053465,nan,2.1925624610920935
1828,-32.618056959871716,26,0.02565138356539455,nan,0.3127117074526081
1829,-92.3146756667754,60,0.10700223730720344,nan,0.39141824818347326
1830,-77.12942701549204,56,0.06996499011752338,nan,0.09548635722110232
1831,-30.871837765222672,22,0.029376946242459148,nan,-0.29438085483107834
1832,-63.5788333465912,54,0.031717991213878215,nan,0.014933631150861462
1833,-31.14532130433025,24,0.02748200501665448,nan,0.6697425729356026
1834,-50.33513408837058,42,0.027599781749571024,nan,-0.0193376313364565
1835,-70.89055150748622,50,0.06917401161419211,nan,-0.22907007399426824
1836,-46.668300684947,38,0.028702982400486868,nan,0.3504815954944953
1837,-65.6219979362902,56,0.03186092031884182,nan,0.5291605091232048
1838,-39.70937346599016,30,0.03215024326486791,nan,-0.23390604091340997
1839,-60.89795720621377,52,0.029463434457661728,nan,-0.3870538114381966
1840,-13.049025482028236,6,0.027111636469339468,nan,0.5747154144434115
1841,-107.22893069125874,92,0.05042692281873707,nan,1.4076587272329188
1842,-80.53486606507221,72,0.02826114591083515,nan,0.4490768278581888
1843,-104.66013518931884,96,0.02867594433549194,nan,1.466201550640946
1844,-126.95251747153281,118,0.029644097587857257,nan,0.7145980883302014
1845,-19.66989075573901,10,0.03201950581370555,nan,0.030427457876119914
1846,-51.17266177196917,42,0.0303730522250636,nan,0.09327637654797032
1847,-43.91853686639744,34,0.032842837305951854,nan,1.4076117995897823
1848,-35.03449821790471,26,0.02991555701292974,nan,-0.02056499154219179
1849,-27.367127054836242,18,0.031016977002768707,nan,-0.2161754274658515
1850,-34.15705529407187,26,0.02701011686778774,nan,-0.22818605997507146
1851,-34.48864286684817,26,0.02810808896307314,nan,0.46029585902239906
1852,-85.57299473213783,50,0.11779137328522529,nan,0.2766777427077204
1853,-25.792930482356077,16,0.03242692212700682,nan,0.16534829806787096
1854,-38.918663506564556,30,0.02953199836610799,nan,-0.046370342607295376
1855,-75.64051903216817,66,0.03192224845088767,nan,1.600132613083724
1856,-65.10225571724087,50,0.05000746926238695,nan,-0.27053828283408904
1857,-35.47467530176745,28,0.027279836867764362,nan,0.383140685119188
1858,-85.72062102859519,70,0.052055036518527394,nan,1.2678878150469606
1859,-59.675648273281276,52,0.02541605388503759,nan,-0.08873496367061234
1860,-32.25953797713988,24,0.027349463500462988,nan,-0.23022044804986563
1861,-48.66495069285466,40,0.028691889711439003,nan,0.37053435358310594
1862,-50.00467576151574,42,0.027042823518633855,nan,0.5116476004766269
1863,-66.7833850507573,58,0.029084056459460984,nan,-0.4315960485004783
1864,-46.541428669031326,38,0.030505102389397475,nan,0.027099371333907975
1865,-50.872635925664056,44,0.025454207132089172,nan,0.41335607802042634
1866,-25.62356134020937,16,0.03186609715301109,nan,0.10685147647725188
1867,-77.11165787268483,68,0.03017105255855856,nan,1.612048931611819
1868,-50.313752973306784,42,0.027528983355320627,nan,0.2430899291951132
1869,-111.84479534634482,94,0.059088726312400475,nan,0.16137068717293704
1870,-177.42707324183314,168,0.03121547431070521,nan,0.16167569411024205
1871,-55.102406328951986,46,0.030140418307788,nan,0.5842287727303198
1872,-19.477379512315803,10,0.03290756775109662,nan,0.7907269264096815
1873,-128.72152302476687,120,0.028879215313796572,nan,0.952828552181114
1874,-246.9256298722706,238,0.029555065802220424,nan,-0.7603377665279145
1875,-54.40175385594306,40,0.047687926675308114,nan,-0.3342715292878176
1876,-124.31507459946754,106,0.06064594238234219,nan,1.8131082745537332
1877,-23.5522696872019,14,0.03163003207682722,nan,-0.45778754938429295
1878,-26.299569884097384,18,0.027482019483765736,nan,-0.30840222127111133
1879,-50.58545884805404,42,0.02920224097977553,nan,0.5294583652823448
1880,-62.68015860566195,12,0.16781509472073494,nan,0.394735542343951
1881,-72.4780237440265,60,0.041317959417306635,nan,0.16947866801854025
1882,-74.19336904872523,62,0.04037539420107696,nan,1.1453819767209634
1883,-23.13762783788757,14,0.030257045820819447,nan,0.6887163625261052
1884,-73.22355205392537,64,0.03054156309246661,nan,0.7103428167540777
1885,-43.6816609542407,34,0.032058479980929346,nan,1.6432754955386137
1886,-65.417566427384,56,0.031183994792661752,nan,1.8653006842073103
1887,-119.32201295862544,78,0.13682785747889156,nan,-0.28899065918714695
1888,-38.71352266676148,30,0.028852724062124135,nan,-0.2288252098829195
1889,-60.51669580316204,52,0.02820097948066922,nan,1.15417896720075
1890,-110.41469362520975,102,0.02786322392453488,nan,0.9387835224224279
1891,-32.973801181964184,24,0.029912670606547332,nan,-0.45985949579346924
1892,-20.958142719664693,8,0.042907757349882884,nan,1.932459663060133
1893,-30.25284271166433,22,0.0273272937472327,nan,0.6650665296607463
1894,-86.96662954853967,78,0.029690826319667647,nan,0.531118218021603
1895,-19.07952252157277,10,0.030064644111168215,nan,-0.15739105318346067
1896,-65.94185492947392,42,0.07927766532938368,nan,1.2365052246606587
1897,-101.3011206493401,90,0.03742092930244973,nan,1.6768856182113996
1898,-66.60182179827949,58,0.02848285363668694,nan,-0.22993163846337564
1899,-81.57664598456671,72,0.03171074829326758,nan,0.44721890607770126
1900,-114.70330673125672,74,0.13477916136177712,nan,0.5450648034313719
1901,-160.1273527139518,146,0.04677931362235757,nan,0.6331207957985311
1902,-41.406077943581074,8,0.11061615213106284,nan,0.327067831258786
1903,-93.11338207600959,84,0.03017676184109188,nan,0.720187789462553
1904,-15.76716424297396,6,0.03234160345355606,nan,1.1429967211212095
1905,-60.11134426656276,52,0.026858755849545238,nan,-1.256283497531314
1906,-54.85770696259592,46,0.029330155505284113,nan,-0.25040294121864515
1907,-73.75441701385405,52,0.07203449342335802,nan,0.9728972407036295
1908,-158.98016370516862,146,0.04298067452042842,nan,0.7342914991116997
1909,-28.96374596262118,20,0.02968127802192432,nan,0.5462296800029507
1910,-100.0045546307007,72,0.09273031334669088,nan,-0.7808828529200034
1911,-62.93515335770764,38,0.08256673297254216,nan,0.1641462305109695
1912,-48.51155185565158,24,0.0811640789922238,nan,-0.11097087224980891
1913,-103.34933447009882,92,0.03758057771555975,nan,3.526828667633594
1914,-41.06060761386566,32,0.030002011966442307,nan,0.16541296516846563
1915,-24.49902476701935,12,0.0413874992285409,nan,-0.42696500541326216
1916,-24.607268222716975,16,0.028500888154692042,nan,0.24240786337566606
1917,-95.03463365010946,86,0.02991600546393881,nan,0.6464465597706125
1918,-62.16186125626029,54,0.027026030649868846,nan,0.27890813248239715
1919,-248.24015135979366,240,0.027285269403290922,nan,0.1659887364818518
1920,-52.890724621571664,44,0.029834646381113435,nan,0.20175971584441452
1921,-20.96529482976302,12,0.029686406721069727,nan,-0.13570922977282954
1922,-185.5686673947967,178,0.02506181256555277,nan,-0.6489850012653847
1923,-100.20814374692326,90,0.03380180048649987,nan,1.7003246036124962
1924,-75.18130098999802,64,0.03702417546356895,nan,0.4275379222283442
1925,-126.84928469744507,118,0.029302267210083305,nan,0.1779671160504222
1926,-52.06553615563487,44,0.026707073363029535,nan,-0.39667455912783545
1927,-39.399849053129294,34,0.026469848299654233,nan,1.4655480228781053
1928,-103.1346756326183,94,0.030247270306682207,nan,0.7120378879225807
1929,-213.87197749260434,180,0.11215886586955028,nan,1.029548514415726
1930,-23.32319716284686,14,0.030871513784261197,nan,0.36072042323687475
1931,-57.64589949412388,48,0.03194006455007911,nan,0.5248909891445794
1932,-20.462673797012922,12,0.028022098665605705,nan,-0.6197797199179239
1933,-73.21253381920978,52,0.07024017820930414,nan,1.3785998129246166
1934,-68.8075215766434,54,0.04903152839948068,nan,-0.023896965849527853
1935,-115.09965880450403,106,0.030131320544715165,nan,0.3306900408678682
1936,-139.11686672136491,130,0.03018830040187085,nan,0.2670329888497648
1937,-50.24945082372281,42,0.02731606233020769,nan,0.6965967287007251
1938,-198.7538701752336,190,0.02898632508355457,nan,0.3252366822589357
1939,-70.53121770253453,62,0.028249065240181417,nan,0.6415531811436996
1940,-68.00546000512092,60,0.026508145712320807,nan,-0.45605836470879013
1941,-104.20492703081001,86,0.06028121533380912,nan,1.4270025234728232
1942,-70.90505966982799,64,0.027620238679312185,nan,0.6882509089490166
1943,-198.2968214152348,190,0.027472918593493198,nan,0.21049406437946497
1944,-69.85971315455491,62,0.026025540246871006,nan,-0.1537201782955878
1945,-86.48733531428847,78,0.02810375931883631,nan,0.021313394633983726
1946,-61.61305717964052,40,0.07156641450212074,nan,-1.0256573748198918
1947,-34.77008747681391,26,0.029040024757661934,nan,-0.01596453743215823
1948,-214.21199880069005,206,0.027192049008908734,nan,2.0959331425669716
1949,-63.55554165541808,54,0.03164086640866902,nan,1.152438124591201
1950,-89.39785464524265,78,0.03774124054716121,nan,1.1818196672851773
1951,-87.97644327495907,74,0.04627961349324218,nan,0.2172071554458859
1952,-50.831138900139244,42,0.029242181788540336,nan,0.19130673261373982
1953,-47.53547907393506,38,0.031574434019652785,nan,0.6270746831738988
1954,-65.30656478457465,56,0.030816439684021736,nan,0.10414864423681693
1955,-32.29955918284026,24,0.027481984049139898,nan,0.5043469560607059
1956,-108.89655724305585,92,0.055948865043231696,nan,1.6329660947742604
1957,-80.89175545297812,72,0.02944289885092092,nan,-0.5274162675468375
1958,-77.58601960182162,48,0.09796695232391225,nan,1.3460159380312713
1959,-32.86291334834502,24,0.029347395193195423,nan,-0.35478668191951285
1960,-88.20212910914552,80,0.02715936791107759,nan,-0.4163976461529641
1961,-38.50966487900806,28,0.034800214831152546,nan,1.9053570190719822
1962,-121.04064461169796,58,0.20874385633012577,nan,0.20490747640500714
1963,-52.98931414516621,44,0.02976594087803375,nan,0.21664636345140387
1964,-30.044657156614434,22,0.026637937604683772,nan,-0.44061486709019515
1965,-52.33880789245222,44,0.02761194666374881,nan,-0.17883862363874592
1966,-320.7630518610507,312,0.029016728016723566,nan,0.5395795019877386
1967,-23.229344449403325,14,0.030560743209944997,nan,1.3472893575727956
1968,-28.8569410386384,20,0.02932761933323963,nan,0.4357508583234111
1969,-31.54427007352333,22,0.03160354328981228,nan,0.48959536228794603
1970,-52.13990961358069,44,0.026953343091327034,nan,1.133829664873323
1971,-60.62064103177951,52,0.028545168979402322,nan,0.8458468817852881
1972,-112.59161075185185,104,0.02844904222467454,nan,-0.40830585195595054
1973,-82.74700018367271,66,0.055453642992294036,nan,0.3344233672197797
1974,-53.753309661447226,32,0.07203082669353365,nan,-0.37304043536557663
1975,-118.89538845079998,94,0.08243506109536355,nan,0.3481566939797462
1976,-86.85613595140552,78,0.029324953481474892,nan,0.6151976760384312
1977,-63.079198033963145,54,0.030063569648884177,nan,1.667677484740679
1978,-56.57168567409857,48,0.02838306514602117,nan,2.30422540466056
1979,-21.023970565459546,12,0.029880697236621116,nan,0.003078014227802193
1980,-100.93722474029403,90,0.03621597596123862,nan,1.2958933961861427
1981,-14.459486334781765,6,0.02801154415490645,nan,0.07416676407395045
1982,-155.930636148585,150,0.026714577245876607,nan,1.5912319056916278
1983,-132.5664324494178,124,0.028365670362309487,nan,0.8710440179632609
1984,-39.19660679851639,30,0.030452340392438822,nan,0.4315353600236696
1985,-73.72268173162591,64,0.032194310369622996,nan,2.6966355610524753
1986,-34.79660866046625,26,0.029127843246577228,nan,-0.11218018383381345
1987,-28.72316253906408,20,0.0288846441690863,nan,0.16250333531693376
1988,-46.36061584352743,38,0.027684158422276176,nan,-0.03363317283520333
1989,-76.46688510127676,52,0.08101617583204206,nan,1.4470859671060137
1990,-65.43923565640434,56,0.03125574720663689,nan,0.7431562892932272
1991,-70.5448422686798,52,0.0614067624790725,nan,0.09301943810924962
1992,-191.6343340648879,182,0.03190176842678144,nan,0.3088275994876529
1993,-174.62402752202036,150,0.08153651497357643,nan,0.7338524850279661
1994,-119.50124085372543,108,0.038083578985846536,nan,2.5093701623719795
1995,-51.53430608741158,42,0.03157054995831659,nan,0.6848887733906964
1996,-70.57953918969115,62,0.028409070164540057,nan,-0.2090595591466393
1997,-171.46478098925718,134,0.12405556618959336,nan,0.22319370068113215
1998,-198.30017687979748,164,0.11357674463509115,nan,-0.023784773191976798
1999,-78.86405508983596,70,0.029351175794158788,nan,0.1931089021231199
2000,-44.61930425236329,36,0.028540742557494347,nan,0.38171305516882165
2001,-46.95891547948585,38,0.02966528304465515,nan,-0.18311412477871983
2002,-105.26522033189887,62,0.14326231897979783,nan,0.08814549173142866
2003,-10.842835061060319,2,0.02928091079821294,nan,1.221212103284297
2004,-44.20913297281028,36,0.027182559512616677,nan,0.3584047984555425
2005,-44.339113724259924,36,0.027612959351854587,nan,-0.12935631914119797
2006,-35.05200455063907,26,0.02997352500211629,nan,0.04710415326283793
2007,-71.28594437273487,62,0.030748160174618164,nan,1.7789560445390074
2008,-54.84673246315384,46,0.0292938161031584,nan,0.17116482264496424
2009,-134.79364469033143,126,0.029118028775931174,nan,2.979941862605825
2010,-103.00106927619572,70,0.10927506382846236,nan,0.38969149987670304
2011,-116.85287962257503,72,0.14851946894892376,nan,1.3768317654364994
2012,-110.80967546131409,102,0.029171110799052154,nan,1.0675895337440768
2013,-38.03451948019717,30,0.0266043691397253,nan,-0.07956286834553655
2014,-249.53200756879318,240,0.03156293896951383,nan,-1.0486156946526137
2015,-30.37053239159052,22,0.02771699467414098,nan,0.029117580109995957
2016,-84.09225796253891,76,0.02679555616734853,nan,-0.13998807457904794
2017,-94.0210575212112,84,0.03318230967288565,nan,3.1074457460466234
2018,-32.56804106893294,16,0.054861063142162124,nan,0.6717216462218002
2019,-165.0593970393622,156,0.02999800344159588,nan,0.8963330201106339
2020,-53.38811975592779,40,0.04433152237062165,nan,0.08491570306047551
2021,-37.55284540882217,28,0.03163193843980869,nan,-0.11863235542350233
2022,-37.0569819863237,28,0.02999000657723072,nan,0.3061940544526866
2023,-60.39553765031118,52,0.027799793544076735,nan,0.05666948202727609
2024,-73.26828813993706,56,0.0571797620527714,nan,-0.16763053267253816
2025,-160.76073532700892,152,0.029009057374199412,nan,0.23584999074050786
2026,-27.04690794790077,18,0.029956648834108437,nan,-0.18626115867910084
2027,-32.92146121258292,24,0.029541262293320863,nan,0.644547788969423
2028,-28.786972127331605,20,0.02909593419646213,nan,0.17265675823795548
2029,-62.1486052390813,38,0.07996226900357978,nan,0.037728809109821126
2030,-73.63261240082778,64,0.03189606755240949,nan,0.5239412555748609
2031,-101.38796763899633,92,0.031085985559590457,nan,0.4924131958353771
2032,-75.8883066991279,68,0.026120220858039684,nan,0.038426548255858436
2033,-76.23547960923104,68,0.027269800030565547,nan,0.0021791329787772718
2034,-42.69606523556838,14,0.0950200835614851,nan,0.30109091578082287
2035,-77.0556410918648,68,0.029985566529353615,nan,0.05016527846796725
2036,-75.97043355352058,60,0.05545289428305771,nan,0.24058348530440224
2037,-117.89115669534407,102,0.052619724156768535,nan,1.9926799786597835
2038,-100.37831566498784,90,0.03436528365889956,nan,2.2193446168431623
2039,-75.10463762197865,66,0.030147806695294644,nan,0.71473392142262
2040,-78.56505046841738,70,0.028361094266283294,nan,0.0672982893841008
2041,-111.13997923055412,102,0.03026483188925188,nan,0.14990497746652098
2042,-31.43221430316677,20,0.03785501424889674,nan,-0.3430973216328486
2043,-203.34921123028087,196,0.03310455509135574,nan,3.9596183877153037
2044,-38.679057671189575,30,0.02873860156023005,nan,0.2099684402531642
2045,-22.12940171981898,14,0.02691854874112232,nan,-0.15182445589005825
2046,-200.85642734514687,192,0.029325918361413586,nan,0.0670061079984907
2047,-82.25049400483672,74,0.027319516572307134,nan,-0.22990095510857952
2048,-108.27184122880861,96,0.04063523585698256,nan,0.42284726243233306
2049,-113.20799295635382,102,0.03711255945812561,nan,2.316073920653473
2050,-49.73639793115607,24,0.08521986069919259,nan,0.6549134755500173
2051,-73.33155377468731,64,0.030899184684394662,nan,0.3845706364614249
2052,-22.913310997241076,14,0.029514274825301563,nan,0.05566830974884041
2053,-112.27173832058706,92,0.06712496132644696,nan,0.9579111570754707
2054,-58.49824805503905,50,0.028139894221983847,nan,0.38487034557997835
2055,-64.11114508071203,50,0.04899703153025041,nan,0.4729482746687609
2056,-120.5605013950259,112,0.028346031109356472,nan,2.6359550701384125
2057,-61.7430173387119,24,0.12497687860500614,nan,0.8583350906197894
2058,-39.298659827356396,16,0.07714788022303457,nan,0.4676303055037749
2059,-44.13115249575286,36,0.02692434601242701,nan,0.116889974089445
2060,-136.72289515665983,128,0.028883758796887996,nan,0.1370012143290236
2061,-62.79276663598779,54,0.029115121311217605,nan,0.3900825946110714
2062,-31.520276091751715,22,0.03152409301904554,nan,0.30765318357361027
2063,-241.63550422581025,232,0.03190564313182137,nan,1.6400775929975757
2064,-50.88813716942378,42,0.02943091777954926,nan,0.4699996101218858
2065,-31.647800838781755,10,0.07168145973106549,nan,0.24030007296311207
2066,-82.80516932204601,74,0.0291561898080984,nan,0.15465892951627916
2067,-66.49422572742883,54,0.04137160836896986,nan,0.06493337514751671
2068,-176.35743698376032,148,0.09389879795947136,nan,0.08405747144223408
2069,-19.73997988554683,12,0.02562907246869794,nan,-0.3243191056648911
2070,-157.33153232625898,146,0.03752163021940069,nan,1.552352094303721
2071,-40.66524385468938,32,0.028692860445991557,nan,0.48983335913073567
2072,-159.59227146140415,150,0.03176248828279403,nan,0.8615403780787979
2073,-40.3345152810875,32,0.027597732718832695,nan,2.004387567118882
2074,-212.98306310415623,204,0.029745242066742398,nan,-0.14402654716461305
2075,-121.75141894621964,114,0.025666950153045095,nan,0.29341847670319665
2076,-36.2069208886865,28,0.02717523473074997,nan,-0.31711753987451236
2077,-87.6965615755943,68,0.06522040256819216,nan,-0.09286531535923999
2078,-165.37013586575216,138,0.09062958895944642,nan,0.2901756842281447
2079,-48.317493306028446,36,0.04078640167559089,nan,2.1608447312027375
2080,-39.54966087325942,30,0.03162139362006421,nan,0.49634026716006857
2081,-135.63824166021487,120,0.05178225715303073,nan,1.0000174114949938
2082,-68.99960035362825,60,0.02980000117095461,nan,-0.14419691322262657
2083,-95.63349892656476,86,0.031899003068095746,nan,1.6040939280656106
2084,-144.20061969944118,134,0.03377688642198987,nan,0.8820302391592074
2085,-37.5287320215128,30,0.031110462898813467,nan,1.5218499091780004
2086,-81.34235702374,60,0.07067005636999946,nan,0.5273752539367754
2087,-34.34408075758811,26,0.02762940648207977,nan,0.265693703949581
2088,-118.2575385870693,106,0.0405878761161239,nan,0.5427343152076027
2089,-30.924080632966803,22,0.029549935870750853,nan,1.3212177399841958
2090,-76.19110252312335,68,0.02712285603683304,nan,0.16357078679932885
2091,-16.94537253488807,8,0.029620438857245145,nan,-0.6175768589459835
2092,-181.76254319349206,172,0.03232630196520555,nan,1.5433609742103822
2093,-62.86306798128956,54,0.029347907222813267,nan,0.7463028960064476
2094,-131.4481987444556,120,0.037907942862437,nan,1.727872885612228
2095,-41.62466370034651,34,0.02978384257947888,nan,2.163324639054008
2096,-44.77368125574113,36,0.029051924687884912,nan,0.852699933025912
2097,-50.62179950388011,42,0.02854900497973465,nan,-0.07668104265749628
2098,-62.54838581854617,54,0.028305913306444552,nan,-0.043249891358134736
2099,-31.438152338704647,22,0.03125216006193592,nan,0.58312330309565
2100,-6.734350509962594,0,0.027827894669266894,nan,0.5144901661254746
2101,-47.08203757262637,38,0.030072972094789503,nan,0.06485847552962365
2102,-47.1536619190503,34,0.043555171917385435,nan,1.514944720839147
2103,-102.91257038685322,94,0.029511822473024318,nan,0.2724941648195948
2104,-102.93067170276657,94,0.029571760605188048,nan,0.13071078925224103
2105,-37.12666150585685,28,0.03022073346310267,nan,0.12382213267703372
2106,-27.815292466659745,20,0.02811256282971141,nan,-0.2013786186294533
2107,-82.01376078646062,40,0.1391184132002003,nan,-0.21544357502928607
2108,-50.755345508276,34,0.055481276517470195,nan,1.3737919577528566
2109,-9.794810032486689,0,0.032433145802936096,nan,-0.4455563131885199
2110,-108.69637807859469,102,0.027221049099979775,nan,0.7174540347015538
2111,-32.70822495935547,24,0.028835181984620914,nan,-0.2260700488690478
2112,-100.84510951928341,92,0.029288442116833492,nan,1.4970187592652429
2113,-24.683548496968164,16,0.028753471844265327,nan,-0.07046293177027471
2114,-76.09988639824877,52,0.07980094833857161,nan,1.6614557392944949
2115,-33.43537844193944,24,0.031242974973309537,nan,-0.11342660251238525
2116,-60.41453661790062,52,0.027862704032782893,nan,0.1146370899631867
2117,-46.008055990108126,24,0.07287435758313972,nan,-0.02177943538630378
2118,-37.809504645432646,28,0.0324818034616974,nan,-0.11905922274011194
2119,-126.89418622225274,104,0.07580856364984305,nan,0.2877609587175038
2120,-69.41085305303389,38,0.10400944719547622,nan,-0.06976259092398263
2121,-39.54018204764572,30,0.0315900067802835,nan,0.5710173914059249
2122,-202.2042447298672,194,0.027166373277706955,nan,-0.5040345324642821
2123,-93.48155884233233,84,0.03139589020639767,nan,-0.3484218547740159
2124,-28.59438714090862,20,0.028458235565922564,nan,-0.07451450670104658
2125,-219.84965165240948,212,0.025992224014601877,nan,-0.13183874658236452
2126,-118.54018578865127,110,0.028278760889574057,nan,0.11956565295066993
2127,-102.27815708787962,64,0.12674886452940273,nan,0.05558365215551238
2128,-147.90200532351204,128,0.06590067987917861,nan,1.8923615590131082
2129,-337.9547888336874,312,0.08594300938306879,nan,2.4698409003611124
2130,-87.47189186024387,78,0.031363880331933144,nan,-0.06542355031182139
2131,-29.036925105055328,8,0.06965869240084574,nan,0.6169544555644454
2132,-89.40836853237066,80,0.031153538186658305,nan,1.8169235998070767
2133,-146.16706076887726,138,0.027043247579064,nan,1.2070591423781942
2134,-56.989587877236595,48,0.029766847275618215,nan,0.3026476601393129
2135,-50.59473396378116,42,0.028459383986030606,nan,0.4122264429952314
2136,-147.14053577333877,140,0.027892717864604722,nan,0.49388795561444565
2137,-56.86678782383998,48,0.029360224582251456,nan,0.8715842196569062
2138,-23.59634729772562,14,0.03177598442955511,nan,-0.16250638621874672
2139,-64.48092042143534,56,0.02808251795177241,nan,-0.08723777330163265
2140,-65.96453728048697,32,0.11246535523340086,nan,0.8556299535825923
2141,-62.52782622758834,54,0.028237835190689817,nan,-0.09162771919887168
2142,-24.31000810927195,16,0.027516583143284597,nan,-0.2281542805850734
2143,-86.82440580304262,78,0.029219886765042533,nan,0.059522244683154854
2144,-50.23318038931002,42,0.027262186719569308,nan,-0.02088872390993507
2145,-156.95160555475064,148,0.02964107799586505,nan,1.1937914115214483
2146,-134.1486020727462,126,0.026982126068696922,nan,0.0802859211177488
2147,-56.98552391929072,48,0.02975339046122735,nan,0.1583066813183435
2148,-159.27937363587375,150,0.030726402767793527,nan,0.7325909759875523
2149,-36.793273784785555,28,0.02911680061187286,nan,0.525394794821723
2150,-16.756379526036085,8,0.028994634192172287,nan,1.276119252016977
2151,-60.776267015077664,34,0.0886631358115155,nan,0.2573446945578711
2152,-44.217230023063514,36,0.027209370937296005,nan,0.493041044077836
2153,-87.19578837726155,78,0.030449630388283928,nan,0.12089577888199113
2154,-42.014108380524654,34,0.02653678271696873,nan,-0.11709487756553118
2155,-73.33213543305881,62,0.03752362726178295,nan,3.314302122890402
2156,-83.1094545662915,74,0.03016375684202442,nan,0.15301713865161304
2157,-58.17707343914699,40,0.06018898489783789,nan,0.15582099085957404
2158,-103.15421365182908,94,0.03031196573453219,nan,0.6069598619137668
2159,-118.30217576485596,96,0.07384826412203949,nan,0.9585641918142653
2160,-59.95790067517723,52,0.026350664487341205,nan,-0.19114197266072425
2161,-49.13835861467794,26,0.07661708150555585,nan,0.4671439432253404
2162,-27.083970405154123,18,0.03007937220249761,nan,0.4706022266397601
2163,-72.42892743564498,60,0.04115538885975106,nan,0.5157085147607664
2164,-78.77881595695708,70,0.02906892700979242,nan,0.34982146767410605
2165,-20.526046848945725,12,0.02861089546626105,nan,0.3827862583491451
2166,-46.873175437268706,38,0.029381375620094914,nan,0.4218235516973882
2167,-66.63622546769557,58,0.028596773071839734,nan,0.45052693274024597
2168,-136.85823841558417,108,0.09555708084630495,nan,-0.11605179177266423
2169,-198.17211522176476,190,0.027059984178028833,nan,-0.19110184915098577
2170,-90.43768547190331,82,0.027939355867228892,nan,0.031371250795663046
2171,-32.549319439943545,24,0.028309004768025295,nan,0.1514960119690413
2172,-49.21232323296192,18,0.10335206368530449,nan,-0.21000526347752685
2173,-159.7145006802668,148,0.03878973735187765,nan,0.9069546484066149
2174,-69.77688447072173,60,0.03237378963815068,nan,0.9083426412559632
2175,-36.251578426504246,28,0.027323107372530846,nan,1.0201699080657667
2176,-131.3980959857962,106,0.08409965558210646,nan,0.39537667252473374
2177,-64.01481553326812,54,0.033161640838635924,nan,1.7857436774083064
2178,-64.11314016685259,56,0.02686470253924729,nan,-0.021464904205910615
2179,-17.47791349127944,8,0.031383819507547955,nan,1.6203473143315017
2180,-112.4623337314821,78,0.11411368785258967,nan,0.1502722716631232
2181,-130.44509218016773,124,0.026632612314743478,nan,0.05891984051150224
2182,-22.653792671804986,14,0.02865494262187079,nan,-0.13197021953802437
2183,-92.79210120400462,82,0.035735434450346916,nan,1.2142217634012151
2184,-76.86183667854418,68,0.029343830061405066,nan,-0.4281441695645871
2185,-330.38456507983426,310,0.06749855986700114,nan,0.597440783625518
2186,-67.21045650052152,58,0.030498200332852346,nan,0.4525531354263141
2187,-66.15417970769461,56,0.03362311161488349,nan,2.310507988544036
2188,-168.4317780074719,132,0.1206350265148079,nan,0.3560654883093119
2189,-16.651651438401483,8,0.028647852445038074,nan,0.39824334324525656
2190,-143.605489213288,134,0.031806255673140986,nan,2.389530741148289
2191,-26.82595810080402,18,0.029225026823854475,nan,0.08919833474314544
2192,-339.9903398221621,328,0.039703111993911466,nan,-0.5593402206397116
2193,-58.83099293602369,50,0.02924169846365488,nan,0.03322769542230873
2194,-34.94484366633317,22,0.042863720749447255,nan,2.4995448231089563
2195,-24.49037124057039,16,0.028113812054868778,nan,-0.35243342161218677
2196,-93.57836187517883,50,0.14429921150721395,nan,0.9561262461970504
2197,-51.635864425589865,42,0.03190683584632409,nan,0.37213853472922404
2198,-156.03755056333938,120,0.11932963762695223,nan,-0.27766331176843123
2199,-110.42051595494694,102,0.027882503162076185,nan,0.008190630430460519
2200,-59.21846759146112,50,0.03052472712404336,nan,0.9297058630865745
2201,-41.720640450576795,34,0.025565034604559007,nan,0.5308729309336566
2202,-24.76172369217206,16,0.029012330106530086,nan,0.2265980868494687
2203,-96.99008855957355,88,0.029768505164150465,nan,0.09543245028463865
2204,-333.11038209767685,324,0.030166828138005124,nan,1.8312310950772757
2205,-35.37638546291257,26,0.031047633983154306,nan,1.3430359071213136
2206,-58.18273199347569,50,0.027095139051243698,nan,-0.6615560208466552
2207,-69.94061745168054,60,0.0329159518267566,nan,0.9624831635611739
2208,-83.71454668118734,68,0.05203492278538846,nan,0.6284371079181033
2209,-44.8084893979717,36,0.02916718343699202,nan,-0.14776528891660148
2210,-90.78124573187105,54,0.12179220441016937,nan,1.05758510419544
2211,-105.82069828531587,96,0.03251886849442344,nan,0.006514722206367686
2212,-34.75817562746342,26,0.029000581547892097,nan,0.21041975646705324
2213,-22.435497765696432,14,0.027932111806941957,nan,0.22238472564298573
2214,-126.92053984298205,104,0.07589582729464282,nan,0.31196772047605315
2215,-36.2212633175712,28,0.02722272621712333,nan,0.7994740473335575
2216,-117.91323246860713,110,0.026202756518566142,nan,0.08026486635541571
2217,-51.051895310575965,42,0.029973163280052673,nan,0.016128579271295792
2218,-32.72675491016535,24,0.02889653943763386,nan,1.0807834591695713
2219,-234.93766433953533,226,0.029594915031572862,nan,-0.34494214973517306
2220,-27.39210951375858,18,0.031099700376683973,nan,1.2865899235434948
2221,-88.39245335198159,80,0.027789580635700986,nan,-0.3921335249611127
2222,-37.978890895071096,20,0.05953275130818253,nan,0.03923362859799249
2223,-23.244471173665232,14,0.030610831700878176,nan,0.4037636613151805
2224,-77.54172037033496,56,0.07133019990177053,nan,1.2679322816679002
2225,-69.1495316992221,60,0.030296462580205397,nan,1.0876624560076127
2226,-32.37370853329395,14,0.06084009448110562,nan,-0.21881230094544096
2227,-427.8764130728591,418,0.032703354545892065,nan,2.947313510793545
2228,-64.14211819804305,54,0.03358317284120202,nan,2.486917901077132
2229,-178.96156722722841,170,0.029674063666319007,nan,-0.08993278704259841
2230,-57.31526016902377,48,0.030845232347760876,nan,0.3355169419849535
2231,-98.38518009347383,90,0.027765496998257005,nan,1.3088406293168788
2232,-124.17663825965892,112,0.040319994237281255,nan,2.100917585225258
2233,-34.48042999605129,26,0.02808089402666011,nan,-0.17098727468416614
2234,-92.38422041405603,70,0.07411993514588205,nan,1.2640604281722643
2235,-184.88535353087588,176,0.029421700433363448,nan,-0.11912746301610085
2236,-96.46635361867718,88,0.028034283505553814,nan,1.1072142733206252
2237,-17.22466061746219,8,0.030545233832656442,nan,0.1787511910808474
2238,-68.20099841371261,52,0.05364569011163175,nan,0.7657481683230233
2239,-41.03513544626012,32,0.029917667040596365,nan,0.2381563915004522
2240,-40.45297642942163,32,0.027989988176892338,nan,-0.29708913450421526
2241,-96.19009885791195,88,0.027119532642092003,nan,-0.04177622306785108
2242,-34.5569020209188,26,0.02833411265204916,nan,1.1237416846081656
2243,-116.32188309593171,110,0.027486448243181888,nan,1.4223590928154146
2244,-53.084883964592386,44,0.030082397233749836,nan,-0.15819180676904784
2245,-35.418789469867484,6,0.0974132101651239,nan,0.8648939664212721
2246,-26.66796146469032,18,0.02870185915460379,nan,0.262696114891536
2247,-26.90819942743159,18,0.029497349097455466,nan,-0.08576944974577401
2248,-123.57957407993422,110,0.04496547708587536,nan,1.0535994054408844
2249,-110.40492897227682,102,0.02783089063667829,nan,0.1301401545452833
2250,-68.60075291698494,58,0.03510183085094298,nan,0.615153311212726
2251,-392.32764755087067,348,0.14678028990354397,nan,0.3067578133093872
2252,-33.12078511045091,22,0.03682379175645991,nan,1.0274282674158948
2253,-39.51021413617639,30,0.03149077528535259,nan,0.4822306224681585
2254,-80.97491346714311,72,0.029718256513718577,nan,2.517269899561733
2255,-85.66117315801867,66,0.06510322237754487,nan,0.46665881812720506
2256,-47.04241361673998,36,0.03656428349913854,nan,0.819330482181579
2257,-22.14779491059414,14,0.026979453346338084,nan,0.36398388363390316
2258,-60.7251970857853,52,0.02889138107876008,nan,0.14000569629364967
2259,-64.96163677037212,34,0.10252197606083421,nan,1.555024914288144
2260,-34.41214961488441,26,0.027854800049286272,nan,0.5035465335708947
2261,-47.05247468501966,38,0.029975081738475875,nan,0.18511637733803618
2262,-35.106013573615144,26,0.030152362826540338,nan,0.7612333309803534
2263,-40.573757672720745,32,0.0283899260686119,nan,0.7257801174431336
2264,-65.17850304779385,56,0.03039239419799268,nan,1.0550080998907665
2265,-44.298909869364984,38,0.026245457789020616,nan,0.48777712671105594
2266,-94.66029209902553,78,0.05516653012922335,nan,0.8157249655583041
2267,-38.82462849039893,30,0.029220624140393874,nan,0.05821975738630054
2268,-64.2500184274725,56,0.0288462182778757,nan,0.1485918125176763
2269,-114.50985415236372,106,0.028178325007827455,nan,-0.12820028009799783
2270,-59.0856415615539,52,0.031632328399794116,nan,3.04566422235387
2271,-17.00907205961388,8,0.02983136443580763,nan,-0.24257976445034055
2272,-139.3476968935324,130,0.030952638720306066,nan,-0.7494153418509206
2273,-86.14379754429116,66,0.06670131637182522,nan,0.4992833014697126
2274,-87.64911466721152,78,0.031950710818581314,nan,3.1987004880947585
2275,-94.16443880686029,82,0.04027959869821273,nan,0.5242982116111535
2276,-124.60578141608678,110,0.04836351462280461,nan,-0.2053813602190946
2277,-31.50435838035395,22,0.03147138536541031,nan,-0.5497866864142313
2278,-48.73449041128389,40,0.02892215367974759,nan,-0.0448457839413637
2279,-135.6056556289388,128,0.025184290162049466,nan,-0.20233823335991666
2280,-58.276969467846165,50,0.02740718366836529,nan,0.537505760531339
2281,-65.23671203236937,56,0.03058513918003081,nan,0.28109461570375244
2282,-63.29882624367877,54,0.030790815376419374,nan,0.08909382895128616
2283,-26.937933601242502,18,0.02959580662663077,nan,0.5953021059821542
2284,-56.51586773722296,48,0.028198237540472855,nan,0.5664523491668685
2285,-32.46798791719294,24,0.02803969509004282,nan,-0.49060095874947307
2286,-90.08293259668277,82,0.026764677472459635,nan,-0.13432366746317423
2287,-82.34257359751878,74,0.02762441588582381,nan,0.7961746811169401
2288,-171.6147046939888,162,0.03183677050989678,nan,0.20874099733881554
2289,-119.03140934611004,110,0.029905328960628867,nan,0.5171367631977484
2290,-167.3866600392933,158,0.031081655759248164,nan,1.5013681589409136
2291,-47.086892095736985,38,0.03008904667462512,nan,-0.1755025585901319
2292,-478.03540892169343,454,0.07958744676057558,nan,0.6533971620102209
2293,-38.538414934002525,30,0.02827289713245893,nan,0.5086400297903672
2294,-129.2839643293416,112,0.05723166996470686,nan,0.8412982176276947
2295,-97.0348458311139,68,0.09614187361295995,nan,-0.735984341362923
2296,-70.97884771854982,60,0.036353800392548076,nan,2.526238363723437
2297,-120.49883587980035,112,0.028141840661590357,nan,0.25533674033358694
2298,-42.7370579460068,34,0.02893065545035323,nan,-0.20231364711152316
2299,-28.548661019237503,20,0.028306824567011432,nan,-0.050898053197904074
2300,-27.438221806204112,18,0.031252390086768674,nan,0.057322611263336376
2301,-76.44077025483587,68,0.027949570380251507,nan,-0.07131396856471983
2302,-41.38024190566896,30,0.03768292021744752,nan,2.477420439291283
2303,-184.89664759925287,160,0.0824392304610994,nan,0.5579661128101546
2304,-109.97273932402167,102,0.026399799086163793,nan,-0.2120150500944729
2305,-124.4862090955075,102,0.07445764601161443,nan,1.3903534350294577
2306,-87.61237200801827,78,0.03182904638416698,nan,1.0454246800033598
2307,-42.49055314250893,34,0.028114414379168617,nan,0.3552788308397589
2308,-106.48332592952073,92,0.047958032879207683,nan,1.881724050145832
2309,-197.47214792540402,188,0.031364728229814065,nan,2.9183351372384054
2310,-85.49203859141303,74,0.03805310791858622,nan,2.1229828743652646
2311,-160.11771417264174,152,0.02687984825377988,nan,-0.11933541295507195
2312,-71.90593568659665,38,0.1122713102205183,nan,0.031608230895393635
2313,-118.6784240574706,110,0.028736503501558222,nan,0.35803986831617524
2314,-107.41239484344337,98,0.031166870342527613,nan,-0.1878927699697814
2315,-159.70926127789326,152,0.025527355224809988,nan,-0.18858479572563316
2316,-116.6800053074027,98,0.061854322209941935,nan,0.44914279959730447
2317,-62.848535273315356,54,0.029299785673229606,nan,1.0935093459822407
2318,-36.4095490996416,28,0.02784618907166152,nan,0.5882097723549876
2319,-60.5970576388083,52,0.028467078274199364,nan,-0.05523604876204222
2320,-37.325405377594755,28,0.03087882575362491,nan,-0.27332356567664184
2321,-12.781901596191888,4,0.029079144358251294,nan,-0.0907490313007066
2322,-108.61960083117006,100,0.028924835003926497,nan,2.1871860723729366
2323,-143.7084432736645,134,0.03214716315783022,nan,1.214466599158475
2324,-66.55324590727072,56,0.0349445228717574,nan,0.3726995946043433
2325,-43.00641491535563,34,0.029822565944886664,nan,-0.19932338335620323
2326,-71.9493074538078,64,0.026322210111945996,nan,-0.05966538300318335
2327,-20.472911205470112,12,0.02805599736910636,nan,-0.0005830638689630425
2328,-16.349587309453955,8,0.027647640097529697,nan,0.08462422010326906
2329,-123.51511605239605,116,0.02488449023972249,nan,0.19974442507878148
2330,-47.43702452391649,40,0.026945741028683006,nan,-0.1674288944559732
2331,-116.89129710341025,108,0.029441381137119374,nan,0.2713354759097486
2332,-45.80196162506623,32,0.04570185968564954,nan,0.019163807422317415
2333,-216.19140896511908,208,0.032505591131426925,nan,3.432968608142128
2334,-158.39270303548278,150,0.027790407402259965,nan,-0.0628584900545573
2335,-82.31694870906779,74,0.027539565261814013,nan,0.4652567941213986
2336,-58.665701282322054,50,0.028694375107026503,nan,-0.7440518001816853
2337,-34.452944393065216,26,0.027989882096242407,nan,0.6626827360081505
2338,-48.77479938146785,40,0.029055627090952937,nan,-0.08344551553951256
2339,-20.035492601088496,12,0.026607591394332747,nan,0.00801284122805031
2340,-69.67875879386376,60,0.03204887017835737,nan,-0.07592064613013433
2341,-199.26411144330075,160,0.13001361405066522,nan,-0.316993865667995
2342,-138.87534170986422,112,0.08899119771478049,nan,0.007845540891250362
2343,-55.60126355812552,48,0.026393276243491547,nan,0.43861727049111826
2344,-79.02732405833524,70,0.02989180151766725,nan,0.14892921568494327
2345,-21.07020151494689,12,0.030033779850817517,nan,-0.20009367131826233
2346,-73.29266995294942,64,0.0307704303077796,nan,0.7729034845073787
2347,-47.17870406616198,38,0.030393059821728293,nan,0.38697955103241066
2348,-29.211038954968693,20,0.030500128989962922,nan,-0.20897935030843895
2349,-47.11583686827367,36,0.03680740684858866,nan,0.2910415863610545
2350,-16.31264360384571,8,0.02752530994650898,nan,0.03374589133332329
2351,-72.1790059848066,36,0.11979803306227353,nan,0.08151474409483456
2352,-84.8742900545584,76,0.029385066405822696,nan,0.28924569207030065
2353,-216.53148578174677,206,0.03487246947598256,nan,2.354969355428286
2354,-289.84316370003336,270,0.06570584006633717,nan,1.1213038444150523
2355,-46.234736417256926,36,0.03388985568628141,nan,1.6688152470073927
2356,-77.94710151276313,42,0.11903013745948052,nan,-0.014043121545001962
2357,-96.661846858945,88,0.02868161211571208,nan,2.6351732177912743
2358,-24.728026130196945,14,0.0355232653317781,nan,-0.6044628410701893
2359,-32.52532176232499,20,0.04147457537193739,nan,-0.2634438293580496
2360,-42.90147730127523,34,0.02947509040157324,nan,0.8781952720189129
2361,-116.23025549589191,88,0.09347766720493988,nan,-0.4667951623396485
2362,-78.95650264527785,70,0.029657293527410197,nan,0.1667504279809697
2363,-72.39819518341933,64,0.027808593322580212,nan,0.39710757533648816
2364,-31.618730874954732,22,0.03185010223494919,nan,0.13521862489300993
2365,-117.39414225410403,108,0.03110643130498115,nan,0.978506920652831
2366,-83.5583487305047,76,0.029524799728534334,nan,1.0045635408105682
2367,-192.0477971711417,162,0.09949601712298418,nan,0.19128019824918568
2368,-74.01984616869278,66,0.026555782015539015,nan,-0.06580836386851571
2369,-46.69966053403142,38,0.028806822960369214,nan,0.3584903716213002
2370,-23.167170694704645,14,0.03035486985001561,nan,-0.12972960046026855
2371,-36.56624597727899,26,0.03498756946118883,nan,0.5260354112036563
2372,-68.82726942715047,60,0.0292293689640747,nan,0.9850778762652039
2373,-71.50256116607068,60,0.038087950881029155,nan,-0.017176391657932187
2374,-117.96509409746031,108,0.03299700032271556,nan,0.36575139671938406
2375,-84.70294709739218,62,0.08225705470069569,nan,0.6142174378165678
2376,-77.16691165831237,68,0.03035401211361707,nan,0.19545491307993906
2377,-101.49281246320068,92,0.03143315385165862,nan,0.45751807634550645
2378,-24.50929998156088,16,0.02817649000516866,nan,-0.14415726058380926
2379,-44.13301427425118,32,0.04017554395447373,nan,1.514447018854468
2380,-35.30423829321496,22,0.04405376918283083,nan,0.2863193764335889
2381,-106.47533752646402,96,0.03468654810087397,nan,1.0911756229223777
2382,-91.5311138975535,82,0.03155997979322325,nan,0.7922684622417352
2383,-35.39026230143401,26,0.031093583779583066,nan,0.15489676471333952
2384,-45.29987898515884,36,0.030794301275360224,nan,0.3268815742164208
2385,-31.05655245482051,22,0.029988584287485284,nan,-0.119387874022413
2386,-69.62076890199927,42,0.09145949967549423,nan,0.6827804147410407
2387,-69.24624387916543,56,0.04386173469922295,nan,0.3014945939589532
2388,-82.44018701543803,74,0.027947639123967357,nan,-0.0007811586747627508
2389,-28.6938837215217,20,0.028787694442124843,nan,-0.036762619829106
2390,-373.27515932857784,364,0.030712448107873744,nan,2.1169342190163314
2391,-92.33598282629366,72,0.06733769147779263,nan,1.4187502116956154
2392,-73.49296976341232,30,0.14401645617023925,nan,0.10505810362419471
2393,-30.06174815225598,14,0.05318459653064854,nan,0.01649898886752881
2394,-67.00247612426645,58,0.029809523590286213,nan,-0.22945791230662665
2395,-40.824799463851946,32,0.029221190277655247,nan,-0.6925113958507446
2396,-40.58022529251196,24,0.05490140825335039,nan,0.6231798630897211
2397,-64.13622288240173,56,0.03129316493231426,nan,1.768253634328654
2398,-38.0327611519423,30,0.02868843268550889,nan,0.2652430785976113
2399,-76.43479640566211,68,0.027929789422722194,nan,-0.03886412714923819
2400,-38.25498374714752,30,0.02733438326869997,nan,0.6341211219982009
2401,-48.86249791387106,40,0.02934601958235519,nan,0.4692484476484261
2402,-18.572836743496598,10,0.02838687663409463,nan,0.04620082995072562
2403,-36.276925404677655,28,0.02740703776383304,nan,0.6877935330055049
2404,-72.36230673547976,64,0.027689757402250777,nan,-0.6971756928932704
2405,-22.879310313386437,14,0.029401689779425266,nan,0.5430663442994709
2406,-84.92030146013758,72,0.04278245516601873,nan,2.0065974334810823
2407,-85.81550290255267,68,0.05899173146540594,nan,0.8311391956190616
2408,-166.33799333097676,158,0.027609249440319582,nan,0.1731945719729318
2409,-284.8822195104587,276,0.029411322882315388,nan,2.6360589734396576
2410,-96.00996592708492,88,0.026523065983724788,nan,-0.026367861486737004
2411,-120.84471040703721,112,0.029287120553103594,nan,1.767195557393226
2412,-89.6827572122013,82,0.027635817310076263,nan,-0.0624028151370786
2413,-82.75799140202098,72,0.03562248808616197,nan,2.590962767891358
2414,-66.88875629433795,56,0.03605548441833783,nan,0.90856085087212
2415,-37.52280551993997,28,0.0315324686090728,nan,0.38370766698225517
2416,-14.142620445730122,6,0.026962319356722143,nan,-0.5555267664329426
2417,-49.171951955817754,40,0.03077836226784522,nan,-0.12065267603320536
2418,-84.74052953786767,76,0.02894215078764081,nan,0.6350542293536933
2419,-33.81281097118663,26,0.029593980951464604,nan,0.6426997162123866
2420,-72.30059528413689,62,0.03410793140442725,nan,0.6568262005798516
2421,-56.4292838416976,48,0.0279115358996611,nan,0.3857161254233477
2422,-39.3741360438276,24,0.050907735244462,nan,0.765421448953277
2423,-64.70004225781796,56,0.028808086946416515,nan,0.47737858456660476
2424,-45.197679006361895,36,0.030455890749542157,nan,-0.06104340578380445
2425,-118.59745193845106,82,0.12118361569023575,nan,0.42249929211213977
2426,-80.33565432563704,72,0.027601504389526604,nan,0.3600539573599332
2427,-50.589252153759944,42,0.028441232297218393,nan,-0.10416703691862374
2428,-62.29585995360437,52,0.03409225150200093,nan,2.7154009158935843
2429,-39.93744697772261,32,0.026282937012326427,nan,-0.3254208273395855
2430,-48.37877594420728,40,0.027744291205984525,nan,-0.3051162473479631
2431,-176.70768418116023,132,0.14803868934159015,nan,-0.34205144892496037
2432,-68.05310286031273,28,0.13262616841163202,nan,0.4098344129420021
2433,-80.18762210846396,72,0.027111331484979986,nan,-0.13605275861704985
2434,-138.0588830644068,130,0.0266850432596254,nan,0.4720353491566358
2435,-60.02277673534239,34,0.08616813488523974,nan,-0.07301867850726332
2436,-56.75543924651447,48,0.028991520683822852,nan,-0.03687392238925353
2437,-65.95351247172184,48,0.059448716793780595,nan,0.9183279769791179
2438,-81.546941702803,70,0.03823490630067287,nan,1.573735851379395
2439,-43.51337855875714,34,0.03150125350581865,nan,1.1745692510171701
2440,-33.293602192271315,22,0.037396033749242656,nan,1.29595766267447
2441,-121.441894304203,82,0.1306022990205397,nan,-0.30231858310613485
2442,-47.09341272285108,38,0.030110638155136333,nan,0.20437927441274445
2443,-34.95196044248497,26,0.02964225312081111,nan,-0.24368345907951755
2444,-78.33950368776686,70,0.0276142506217448,nan,-0.44307627567361474
2445,-46.839810823127955,38,0.02927089676532418,nan,0.3731836325863672
2446,-77.93701671307765,70,0.026281512294958703,nan,0.48698673679937443
2447,-140.64813231570503,132,0.02863619972087759,nan,0.1951988090761006
2448,-119.11752490224069,78,0.13615074470940688,nan,0.246087221550252
2449,-62.931703531057984,54,0.029575177255158548,nan,-0.027633568110323775
2450,-125.71023689714926,106,0.0652656850898998,nan,0.21666115984834872
2451,-118.24489462449827,110,0.02730097557781059,nan,-0.24706060189201762
2452,-155.29379912446717,146,0.03077416928631231,nan,1.1486976622943827
2453,-27.060164233826544,18,0.030000543820617537,nan,0.31032138121208724
2454,-120.61907054613485,112,0.028539968695811532,nan,1.8165347040001771
2455,-57.05275194476365,48,0.029975999817097847,nan,-0.21888981499493898
2456,-46.55085856816863,40,0.02729524403403609,nan,3.196616367827616
2457,-75.64253834655396,60,0.051796484591238943,nan,1.6346448534041864
2458,-57.48848864645268,8,0.16386916770348547,nan,-0.31729424609725565
2459,-44.119439716349426,36,0.028192499015101964,nan,2.27593347250796
2460,-51.19485134757913,40,0.03706904419728169,nan,0.007950742481466627
2461,-86.76050966064251,78,0.029008310134576904,nan,0.5645170631363605
2462,-86.01409423543203,78,0.026536735878914166,nan,-0.1220789400854885
2463,-183.52655257209378,174,0.0315448760665345,nan,0.7119125196355586
2464,-16.942508874559422,8,0.029610956538276317,nan,-0.38009778825132123
2465,-48.79131958112792,40,0.02911032973883421,nan,-0.19613174492241167
2466,-38.45947335423016,30,0.02801150117294774,nan,0.03501435761703857
2467,-50.85441286866846,42,0.029319247909498376,nan,0.28189224939259844
2468,-26.399863067075586,18,0.027814116116144386,nan,2.0736421059724948
2469,-41.360812833900354,32,0.030996068986424628,nan,0.547497675088905
2470,-42.71208206197984,34,0.028847953847615786,nan,-0.017394135712270296
2471,-70.6415550497981,62,0.028614420694696215,nan,0.2616084881180077
2472,-132.60085615845188,122,0.035102172710106516,nan,0.9470947206053507
2473,-47.27408102660353,38,0.030708877571535183,nan,0.3090461012687602
2474,-80.09296878417261,72,0.026797909881366457,nan,0.28131040095124976
2475,-29.17891449568235,20,0.030393756608219472,nan,-0.016465951194805525
2476,-29.472390277917786,20,0.03136553072158192,nan,0.2954425115490237
2477,-68.27761328829729,60,0.02740931552416383,nan,-0.1461829935414069
2478,-58.956126388796775,50,0.02965604764502283,nan,0.19038712277427156
2479,-83.04687604312036,74,0.029956543189139758,nan,2.6941830833235216
2480,-99.60067879851913,90,0.03179032714741509,nan,-0.011135361968140297
2481,-54.338581956908655,42,0.04085623164539299,nan,0.12522773172017126
2482,-45.29327333760251,36,0.030772428270206806,nan,-0.002730144063803554
2483,-50.28405844338525,42,0.027430657097302566,nan,0.00530457234612222
2484,-8.058596179700068,0,0.02668409331026514,nan,0.41041107196622956
2485,-61.14807235349888,52,0.030291630309598767,nan,0.6515261228168568
2486,-98.49421562368686,86,0.04137157491287082,nan,0.21072086076020297
2487,-32.15342937381033,24,0.026998110509305995,nan,0.8043445097765152
2488,-47.132054356291846,40,0.028758283694724728,nan,1.308056264261916
2489,-86.10907617021337,78,0.026851245596733065,nan,0.28949611382238993
2490,-23.603714450794882,14,0.031800378976141866,nan,0.28340925987442145
2491,-125.45338982286455,116,0.03130261530749965,nan,2.444881189627718
2492,-8.646183494875565,0,0.028629746671773405,nan,-0.39807948298669044
2493,-117.80625625626743,84,0.11194124588168082,nan,-0.558661819976679
2494,-209.41190164425205,186,0.07752285312666232,nan,1.0933115600245937
2495,-24.144493507995794,16,0.026968521549654942,nan,0.08160692747390909
2496,-70.14332701743119,62,0.026964658998116675,nan,0.46198032217486035
2497,-67.10608561514651,58,0.030152601374656755,nan,0.49166412853569064
2498,-194.44925389289864,186,0.02797766189701537,nan,-0.14904541811298283
2499,-10.147997134324122,0,0.03360263951762952,nan,0.16795912097602936
2500,-58.35649077624941,50,0.02767049925910427,nan,0.15522992515655865
2501,-47.19460601314561,38,0.030445715275316615,nan,0.13756888621048816
2502,-81.85490996407745,72,0.03263215219893263,nan,1.5659951146611857
2503,-45.58825051880505,36,0.031749173903328605,nan,0.1243528388167881
2504,-84.86247892275608,76,0.029345956697867683,nan,0.14040466748618513
2505,-70.79563425460081,42,0.09534978230000304,nan,1.6971710784480072
2506,-52.67349285004473,44,0.028720175000148195,nan,0.3006341218256811
2507,-79.20909552179083,66,0.043738726893346604,nan,1.3285046595064418
2508,-93.79155398805526,86,0.02579984764256742,nan,-0.4721860260758564
2509,-44.50054714630645,36,0.028147507106975327,nan,0.12842352522511286
2510,-34.52658650403932,26,0.028233730145825576,nan,0.6518979004561894
2511,-279.3511192960953,270,0.030963971179125277,nan,0.3622756741798299
2512,-68.61102744473587,60,0.02851333590972125,nan,0.3128405931769232
2513,-65.16096912360464,54,0.03695685140266432,nan,2.7525940507054036
2514,-32.41833319804121,24,0.027875275490202845,nan,-0.9561625446562982
2515,-42.18229058202129,34,0.02709367742391202,nan,0.0036797819890402603
2516,-84.22534606833413,76,0.027236245259385703,nan,1.3939469128413071
2517,-57.400077839772514,40,0.057616151787326236,nan,0.43183141214721404
2518,-304.80916945245787,296,0.029169435273040174,nan,0.2346603001026122
2519,-33.266804743627056,26,0.025952874084382144,nan,-0.4989651814649655
2520,-44.251458929938636,36,0.027322711688538302,nan,0.2461842356581204
2521,-84.51079827814976,76,0.028181451252152084,nan,1.1769072261297788
2522,-37.86339004089852,26,0.039282748479796493,nan,0.8058539682118814
2523,-48.71772184240836,40,0.028866628617246953,nan,1.1045653753762252
2524,-106.22485288192594,74,0.1067048108673043,nan,-0.05464436419598068
2525,-169.3465424204928,138,0.10379649808110275,nan,0.1925473552562654
2526,-47.81816510391485,38,0.032510480476538865,nan,0.9588350417662569
2527,-70.13947293745669,62,0.02695189714389616,nan,-0.790016582974912
2528,-49.75655199810409,42,0.025683947013589965,nan,-0.22540554216359773
2529,-41.252906406815804,24,0.05712882916164162,nan,0.22980238652756493
2530,-46.6136111124511,38,0.028521891100831285,nan,0.9844191011433823
2531,-100.53658744174025,92,0.028266845833576807,nan,0.10060350649534502
2532,-35.16990376388296,26,0.030363919747956433,nan,0.02444954064215182
2533,-47.97258505263385,38,0.033021804810046476,nan,-0.1383827093681814
2534,-110.19226478624421,102,0.027126704590212956,nan,0.9835905264681758
2535,-29.61148302664785,20,0.031826102737244656,nan,0.22826025484751183
2536,-43.08468456403546,22,0.06981683630475345,nan,0.2512650562476502
2537,-113.56201353782447,94,0.06477487926431948,nan,-0.5042364631882801
2538,-62.83744758769018,50,0.04250810459500016,nan,1.026317711348075
2539,-38.58848564255696,30,0.030893833246608052,nan,0.26350198518323087
2540,-80.05990772924439,72,0.02668843618955092,nan,-1.419136713498441
2541,-64.32485928348179,56,0.027565759216826795,nan,1.0244460689994839
2542,-21.509446762780605,14,0.025542335927825247,nan,-0.46382745981353435
2543,-34.81158171370904,26,0.029177422893076444,nan,0.19492990946198085
2544,-62.34297896101425,54,0.02762575814905331,nan,-0.063899250147302
2545,-86.47418891210509,78,0.028060228185778663,nan,0.3203177578509816
2546,-80.60427769269651,72,0.02849098573740509,nan,-0.6531641128627947
2547,-170.0578269754517,160,0.03330406283262144,nan,0.9670362297611292
2548,-32.83581527859735,24,0.029257666485421836,nan,-0.08982501046304955
2549,-101.14955899035944,92,0.030296552948210022,nan,-0.16414679624764741
2550,-34.78285610955814,26,0.0290823049985371,nan,0.08573806708623094
2551,-20.822841220982554,12,0.029214706029743454,nan,-0.032495929800893913
2552,-49.03882935524086,40,0.02992989852728762,nan,-0.2665998801740121
2553,-44.129676171099675,24,0.06665455685794582,nan,1.9338343513863152
2554,-97.81125148568516,74,0.07884520359498484,nan,0.3653863729290895
2555,-19.516566923924753,10,0.031511811006373326,nan,1.2201187161588425
2556,-283.5101923124933,260,0.07784831891554152,nan,0.7520148253204788
2557,-16.34303416231392,8,0.02762594093481428,nan,0.2132823693491819
2558,-111.78346505882686,80,0.10524326178419467,nan,-0.16847355986902157
2559,-64.28874428807714,56,0.0274461731393281,nan,1.0339905004310985
2560,-9.229910674179001,0,0.030562618126420523,nan,-0.013671353272014353
2561,-32.280387939815824,22,0.034041019668264505,nan,0.5141178777266374
2562,-150.83647295307128,142,0.029259844215467287,nan,1.7159174551650733
2563,-68.58396226363365,60,0.028423716104747226,nan,0.8292333101522215
2564,-75.94031453809433,52,0.07927256469567698,nan,1.2542592779880495
2565,-124.24682602977369,116,0.027307370959516138,nan,-0.738132199196694
2566,-28.64327874966019,20,0.028620128310133032,nan,-0.010973148857251454
2567,-41.21896874524134,36,0.02438770441701542,nan,1.238110114575394
2568,-87.35909374427123,70,0.05748044286182575,nan,1.3865674905121903
2569,-85.26893137344108,74,0.03731434229616288,nan,0.09814542887720051
2570,-72.48065599812946,64,0.028081642377911838,nan,0.23012916603386216
2571,-43.55756817405933,34,0.031647576735296265,nan,0.5334298313858445
2572,-31.499002850134016,22,0.031453651821635724,nan,0.4026150435528453
2573,-54.887915685540705,34,0.06916528372695623,nan,1.0218685102638625
2574,-68.88162257982185,48,0.06914444562854881,nan,1.0167445169156089
2575,-9.562895119435893,4,0.02505808612358518,nan,0.8154805802326934
2576,-48.55899538137945,40,0.02834104430920324,nan,0.4810596347182437
2577,-70.2569987436522,46,0.08032118789288863,nan,0.24023343308498027
2578,-77.34659971554169,66,0.037571522236892925,nan,1.110032644930287
2579,-48.58717115524415,40,0.02843434157365574,nan,0.28696897114374187
2580,-42.33592632759417,34,0.02760240505825873,nan,0.25475924738528805
2581,-163.1386990802568,154,0.03026059298098053,nan,0.8620577367537926
2582,-36.5779911759127,28,0.028403944291101522,nan,0.038017292376613436
2583,-18.918553619311286,10,0.0295316345010308,nan,0.3883269600285572
2584,-103.7198311424867,94,0.032184871332736856,nan,0.7498873001032367
2585,-63.30261107479766,34,0.09702851349270702,nan,0.4170691173359064
2586,-56.581588502694196,48,0.028415855969185937,nan,0.37198859558160113
2587,-150.20955284248993,140,0.0338064663658611,nan,1.344179409951132
2588,-300.21825784834283,292,0.027212774332261543,nan,-0.49925098271270196
2589,-73.20144724358656,64,0.030468368356247198,nan,1.0312068083670567
2590,-48.89080839053664,40,0.02943976288257136,nan,2.130121930861469
2591,-100.67891176448174,68,0.10820831710093222,nan,0.1466454748935467
2592,-40.61869542879232,32,0.02853872658540457,nan,-0.012956541319168019
2593,-147.87753976859435,122,0.10108413972107318,nan,1.358983875586182
2594,-118.24474301468477,108,0.033922990114850574,nan,3.358996703040043
2595,-210.67833047703022,202,0.028736193632552733,nan,1.9228069381389015
2596,-153.20477676149494,144,0.030479393249983878,nan,1.4300122381860254
2597,-59.32591798218299,44,0.05074807278868589,nan,2.0868362261105746
2598,-261.23558263311014,242,0.06369398222883713,nan,0.770092201891312
2599,-120.44664281854548,106,0.04783656562432387,nan,-0.03662641341859685
2600,-47.325152761400275,20,0.09048063828278234,nan,0.12814872864123422
2601,-44.955992024790824,36,0.029655602731095212,nan,2.30937141618107
2602,-64.24887979682372,58,0.026255797465646147,nan,0.06052897968422426
2603,-58.62902391499517,48,0.03519544342713643,nan,2.479092927702197
2604,-66.81278039361818,50,0.05567145825701452,nan,1.0564583217311923
2605,-67.21899803787235,58,0.03052648356911395,nan,0.10468567456427147
2606,-113.05044794229991,104,0.029968370669867395,nan,0.7763047046268425
2607,-54.762177119401464,46,0.02901383152119643,nan,0.17557127406652584
2608,-62.91066662841841,54,0.029505518637147444,nan,0.3418130530583339
2609,-50.619045924291605,42,0.028539887166528277,nan,0.30074093770536453
2610,-152.99057362864497,134,0.06288269413458414,nan,1.8288754656571673
2611,-22.421414939122858,14,0.027885479930870496,nan,-0.33153229802060524
2612,-140.38902094215146,128,0.04102324815281898,nan,1.326120130235286
2613,-107.84360741340474,80,0.09219737554107395,nan,0.46133727881011233
2614,-112.67960390130666,104,0.028740410269228172,nan,0.44739262050188094
2615,-8.36860383091398,0,0.027895346103046583,nan,1.7012026788652777
2616,-86.81665464166052,78,0.029194220667750306,nan,0.17523524187970135
2617,-47.15841506428681,38,0.030325877696314243,nan,0.13342125463462898
2618,-97.50355866203337,88,0.031468737291500966,nan,0.7333307111163204
2619,-40.84131938828113,32,0.029275892014175672,nan,1.1741408859198028
2620,-56.22967451247926,48,0.027250577855891668,nan,-0.4342238219121829
2621,-72.01744307506783,62,0.03317034130817124,nan,2.600058378778176
2622,-20.973042674643217,12,0.029712061836566727,nan,0.423993409682194
2623,-63.123740942950825,54,0.030211062725002496,nan,0.18330001869565463
2624,-61.368277383329136,52,0.031020786037513282,nan,0.10271885218449547
2625,-68.34189243695975,60,0.0276221603872835,nan,0.18114492323909523
2626,-46.48209652427604,38,0.028086412332040206,nan,0.3051363900171235
2627,-91.07429320133032,82,0.030047328481226123,nan,0.05742405351007161
2628,-41.30511631041346,34,0.027055986334864737,nan,0.6309075289203258
2629,-307.00603719014555,294,0.043066348311740395,nan,0.49762435130966176
2630,-92.45312870164493,70,0.074348108283592,nan,0.39817915805006426
2631,-33.89462989958379,24,0.03276367516418516,nan,1.5419304967257703
2632,-42.4442588997651,34,0.02796112218465234,nan,-0.10385014205401616
2633,-51.03551817536341,42,0.02991893435550813,nan,0.5487527331926348
2634,-351.6642620129679,344,0.02537835103631845,nan,-0.06075504791226303
2635,-43.33140143003832,34,0.030898680231914947,nan,-0.1675030465649972
2636,-36.765820118114306,28,0.02902589443084207,nan,-0.11766544582942094
2637,-123.88126799328121,116,0.026096913885036724,nan,-0.17649884746827815
2638,-36.30886488614819,28,0.027512797636252265,nan,-0.04865227192748239
2639,-88.78016210875782,78,0.03569590102237712,nan,1.151348855156929
2640,-38.07359700216248,28,0.03335628146411379,nan,1.2685318571018882
2641,-70.02420206242549,60,0.033192722061010704,nan,0.4007870660147802
2642,-43.322225493314384,32,0.03749081289176931,nan,0.5076510372772097
2643,-223.98761209606926,216,0.02644904667572715,nan,0.09984537043563624
2644,-47.23451513437918,38,0.030577864683374777,nan,1.0182041733342975
2645,-20.937122571115648,14,0.02531796558801312,nan,-0.3169578071720848
2646,-35.30987971075319,26,0.0308274162607724,nan,0.3722078085064407
2647,-42.365266789811635,20,0.07405717480070058,nan,2.308035092843721
2648,-44.434697125286895,34,0.03455197723604921,nan,0.15328052661498076
2649,-83.23270408279932,62,0.07030696716158732,nan,2.2769395373818706
2650,-102.93989783188022,52,0.1686751583837087,nan,0.3504187802248133
2651,-58.66650089999882,50,0.02869702284767839,nan,0.8693948355251565
2652,-81.31171095129424,70,0.03745599652746467,nan,-0.49431570509043604
2653,-46.18424597213863,38,0.027100152225624157,nan,0.019819696776419322
2654,-38.00236529692266,30,0.026497898334180457,nan,-1.4560393205071889
2655,-36.29154381802897,18,0.08165867775905816,nan,0.24505859170531039
2656,-56.59442454127129,48,0.02845835940818239,nan,0.2578372094171484
2657,-76.81844940675305,68,0.029200163598520155,nan,0.3122942438164193
2658,-128.579568632526,116,0.04165420076995288,nan,2.3668157699651475
2659,-33.78491408396782,24,0.032400377761483,nan,0.06408399890708145
2660,-29.771699600942462,16,0.045601654307756444,nan,-0.07373214806717948
2661,-18.31682295823938,10,0.02753914886834256,nan,-0.0692295333969797
2662,-79.41542050066276,68,0.03779940563133384,nan,1.4015957968156871
2663,-157.15194839045486,148,0.03030446486905704,nan,1.825025489924642
2664,-59.05712497730004,50,0.029990480057284823,nan,0.548710465877909
2665,-31.66110221320462,22,0.03199040467948554,nan,0.2017604054319549
2666,-56.31474105545853,48,0.027532255150524838,nan,-0.1901892702004237
2667,-81.73777438163269,72,0.03224428603189625,nan,1.1591061313886393
2668,-76.83344753596008,68,0.029249826278013504,nan,0.8124998575168977
2669,-34.23059278298559,26,0.027253618486707376,nan,0.12506821553148822
2670,-68.58639353494864,58,0.03505428322830756,nan,0.13508318860996638
2671,-52.3267662129374,42,0.03419459010906449,nan,0.6277453395390779
2672,-40.670283458599414,32,0.028709547876157752,nan,0.0939574512680422
2673,-160.37221530645004,150,0.035766259677413904,nan,3.7809728242948264
2674,-50.88362603623041,44,0.028922798471556488,nan,0.3574257806863317
2675,-47.72121083226248,38,0.032189439841928666,nan,0.22497448532327288
2676,-32.65767997595975,24,0.028667814489933,nan,0.5620351178724232
2677,-147.75357839294395,138,0.03229661719517867,nan,1.4766873576424688
2678,-37.05291376166845,26,0.03659905219095516,nan,1.04289399900964
2679,-94.73688360684892,86,0.02893007816837356,nan,0.1344954005648021
2680,-82.90927584662337,74,0.02950091339941568,nan,-0.09721371996278538
2681,-70.85215442671722,62,0.02931176962489087,nan,0.26353379358658535
2682,-82.73054800657812,74,0.028909099359530437,nan,0.7128883191493274
2683,-87.24723362532633,80,0.030450561450952103,nan,3.2026547677585064
2684,-8.974123938975085,0,0.02971564218203666,nan,-0.5755939258902414
2685,-27.259469895783205,18,0.03066049634365316,nan,2.7150699178019804
2686,-31.22809329181056,22,0.030556600304008762,nan,0.12882186163630066
2687,-80.87292053301294,72,0.029380531566267572,nan,0.34432204009821277
2688,-42.56072104337254,18,0.08132689087209456,nan,0.8260085182205084
2689,-63.61414914955461,34,0.09806009652170426,nan,0.20998484292134084
2690,-50.659100546842744,42,0.028672518367029186,nan,0.7796934046047826
2691,-84.03403781742762,66,0.05971535701134974,nan,0.5132011622607952
2692,-63.340910856541846,52,0.03755268495543698,nan,0.3302077919029668
2693,-24.92718473450382,16,0.0295602143526614,nan,0.2816391502143908
2694,-32.45757125364239,24,0.028005202826630753,nan,0.11004867443936493
2695,-36.80628471369786,28,0.02915988315794018,nan,0.04007954541989872
2696,-29.15227494021636,20,0.030305546159656808,nan,1.8322776341778442
2697,-33.00709323191712,24,0.0298248120262159,nan,-0.13472210031209186
2698,-62.80539807095987,54,0.02915694725483405,nan,-0.16826904258728936
2699,-78.2733001915302,34,0.14660033176003348,nan,-0.5595940473275521
2700,-27.795563635834007,18,0.03243564117825826,nan,1.3747641852398447
2701,-34.62012522738346,26,0.028543461017825716,nan,0.754045174646327
2702,-74.76619316034007,66,0.02902712967000066,nan,2.14942636758105
2703,-81.71898607157519,72,0.03218207308468614,nan,2.509780803692642
2704,-56.61715712578997,48,0.028533632866854456,nan,0.7272148834516962
2705,-75.15615600345511,66,0.0303183973624336,nan,-0.11087349008966163
2706,-30.86364262852476,22,0.02934981002822799,nan,0.3332734650658175
2707,-75.95344143770843,68,0.026335898800359837,nan,-0.004403572805732371
2708,-36.37246286189715,20,0.054213453185090264,nan,1.6129946879168582
2709,-44.96233362929142,36,0.029676601421494916,nan,0.8531330349456537
2710,-44.48735112091128,36,0.028103811658647438,nan,0.0160996290947577
2711,-40.9462196164618,32,0.02962324376311882,nan,0.17523596449169201
2712,-182.30417520269634,172,0.03411978543939058,nan,0.5912473638659183
2713,-26.677050142245655,18,0.028731954113396005,nan,0.011887222007826735
2714,-34.34999122960741,26,0.027648977581481222,nan,-0.03672067683948734
2715,-40.076750834594705,32,0.026744208061571823,nan,-0.6582395075259125
2716,-52.642325095639286,30,0.07497458640940133,nan,-0.31654725184637916
2717,-73.39229407228883,64,0.031100311497646135,nan,0.2568563465046348
2718,-59.60853183246834,38,0.07155142990883569,nan,0.13642689427314633
2719,-63.11125127111586,54,0.030169706195747402,nan,1.0455039854423953
2720,-60.83343094434944,52,0.02924977133890556,nan,1.042761722516071
2721,-70.73055009378032,62,0.028909106270795414,nan,0.1713349664485119
2722,-9.046262694886702,0,0.02995451223472428,nan,-0.08486422872994194
2723,-71.70526549950485,50,0.07187174006458466,nan,1.061777418551948
2724,-44.25033200409007,36,0.027318980145993443,nan,-0.4329241798999442
2725,-70.08010537988237,62,0.026755315827425567,nan,0.017790999033778215
2726,-14.936367079060348,6,0.029590619467087267,nan,0.0010308478253666892
2727,-106.60028905414772,80,0.0880804273316158,nan,0.8988606968703402
2728,-108.02348035086318,86,0.07292543162537472,nan,1.3421603749092554
2729,-68.69131507697732,60,0.028779188996613744,nan,0.21006007771962168
2730,-54.04741239846083,50,0.023808308226239833,nan,1.3188354139606577
2731,-44.74425671365729,36,0.0289544924293286,nan,0.009990560325130123
2732,-41.02256890110014,32,0.029876055963908042,nan,0.2804763287614217
2733,-48.80995343494219,40,0.02917203124153029,nan,1.020216373851371
2734,-95.65530210669597,88,0.025348682472502486,nan,-0.596482661338337
2735,-77.08951840313017,68,0.03009774305672225,nan,0.2150487947164815
2736,-374.07514182469447,344,0.09958656233342686,nan,-8.167529637487421e-05
2737,-26.92517623854644,18,0.02955356370379621,nan,1.052332275523968
2738,-76.58860545970674,68,0.02843909092618112,nan,-0.13690147345973525
2739,-66.82111538018776,58,0.02920899132512491,nan,0.9139205394656781
2740,-71.04832936356385,48,0.07631897140252894,nan,1.1861255467272231
2741,-50.85651795918804,42,0.02932621840790736,nan,0.42494143386130895
2742,-70.48949986812451,42,0.09433609227855759,nan,1.401640592189814
2743,-119.20056096586443,110,0.030465433661803893,nan,3.527255761220015
2744,-124.43347072301972,68,0.18686579709609252,nan,1.9230571920250308
2745,-235.1325312584422,226,0.030240169729938902,nan,-0.2998981545575962
2746,-116.72235986400442,108,0.02888198630465004,nan,0.05201343810426716
2747,-42.70139426741015,34,0.02881256379937147,nan,0.5890515878344408
2748,-89.85469504994138,80,0.03263144056271957,nan,0.8213524106100931
2749,-75.54647444563052,60,0.051478392204075074,nan,1.815595747830519
2750,-20.14593107022516,14,0.02458372428090065,nan,-0.31106696918709204
2751,-146.79306480628165,138,0.029116108630070782,nan,1.15167659809863
2752,-24.414389961864217,14,0.03448473497306019,nan,2.8332167437434235
2753,-31.623187925274905,22,0.03186486067971814,nan,0.15031745986325284
2754,-139.3205886538492,130,0.03086287633724818,nan,-0.11031241740396135
2755,-88.40431534272297,80,0.027828858750738365,nan,0.2307618338462437
2756,-52.788202655079196,42,0.03572252534794411,nan,1.2353088538123862
2757,-55.1046057805821,46,0.030147701260205665,nan,-0.13743838540130254
2758,-96.98589927383216,88,0.029754633357060852,nan,0.5885134267051773
2759,-303.10667640169873,278,0.08313469007184841,nan,-0.0020311816527650056
2760,-152.3467623109622,134,0.06075086857934354,nan,0.8978030689235793
2761,-78.99593478919817,70,0.029787863540392187,nan,0.35714103209580655
2762,-128.7013979438001,118,0.03543509252913723,nan,2.8767105960600166
2763,-130.1972549732078,98,0.10661342706360238,nan,0.6122113273969666
2764,-76.73439433822823,68,0.028921835557047516,nan,0.7092489592863604
2765,-44.680917391360886,36,0.02874475957404258,nan,0.17887280940179195
2766,-63.11538309672801,40,0.07654100363154936,nan,0.7162626507983848
2767,-92.29613215726197,84,0.027470636282324216,nan,-0.24104830951596432
2768,-37.045167216458665,30,0.02887363613302686,nan,0.3962325446482282
2769,-201.7611752145909,196,0.026187160066322834,nan,0.47016492305990226
2770,-39.62568779450845,30,0.03187313839241176,nan,0.31809605145692016
2771,-89.79988307242895,36,0.17814530818685143,nan,0.08730023642153856
2772,-30.957851832582605,22,0.029661761035041537,nan,0.17606712494698212
2773,-85.06526867409599,58,0.08962009494733836,nan,-0.10281872772472904
2774,-258.49137655937926,250,0.02849455221268271,nan,-0.517673411115802
2775,-32.29911383033483,24,0.027480509371969632,nan,0.07732943923864823
2776,-43.17667837624162,34,0.03038635223921043,nan,0.6484688138612392
2777,-130.3166586495659,86,0.14674390281313238,nan,-0.24184901209884255
2778,-33.66095746266338,24,0.031989925373057594,nan,1.6265262901897093
2779,-26.96558743907227,18,0.029687375626067068,nan,1.0162629704971393
2780,-28.840518249175627,20,0.029273239235680867,nan,-0.3532899454666613
2781,-75.26316927656752,66,0.03067274594889824,nan,2.0924595189466997
2782,-73.96064251832067,64,0.03298225999443832,nan,0.25585745808663424
2783,-91.90504767906305,82,0.03279817112272553,nan,-0.5983532922208272
2784,-60.811777173008224,52,0.029178070109299264,nan,1.193102527106611
2785,-57.90035115355233,32,0.08576275216408064,nan,0.9657843782955824
2786,-112.02399072392862,98,0.046437055377247176,nan,2.7576553840144684
2787,-151.75043011159914,144,0.025663675866222674,nan,-0.02365127418187157
2788,-74.58156267187708,40,0.11450848566846743,nan,0.17956145864939133
2789,-55.45621496024592,36,0.06442455284849694,nan,-1.1002999028443845
2790,-49.35282355587182,40,0.030969614423416683,nan,-0.05291330370090637
2791,-40.79905062070019,32,0.02913592920761603,nan,0.2703339872017136
2792,-126.58199312666581,118,0.028417195783661614,nan,-0.5322315545451584
2793,-179.39994949253824,164,0.05099321024019136,nan,1.9251036631831566
2794,-56.95317001112844,50,0.026950271360962452,nan,-0.016824784883413154
2795,-54.94678232295339,46,0.034948368449037,nan,0.14835655925917307
2796,-106.72084499517928,98,0.02887697018271317,nan,-0.19917428819862593
2797,-13.428193228395553,4,0.031219182875482,nan,0.6378183116110979
2798,-23.572118304544354,14,0.03169575597531261,nan,-0.2832371667815397
2799,-40.6772987852699,32,0.028732777434668896,nan,1.344910275301933
2800,-10.57760202642145,0,0.03502517227291875,nan,0.4505928424329247
2801,-81.93551525192699,56,0.08587918957591788,nan,1.3534919487285837
2802,-61.76296294700829,52,0.032327691877511104,nan,0.2318398971500304
2803,-80.16100750003676,72,0.027023203642505895,nan,1.0650940558688857
2804,-130.70566263960873,122,0.02882669748214794,nan,0.6841448679736766
2805,-39.203556802501225,30,0.030475353650666392,nan,0.23188456647014802
2806,-78.72869616316001,70,0.028902967427682696,nan,0.5106154642672284
2807,-59.09029142149937,50,0.03010030272019713,nan,-0.08194382467132913
2808,-65.656179018383,56,0.03197410270987748,nan,1.1362043131788921
2809,-88.65483555866899,84,0.025860197548162253,nan,0.520046573819903
2810,-158.76435090823983,150,0.029021029497486518,nan,-0.3021560579535261
2811,-132.79635230326102,122,0.03574951093794988,nan,0.9271939888708324
2812,-62.33758578844181,54,0.028167519555546812,nan,0.38654909556569544
2813,-128.97607939746393,120,0.029722117210145317,nan,0.05006256597812383
2814,-12.306089229301655,4,0.027503606719541985,nan,0.2517759867129687
2815,-35.038133460218816,26,0.02992759423913532,nan,0.38971947157737763
2816,-96.58412365054672,76,0.0681593498362468,nan,0.030417195912365746
2817,-57.20124496569612,46,0.037090215118199224,nan,1.6616470416891003
2818,-52.64568114756312,32,0.06836318260782531,nan,0.29162697199210125
2819,-49.386857428020285,40,0.031082309364305703,nan,0.4728193174000669
2820,-34.41128099260873,26,0.027851923816585144,nan,0.07427686035944556
2821,-98.04162048161967,78,0.06636298172721654,nan,0.8021602502114306
2822,-94.33898067834309,84,0.03423503535875096,nan,0.741095822337388
2823,-116.03555038008892,106,0.0332302992718161,nan,1.4575048179307102
2824,-48.75248376266884,38,0.03560425086976357,nan,1.7741377373368807
2825,-79.5668900657888,60,0.06479102670791025,nan,2.11136423710182
2826,-36.547181413811856,28,0.02830192521129791,nan,0.0026350216997867537
2827,-13.626486929984898,0,0.04512081764895662,nan,-0.5264543794671811
2828,-291.84922485000277,282,0.032613327317890246,nan,3.237310337541073
2829,-106.65573707042132,58,0.16111171215371314,nan,0.6810078274950135
2830,-43.167531321829514,34,0.030356063979567655,nan,-0.13123520117292384
2831,-37.55166829205629,28,0.03162804070217394,nan,3.1061286601362847
2832,-100.78023969452735,92,0.02907364137260571,nan,1.0731638777706949
2833,-131.6540021658208,122,0.03196689458881063,nan,0.15668611810504096
2834,-110.33368110706918,102,0.027594970553209412,nan,-0.3144400669169298
2835,-179.99944820050797,170,0.033110755630821435,nan,2.2202479243209887
2836,-153.99665845511447,108,0.15230681607653893,nan,0.8883555861747368
2837,-98.95989486856148,74,0.08264865850517057,nan,-0.2527049039289673
2838,-60.02819671179593,52,0.026583432820516353,nan,-0.2172178835195022
2839,-60.336778259703074,52,0.027605226025506916,nan,-0.05667331112049125
2840,-33.105546488893815,24,0.03015081618839025,nan,1.1657920176903054
2841,-181.02380940200942,164,0.05637022980797791,nan,1.3194737081660346
2842,-72.38131992016558,64,0.027752714967435185,nan,0.4595507891742387
2843,-53.59184001999736,44,0.03176105966886529,nan,0.6822059099612579
2844,-57.54370344668093,48,0.031601667041990154,nan,0.13772335453774234
2845,-81.5371211492001,72,0.03157987135496718,nan,0.41028189024427714
2846,-74.63972575058395,66,0.028608363412529963,nan,0.31362880240300506
2847,-68.84617960169003,38,0.10213966755526516,nan,0.4899607434334921
2848,-30.239739419815894,22,0.027283905363629103,nan,2.1670580589918678
2849,-89.91480562199018,82,0.02620796563572923,nan,0.0909074485496254
2850,-32.379959724134316,24,0.027748211007067522,nan,0.13827356277619618
2851,-85.57859529931073,76,0.031717202977851404,nan,0.3544655532628569
2852,-54.91587176245395,46,0.029522754180310886,nan,0.017092216157335912
2853,-31.197560999009866,22,0.030455499996721386,nan,0.28255480165450314
2854,-8.762814489875508,0,0.029015942019455385,nan,-1.1506309336698182
2855,-52.03679981193602,42,0.03323443646336452,nan,1.7866697324904388
2856,-397.9929377050347,352,0.1522944957120364,nan,0.7048844760421059
2857,-66.18918434808279,58,0.027116504463849885,nan,-0.3057699590045107
2858,-30.127240324871426,24,0.026640175325527843,nan,0.569469912054989
2859,-93.7388528000883,84,0.03224785695393532,nan,1.0106272578913262
2860,-39.744060832740985,30,0.0322651020951688,nan,0.1884510323010533
2861,-207.90767411507485,198,0.032806867930710706,nan,1.8284804471704834
2862,-36.12903000256106,28,0.026917317889275125,nan,-0.48413768780733063
2863,-33.0466430454031,24,0.02995577167352013,nan,0.47787709134019485
2864,-42.63392156800317,34,0.028589144264911315,nan,0.5776725041694686
2865,-89.74477051923225,80,0.03226745205043841,nan,2.4852964829986846
2866,-33.7943678241125,26,0.025809164980504732,nan,-0.3154529126671325
2867,-59.48736523711278,42,0.057905182904347145,nan,0.7683813274134913
2868,-42.841490106965715,34,0.02927645730783362,nan,-0.5279269460527595
2869,-45.694252031157845,36,0.032100172288601916,nan,2.562894127572022
2870,-28.959622788203184,20,0.02966762512650071,nan,0.19787610654857177
2871,-86.78691973756935,78,0.029095760720427667,nan,-0.1872546856599977
2872,-34.841915154365495,26,0.02927786474955445,nan,0.04695702401426966
2873,-37.01338006805183,28,0.029845629364409994,nan,0.2966796656069278
2874,-58.96431515545623,50,0.029683162766411263,nan,0.6998120471976416
2875,-33.87631686419997,26,0.026080519417880865,nan,-0.37257125892742715
2876,-114.74180491605195,104,0.0355688904505023,nan,0.7236285295668374
2877,-22.96314060815718,14,0.029679273536944276,nan,0.46438209285916426
2878,-35.112756280034645,26,0.030174689668989146,nan,0.5763985165362462
2879,-52.859372198444646,34,0.062448252312730525,nan,1.0759605818699767
2880,-43.8982184482816,36,0.0270486933160333,nan,-1.0252057299357584
2881,-85.06287721770319,76,0.030009527210937883,nan,0.502091502093838
2882,-86.26178675417624,78,0.027356909782040018,nan,0.6170319621823188
2883,-76.18167598007054,68,0.027091642318114267,nan,0.07374460126902825
2884,-45.22130093221511,36,0.030534109047069803,nan,-0.18152627047638575
2885,-8.42694873391132,0,0.027903803754673287,nan,-0.0721195317382326
2886,-80.84066880178784,72,0.02927373775426424,nan,0.15241987810829433
2887,-30.136613819713872,20,0.040546455278855455,nan,3.645183193386346
2888,-81.42024606760138,60,0.07092796711126313,nan,0.05945564061281848
2889,-69.6941134776859,60,0.03209971350227198,nan,0.7260725246257239
2890,-146.82783914419585,114,0.10870145411985341,nan,0.00733412728131832
2891,-37.15227551434974,16,0.07004064739850903,nan,-0.09286200884415072
2892,-133.78988619280838,54,0.2642049211682395,nan,0.1373564188260684
2893,-34.476443567347964,26,0.02806769393161537,nan,0.10354068489808478
2894,-78.73097424687596,68,0.035533027307536345,nan,-0.00532055365516101
2895,-105.82799625681369,94,0.03916555051925104,nan,2.1854480364014526
2896,-66.30227718906004,58,0.027490984069735342,nan,-0.945492469619332
2897,-125.13773195280977,116,0.030257390572218063,nan,0.5346979407326083
2898,-115.11895326561236,106,0.03019520948878222,nan,-0.11348685599410564
2899,-61.12083563526898,52,0.030201442500890505,nan,0.07323829116068845
2900,-34.43723255427621,16,0.061050438921444544,nan,1.6885084347785886
2901,-34.9416234024572,26,0.02960802451144777,nan,0.9436211911054013
2902,-78.3174915872971,66,0.04078639598442814,nan,0.08751646893471711
2903,-304.31030507863625,296,0.027517566485550534,nan,1.281640362529553
2904,-14.472243256094172,4,0.034676302172497356,nan,0.5448437096526004
2905,-88.10624697288847,32,0.1857822747446656,nan,-0.2962390684609807
2906,-61.00044925769499,52,0.029802812111573172,nan,1.3726744750008875
2907,-50.700791618417135,42,0.02881056827290471,nan,0.22185077922857585
2908,-142.44346797991176,134,0.02795850324474065,nan,0.018115625536649037
2909,-59.34676943112306,32,0.09055221665934768,nan,0.4733764488670963
2910,-61.26197768609861,40,0.07040389962284316,nan,0.4499883256021915
2911,-94.14926551061984,72,0.07334193877688742,nan,1.760241732199577
2912,-69.76221509855681,62,0.025702699001843566,nan,0.10197910533490165
2913,-57.66961775078399,28,0.09824376738670151,nan,0.47926805041753917
2914,-124.86030563261902,116,0.029338760372909778,nan,2.971561845299278
2915,-93.05819704825858,84,0.02999402996112024,nan,-0.20774459570275453
2916,-173.75233899613525,164,0.032292513232238064,nan,2.5045525309900345
2917,-34.33708219137466,26,0.027606232421769964,nan,-0.5322083799002132
2918,-33.17059493776823,24,0.030366208403205943,nan,-0.04049372536821032
2919,-41.47462176082329,24,0.06285835165763798,nan,0.1403899963661859
2920,-110.36324969008759,100,0.034315396324792136,nan,0.9854235514809779
2921,-49.189672337518665,40,0.030429378601055074,nan,0.6426776114877449
2922,-22.694599740359468,14,0.02879006536542853,nan,0.412406344758231
2923,-61.478605596870366,34,0.09098876025453775,nan,1.2461423600473627
2924,-35.16508778743977,26,0.03034797280609221,nan,-0.01186053490506696
2925,-241.9949251174955,232,0.0330957785347524,nan,2.315894753732819
2926,-69.27662700693566,60,0.030717307969986212,nan,0.20087026756791482
2927,-89.46556087651635,80,0.03134291680965775,nan,2.5838662748593553
2928,-14.475330410557698,6,0.02806400798197912,nan,-0.5278627796058886
2929,-133.96671956449464,106,0.0926050316705135,nan,0.36136936794385155
2930,-63.90544620114887,52,0.03942200728857277,nan,1.3052649507755476
2931,-103.16174481619682,94,0.030336903364889638,nan,2.5887964760383517
2932,-18.670922112947263,10,0.028711662625653153,nan,0.2744253915688717
2933,-65.46839663044885,56,0.031352306723340224,nan,1.2020341666686816
2934,-39.66091884711904,30,0.03198979750701685,nan,-0.18495596601425005
2935,-46.970355918751096,36,0.036325681850169614,nan,1.8476411010547373
2936,-47.97249077847164,32,0.05288904231282021,nan,-1.4435057652947672
2937,-42.35199279254125,34,0.027655605273315464,nan,0.6905198475025249
2938,-28.87168324850025,20,0.029376434597682785,nan,0.06705427268829925
2939,-104.1272379673068,74,0.09975906611690953,nan,-0.8966761010681821
2940,-73.96160733263714,22,0.17205830242595008,nan,0.2263150548385279
2941,-38.142358079958015,30,0.026961450595888278,nan,0.16425651165322147
2942,-123.5662619041277,114,0.03167636392095282,nan,2.719812578198289
2943,-39.020209580358646,30,0.02986824364357154,nan,-0.3581272441685512
2944,-30.753741068585505,22,0.028985897578097535,nan,-0.019116478074890936
2945,-67.05754284354867,58,0.0299918637203597,nan,-0.05282755906089203
2946,-53.92627876536775,38,0.05273602240187981,nan,-0.031036868178754402
2947,-40.6382661484598,30,0.03522604684920489,nan,1.305381581855981
2948,-85.0846497808775,76,0.03008162179098563,nan,0.976581281157818
2949,-84.57226652519216,76,0.028384988494014406,nan,-0.3397702406468918
2950,-69.22201235599658,20,0.16298679588078377,nan,0.6691850791685283
2951,-80.74755272101581,72,0.028965406360980335,nan,1.1997614448663427
2952,-45.42458029086113,36,0.03120721950616258,nan,0.859804131820846
2953,-28.999352443048227,20,0.029799180274994196,nan,0.002170014379924589
2954,-18.651510639594797,10,0.028647386223823772,nan,1.8415831830032114
2955,-16.670819005738153,12,0.022896171596755575,nan,0.9750261204539771
2956,-39.92331085328841,32,0.026236128653272694,nan,-0.08416359581597556
2957,-101.85048104718142,90,0.03924000346748833,nan,0.0473839183470592
2958,-23.798489859665736,14,0.03244533066114467,nan,0.5861968596956217
2959,-32.52577717029982,16,0.05472111645794636,nan,0.08801418685936176
2960,-71.62399098338504,64,0.028029378615385233,nan,-0.27163953680210395
2961,-64.61723440108551,56,0.028533888745315872,nan,-0.12516656386134423
2962,-60.27618477462671,52,0.027404585346445638,nan,-0.4346122034296962
2963,-88.91276581773056,70,0.06262505237659191,nan,0.5188136927052617
2964,-59.541149399477504,50,0.031593209932044904,nan,0.27964058677628884
2965,-65.60958419815076,56,0.031819815225664974,nan,1.1659507880875508
2966,-78.80207085652714,50,0.09537109555141426,nan,0.28655133701367297
2967,-109.03239464232685,82,0.08951124053750689,nan,1.2803805530009196
2968,-91.34804324323763,70,0.10263482328479744,nan,1.5457055075273625
2969,-100.26772099565386,90,0.03399907614454887,nan,0.656704637586638
2970,-60.97853524384086,52,0.029730249151790976,nan,2.1235825022071944
2971,-64.91866268683627,50,0.049399545320649905,nan,-0.020173524310565648
2972,-213.23561027224827,206,0.029899216001026845,nan,1.5270475806626067
2973,-45.10900866948725,36,0.030162280362540466,nan,0.14794183925456453
2974,-117.01145665917049,108,0.029839260460829412,nan,0.2502594963328247
2975,-100.11919537420867,92,0.026884752894730215,nan,0.3370901344656645
2976,-63.1500419270096,54,0.030298152076190188,nan,-0.6229952425490108
2977,-37.014979497019546,28,0.029850925486819547,nan,-0.0807113284398555
2978,-112.81933556097843,104,0.02920309788403371,nan,-0.02481268999654035
2979,-39.42109742750802,30,0.03119568684605276,nan,-0.05755914000282372
2980,-24.821750232595935,16,0.029211093485416978,nan,-0.34582177551078924
2981,-116.78110473221277,108,0.029076505735803938,nan,-0.061135477085045804
2982,-168.54481727774694,158,0.034916613502473326,nan,2.6288658552937245
2983,-174.1935395380598,166,0.027130925622715202,nan,0.3165525556803131
2984,-66.38475332238527,58,0.027764083848957417,nan,0.09723102321242297
2985,-106.83639401788133,94,0.04250461595324953,nan,0.22045925922941614
2986,-110.02129337342903,82,0.09278573964711616,nan,1.1716661941286697
2987,-55.7503704214012,32,0.08023773791013895,nan,0.5516572075040942
2988,-30.703137525993455,22,0.02881833617878642,nan,0.1250879122042028
2989,-75.87539252390357,68,0.026251308413011376,nan,-0.5862470923359312
2990,-108.05394376456681,100,0.026668687962141054,nan,0.4371245200595809
2991,-44.762362049635584,36,0.029014443872965156,nan,0.6542709134558033
2992,-90.0064907941744,80,0.03313407547739926,nan,2.9326133681741076
2993,-41.360601162951546,32,0.030995368089243483,nan,-0.17641517526452008
2994,-36.96191446638261,28,0.029675213464842868,nan,-0.6979788645989391
2995,-79.83999279545887,72,0.0259602410445659,nan,-0.07194493459302481
2996,-24.501622757426357,16,0.028151068733199655,nan,-0.11063023919859494
2997,-52.75710850237743,42,0.03561956457740856,nan,1.7273869781671647
2998,-66.9515734454859,50,0.05613103789896005,nan,-0.04626545730730772
2999,-60.88518741536809,52,0.029421150382013244,nan,0.4957502313106265
3000,-162.4871791284575,154,0.02810324214721039,nan,0.19308306226620162
3001,-72.81731810055035,64,0.02919641755149136,nan,-0.07569014489803136
3002,-89.73948753112359,48,0.13821022361299184,nan,0.11129781623731949
3003,-101.67248347414086,92,0.032028090973976533,nan,0.24583569177987658
3004,-202.2363114464122,194,0.0272725544583206,nan,0.7649585327755704
3005,-29.381544333760377,20,0.031064716336954918,nan,0.09221668766721576
3006,-47.122440706513046,36,0.03682927386262632,nan,0.9163645635790728
3007,-137.97453341657777,120,0.05951832257144956,nan,-0.3504033804881935
3008,-55.0499444065961,46,0.02996670333309966,nan,0.9918652924075291
3009,-123.47794318956664,112,0.038006434402537995,nan,1.7688723787624505
3010,-343.6826208668857,310,0.11153185717511677,nan,1.6582807311933143
3011,-84.38071671462195,76,0.02775071759808604,nan,0.47168248510140454
3012,-59.58981882323555,52,0.027499343562447345,nan,0.2963305349912211
3013,-160.87488890432712,152,0.029387049352077917,nan,0.4366325652624044
3014,-44.00990389941611,36,0.026522860594092968,nan,-0.506042611449556
3015,-134.15983819367588,126,0.02701933176713699,nan,0.25351976307763546
3016,-67.94842879711751,52,0.05280936687787245,nan,1.3664396079843062
3017,-33.253162616219626,24,0.0306396113119853,nan,2.065833364812571
3018,-95.96377280513032,64,0.10584030730175639,nan,1.5901938726804443
3019,-131.7096825417497,124,0.02552875013824464,nan,0.22629733209550074
3020,-65.27235421684009,56,0.030703159658411028,nan,0.7897500393786466
3021,-22.828682625073323,14,0.029234048427394868,nan,-0.0018343779585318061
3022,-55.8572483290179,48,0.026017378572906598,nan,0.3194935065132893
3023,-303.4085557787666,276,0.09075680721445949,nan,0.7898244031186875
3024,-70.66974609687395,40,0.1015554506518999,nan,0.6220091959356719
3025,-92.31204298062259,84,0.027523321127889203,nan,0.39443611501359893
3026,-116.00026620381304,88,0.09271611325765894,nan,0.4538436920556898
3027,-64.06306695863714,40,0.07967902966436173,nan,1.4772634309500654
3028,-72.5154349725754,58,0.04806435421382565,nan,1.3489258879670774
3029,-159.61716852931428,150,0.03184492890501303,nan,1.0520635451482754
3030,-134.95060462655164,126,0.02963776366407952,nan,0.5478876619544251
3031,-40.477289928719806,32,0.028070496452714245,nan,0.43811940682461387
3032,-76.94694778007316,68,0.029625654900904158,nan,0.14953953733237726
3033,-42.19268658252809,34,0.027128101266649413,nan,0.7231046697411829
3034,-53.30597018418721,26,0.09041711981518938,nan,-0.2515528223747141
3035,-39.87408584662924,30,0.032695648498772184,nan,0.8138275257518379
3036,-24.894987642876952,16,0.02945360146648031,nan,0.24131141344651222
3037,-34.2990868227915,26,0.02748041994301809,nan,-0.5570614123965971
3038,-59.93944459575386,40,0.06602465097931703,nan,1.9961512596440496
3039,-26.255309258107797,18,0.02733546111956215,nan,0.0838652701345496
3040,-75.61383781300555,60,0.051701449711938366,nan,-0.20783202949431817
3041,-421.72768418071684,410,0.03883339132687642,nan,2.1232351278479324
3042,-34.74434855987588,26,0.028954796555880433,nan,0.8663310270039488
3043,-93.63716482732738,78,0.051778691481216346,nan,0.5922348085441627
3044,-290.53671527969783,282,0.028840254323303297,nan,2.79529060902085
3045,-32.52588459606207,24,0.028231405947225143,nan,-0.23226827267308361
3046,-107.05506823428196,98,0.02998366964993958,nan,0.8554044452293881
3047,-46.68212896912132,38,0.028748771420931758,nan,0.45459736377006205
3048,-110.79316265066264,102,0.02911643261808768,nan,1.1696070657781092
3049,-110.47781427523577,100,0.03469474925574752,nan,-0.07658182800381633
3050,-54.21099639188641,46,0.027188729774458395,nan,0.190644934468144
3051,-23.34137325247682,14,0.030931699511512548,nan,0.6159322784584484
3052,-9.033498045906452,0,0.029912245185120718,nan,-0.22391834951133857
3053,-51.46896099468815,42,0.03135417547910028,nan,1.063462412891029
3054,-343.3560417371292,336,0.031982790161427514,nan,3.6268409954706895
3055,-108.13220523701496,98,0.03355034846693775,nan,0.4910054824643658
3056,-56.48801027932552,42,0.04829336759775146,nan,2.719099435166708
3057,-182.56455464061344,172,0.03498196900865131,nan,2.1689768197108212
3058,-328.0890894793549,308,0.06652016383892262,nan,0.23026702093879464
3059,-36.98694521110422,28,0.02975809672551078,nan,0.08754887749087867
3060,-84.41812412937126,76,0.027874583209838037,nan,-0.3195362813567815
3061,-89.76588570675517,62,0.09194001889653985,nan,0.5606654889631819
3062,-21.205576766813813,12,0.030482042274217958,nan,0.2491530567963472
3063,-70.86974962116727,44,0.08897268086479275,nan,0.31414205943163337
3064,-92.30429344029692,76,0.053987726623499065,nan,0.8052751722360502
3065,-42.24159565500906,34,0.027290051837778388,nan,-0.2504492659496825
3066,-9.316026396156868,0,0.030847769523698228,nan,0.29008186222547483
3067,-29.207503350735177,18,0.0371109382474674,nan,1.0473985457742765
3068,-18.472135362741906,10,0.028053428353449938,nan,-0.6264638005063711
3069,-108.72450326409407,100,0.028889083655939986,nan,-0.04305477411544416
3070,-49.17614116985719,30,0.06349715619157946,nan,0.4442773130850324
3071,-50.35677911179567,42,0.027671454012568403,nan,0.17755952099645017
3072,-73.74278703639126,52,0.07199598356421028,nan,0.6811736075653207
3073,-52.87724560924984,44,0.02939485301076154,nan,0.5378134763019394
3074,-42.48249368684551,32,0.03471024399617647,nan,2.8938225081058633
3075,-115.9492426855808,62,0.17863987644232057,nan,0.41538218231671276
3076,-20.730036328631144,10,0.04546625562979289,nan,0.5312005861754264
3077,-37.74039512939662,30,0.025630447448332993,nan,-0.22274735177056063
3078,-38.978247372108775,30,0.029729295934134994,nan,1.4044885006992476
3079,-38.72506848040652,30,0.028890955233133956,nan,0.03377369193650091
3080,-42.9029832520924,20,0.07583769288772295,nan,-1.4403847433692956
3081,-70.55589426341948,60,0.034953292262977886,nan,1.6449186179589554
3082,-115.22393433988263,106,0.030542828940009197,nan,1.050019643150544
3083,-161.98427491965137,122,0.14178820893493418,nan,-0.7057564545388115
3084,-137.50019801081868,104,0.11092780798284252,nan,0.9419565957243129
3085,-144.6866669092659,136,0.02876379771280076,nan,0.0883309557262788
3086,-33.437617609414296,24,0.03125038943514678,nan,1.5011439380137672
3087,-39.52261734989489,30,0.03153184552945332,nan,2.766296424953512
3088,-33.31223894661177,24,0.030835228300038778,nan,0.4873794260312994
3089,-43.07023663589193,34,0.03003389614533735,nan,-0.19896034820526468
3090,-153.46858636001295,140,0.044597968079513606,nan,0.1119159365224726
3091,-85.4604937494189,54,0.10417382036231383,nan,0.8472705892257898
3092,-52.79991133183285,44,0.029138779244479617,nan,-0.5308472689603138
3093,-60.84814686983047,52,0.02929849956897447,nan,0.2059251705899454
3094,-46.86363105495928,38,0.029349771705163036,nan,0.12722661205781746
3095,-47.15108034234324,38,0.03030159053756073,nan,0.006912559123450754
3096,-122.99216876169672,114,0.029775393250651053,nan,1.3880433547194309
3097,-44.55622185230952,36,0.028331860438111273,nan,-0.10299186854382718
3098,-169.95492800156666,160,0.032963337753533425,nan,1.2603062412095956
3099,-61.624096168033624,52,0.03186786810607168,nan,-0.6061255392690852
3100,-75.7328734412795,66,0.03222805775258071,nan,2.2632758539382043
3101,-141.8901622517362,124,0.059238947853431756,nan,1.7512524312456133
3102,-93.3168635346732,84,0.030850541505539654,nan,-0.7110183426186701
3103,-59.578922001257666,48,0.03834080132866796,nan,3.1300927046212657
3104,-54.788240431419965,46,0.029100133878874244,nan,0.0936748001079957
3105,-52.16387105593973,44,0.02703268561569451,nan,-0.7388036096520698
3106,-103.406239830103,94,0.031146489503652088,nan,1.0950351225545272
3107,-50.82471544626178,42,0.029220912073714907,nan,0.45976626219664274
3108,-31.11350586985603,22,0.030177171754490303,nan,0.624745151144144
3109,-108.28101774018054,96,0.0406656216562266,nan,0.807209218651155
3110,-109.65690323514772,98,0.04075840292009642,nan,2.927500092781351
3111,-43.466877580620256,34,0.03134727675702071,nan,0.014959439470676322
3112,-40.90730151847119,32,0.029494375888977457,nan,0.3551899622485893
3113,-68.89019058652907,60,0.029437717173936482,nan,0.03448261541889917
3114,-62.821665751942234,52,0.03583333030444423,nan,1.6543580663225472
3115,-138.32121541726875,130,0.02755369343466477,nan,0.14454002220897522
3116,-88.51144136250339,62,0.08778622967716271,nan,0.09241811788320196
3117,-64.12573326880153,46,0.06427564988936715,nan,0.7892247341190141
3118,-123.46625314012232,96,0.09094785807987531,nan,0.03475618357523437
3119,-80.10567943082258,72,0.027759176132953825,nan,0.3178626390346461
3120,-68.86336275273484,60,0.02934888328720105,nan,0.0773784266674154
3121,-24.49215350527841,16,0.02811971359363691,nan,0.0010754413885509268
3122,-93.79519587587427,70,0.078792039324088,nan,0.953304487577638
3123,-66.06267710566165,58,0.026697606310137328,nan,0.15709579561857062
3124,-62.68183275747771,54,0.0287477905876748,nan,0.27352151143095155
3125,-131.8529823651621,116,0.05249331908994108,nan,0.1895905381862293
3126,-40.436096422885186,32,0.027934094115513484,nan,0.5223568558874109
3127,-86.48085045428336,38,0.16053261739828922,nan,0.2344389535178313
3128,-92.0665812967734,70,0.07306814998931659,nan,0.2886672920627654
3129,-64.81305963130929,56,0.029182316659964815,nan,0.530295303261192
3130,-37.95215308812496,28,0.032954149298427195,nan,1.7741706700307867
3131,-27.047296785731962,18,0.029957936376595815,nan,0.41288559470281955
3132,-18.10487588777528,10,0.02683733737673933,nan,-0.20162698024296394
3133,-20.61800128920385,12,0.028536428109946502,nan,0.2592019543427949
3134,-56.034787373530044,44,0.039850289316324804,nan,1.2398489458578954
3135,-70.92275743867097,50,0.0692806537704337,nan,1.0816401386762267
3136,-77.32250148724872,52,0.08384934267300911,nan,0.8908803898093309
3137,-64.93006955554937,56,0.029569766740229247,nan,0.29528971409599764
3138,-14.162697804789248,6,0.02834270071107376,nan,0.7016449007979342
3139,-94.63314078323579,86,0.028586558884886825,nan,-0.09777662863073402
3140,-44.7263635997705,36,0.028895243707849034,nan,0.40422881380647163
3141,-97.99829882997687,90,0.02648443321184377,nan,0.8892206160749451
3142,-46.982856638590036,38,0.029744558405927383,nan,0.30186052215092857
3143,-107.42202240193531,98,0.031198749675283396,nan,1.6311611889067819
3144,-165.14978912090208,156,0.03029731496987233,nan,1.4250483974849493
3145,-27.134536005356747,18,0.03024680796475739,nan,0.30195684198279316
3146,-69.7517206502414,48,0.07202556506702416,nan,0.9174296247307596
3147,-78.79667798696052,70,0.029128072804505176,nan,0.32500815042851583
3148,-43.12637579289991,34,0.030219787393708217,nan,1.0617271646569597
3149,-90.87086820221162,72,0.06248631855036898,nan,0.5107069783070742
3150,-402.9032685170643,394,0.029481021579686927,nan,1.385474729089418
3151,-43.21594309244323,34,0.030516367855772046,nan,0.612472543540366
3152,-90.55828004566781,82,0.028338675647907423,nan,0.27071098883610084
3153,-29.09913269570883,20,0.03012957846261195,nan,-0.54405091114794
3154,-44.618665678121374,36,0.02853862807324948,nan,0.4913985284164982
3155,-105.8114476379131,98,0.025865720655341255,nan,0.6416486204968802
3156,-59.267278249973046,50,0.030686351821103037,nan,1.6197051730287564
3157,-34.3646890753919,4,0.10054532806421144,nan,-0.9259164439076373
3158,-54.32450721588069,46,0.027564593430068337,nan,-0.17596482720784226
3159,-8.804034426035455,0,0.02915243187428963,nan,0.28235061450480536
3160,-126.59036326965125,116,0.035067428045202784,nan,1.4822587805354717
3161,-42.93199639355943,32,0.03619866355483257,nan,0.6845798976880125
3162,-76.70292406939986,68,0.028817629368872524,nan,0.6840349785371418
3163,-19.057894998886535,10,0.02999302979763768,nan,0.48964842002667697
3164,-112.1384838810942,100,0.04019365523541139,nan,0.042341437837695284
3165,-58.015926476467584,48,0.03316531945850169,nan,1.7132547173684536
3166,-57.13202891076788,48,0.030238506327046402,nan,0.2934174836173404
3167,-58.30938216528647,50,0.027514510481081847,nan,-0.02215810123821782
3168,-42.35010064518355,34,0.027649339884714328,nan,0.10274990245515622
3169,-21.516188641135113,12,0.03151055841435486,nan,0.22180386271384786
3170,-70.11850307767571,62,0.026882460522105307,nan,1.4320710950540703
3171,-83.92806867672654,64,0.0659869823732666,nan,-0.6349600059730673
3172,-93.75289684544921,64,0.10330866960225424,nan,0.7762082017995352
3173,-21.445893260893293,12,0.0312777922546135,nan,0.7500750352879862
3174,-153.6188844722785,144,0.031850610835359,nan,1.5561547830839986
3175,-36.378034678596826,26,0.0343643532403868,nan,1.255947155366106
3176,-105.09793503496711,88,0.05661567892373261,nan,1.3963696464664914
3177,-49.897428577951054,38,0.03939545886738764,nan,0.9074159615271838
3178,-19.680249599659728,12,0.025431290065098547,nan,0.05235754076749185
3179,-96.50120658549588,86,0.03477220723674098,nan,2.0571420301111965
3180,-68.79798259715018,60,0.029132392705794888,nan,1.9255749129791997
3181,-73.07166711294346,64,0.03003863282431653,nan,-0.04135148035430208
3182,-88.4596612135341,80,0.02801212322362273,nan,0.7865536421017
3183,-46.00849074786511,10,0.11923341307240114,nan,-0.4061397861512008
3184,-128.20384226192988,98,0.10001272272162155,nan,0.12253277543469622
3185,-107.1741882261619,74,0.10984830538464163,nan,0.41346858136964165
3186,-56.58808856568745,48,0.028437379356581048,nan,-0.3036501035680578
3187,-47.12632362336459,38,0.030219614646902895,nan,0.5191665164981961
3188,-49.604019928066045,40,0.03180139049028492,nan,-0.10227946950505208
3189,-110.60929137783903,100,0.03513010390012877,nan,0.07892463385662918
3190,-66.78500217704145,58,0.029089411182256254,nan,0.46083721487076695
3191,-54.072556575336314,38,0.05322038601104734,nan,-0.19824082434681609
3192,-30.6695559533214,20,0.03532965547457413,nan,1.587402739069295
3193,-135.5517880721128,120,0.05149598699374924,nan,0.1744459100042559
3194,-31.883588592372266,24,0.02681492718493972,nan,0.9770225113138975
3195,-115.31086889130017,86,0.09705585725596041,nan,-0.5791747228749413
3196,-9.244868944707488,0,0.0306121488235347,nan,-0.1805274372644004
3197,-33.143184377619825,24,0.030275444959005648,nan,1.40600519342836
3198,-42.55348504984644,34,0.02832279817829963,nan,-0.2796718900216842
3199,-130.12467869009149,92,0.12624065791421007,nan,0.22364508033921288
3200,-178.3891216808355,136,0.14718445028067986,nan,0.13078155760869978
3201,-62.944030098666694,54,0.029615993704194724,nan,0.31822287572412106
3202,-30.52834256231458,22,0.028239544908326284,nan,-0.04563876828024571
3203,-46.07795049212133,36,0.0333706969937793,nan,1.2788865897609445
3204,-91.93071193632704,54,0.12559838389512298,nan,-0.17373624404981758
3205,-50.800063557975726,42,0.02913928330455483,nan,0.11666957078484622
3206,-20.485596551715094,12,0.028098001826871177,nan,0.6070196486467538
3207,-79.20097009126837,70,0.030466788381683707,nan,0.6356908505616728
3208,-60.68276241617873,52,0.02875086892774432,nan,0.4506324987533573
3209,-22.715727997849594,14,0.028860026482945517,nan,0.09971293202728196
3210,-108.95868617876329,100,0.02966452377073895,nan,0.1470222758216358
3211,-60.72729006797828,52,0.028898311483372068,nan,1.0683818992480576
3212,-46.577555690348014,38,0.02840250228592084,nan,1.1793526675674326
3213,-87.04576915017232,78,0.029952877980703514,nan,-0.07766959923716564
3214,-30.023703504725336,14,0.05305862087657391,nan,1.1360619004004764
3215,-71.62696510000866,44,0.09148001688744631,nan,1.1536723622857956
3216,-147.2869654492526,118,0.09697670678560419,nan,1.289105063184459
3217,-119.0066737006369,92,0.0894260718564144,nan,0.7549782000794708
3218,-35.627597194120284,26,0.031879460907683045,nan,0.37784306206293283
3219,-70.39156267829311,62,0.02815960630299761,nan,-0.8443751328734168
3220,-61.28949552646817,52,0.030759918961814823,nan,0.1895546351582589
3221,-8.620265794148617,0,0.028543926470690754,nan,-0.4300058390928813
3222,-73.49741832021495,64,0.031448405033824435,nan,0.848130400903245
3223,-96.60273903351934,88,0.028485890839468373,nan,-0.031145692468907634
3224,-67.0641581118028,48,0.06312635136358552,nan,1.071809077337199
3225,-36.03534819759946,28,0.02660711323708426,nan,0.39274177100505164
3226,-45.10584963582271,36,0.030151819986167845,nan,0.9049929620053666
3227,-139.3536160385508,116,0.07732985443228828,nan,0.0827716296551046
3228,-82.96080567913198,74,0.02967154198388118,nan,-0.402270917832506
3229,-42.553553629575404,34,0.028323025263494894,nan,-0.4413940127369847
3230,-32.497094895215085,24,0.02813607581197072,nan,0.15744346565742737
3231,-42.005419225480324,32,0.033130527236689446,nan,0.8029893983917971
3232,-35.4028971986035,26,0.031135421187429062,nan,0.38219271773659
3233,-130.54924411201026,120,0.0349312718940728,nan,0.3583851864124869
3234,-59.50392937594066,50,0.031469964820995434,nan,-0.3974734611739289
3235,-66.99849524303403,58,0.029796341864351136,nan,0.7579919556582143
3236,-51.142372711363976,42,0.030272757322397197,nan,-0.027148717871114662
3237,-164.55418159485595,156,0.029909725856138956,nan,-0.02987520956447335
3238,-39.59000911347037,30,0.03175499706447134,nan,0.011507255463924148
3239,-213.25367439319993,186,0.09024395494437074,nan,0.11198637214699754
3240,-21.21530987601334,12,0.030514271112626973,nan,0.5894918197732024
3241,-67.50592838241707,58,0.03147658404773787,nan,-0.5083482019824133
3242,-134.42719954396466,126,0.027904634251539735,nan,0.5937015804965188
3243,-55.68818207118186,30,0.08506020553371481,nan,0.3622286078091464
3244,-47.47370120072735,16,0.10421755364479268,nan,0.4301262350017452
3245,-74.34443612756483,66,0.027630583203857785,nan,-0.0780284072330109
3246,-145.52760151873204,136,0.03154834939977484,nan,0.8762446239055597
3247,-84.4089577006166,76,0.02821797886112951,nan,2.521553820628679
3248,-98.53440346712632,90,0.02825961412955758,nan,0.22305777649765615
3249,-12.014037663950669,4,0.026536548556128022,nan,-0.15540285259304068
3250,-138.31407242478522,132,0.02447314893327507,nan,1.0112895625923246
3251,-64.21037576553378,56,0.027186674720310347,nan,1.5462825539023832
3252,-23.141924148086346,14,0.03027127201353107,nan,-0.2882552837734018
3253,-43.323598532079075,34,0.03087284282145353,nan,0.31068069172902835
3254,-57.51103633972625,28,0.09771866337657756,nan,1.6372765334830148
3255,-166.20505745085464,154,0.04041409751938706,nan,3.1798734562644206
3256,-116.29637343331476,94,0.07382905110369158,nan,0.672541274607387
3257,-28.299861294102435,20,0.027482984417557626,nan,-0.4185943035174771
3258,-167.83484865794443,156,0.039188240589219776,nan,2.015371099452408
3259,-68.93359894625642,60,0.029581453464425617,nan,-0.4935258589316443
3260,-192.45780300807593,180,0.04125100333799957,nan,3.2235043598375968
3261,-19.07618936155815,10,0.030053607157477392,nan,0.3819606258371222
3262,-204.31006986063028,196,0.027516787617981084,nan,-0.46509516827703534
3263,-86.78008917901619,78,0.02907314297687406,nan,0.32359436534311226
3264,-43.19193859733058,34,0.030436882772617614,nan,-0.25380717049451507
3265,-84.10132732555095,76,0.026825587170699123,nan,-0.07757577838141792
3266,-103.33432137461412,88,0.05077589859143729,nan,2.2961679067695515
3267,-21.12837001759244,12,0.03022639078672998,nan,0.41287798756264793
3268,-113.65808953345602,86,0.09158307792535016,nan,1.1586414340604405
3269,-83.32508705675936,74,0.030877771711124435,nan,0.8173647505221179
3270,-150.11343058085686,142,0.034090044457379114,nan,3.877535398345648
3271,-47.09946743129609,38,0.03013068685859693,nan,0.553300313329762
3272,-28.28086368401456,20,0.02742007842388928,nan,0.1193224767233794
3273,-146.1550706335857,98,0.1594538762701504,nan,-0.041577287917626736
3274,-73.6779482788935,64,0.03204618635395297,nan,0.1972516192736209
3275,-130.07366174397464,122,0.026733979284684115,nan,-0.19631373500197027
3276,-8.947638610953247,0,0.029627942420374975,nan,-0.00191322699775503
3277,-107.57209197878173,98,0.03169566880391257,nan,1.350962066823857
3278,-116.75534338597777,108,0.028991203264827296,nan,0.5931066020146716
3279,-38.4115570459212,30,0.027852837900401044,nan,0.01875036969057759
3280,-9.696654987199178,0,0.03210812909668607,nan,-0.4119855556794325
3281,-48.58055254482615,40,0.028412425645120042,nan,-0.19265621781753167
3282,-92.11123905873372,84,0.03193401204225859,nan,2.872215779248889
3283,-46.30437577669463,38,0.027497933035412963,nan,0.4238148906377656
3284,-28.230799513317407,18,0.033876819580521,nan,-0.38935240840401336
3285,-104.77442940209183,94,0.035676918549972,nan,1.441307263499024
3286,-50.88687715031101,42,0.029426745530830717,nan,0.5060820415393805
3287,-30.384957538382306,16,0.047632309729742806,nan,0.6480647729425958
3288,-37.224802924003825,28,0.030545705046370036,nan,0.6730638241030015
3289,-22.42852044073581,14,0.02790900808190654,nan,0.14438773816257147
3290,-57.09986903284992,42,0.049999566333939684,nan,0.7080256196835221
3291,-64.20649522556975,56,0.02717382525023078,nan,-0.29888753759511283
3292,-64.71002240839614,56,0.028841133802637215,nan,0.31798931699150185
3293,-48.34274017754121,40,0.027624967475301958,nan,0.26127075120168336
3294,-89.02059656552996,80,0.029869525051423606,nan,0.3292374998904666
3295,-69.41086755378221,36,0.11063201176749032,nan,-0.3751783544848178
3296,-76.91239976691908,50,0.08911390651297738,nan,0.08884719514041124
3297,-31.29223382770694,22,0.030768986184460143,nan,0.7095279586011087
3298,-52.66275706574648,44,0.02868462604551772,nan,0.38763494084317224
3299,-102.70503442667275,80,0.07518223320090274,nan,-0.5796364036690141
3300,-70.43966792523803,48,0.07430353617628498,nan,-0.3651108407043846
3301,-44.551507515629034,36,0.028316250051751753,nan,0.49298252535525966
3302,-9.684002587442588,0,0.0320662337332536,nan,0.5930393383391078
3303,-34.79679491143603,26,0.029128459971642595,nan,-0.3597693764054354
3304,-48.86141878772408,40,0.029342446316966083,nan,-0.030650807885470067
3305,-69.35629947344852,60,0.030981124084267012,nan,0.6602706166016556
3306,-51.49806883034303,28,0.07780817493491073,nan,1.1012594819233894
3307,-43.09554602120169,34,0.030117702056958552,nan,0.834459207860625
3308,-55.60066763155336,46,0.03179029017070658,nan,0.05732525891715172
3309,-62.12373325297217,44,0.06001236176480871,nan,1.2634581938745715
3310,-142.74281077787228,134,0.028949704562491685,nan,0.11472011463406699
3311,-76.8218843311924,68,0.02921153752050533,nan,-0.26845837823558205
3312,-53.12546901332551,44,0.030216784812335046,nan,1.5072759020479938
3313,-322.02549623294465,312,0.033197007393854845,nan,1.3266783318342217
3314,-110.43708796366131,98,0.04118241047570052,nan,-0.41724786882630677
3315,-28.569381411869273,20,0.028375435138640128,nan,-0.20217848784889292
3316,-239.13983567018514,218,0.06999945586154133,nan,0.1926352226544659
3317,-103.28233722144773,94,0.030736215965059054,nan,0.749287658090054
3318,-76.7626867735523,68,0.029015519117722908,nan,0.9247555863044367
3319,-41.99506586027021,34,0.02647372801413944,nan,0.5881608116687328
3320,-86.52698637470981,78,0.028235054220894465,nan,-0.31604952922743124
3321,-53.23272269379032,44,0.030571929449636968,nan,1.8587869456086834
3322,-196.92103785104302,188,0.029539860433919027,nan,1.1802061372608894
3323,-155.9490842029314,132,0.0793016033209642,nan,2.191423235827246
3324,-59.102301046475155,50,0.030140069690315234,nan,-0.2690256811242816
3325,-233.80325448676373,224,0.032461107572063025,nan,1.6835153825677445
3326,-90.02408387636797,80,0.03319233071645006,nan,0.9560958454095518
3327,-40.595606290840216,24,0.0549523387113916,nan,-0.1606156480395303
3328,-63.80769392877463,58,0.033765662376596915,nan,3.3984682840425764
3329,-33.45930095465764,26,0.029837203818630597,nan,3.5313953786972445
3330,-16.684295235739707,8,0.028755944489204422,nan,-0.5085896245743393
3331,-118.26270585408784,88,0.10020763527843722,nan,0.7988448803038614
3332,-93.17364366627831,84,0.03037630353072307,nan,0.25440645505996445
3333,-25.181722679610605,16,0.030403055230498455,nan,0.24424978432643368
3334,-83.48468171643498,70,0.044651263961705635,nan,0.3486450288465959
3335,-26.24284489299558,16,0.033916704943694066,nan,2.3305065962338714
3336,-95.71810904119418,72,0.07853678490461695,nan,0.6589946932365597
3337,-169.60286241915944,160,0.03179755767933634,nan,2.876559076442488
3338,-57.12083570041395,48,0.030201442716602446,nan,0.12707758550408807
3339,-48.683425319210876,40,0.028753063970897483,nan,-0.19783819886038176
3340,-80.96940061948307,72,0.02970000205126808,nan,0.5606949008953456
3341,-52.94963246857732,44,0.029634544597938763,nan,0.3063642793440257
3342,-15.550980941379006,6,0.03162576470655304,nan,0.3707771931664667
3343,-38.3813579123163,24,0.047620390438133306,nan,0.3729506833777942
3344,-47.537366487979384,38,0.03158068373503108,nan,0.5560095191532314
3345,-17.519052320404285,8,0.03152004079604066,nan,-0.5014587249236786
3346,-281.3542130973183,272,0.03097421555403138,nan,0.5194674668882666
3347,-103.05974567783028,64,0.1293369062179819,nan,-0.11867804006092861
3348,-30.761388209296506,22,0.02901121923608128,nan,0.03673718231614519
3349,-136.339235440548,126,0.034235878942210536,nan,1.7424078867326271
3350,-40.971457022166284,32,0.02970681133167612,nan,0.3972317153735239
3351,-39.301203574458825,30,0.030798687332645625,nan,0.06885564903727122
3352,-58.67842582117252,50,0.02873650934163097,nan,0.24712281895619093
3353,-82.26345940656388,74,0.027362448366106306,nan,0.2732828799207095
3354,-27.423762707820774,18,0.03120451227755221,nan,0.44518682906170537
3355,-73.6688686931235,64,0.03201612150040876,nan,1.0208288446950744
3356,-40.62553990506026,12,0.09478655597702103,nan,0.6060999332612181
3357,-34.855296356469694,20,0.04918972303466738,nan,0.1176729906897372
3358,-48.692092226935166,40,0.028781762340844966,nan,0.13710772534678167
3359,-54.64792367681384,46,0.02863550886362231,nan,0.28604212195561607
3360,-43.01767908901574,34,0.029859864533164648,nan,0.4438981521350894
3361,-79.57469934072104,70,0.03170430245271969,nan,1.8892704570639742
3362,-20.99187017482971,12,0.02977440455241657,nan,0.4514445533741586
3363,-140.1760856333681,132,0.02707313123631764,nan,0.4173017772788102
3364,-69.43900241696277,60,0.031254974890605434,nan,0.04629587501353763
3365,-78.84140229785807,70,0.029276166549198204,nan,-0.24485000131130588
3366,-73.62330765874921,62,0.038487773704467064,nan,2.351424479007178
3367,-117.11109336613762,108,0.030169183331580345,nan,1.389790452214379
3368,-67.00909397000144,58,0.029831436986760194,nan,-0.08087370926437172
3369,-72.07887532574496,52,0.06648634213822843,nan,0.928384621543459
3370,-113.14690198622958,100,0.04353278803387265,nan,0.28020786473836706
3371,-55.259792868114246,46,0.03066156578845797,nan,0.6536619647249536
3372,-242.77641176459647,234,0.029060966107935387,nan,0.9977966492949748
3373,-67.71908117844764,58,0.03218238800810516,nan,1.9541290657680763
3374,-46.31358609350723,36,0.03415094732949365,nan,2.404683671324242
3375,-33.788935706951335,24,0.0324136943938786,nan,1.3583753978129185
3376,-76.98312592139835,68,0.029745450070855415,nan,0.7186781230226887
3377,-40.31968683516036,32,0.027548631904504607,nan,0.40956775133539647
3378,-25.689826888657073,8,0.05857558572402997,nan,1.0025115436196268
3379,-123.6577956312963,78,0.15118475374601437,nan,0.5565991866180291
3380,-277.463614806472,268,0.031336472869117324,nan,0.5432784897776395
3381,-122.49357555876504,104,0.061237005161473124,nan,0.8035087375042788
3382,-68.34277233732394,62,0.03079015697729898,nan,3.493325352520474
3383,-60.97545327886247,52,0.029720043969743228,nan,0.9211964100756517
3384,-23.969226190751492,16,0.02638816619454153,nan,-1.0167659205181019
3385,-19.13376525683438,10,0.030244255817332453,nan,-0.3935287541275789
3386,-42.084700436169385,16,0.08637318025221641,nan,0.01511564470183055
3387,-160.54163934796074,152,0.028283573999870196,nan,0.8882965990029189
3388,-90.57551155588374,48,0.14097851508570775,nan,0.21367264021919857
3389,-20.702253451792885,12,0.02881540878077092,nan,0.09039396969100387
3390,-113.9765317626311,108,0.027415283314820973,nan,2.524262393729488
3391,-121.07221821541931,98,0.07639807356099107,nan,-0.20550135964888536
3392,-255.99247245889913,246,0.03308765714867248,nan,0.8495627067603067
3393,-55.194904438871674,38,0.05693676966513774,nan,0.5988324907976851
3394,-66.86356654611367,50,0.05583962432487882,nan,0.002501467374054752
3395,-76.27268641605085,68,0.0273930013776519,nan,0.5321206794461136
3396,-55.15214090728038,46,0.03030510234198816,nan,-0.2288683795627663
3397,-62.20063779036836,36,0.08675707877605401,nan,0.6796830219213176
3398,-38.970921762706475,30,0.029705038949359427,nan,-0.21277508926793737
3399,-50.81094385973244,34,0.05566537701898179,nan,0.3296270395705361
3400,-65.60174134317357,58,0.02836470650437863,nan,-0.6476393220115647
3401,-18.661009939402668,10,0.028678840858949367,nan,0.9911416919411635
3402,-145.51634696536883,134,0.038133599223076145,nan,2.22138204596913
3403,-111.8869801911833,104,0.026115828447628133,nan,0.3054820308021951
3404,-45.01460299470971,36,0.02984967879043007,nan,0.2817446070469541
3405,-40.75982752073133,32,0.029006051393149837,nan,-0.05979520029007513
3406,-49.045347118936654,38,0.03657399708257135,nan,2.6382049534762038
3407,-128.03850437578265,110,0.05973014693967744,nan,1.6666567548079454
3408,-43.93838713254081,36,0.026286050107751077,nan,-0.12123442415648375
3409,-41.80052878053499,34,0.02746665063568691,nan,0.2816094616432322
3410,-82.93805849586518,74,0.03147203695727127,nan,3.272175394134632
3411,-63.24785329504359,54,0.030622030778290236,nan,-0.40543329347208734
3412,-78.64949716995429,70,0.02864071910580875,nan,-0.39595062270920894
3413,-36.8071708379812,28,0.029162817344308686,nan,-0.10538888281989543
3414,-202.8496562870737,188,0.04917104730819169,nan,0.41873626312116063
3415,-38.96040304176489,30,0.02967020874756547,nan,2.095976575739485
3416,-51.87901482015722,44,0.026089453046877955,nan,-0.053842432172321375
3417,-36.47958688859517,28,0.028078102280115827,nan,0.03634260266643837
3418,-46.09181417843802,38,0.026794086683569685,nan,0.1920200652738922
3419,-52.5122350238248,32,0.06792130802591005,nan,0.03318149113614383
3420,-165.33372379694205,154,0.03752888674484172,nan,0.8527205226392429
3421,-74.82509437416195,48,0.08882481580848361,nan,-0.14173571833652993
3422,-55.02545118798743,46,0.029885599960222945,nan,0.318325695097724
3423,-54.42743248514501,46,0.027905405579950464,nan,0.19236079284987592
3424,-65.43411777295933,56,0.03123880057271311,nan,-0.37317130449409164
3425,-32.91908277991973,24,0.031853867071141816,nan,1.543534326690611
3426,-65.01666688117727,56,0.02985651285158008,nan,0.5907219151536559
3427,-69.16334830612034,20,0.16279254406000054,nan,0.24464039640144186
3428,-86.21992367039333,78,0.027218290299315374,nan,0.5023112742110797
3429,-72.0962161483587,64,0.026808662742909647,nan,-0.3551435347190065
3430,-28.376105810339617,22,0.02634754467082488,nan,0.2426470753319238
3431,-70.71109993562497,62,0.028844701773592527,nan,0.03500775343434737
3432,-84.61653966763177,76,0.028531588303416025,nan,0.1587788449046788
3433,-65.91560307929707,56,0.03283312277912987,nan,0.021349306769699122
3434,-82.7150691257229,68,0.048725394456036124,nan,1.6077464834871662
3435,-124.53862173249733,116,0.028273581895686444,nan,-0.6977672691314345
3436,-25.68090537874283,16,0.03205597807530738,nan,1.779997118407805
3437,-89.3873557730955,80,0.031083959513561306,nan,0.5344727334599566
3438,-109.49066469816171,100,0.03142604204689251,nan,2.899326534446449
3439,-225.9798063151672,218,0.026423199719096072,nan,-0.3206249578267495
3440,-144.2129307501964,136,0.02719513493442485,nan,-0.6278358028443771
3441,-130.72685148597782,100,0.10174454134429645,nan,0.7853793870815151
3442,-160.235633903906,152,0.027270310940083486,nan,-0.22417108424875995
3443,-35.46154684668653,26,0.03132962532015404,nan,0.06424339901785434
3444,-114.53079202475205,110,0.028675898890836028,nan,3.428357695782103
3445,-78.5063746817116,70,0.028166803581826102,nan,-0.32640161971594506
3446,-169.4701786887913,160,0.03135820757877869,nan,0.5214284900168809
3447,-125.13560644365025,116,0.03086353528260323,nan,0.9956558931923339
3448,-58.91662197111143,50,0.029525238314938373,nan,-0.06862430456314168
3449,-62.857494898368316,54,0.02932945330585511,nan,-0.6166863256305246
3450,-34.551658376842184,26,0.028316749592192745,nan,0.3815663084619068
3451,-56.34947638557233,48,0.02764727279990867,nan,0.33227869539948746
3452,-74.32376153776161,66,0.028120816005951624,nan,-0.28831185766686906
3453,-67.18354646043335,58,0.030409094239845287,nan,-0.1348227809197177
3454,-38.22043451298661,30,0.027219981831081493,nan,-0.19809586401082058
3455,-60.976892790553244,42,0.06283739334620272,nan,0.4200456289552917
3456,-83.10579346803074,74,0.030151634000102064,nan,-0.35302447424453703
3457,-79.17101665841105,56,0.07672522072321548,nan,1.9271544996605854
3458,-77.69403340476077,68,0.03209944836013459,nan,0.9791324715697459
3459,-70.83395421276008,62,0.029251504015761848,nan,0.6402778356653693
3460,-54.053343511841284,40,0.04653425003920907,nan,0.27421237637708273
3461,-52.58144152777326,44,0.02841536929726271,nan,0.6326594495785806
3462,-69.77098968461752,60,0.03235427047886635,nan,1.9667737680385087
3463,-28.518245786595532,20,0.02820611187614402,nan,-0.07539765456265814
3464,-30.536779340828026,18,0.04151251437360296,nan,0.3498770402102201
3465,-49.82956312344681,20,0.09877338782598283,nan,0.1746093973040963
3466,-111.7477785079968,86,0.08525754472846608,nan,0.9072344018579677
3467,-24.552419806097674,16,0.028319270881117797,nan,-0.19847178329692056
3468,-108.69638764050993,94,0.048663535233476635,nan,0.7065010475383536
3469,-32.50425974121809,24,0.02815980046760934,nan,-0.08951296731445607
3470,-64.5529003998493,56,0.028320862251156955,nan,-0.2608003480464763
3471,-100.58977752474915,92,0.02844297193625629,nan,0.007304904335031952
3472,-84.84087554938161,74,0.0358969389052375,nan,1.878520708822488
3473,-53.05516972283731,44,0.029984005704759224,nan,0.16524497711042632
3474,-56.06142651270905,48,0.02669346527387139,nan,-0.3190610234853071
3475,-167.838160917834,154,0.05625268665786142,nan,1.8838890883614445
3476,-64.75598181960858,56,0.02899331728347205,nan,0.6141713443713337
3477,-38.5022500258987,30,0.028153145781121432,nan,-0.6131896033879239
3478,-18.693166287257114,10,0.02878531883197722,nan,0.23091006115478285
3479,-24.82151625971993,14,0.03731557330937905,nan,-0.01744974728432837
3480,-46.66366210998397,38,0.028687622880741562,nan,0.7307974201480978
3481,-100.63576311472474,92,0.028595242101736498,nan,-0.18045328463627594
3482,-79.3373242435413,56,0.07831316860248645,nan,0.2806444657422702
3483,-96.84528985814738,88,0.02928903926538854,nan,0.17109018252740016
3484,-18.834709646412527,8,0.03587652200798838,nan,0.6158886352983389
3485,-113.82938734084938,102,0.03917015675777812,nan,2.205041244118752
3486,-104.98377284072279,70,0.11584030741961225,nan,-0.47043901901655144
3487,-108.73301145201235,100,0.02891725646361814,nan,0.2971230301057337
3488,-54.25738112236619,46,0.027342321597239084,nan,0.48582427349933793
3489,-78.77380944053388,70,0.029052349140840508,nan,-0.06251666229819595
3490,-66.01771167089214,38,0.09277387970494122,nan,0.6624891062637572
3491,-244.9228799427169,236,0.029545960075219813,nan,0.25249304107316334
3492,-70.06682252053065,52,0.05982391563089657,nan,-0.5115432631479583
3493,-60.83295534368629,50,0.03587071305856354,nan,2.193900503567574
3494,-138.91205567851586,130,0.029510118140780337,nan,0.5192111154848599
3495,-86.39354895104674,52,0.11388592367896241,nan,-0.5613418790179117
3496,-65.85365567571117,46,0.06574058170765323,nan,0.5897740105450456
3497,-192.54465681825704,174,0.06140614840482492,nan,0.009312525992428218
3498,-16.046741604948636,6,0.03326735630777684,nan,-0.09496188682907983
3499,-48.77752082548634,40,0.029064638494987593,nan,-0.030382680378172745
3500,-16.417303176022052,8,0.0278718648212652,nan,0.31753279346701324
3501,-154.31297340142328,110,0.146731700004713,nan,0.03666090963066044
3502,-70.38625367914143,62,0.02776905191768734,nan,0.18608252567806535
3503,-65.45139010377034,56,0.03129599372109337,nan,-0.4446557827169748
3504,-25.2789895311644,16,0.030725130897895366,nan,-0.24846654885359085
3505,-23.457454356023415,14,0.03131607402656755,nan,0.3754025583492316
3506,-74.61219847648007,66,0.028517213498278765,nan,0.036672058290669336
3507,-60.4648567559138,52,0.028029327006337163,nan,0.5467909308637852
3508,-56.11452419805777,48,0.026869285424032423,nan,0.25098866068724146
3509,-213.26967095213774,204,0.03069427467595423,nan,0.18865279950355607
3510,-184.38211713673564,176,0.027755354757402324,nan,0.13319232017653748
3511,-33.90507160291563,24,0.03279825034078026,nan,0.8678120511955877
3512,-195.852838291393,188,0.02600277579931444,nan,1.708960135432751
3513,-95.60889646076086,50,0.15102283596278446,nan,0.8992501143745412
3514,-51.21986658930555,24,0.09013200857385956,nan,0.4444641385733193
3515,-40.752769634272425,32,0.028982680908186533,nan,0.09733179582518815
3516,-322.4698454914856,312,0.03466836255458919,nan,0.18827188120324578
3517,-28.48742490583166,20,0.028104055979575004,nan,0.8967919583150975
3518,-56.64854259207591,28,0.09486272381482039,nan,0.1380125325634946
3519,-121.48440891300122,88,0.11087552620199069,nan,1.3772683996554551
3520,-49.79571669337215,38,0.0390586645475908,nan,0.9647404947432576
3521,-169.86879526812297,160,0.03267813002689787,nan,-0.7737809848734208
3522,-47.702253254923725,34,0.04537169951961514,nan,2.8771068136769404
3523,-96.72350318663041,88,0.028885772141159588,nan,-0.17431415233426475
3524,-106.58721077181202,88,0.06154705553580165,nan,3.470415349593864
3525,-58.262356977783824,50,0.02735879793968159,nan,0.3700924966407212
3526,-41.17455441641361,34,0.02738379548249435,nan,0.975479341278008
3527,-198.26613355235247,180,0.06048388593494218,nan,-0.8237348244638053
3528,-51.08578713568934,32,0.06319797064797801,nan,1.6629621491711957
3529,-43.106963162813166,34,0.030155507161633018,nan,0.05921947301110247
3530,-14.973914000365864,6,0.029714947021079036,nan,0.1265103333036894
3531,-68.1366173494464,46,0.07330005744849785,nan,-0.16639161103556166
3532,-11.792653359633603,2,0.03242600450209797,nan,0.15746304182519225
3533,-27.302049585163374,20,0.02664981600424599,nan,0.6996957922059823
3534,-275.3389069564996,268,0.03190829111521754,nan,2.9244464960249403
3535,-99.61366181798347,90,0.03183331727809051,nan,1.7945102169554077
3536,-67.15407383746793,58,0.030311502773073006,nan,0.956099254567163
3537,-28.623520591074843,20,0.028554703943956563,nan,0.11673510731567956
3538,-48.84759197937883,40,0.02929666218337346,nan,1.614546922491424
3539,-46.44028160437079,38,0.027947952332353667,nan,0.2090004580965827
3540,-38.120724941578175,30,0.02688981768734488,nan,0.11899779490118119
3541,-132.9932527232687,124,0.02977898252737941,nan,-0.25086997789716264
3542,-113.96934506070737,104,0.033011076359957835,nan,0.7427188296322033
3543,-35.46520967593452,26,0.03134175389382261,nan,0.2905047036856968
3544,-62.824232042082784,54,0.0292193113976253,nan,0.6825690985382041
3545,-44.33862721060464,36,0.02761134837948596,nan,0.528023811202893
3546,-76.75995829498082,68,0.02900648442046598,nan,-0.06065830779978882
3547,-58.956520384602676,44,0.0495249019357702,nan,-0.2168571288682195
3548,-9.927464401494168,2,0.026249882124152926,nan,0.1269292943061072
3549,-46.33783277106946,8,0.12694646612936958,nan,0.19361391466439376
3550,-30.441604755571614,22,0.02931112762351272,nan,-0.21837372799093122
3551,-33.140862450883404,26,0.028113631696391053,nan,1.159426614513462
3552,-50.579575523379255,30,0.06814428981251361,nan,1.2742388572306402
3553,-111.90978587830882,104,0.02654290563190856,nan,-0.63501222390594
3554,-161.02646437707276,130,0.10273663701017646,nan,0.9760193165120304
3555,-32.81848181591664,24,0.02920027091363117,nan,0.06999672021815516
3556,-69.14572834380317,60,0.030283868688089598,nan,-0.046215398207851165
3557,-52.16211903940224,44,0.027026884236432028,nan,0.3308617299471963
3558,-145.22418189005165,124,0.0702787479803034,nan,-0.07836589452274212
3559,-55.15600850424385,46,0.03031790895444969,nan,-0.11691230349720684
3560,-198.3162076592437,162,0.12025234324252829,nan,-0.28440191816967997
3561,-10.074276398905248,0,0.03335853112220288,nan,1.2542723788593013
3562,-31.06131256937409,22,0.030004346256205735,nan,0.4646437817893071
3563,-42.422314814649965,34,0.02788845965115923,nan,-0.24659626803122653
3564,-52.588536955926344,42,0.035061380648762394,nan,1.285876663880982
3565,-74.92281610522465,66,0.029545748692797132,nan,0.3498298013815271
3566,-58.839126365389276,50,0.029268630348971435,nan,0.2225243347241755
3567,-34.19824873377491,26,0.027146518986009848,nan,-0.13165604333267608
3568,-18.513326938369566,10,0.028189824299237026,nan,0.9977556081229878
3569,-164.98766389456694,156,0.029760476472075362,nan,0.4544219986413604
3570,-148.80955918180044,140,0.02917072576755144,nan,1.022627282501368
3571,-23.121597751556997,14,0.030203966064758236,nan,0.4302105458970035
3572,-218.09965981861825,210,0.026820065624566066,nan,-0.5205044560563066
3573,-40.889206852843394,32,0.029434459777626702,nan,1.0871739639115208
3574,-74.03671109579997,66,0.02849897551702151,nan,0.780303424254992
3575,-78.32277183908099,70,0.027558847149274795,nan,0.3073774882908163
3576,-137.42279352465937,110,0.09080395206841016,nan,0.20159649048744552
3577,-29.442199295477476,20,0.031265560581051295,nan,0.380561288161115
3578,-125.72009062758777,114,0.03880824711121784,nan,0.2133553204768169
3579,-46.02896699094978,40,0.025764816200640413,nan,0.3361708569068772
3580,-80.10937230911249,72,0.026852226189113617,nan,0.6693087799631874
3581,-57.01707762321008,48,0.029857872924536715,nan,0.12549894127982442
3582,-67.82140737877525,48,0.06563379926746718,nan,0.581395351921068
3583,-67.2888083798795,48,0.06387022642344184,nan,1.8057751401235036
3584,-50.14683556759451,42,0.02697627671388878,nan,-0.11866252629937518
3585,-68.10749863807746,30,0.12618377032475933,nan,-0.27926737591040257
3586,-76.67365788266095,68,0.028720721465764466,nan,-0.3279313880704468
3587,-154.9107042517619,146,0.029505643217757123,nan,-0.20305472285446668
3588,-126.90190018661657,118,0.02947649068415963,nan,0.017732736303791748
3589,-72.63373636253347,54,0.06170111378322342,nan,1.4126909769912688
3590,-80.47999655807341,66,0.05062935859466254,nan,0.09394338964224122
3591,-47.30714104348713,38,0.030818347826116508,nan,-0.21217051213545515
3592,-50.27307372750107,42,0.027394283865897182,nan,0.04054182377815037
3593,-54.39566840556184,46,0.02780022650848304,nan,0.2696283193304364
3594,-32.59248357496335,24,0.028451932367428226,nan,0.18472455010812233
3595,-60.16421998633555,24,0.119749072802436,nan,2.5924078167352937
3596,-74.16399122983941,66,0.0270330835425136,nan,-0.3883493058641159
3597,-48.82592685989805,40,0.029224923377145724,nan,0.640697424705387
3598,-32.61598988302877,24,0.028529767824598273,nan,-0.22233031560614433
3599,-127.19342980161208,118,0.03044182053513895,nan,0.18304791712454235
3600,-140.87168427578365,132,0.02937643799928489,nan,1.2418338662682993
3601,-32.56126309440076,24,0.02834855329271766,nan,-0.5899464978123337
3602,-85.06923162981074,54,0.10287825042983638,nan,0.8638488987118618
3603,-65.95504940712992,54,0.039586256314999506,nan,0.16507645468165888
3604,-24.87797281913508,16,0.029397260990513548,nan,-0.06428985450291907
3605,-46.208849868444794,38,0.027181622080942616,nan,0.5077920428231291
3606,-28.156445931058105,20,0.027008099109464372,nan,0.5184623354396765
3607,-52.69500592573853,44,0.028791410350127937,nan,-0.014647815721159621
3608,-24.483481463863367,16,0.028090998224713136,nan,0.3553157653294146
3609,-84.14089292523903,62,0.0733142149842354,nan,0.9353144868106631
3610,-198.78209237338405,178,0.06881487540855535,nan,1.1627004079691856
3611,-24.91152753849853,16,0.02950836933277635,nan,-0.08428788371954656
3612,-128.0187352485393,120,0.02655210347198466,nan,0.9429493563941646
3613,-54.15330414759036,12,0.13958047730990195,nan,0.7570025858062234
3614,-56.34467999820184,48,0.027631390722522547,nan,-0.33664274637685954
3615,-42.646823785243825,34,0.028631866838555772,nan,-0.11079973126129426
3616,-95.92056299026387,68,0.09245219533199903,nan,-0.08941195974379333
3617,-76.54831525750836,60,0.05479574588578981,nan,0.8615477810143909
3618,-56.17840683698577,48,0.027080817341012763,nan,0.05217021238490544
3619,-221.3033474394533,174,0.15663360079289157,nan,0.39938217652938485
3620,-326.44518023287014,318,0.027964172956522045,nan,0.8889841818674745
3621,-114.60400327221137,106,0.028490077060302772,nan,-0.15751415488876044
3622,-52.880245468776494,44,0.02940478632045223,nan,0.6767901340368843
3623,-42.42978581245508,34,0.027913198054487165,nan,0.9829816944402265
3624,-147.16120214435495,134,0.04358013955084389,nan,-0.16521942904843512
3625,-24.196392392687603,16,0.02906522125066534,nan,0.08818192344022864
3626,-86.03323185752933,58,0.09282527105142167,nan,-0.6147607080609305
3627,-53.80749649238996,46,0.025852637392020126,nan,-0.38965114776932847
3628,-90.47730032832128,68,0.0744281467825209,nan,2.519549715920777
3629,-164.21995189465463,124,0.13317864865779772,nan,0.8279255189228995
3630,-127.75219258780915,120,0.02566951188016271,nan,-0.03723859191680981
3631,-28.758042597653443,20,0.029000141051832497,nan,0.30216594545620906
3632,-118.80787034614333,110,0.029165133596501122,nan,0.05139245453947116
3633,-32.02055809937245,22,0.03318065595818692,nan,0.9430156714489548
3634,-42.891500908368414,34,0.02944205598797485,nan,-0.20963299434527213
3635,-178.05558568074977,168,0.03329664132698725,nan,1.6063853962272898
3636,-55.069671741127216,46,0.030032025632871374,nan,0.38925228763381536
3637,-72.66627864950871,50,0.07505390281294287,nan,2.2451254379361965
3638,-58.47647404751616,50,0.02806779485932512,nan,0.020616481908472158
3639,-86.81956602305313,76,0.035826377559778265,nan,2.977473744000416
3640,-46.798768355405294,38,0.029134994554321957,nan,-0.06703320436691557
3641,-171.5699250350655,142,0.09791365905650931,nan,0.14251336805508563
3642,-84.82369506262552,76,0.029217533319952,nan,0.8057379728126195
3643,-91.66749125085435,82,0.03201156043329222,nan,3.325570010832998e-05
3644,-51.429843168263716,42,0.031224646252528993,nan,0.7518980074665218
3645,-28.616605670071557,20,0.029308182551263533,nan,0.32942360248957164
3646,-81.17014555146996,56,0.08334485281943746,nan,-0.19557887071582356
3647,-69.93334843679952,40,0.09911704780397243,nan,0.01830460187556555
3648,-57.39944003953581,48,0.032411862205296266,nan,-0.03132925589741529
3649,-15.587339281750527,10,0.028218885261366504,nan,3.8501386060399216
3650,-55.60012197384484,48,0.02657385305540197,nan,0.6376550834149308
3651,-97.7334832396398,82,0.05209762662132442,nan,1.6258805840113508
3652,-53.624453239165796,44,0.03186905046081347,nan,2.4865117308791627
3653,-58.30428099757463,38,0.07099398950200983,nan,1.4950609830400858
3654,-80.79896140017601,64,0.055625700000584,nan,0.08352870852808855
3655,-18.431325370044526,10,0.027918295927299632,nan,0.1754150778039772
3656,-104.89725322277306,82,0.07581871928070565,nan,-0.8255451733929133
3657,-74.9253975985905,66,0.02955429668407363,nan,3.4060968625341506
3658,-85.15879627603182,70,0.0501946896557345,nan,-0.11351508830492045
3659,-49.3051376386931,40,0.03081171403540713,nan,0.8553147905301117
3660,-95.15261689530874,86,0.030306678461286245,nan,1.912312450463511
3661,-152.77521195212518,142,0.035679509775250286,nan,1.8976284483980406
3662,-48.33061561747335,38,0.03420733648170024,nan,0.665842161766972
3663,-66.5228407157386,58,0.02822132687330627,nan,-0.011454118024604087
3664,-529.2053339121875,498,0.10332892023903592,nan,-0.08660557228094275
3665,-29.105088272428205,12,0.05663936514049062,nan,0.5713173797696145
3666,-511.57331873197967,502,0.03169973090059185,nan,1.930373238096251
3667,-92.11467506365973,82,0.03349230153529713,nan,1.1253059995097774
3668,-37.17100598226809,14,0.07672518537174848,nan,-0.419910166517597
3669,-53.36616885019269,44,0.031013804139711134,nan,0.362656964604675
3670,-65.06505270919715,56,0.030016730825155824,nan,0.2848484135759552
3671,-228.1865781953061,220,0.02710787481889438,nan,0.3022711076742479
3672,-42.71046196895332,34,0.028842589301170233,nan,-0.1692758920449079
3673,-92.10305680489178,66,0.08643396293010605,nan,0.1628238199205471
3674,-87.6129573131433,78,0.03183098448060542,nan,0.10625812860948977
3675,-20.706974444052225,8,0.042076074318053554,nan,0.4790435343165111
3676,-239.905679517625,232,0.026177746747102763,nan,1.449517668227955
3677,-18.058069201246866,10,0.026682348348499616,nan,0.01443865052983319
3678,-101.02239608532307,92,0.029875483726234803,nan,0.5038660432368367
3679,-42.17999784649512,34,0.028402770300329713,nan,0.14011653779897543
3680,-62.28767624423685,54,0.027442636570320672,nan,-0.3385770880977626
3681,-15.204542276662766,6,0.030478616810141634,nan,0.30672531913216566
3682,-103.3164553217052,82,0.07058428914471923,nan,1.2753979551804788
3683,-176.38129008773547,146,0.10060029830375954,nan,0.2710807193653498
3684,-76.15819470170655,68,0.027013889740748805,nan,0.021706594663555734
3685,-60.43110195089452,48,0.04116258924137289,nan,2.7939130630342612
3686,-368.92919881322916,358,0.0361894000438051,nan,1.8693586096991146
3687,-193.24231772831072,170,0.07696131698116028,nan,-0.5300399930144672
3688,-51.106873735733956,42,0.030155211045477106,nan,-0.5984523242687967
3689,-55.47864945809546,28,0.09098890549038252,nan,-0.12109485098372047
3690,-44.80617497854308,38,0.027224699914172482,nan,0.6425629491669126
3691,-170.75464935187938,150,0.06872400447642144,nan,-0.24179070790850293
3692,-54.363447983260464,42,0.04093856948099503,nan,0.041979035709996934
3693,-76.73702130852111,72,0.0223444401345336,nan,0.4557937832688144
3694,-96.61167174333107,86,0.035137985905069176,nan,0.7705418799074046
3695,-48.326953090658336,38,0.03419520890946488,nan,0.7938837977989719
3696,-70.53457576751859,60,0.03488270121694911,nan,2.4342814353443467
3697,-155.3602202489862,144,0.0376166233410135,nan,1.0445849052917935
3698,-34.473703733958494,26,0.028058621635624004,nan,-0.3080915117522895
3699,-172.46496563510158,164,0.02802968753344808,nan,0.31450895305737603
3700,-60.54032018326933,52,0.02827920590486555,nan,0.16851674921302562
3701,-98.87828389520881,82,0.05588835726890309,nan,-0.1469713084667995
3702,-50.20307237984368,42,0.027162491323985398,nan,0.21589431327186365
3703,-61.80622552546172,52,0.03247094544854893,nan,-0.05040167231970029
3704,-53.400387594355024,46,0.02782100599381556,nan,1.6529422071820152
3705,-47.1325244060153,38,0.03024014703978573,nan,-0.09944577287568014
3706,-109.96413204086821,96,0.04623884781744468,nan,0.293325707411227
3707,-86.49621501363414,76,0.03475567885309337,nan,2.8183003621197473
3708,-26.862230110831934,18,0.029345132817324218,nan,0.026119953850808474
3709,-24.20793308235775,10,0.04704613603429723,nan,1.0668419366532826
3710,-88.56399784628427,80,0.02835760876253073,nan,0.5462709357900335
3711,-123.78768623186029,98,0.0853896895094701,nan,-0.1634606191279584
3712,-134.39282062018873,126,0.027790796755591807,nan,1.0951772586255186
3713,-54.974643417060335,38,0.05620742853331251,nan,-0.05107503994406565
3714,-42.83279855742061,34,0.02924767734245241,nan,-0.44857089538743955
3715,-30.36344133761152,22,0.027693514362952018,nan,0.0873984193092633
3716,-115.04242421382826,100,0.04980935170141797,nan,-0.369246188484268
3717,-53.704590714669,46,0.026567554188513472,nan,0.13594083899407294
3718,-49.351315175396174,24,0.08394475223641111,nan,-0.034890973833944676
3719,-141.03411841944146,108,0.10938449807762167,nan,0.17680233995837238
3720,-283.8803551035264,274,0.03271640762757033,nan,1.1365354993550218
3721,-74.2114125602914,58,0.05476828567665984,nan,2.820397889315673
3722,-96.55144732598959,60,0.12103128253638877,nan,-0.01449701206786373
3723,-30.156485977326053,22,0.029339877616280655,nan,1.0448562455736268
3724,-23.511522990100755,16,0.025724393801714842,nan,-0.505396405133508
3725,-69.45659883869806,24,0.150518539200987,nan,0.49408686051017214
3726,-38.32661065484341,30,0.02757155845974669,nan,0.19549775377936687
3727,-44.00805361150312,36,0.02651673381292433,nan,1.218692525706918
3728,-141.01992909533593,132,0.029867314885218755,nan,0.7025680544629843
3729,-27.669217705532702,14,0.04526231028322086,nan,0.0093616973977445
3730,-21.475814100489725,12,0.03137686788241638,nan,0.22492327369643153
3731,-99.65135321004156,90,0.03195812321205867,nan,1.315944548571692
3732,-136.52153651061872,128,0.02821700831330621,nan,-0.5342211504411323
3733,-36.48152826660035,28,0.028084530684106667,nan,-0.391041597962805
3734,-95.56060346181788,86,0.03165762735701357,nan,-0.11041025510767093
3735,-108.55218788110857,90,0.06143108569903406,nan,0.5050489588281265
3736,-30.464717381572083,20,0.03465138205818577,nan,0.3023124938183125
3737,-52.11210519833154,44,0.02686127549116357,nan,-0.12995541180450845
3738,-29.162416424818854,20,0.030339127234499302,nan,-0.03533434046676
3739,-69.27761035992475,60,0.03072056410571148,nan,0.8657669095630104
3740,-36.85923086999592,28,0.029335201556277675,nan,-0.6411297632064069
3741,-70.70796928640907,62,0.028834335385460465,nan,0.36910490492969406
3742,-23.253845511929907,14,0.030641872556059692,nan,-0.19367298405009958
3743,-57.25645619301007,48,0.03065051719539759,nan,1.040909399035686
3744,-74.13965518302535,66,0.02695250060604345,nan,-0.002870944417170434
3745,-82.76836407999942,74,0.02903431814569429,nan,0.00989204993254092
3746,-34.59102571909204,26,0.028447105030105897,nan,0.2663622915346194
3747,-6.587419937333812,0,0.028394051454025043,nan,0.139826318074082
3748,-34.15208821355551,26,0.026993669581309502,nan,0.27752072905002945
3749,-61.050067809647956,52,0.029967111952476796,nan,-0.05290326793872387
3750,-65.15824736743885,56,0.030325322408738073,nan,1.035023048160203
3751,-27.545055938926673,18,0.03160614549313438,nan,0.7816195963200957
3752,-53.556637573824865,42,0.03826701183385714,nan,0.11549366842762611
3753,-58.59225978878549,50,0.028451191353594515,nan,0.4560832880025132
3754,-51.4537205606642,42,0.03130371046577543,nan,-0.06809992796764748
3755,-28.60718334371109,18,0.03512312365467252,nan,0.19828138777480997
3756,-42.77251818477563,34,0.029048073459521356,nan,0.0779704719357268
3757,-159.40159235298376,134,0.08411123295690075,nan,1.5142656626035644
3758,-22.60363144788077,14,0.028488845853909813,nan,0.6187320283710469
3759,-34.20897798750546,26,0.027182046316242804,nan,0.4673028368483581
3760,-178.0319981405253,152,0.08619866933948693,nan,0.7377626172567576
3761,-92.26731100247072,82,0.033997718551227026,nan,0.7375409136920538
3762,-50.04575783286571,42,0.02664158222803231,nan,-0.8090407978938946
3763,-169.4003054450752,160,0.031126839222102083,nan,-0.016632704027475086
3764,-141.58333462524016,108,0.11120309478556474,nan,0.05186080317628194
3765,-142.9898961670011,134,0.029767868102652743,nan,-0.4241352266269668
3766,-36.59857056369411,28,0.028472087959252323,nan,0.15506696635826386
3767,-104.2662525951807,96,0.027371697335035552,nan,0.2084348598680157
3768,-342.2570960707692,334,0.027341377717775867,nan,-0.1828250503938665
3769,-33.3440091536926,24,0.03094042766123372,nan,0.15810495757672086
3770,-29.195166539883946,20,0.03044757132411885,nan,0.7446688593694453
3771,-31.104704551316495,22,0.03014802831561735,nan,0.3625721799098117
3772,-46.04687494653309,38,0.026645281279910484,nan,0.3440287580832358
3773,-164.1827856128532,146,0.060207899380309536,nan,0.48983400709975655
3774,-102.91605887950672,54,0.1619737048990286,nan,1.0524158659620466
3775,-95.3158146271544,68,0.09044971730845909,nan,1.0019732354640567
3776,-133.5166022448248,124,0.03151192796299645,nan,0.3516314108432957
3777,-172.7239221022164,164,0.028887159278858803,nan,-0.09075595809876093
3778,-59.37356879283543,50,0.03103830726104485,nan,1.6640479114982212
3779,-53.89601090542919,30,0.07912586392526215,nan,0.30474860657658737
3780,-102.19346912984817,94,0.027130692482940724,nan,1.0079737044712036
3781,-72.25848207680508,64,0.027345967141738668,nan,0.13864858813673667
3782,-46.93813031354246,38,0.02959645799186251,nan,0.4109378270474621
3783,-110.2395229691391,58,0.17297855287794314,nan,1.133814985393828
3784,-71.51005020936479,46,0.08447036493167125,nan,0.9276738528521702
3785,-56.81624789016121,48,0.029192873808480443,nan,0.4031867838103867
3786,-41.047958106494335,32,0.029960126180444843,nan,-0.117371268454162
3787,-29.727513088218515,20,0.03221030823913422,nan,0.3906942582828577
3788,-17.098692405774383,8,0.030128120548921795,nan,1.6313181008334852
3789,-47.607868874919255,38,0.0318141353474143,nan,0.9490344887146023
3790,-48.09071851327203,38,0.033412975209510226,nan,0.004258664703730567
3791,-22.959124288020135,14,0.02966597446364263,nan,0.942120236099614
3792,-73.12447711634921,62,0.03683601694155387,nan,-0.5699655545400517
3793,-41.054426666612734,32,0.029981545253684603,nan,0.09561146957915823
3794,-42.31894291946204,34,0.02888521847035411,nan,1.5596951188358819
3795,-68.7981368905185,52,0.05562296983615359,nan,1.1366304972735604
3796,-180.44779413366064,156,0.08095296070748431,nan,0.06695950709758265
3797,-86.84820724768194,78,0.029298699495635808,nan,-0.030870585034397855
3798,-42.8125429584891,34,0.029180605822812043,nan,0.15287740794766003
3799,-94.13642187833534,86,0.026941794299123745,nan,0.16974852479846272
3800,-64.75827420184481,56,0.029000907953128558,nan,0.8716260822791689
3801,-47.27758998171847,24,0.07707811252224672,nan,0.3589061484260435
3802,-38.87129354959042,30,0.02937514420394193,nan,0.31087184769027426
3803,-129.25186136017155,116,0.043880335629707466,nan,0.6528051311446629
3804,-153.94249008250887,142,0.039544669147381015,nan,0.520504018100295
3805,-73.35295383206035,56,0.05746011202669051,nan,0.4444643244907855
3806,-21.528367005509597,6,0.05141843379307809,nan,0.320088808328362
3807,-82.83620899305822,74,0.029258970175689316,nan,0.08383083732502646
3808,-65.50599768218797,40,0.08445694596750972,nan,0.4075790647269089
3809,-116.48869378822268,108,0.028108257576897246,nan,0.9551218829404128
3810,-81.23339768418299,70,0.03719668107345422,nan,0.7883259624596655
3811,-90.22665887692774,74,0.05373065853287362,nan,0.46485303501970143
3812,-19.685393759103953,10,0.03207084026193349,nan,-0.48983367663759597
3813,-73.26251722151702,52,0.07382818479693434,nan,-0.07573316325674063
3814,-47.15503617953452,38,0.030314689336207096,nan,0.31221850463613215
3815,-49.09084563200091,40,0.03010213785430726,nan,0.025190899658960517
3816,-26.386522419577446,16,0.03439245834297175,nan,1.903582998882171
3817,-170.34775774319422,162,0.0276415819311068,nan,0.07351922221290601
3818,-46.87695430184488,38,0.029393888416705545,nan,-0.13479556197166406
3819,-90.82317089890206,82,0.029215797678483917,nan,-0.15115468845214497
3820,-110.93868928001656,100,0.03622082543051859,nan,0.049950906535859575
3821,-54.57407668093472,46,0.028390982387201214,nan,0.1631821560583984
3822,-37.44771550211664,28,0.03128382616594906,nan,0.2128160883004111
3823,-37.84245686490621,24,0.04583594988379524,nan,0.14994314911039794
3824,-35.65289529588569,26,0.031963229456575086,nan,-0.05401818516860032
3825,-87.63953743581325,78,0.03596842326795995,nan,3.270268114737353
3826,-23.83977798147405,14,0.032582046296271705,nan,0.016612331809233934
3827,-75.37589082632063,66,0.031045996113644586,nan,0.15648206386732327
3828,-16.824027715231658,8,0.029218634818647775,nan,2.158184072039804
3829,-54.763712887417,28,0.08862156585237406,nan,0.011763615321540674
3830,-43.066458457048284,22,0.06975648495711344,nan,0.5655704745489435
3831,-66.8561377699679,58,0.02932495950320483,nan,0.16955100974079224
3832,-36.39130708138901,26,0.03440830159400368,nan,1.4132561145155091
3833,-9.331363678864719,0,0.030898555228028837,nan,-0.3024044606103778
3834,-50.431306769117434,42,0.027918234334825962,nan,-0.4528536593176067
3835,-36.910255515172224,22,0.0493717070038814,nan,-0.0730454103812839
3836,-169.2687275041888,160,0.030691150676123054,nan,0.3459241276584174
3837,-51.87018904983464,44,0.02606022864183644,nan,-0.07149628977220357
3838,-55.47081616099729,46,0.031360318413898795,nan,0.3891519641092576
3839,-73.23297520761398,46,0.09017541459474837,nan,-0.32866480352730176
3840,-68.16287770543504,60,0.02702939637561275,nan,0.2295335757432988
3841,-48.234319311668536,32,0.053756024210822935,nan,-0.4348243931724034
3842,-122.56600690642087,110,0.041609294392121264,nan,2.5129537076296113
3843,-122.73980782825753,114,0.028939761020719955,nan,0.6269751037615504
3844,-152.0364701778203,112,0.13257109330403966,nan,0.4711063540267522
3845,-82.30899057100484,74,0.027513213811275004,nan,0.050289923975295046
3846,-71.19479093783993,62,0.030446327608741833,nan,0.07698278476558132
3847,-99.62588764701813,90,0.03187380015568947,nan,1.64375412825384
3848,-72.44180340910846,62,0.0345755079771797,nan,1.9936576329856273
3849,-40.10643673488478,32,0.02684250574465162,nan,-0.6407486009497861
3850,-110.8955277389022,102,0.029455389863914674,nan,1.5452482649513724
3851,-79.46229377747738,38,0.13729236350158006,nan,0.279783182488392
3852,-75.56719557570683,56,0.06479203833015507,nan,0.9444355880049063
3853,-50.41109665587087,42,0.028225156563325384,nan,0.44833779783978833
3854,-49.665296577800284,40,0.03200429330397416,nan,0.4632734241051824
3855,-58.41904339748124,18,0.13383789204463983,nan,-0.6392178796501583
3856,-9.73735966308855,0,0.03224291279168395,nan,0.33505346328176216
3857,-52.413129157319254,42,0.036409542508109016,nan,2.766288350322801
3858,-37.11084252959469,28,0.030168352747002185,nan,-0.2766135258840656
3859,-130.68946363483911,122,0.028773058393505805,nan,0.5471342505801237
3860,-113.42580216439347,96,0.05770133167017559,nan,0.43241516784002054
3861,-20.63864003448428,12,0.028604768326106634,nan,-0.4002622316623629
3862,-41.4302492786309,32,0.03122599098884454,nan,0.5671269183844676
3863,-24.518721805106015,6,0.06132027087783442,nan,1.290108905652336
3864,-90.55867727467978,82,0.02833999097576019,nan,0.0365396308278754
3865,-60.63984556652463,52,0.02860876015405542,nan,0.006997664128152641
3866,-64.27964670504865,56,0.027416048692214125,nan,0.11971749043159977
3867,-97.32147976420404,88,0.030865827033788602,nan,2.2483009524973006
3868,-188.38150063989252,180,0.028901726344457118,nan,1.498474641567064
3869,-121.3297924203532,102,0.06400593516673218,nan,0.7864541256909
3870,-174.13666535396575,164,0.033565117066112024,nan,3.537753668087473
3871,-73.96738393145395,66,0.026382065998191952,nan,0.4375739634769528
3872,-56.00273639484481,48,0.026499127135247803,nan,0.1064701865910204
3873,-38.38294720965201,30,0.027758103343218238,nan,0.48881866354651404
3874,-26.466503460803725,18,0.028034779671535635,nan,0.47587090649870256
3875,-76.46349572072657,68,0.02802482026730626,nan,-0.10168498680596888
3876,-40.02475299725669,26,0.04643957946111517,nan,0.01367885925905742
3877,-36.015073433016035,22,0.04640752792389396,nan,1.247907390498301
3878,-35.31012338711839,18,0.057318289361319115,nan,1.946884085690612
3879,-46.958205634458494,38,0.02966293256443212,nan,0.5124255670683695
3880,-52.535346957872044,44,0.028262738271099486,nan,0.4574898352584569
3881,-53.11270867599596,42,0.03679704859601304,nan,2.9392561500479966
3882,-61.07640606411594,52,0.03005432471561577,nan,0.7758683185154396
3883,-358.56448262172654,300,0.1939221278865131,nan,0.1992359254647791
3884,-40.717276075490474,20,0.06860025190559739,nan,-0.08032139615748891
3885,-42.800475046184495,34,0.029140645848293283,nan,0.35624599571884086
3886,-70.925749832873,62,0.029555463022758723,nan,0.8811789252993031
3887,-75.07756192624714,66,0.03005815207366518,nan,0.4672964015879995
3888,-193.6665289374374,158,0.11810108919681188,nan,0.3477203604291865
3889,-366.2393945936259,356,0.033905280111342716,nan,-0.3856044300932272
3890,-30.770393898834524,22,0.029041039400114196,nan,0.5222727435208866
3891,-80.54226071671842,72,0.02828563151231216,nan,0.48630837048389947
3892,-119.55551786784154,90,0.09786595320477315,nan,0.13695413015369598
3893,-25.79042561469667,18,0.03509200727340827,nan,4.196461257089385
3894,-52.64665147840141,44,0.02863129628609692,nan,0.17796323094085253
3895,-69.2548684234427,60,0.03064525968027382,nan,0.16502125694906797
3896,-70.4968917612129,62,0.028135403182824235,nan,0.23782602152403595
3897,-107.73309954920444,100,0.025606289898028392,nan,-0.050474434037093806
3898,-114.7564649127942,76,0.12833266527415388,nan,-0.49354931698535376
3899,-34.29700470390261,26,0.02747352550961129,nan,0.3085333552428404
3900,-52.69392851213549,44,0.02878784275541561,nan,0.016651552134780954
3901,-26.895912497100582,18,0.029456663897684043,nan,-0.04624900329325715
3902,-45.8081897828276,24,0.0722125489497598,nan,1.7731565261690354
3903,-74.72961265058011,66,0.028906002154238865,nan,1.3335083607135538
3904,-43.614963715892756,36,0.027996190131958892,nan,0.5914239527346046
3905,-206.32461078747912,198,0.027564936382381923,nan,-0.3632986699123902
3906,-22.937208604188324,14,0.029593405974133524,nan,0.1064123730055698
3907,-49.270426029955416,40,0.030696774933627036,nan,0.45899505526512024
3908,-41.02332381560666,34,0.0334443991219358,nan,3.4475932797354956
3909,-58.28277704933307,50,0.02742641407063932,nan,1.7032537479596583
3910,-276.5233739749207,268,0.028223092632186916,nan,0.281544751186997
3911,-45.19420370748183,36,0.030444383137357218,nan,2.1196614546321615
3912,-36.87333849143189,28,0.02938191553454318,nan,0.21963441234794354
3913,-92.67204887542115,72,0.06845049296497145,nan,-0.13721410116257246
3914,-31.669993824295815,22,0.03201984710031727,nan,-0.005500607996899943
3915,-14.722493264846825,6,0.02888242802929415,nan,0.11686386823814535
3916,-37.06045295371999,28,0.03000149984675453,nan,0.20468001515301568
3917,-107.12884783091314,98,0.030227972950042717,nan,-0.04257819266112472
3918,-40.26702617236088,32,0.027374258848877182,nan,0.6047751428942784
3919,-97.1571573487295,72,0.08330184552559314,nan,1.1669277732821592
3920,-67.51413707980615,58,0.031503765164919886,nan,0.19308007408233377
3921,-177.1448888375903,160,0.056771155091358716,nan,1.9902421375727932
3922,-128.91169217048326,110,0.06262149725325636,nan,2.713527778806535
3923,-82.0793926891492,62,0.06648805526208366,nan,0.9708230611695507
3924,-36.53752925689811,28,0.0282699644268146,nan,0.1001998470937147
3925,-190.18912333113386,178,0.040361335533555316,nan,1.2548732689310433
3926,-73.03079102087425,64,0.029903281526073276,nan,0.3164909717351251
3927,-65.68274706685196,56,0.032062076380305005,nan,0.5621260127030211
3928,-35.38556952653847,26,0.031078044789862556,nan,-0.06912015671570036
3929,-168.6794407846022,160,0.02873987014769084,nan,1.4588237293314386
3930,-33.75746416195986,26,0.02568696742370793,nan,0.20069051700881652
3931,-78.35392385516508,68,0.034284516076705934,nan,3.1917367975506625
3932,-116.05425811915502,108,0.026669728871374938,nan,0.49396583999270827
3933,-70.80540817056357,62,0.02915698069723057,nan,0.5862353006186979
3934,-74.08964214532537,60,0.0587068422721885,nan,3.287035576769534
3935,-203.21271960191643,194,0.030505694046081385,nan,-0.61776417490825
3936,-50.31369132664506,42,0.027528779227301545,nan,0.40968311277639496
3937,-32.35538363819695,14,0.06077941602051972,nan,-0.04895334943709972
3938,-128.0356650601725,120,0.026608162450902344,nan,-0.4794027257825376
3939,-37.277266614234044,28,0.03071942587494718,nan,-0.2803554457588436
3940,-58.96538429597021,48,0.036309219523080624,nan,0.3835184567348125
3941,-42.838781798599506,12,0.10211517151854106,nan,-0.0066446822950776835
3942,-46.06965035748062,38,0.026720696547949046,nan,0.17595307578979175
3943,-71.55178588391786,62,0.03162843007919835,nan,0.10591701206131314
3944,-48.84204956848759,40,0.02927830982942939,nan,0.16773063468851693
3945,-42.4032078850462,34,0.02782519167233871,nan,0.27376065126663407
3946,-25.831503765788675,14,0.039177164787380016,nan,-0.007463548968766588
3947,-22.67412529053922,14,0.028722269173970763,nan,0.6335561930266324
3948,-44.78306259145363,34,0.03570550526971465,nan,0.5226159398215792
3949,-281.3910068702367,262,0.06420863202065287,nan,0.1419121166377607
3950,-85.59959004687886,76,0.031786722009533176,nan,2.4197855445356278
3951,-21.29605630521225,12,0.030781643394742694,nan,0.3961908485258572
3952,-56.449744331784615,48,0.027979285866836134,nan,-0.2812686536198602
3953,-84.42270652437118,58,0.08749240570983788,nan,0.5961599149986784
3954,-42.335039773080894,34,0.027599469447287788,nan,0.018744603659945746
3955,-46.841641961419604,38,0.029276960137150844,nan,-0.2629971836522431
3956,-160.0560257358033,152,0.02667558190663551,nan,-0.32485872831238766
3957,-42.992867175379274,20,0.07613532177277897,nan,0.6870845768002628
3958,-228.9477744389199,188,0.13558865708251716,nan,0.5852660943731659
3959,-88.76863549453398,68,0.06877031620706622,nan,0.1767844448127053
3960,-79.04968177347914,64,0.04983338335589181,nan,-0.19526318005996984
3961,-159.13086515403393,150,0.030234652827924965,nan,1.552909108030491
3962,-33.729127899805796,20,0.04546068840995309,nan,0.7020303618063994
3963,-52.48653006717328,44,0.02810109293765996,nan,2.1804859338730687
3964,-39.747433442145365,30,0.03227626967597772,nan,0.4204142424984163
3965,-59.77958579025152,50,0.03238273440480679,nan,-0.5915145188251615
3966,-58.928784777999866,20,0.1289032608543045,nan,0.26709122945635894
3967,-72.3024977206621,62,0.03411423086311971,nan,2.52619772578479
3968,-56.670116362018604,48,0.028708994576220833,nan,0.6913994186092168
3969,-41.91380332817703,30,0.0441251975117671,nan,2.921482616571399
3970,-38.701819622460434,30,0.028813972259802624,nan,0.2872646210757963
3971,-82.73358928755535,72,0.03554168638263319,nan,2.556005718981331
3972,-37.059193095529785,28,0.029997328130893182,nan,1.9368532772803917
3973,-215.1492555126887,206,0.030295548055259917,nan,-0.03998635187800989
3974,-109.69524484179477,100,0.03210345974104296,nan,-0.17346652111473002
3975,-40.948016926328954,28,0.0428742282328773,nan,-0.38461033209267115
3976,-90.09056359520531,82,0.026789945679487445,nan,-0.3731883911856925
3977,-59.06325623900006,50,0.030010782248345025,nan,0.11759981206962869
3978,-76.9449400488085,68,0.029619006784133605,nan,0.7686354613024124
3979,-248.0581672670632,218,0.10086633311095103,nan,-0.21723947235228394
3980,-45.04142273373107,36,0.029938485873281913,nan,-0.44642740791102264
3981,-56.353694763468305,48,0.02766124093863671,nan,-0.12422739506409262
3982,-36.299507747703245,26,0.03410433029040865,nan,1.7931093897936103
3983,-142.86982852369022,134,0.029370293124801976,nan,0.2749403556922739
3984,-117.44343013267148,72,0.15047493421414362,nan,-0.02716101887817063
3985,-56.76840188964304,46,0.03565695989948009,nan,1.7646806563167456
3986,-54.786082806357484,46,0.02909298942502491,nan,-0.35293622816410164
3987,-62.78065802184375,34,0.09530019212530998,nan,0.7210835625026267
3988,-97.04982368323309,88,0.029966303586863783,nan,1.201767461713876
3989,-55.046112492265806,42,0.043199047987635485,nan,1.510068069429097
3990,-103.03004474998538,58,0.14910610844365946,nan,0.5356456465290594
3991,-115.5961442124924,96,0.06488789474335323,nan,1.9660660535353083
3992,-17.13075641768055,8,0.030234292773776515,nan,0.5500377772169324
3993,-28.118452304005423,20,0.02688229239736888,nan,-0.7500888933044656
3994,-49.15666858700217,40,0.030320094658947666,nan,0.17104586362117896
3995,-34.59229903239943,26,0.02845132129933546,nan,-0.1468944622111192
3996,-108.40881592390106,100,0.027843761337421075,nan,0.020594500407962235
3997,-36.1761046774387,28,0.027073194296154537,nan,0.5368435876786868
3998,-52.720150742373185,44,0.028874671332361015,nan,0.7689833562663488
3999,-115.3932200692844,82,0.11057357638835881,nan,0.7077564902991228
4000,-79.15732047294766,70,0.03032225322168088,nan,0.18005239522463906
4001,-104.26861179880501,96,0.027379509267566958,nan,-0.03341581855084522
4002,-303.17601923675136,294,0.030384169658116817,nan,0.3877765622854985
4003,-87.69303541668562,60,0.0916987927704822,nan,0.5899921836261618
4004,-63.97752154533525,54,0.03303815081236798,nan,2.375030595037334
4005,-88.46481010963818,80,0.028029172548470427,nan,-0.30583233071054755
4006,-98.46165698094632,90,0.02801873172498876,nan,0.5658960607368716
4007,-42.70877782215121,34,0.02883701265612979,nan,-0.39302955680940316
4008,-60.55283134844243,52,0.028320633604113823,nan,0.005567046596544536
4009,-97.08628375588393,80,0.05657709852941631,nan,1.8911523666085521
4010,-81.3332943662311,64,0.05739501445771872,nan,0.8897642935869833
4011,-33.89549190991033,26,0.02614401294672318,nan,0.6680194203472012
4012,-23.92657610435614,14,0.03286945729919244,nan,0.4812754530527487
4013,-39.32041267276251,30,0.03086229361841943,nan,0.04588700012166658
4014,-52.37120730455825,44,0.02866851816629523,nan,-0.19230136133629544
4015,-79.82981861094827,70,0.0325490682481727,nan,1.0226904068420108
4016,-54.00542380742986,40,0.04637557552129095,nan,1.1463503780784456
4017,-51.301173771853804,26,0.0837787210988536,nan,-0.186555588034418
4018,-34.04970683165225,24,0.03327717493924606,nan,1.496267558198109
4019,-76.29163481790305,60,0.05394581065530826,nan,0.14377618696795397
4020,-74.77181543544994,66,0.029045746474999863,nan,-0.6553749577483835
4021,-23.82093987883577,14,0.032519668472966085,nan,0.4684844846986018
4022,-334.25089550834235,324,0.033943362610405634,nan,1.851712903579283
4023,-43.309289073617144,34,0.0308254605086658,nan,0.9590102561994491
4024,-62.74580135169933,52,0.03558212368112317,nan,1.8783976262919289
4025,-64.85076457277154,56,0.02930716745950844,nan,-0.27326876069025896
4026,-40.92430295433603,32,0.029550672034225126,nan,0.23350633124455453
4027,-147.98198106987758,88,0.1986158313572106,nan,0.2701187714403927
4028,-104.36637208377925,96,0.027703218820460795,nan,-0.6926387253363882
4029,-47.44487409524888,38,0.03127441753393633,nan,-0.3667086219287089
4030,-44.45144446147365,24,0.06772001477309142,nan,1.6094962922829517
4031,-26.895830235480684,16,0.036078908064505824,nan,1.7019878560191464
4032,-48.25553041917977,40,0.02733619344099281,nan,0.2782780206294858
4033,-41.06456324964572,16,0.08299524254849604,nan,0.1665658738327982
4034,-449.0090001643273,440,0.029831126371939867,nan,0.761973962354619
4035,-49.92782608464729,42,0.026251079750487544,nan,0.09755737913500892
4036,-52.71558011413662,40,0.04210456991435973,nan,0.4233414092630808
4037,-48.04273430959345,36,0.039876603674150066,nan,0.07648704305538377
4038,-61.83618927341941,32,0.09879532871993219,nan,0.8942111897003214
4039,-44.347092242748865,36,0.027639378287247874,nan,-0.5875735201264403
4040,-76.07478082877068,68,0.026737684863479567,nan,1.1243286307933524
4041,-49.16136782865158,28,0.07007075439950863,nan,0.9664583526442054
4042,-42.03034077155113,34,0.026590532356129532,nan,0.049943130461665625
4043,-45.08120186368282,36,0.030070204846631594,nan,-0.5702465211116826
4044,-27.36625060462208,18,0.03101407484974177,nan,-0.5332382114573663
4045,-111.61277448088353,102,0.031830379075772124,nan,3.001804256830588
4046,-191.7554322192978,178,0.04554778880562115,nan,2.9697777786687256
4047,-63.17891543623277,54,0.030393759722625206,nan,0.5897729834460294
4048,-93.14674130450022,84,0.030287222862583393,nan,-0.05014512845398303
4049,-73.421525010773,50,0.0775547185787191,nan,-0.34451989662276106
4050,-16.697041530007873,8,0.028798150761615474,nan,-0.0976266667462688
4051,-90.70389282908349,82,0.028820837182395705,nan,-0.21582087998722513
4052,-49.25614239042462,40,0.03064947811398896,nan,0.042711324733624156
4053,-74.45266752925777,60,0.04785651499754159,nan,0.4800650655864029
4054,-39.67031829419402,30,0.03202092150395341,nan,0.5638276624669851
4055,-8.71073575393997,0,0.02884349587397335,nan,1.001586709114174
4056,-45.73406100901471,38,0.025609473539783892,nan,0.1756608154524668
4057,-79.25861358760064,58,0.07039276022384268,nan,-0.2708720121068559
4058,-142.64425173226795,134,0.02862335010684878,nan,0.7016553691366305
4059,-84.70925944482806,76,0.028838607433205887,nan,-0.7839815035874074
4060,-51.548679621574856,40,0.03824066099859215,nan,2.0315946100864077
4061,-47.458969975091364,38,0.031321092632752505,nan,0.025570010399794365
4062,-29.961719050821305,20,0.032985824671593826,nan,0.5486190197144369
4063,-95.80686612346761,78,0.058963132859164546,nan,0.2557860361556596
4064,-50.78993162481384,42,0.029105733856999355,nan,0.3347953439645457
4065,-39.96837948893627,32,0.026385362546146478,nan,0.1116034745369014
4066,-66.30270790825426,50,0.053982476517397696,nan,0.384705780539546
4067,-27.15292512919363,18,0.030307699103290276,nan,0.3867921234051071
4068,-78.5423818166298,70,0.028286032505396696,nan,1.1028485521382732
4069,-98.17057060994665,90,0.027054869569360016,nan,-0.1666494965479464
4070,-43.859186832183,36,0.026023797457559752,nan,0.2433285330251069
4071,-40.534533748490816,26,0.04812759519367811,nan,0.1118556617010371
4072,-74.6979106987859,66,0.028993035662620563,nan,-0.03999693083569097
4073,-58.422350407669406,50,0.02788857750883919,nan,0.6104825747720527
4074,-216.37308930267508,176,0.13368572616779792,nan,-0.29747949779953614
4075,-151.1486798551458,140,0.0369161584607491,nan,1.0507588666196086
4076,-69.48323176705873,62,0.028345574875222924,nan,0.3372635398878077
4077,-150.8011673348733,126,0.0821230706452769,nan,-0.0461934610828526
4078,-81.9380323025978,46,0.11900010696224445,nan,0.2301149708665838
4079,-55.75539054365095,46,0.03230261769420817,nan,0.639682297567399
4080,-104.58944808053607,96,0.028441881061377395,nan,0.031937200248793436
4081,-109.80099080277306,94,0.052321161598587185,nan,0.44036171733762525
4082,-34.78851875552626,26,0.029101055481875054,nan,0.23943370841582312
4083,-41.163256370027895,32,0.030341908510025963,nan,0.423353466990447
4084,-153.4229345259005,138,0.0575482631563451,nan,0.8674664071660297
4085,-40.87435379869563,30,0.03600779403541616,nan,1.5352676992666976
4086,-53.80645107279851,46,0.02584917573774332,nan,0.015161901273518347
4087,-84.22168682459855,76,0.02722412855827418,nan,0.5574271206600905
4088,-42.88780305253702,34,0.029429811432242346,nan,0.29823978788478434
4089,-34.577223796231344,26,0.02840140329877926,nan,0.9364416406305649
4090,-41.955347341223344,32,0.03296472629544195,nan,2.037852621653629
4091,-70.96716228138632,62,0.02969259033571568,nan,0.5149879653564969
4092,-111.77909137078552,104,0.025758580697964585,nan,-0.5458201566895762
4093,-64.9097275002895,36,0.09572757450426984,nan,0.6274775074674426
4094,-75.37301610908878,50,0.0840166096327438,nan,0.43929415080324935
4095,-70.91423427478664,60,0.0361398485920086,nan,0.8658793314411737
4096,-75.15841865574654,62,0.04357092270114765,nan,-0.275766875177995
4097,-66.71508671663513,50,0.05534796926038139,nan,-0.30193435231271093
4098,-50.55842113856813,42,0.028339142842941457,nan,0.3503667500951337
4099,-25.65287343117785,16,0.031963157056880624,nan,2.091230823751038
4100,-82.54679153813879,72,0.03492315078853994,nan,2.155120804317416
4101,-43.970310067570544,32,0.03963678830321369,nan,0.32912044843746696
4102,-83.45157381497637,74,0.03129660203634672,nan,2.0078690376472723
4103,-42.20761767107122,34,0.027177541957189466,nan,0.4378801076826393
4104,-36.67706100177202,28,0.02873199007209273,nan,0.5827631064156759
4105,-168.81254602147146,150,0.06229319874659297,nan,-0.2293402886302353
4106,-96.55467496916738,88,0.028326738308501114,nan,0.17945950330652927
4107,-42.693920140863725,34,0.02878781503597223,nan,-0.1532689878821723
4108,-32.5645834552594,22,0.0349820644213888,nan,0.8731586829552562
4109,-117.25277427943122,108,0.030638325428580204,nan,-0.1403226057629545
4110,-120.13825692914763,112,0.026947870626316445,nan,-0.7776896951435633
4111,-40.24991976060601,32,0.027317615101344093,nan,0.5561512239640294
4112,-36.217879436476785,28,0.0272115213128371,nan,-0.11536834507499087
4113,-130.17592213302606,102,0.0932977554073713,nan,0.6453732473791934
4114,-33.44346567056307,24,0.03126975387603603,nan,1.234020335478527
4115,-44.429485184142834,36,0.0279122025964997,nan,0.5991741240689907
4116,-90.71396864187125,44,0.15468201537043436,nan,0.9606878919425939
4117,-39.3796515940409,30,0.031058448986890093,nan,0.06895718914017217
4118,-12.979496792370576,4,0.029733433087319818,nan,0.2519490058394689
4119,-209.59947692298545,202,0.02516383087081361,nan,0.10679845581201858
4120,-22.205907823619288,14,0.027911251100745813,nan,0.0696173396189602
4121,-58.5765346435237,50,0.028399121336171763,nan,-0.036428175933639034
4122,-19.20324209373505,10,0.03047431156865882,nan,0.4510916795129795
4123,-35.353462333751885,26,0.03097172958195977,nan,1.1258029440222832
4124,-53.93286432215175,46,0.0262677626561319,nan,0.798821011138415
4125,-56.841962730110005,48,0.0292780222851324,nan,0.275091526626196
4126,-17.33268851723124,8,0.03090294211003728,nan,1.2130834246887703
4127,-165.66635507673413,144,0.07174289760507982,nan,-0.6271395338276927
4128,-128.70669232201126,120,0.028830107026529255,nan,0.6239192704110027
4129,-269.93669824776254,260,0.03290297433033559,nan,1.0985878312481354
4130,-37.023481181148405,28,0.02987907675876953,nan,0.029125125313775972
4131,-16.909212815579615,8,0.029500704687349517,nan,0.526801353306602
4132,-74.07567844622801,62,0.0559059187325372,nan,1.222503543333409
4133,-231.6363550895427,222,0.031908460561398636,nan,-0.1615722042782115
4134,-19.410402824735225,10,0.03116027425409001,nan,0.2614509585697438
4135,-80.55506491985766,72,0.02832802953595193,nan,0.04991244542401281
4136,-119.65323136099595,112,0.02534182569866281,nan,-0.08862322100780484
4137,-87.89186517102766,58,0.09897968599678003,nan,-0.01077297576498826
4138,-86.95521136347058,78,0.029653017759836375,nan,0.3402890923073352
4139,-58.38430159914749,50,0.0277625880766474,nan,0.06685295006667344
4140,-27.942409382630508,20,0.0262993688166572,nan,0.21360162225641913
4141,-35.689765233942886,14,0.07182041468193007,nan,0.34466121301412683
4142,-134.69438107480354,126,0.02878934130729674,nan,-0.16830734127380004
4143,-14.531163878350304,6,0.02824888701440513,nan,-0.20171586615199205
4144,-105.36719188895843,90,0.05088474135416777,nan,1.0810256503780669
4145,-35.0247894563711,20,0.049750958464805206,nan,0.663429946669675
4146,-109.30092735485367,94,0.05066532236706426,nan,1.0978740961112032
4147,-138.85360701165328,120,0.06242916229024193,nan,1.894281210291773
4148,-25.61038475731542,16,0.03182246608382592,nan,0.46130925583744126
4149,-149.37060052819425,108,0.13698874347084175,nan,0.292656487601251
4150,-98.72439688259557,90,0.028888731399323908,nan,-0.15932353289893503
4151,-73.30167726305969,64,0.03080025583794575,nan,-0.026418214221099478
4152,-213.97461011455738,186,0.09263115931972657,nan,0.5549853263879256
4153,-145.19683177822162,136,0.03045308535834954,nan,3.111610527348162
4154,-60.806228433816166,52,0.029551102126900562,nan,2.4810092250981772
4155,-52.54376116349776,44,0.028290599879132107,nan,0.21153526522430424
4156,-141.24909928397327,120,0.0703612559071961,nan,1.089833187833386
4157,-33.92959557823914,24,0.03287945555708324,nan,0.2375167848533852
4158,-42.7971142885442,34,0.029129517511735436,nan,-0.059589504555410504
4159,-158.53413326504645,150,0.02825871942068264,nan,0.06583562978953493
4160,-32.74250066125597,24,0.0289486776862783,nan,-0.09884918195015091
4161,-122.60117815327555,114,0.02848072236184016,nan,-0.25705882255467877
4162,-69.2963679319848,44,0.08376280772180421,nan,0.8206673093481661
4163,-17.581115696761383,8,0.031725548664772826,nan,0.19174516901588962
4164,-49.95055202630797,32,0.05943891399439762,nan,1.305105274564252
4165,-186.14028003597892,158,0.09317973521847288,nan,-0.32141031962827105
4166,-104.26280875815736,90,0.047227843570058325,nan,1.305002176214745
4167,-57.514462223729296,36,0.0712399411381768,nan,2.483823230172452
4168,-209.9017064813428,198,0.04649104094274629,nan,0.7189337356658143
4169,-35.48677433831716,24,0.038035676616944195,nan,1.7964444159267206
4170,-102.60384996276841,94,0.028489569413141118,nan,1.1549282322193277
4171,-54.57291433599812,46,0.028387133562907403,nan,0.5976024376926944
4172,-33.422350170657076,24,0.0311998350021755,nan,0.26101118689305963
4173,-44.46789115689249,36,0.028039374691696418,nan,0.9342215216638434
4174,-50.10589844627149,42,0.02684072333202479,nan,-0.5753491991578866
4175,-330.02099912335905,300,0.09940728186542626,nan,-0.20132888296460238
4176,-48.413403648942676,40,0.028232898150815085,nan,-0.6730304311655052
4177,-27.64904612383016,18,0.0319504838537421,nan,1.1435980425628722
4178,-15.709112700495535,6,0.032149379802965346,nan,0.04940229653672235
4179,-55.45376341346283,46,0.031303852362458855,nan,1.9680149538885796
4180,-155.0306356926211,146,0.02990276719410925,nan,1.0242333955044498
4181,-41.605755393285875,36,0.024162738764163316,nan,0.4722866081280417
4182,-147.90816182196937,132,0.05267603252307779,nan,0.69273531465785
4183,-44.75624209766382,36,0.029383362743838088,nan,0.8186572326934778
4184,-18.533264931042805,10,0.028255844142525893,nan,0.011287954556007888
4185,-136.03936140003654,88,0.15907073311270334,nan,-0.24466546986387758
4186,-63.09741429741572,54,0.030123888402038446,nan,0.7704577976947231
4187,-90.93942150253709,82,0.029600733452109097,nan,0.07485558833573816
4188,-47.31313982199527,32,0.05070576099998453,nan,2.379946787267511
4189,-71.28881023940323,42,0.09698281536226155,nan,-0.48091370180674786
4190,-46.57967980467679,38,0.02840953577707535,nan,0.011864653197024634
4191,-97.42678496460684,90,0.02970713985842757,nan,2.144001469917086
4192,-30.914651531623285,22,0.029518713680871604,nan,-0.18018942983976768
4193,-82.75273214845366,74,0.028982556782959582,nan,-0.0748766499523317
4194,-83.64691765939402,74,0.03194343595825788,nan,2.0537197849879796
4195,-24.107952175963362,16,0.026847523761468355,nan,0.028284757898288583
4196,-44.55149560197621,36,0.028316210602570092,nan,0.549052565036471
4197,-52.97682977994813,44,0.029724601920357804,nan,0.9606304260932945
4198,-17.119218090712252,8,0.030196086393086956,nan,0.8229271507189788
4199,-96.39780655597077,48,0.160257637602552,nan,0.5139066468597396
4200,-76.091870988784,68,0.0267942747972986,nan,-0.0364599209544804
4201,-187.79119143237384,178,0.032421163683356985,nan,1.3168251588818038
4202,-84.47188025924328,74,0.03467510019617042,nan,1.424364491472079
4203,-37.12313139010007,28,0.030209044338079746,nan,0.1342752695394316
4204,-137.6021194015449,126,0.038417613912400804,nan,3.0525819863545838
4205,-33.78782154015842,24,0.03241000509986247,nan,0.47377531495240566
4206,-66.74775925678598,38,0.09519125581717167,nan,0.4262765408882144
4207,-116.66475892036053,82,0.11478396993496817,nan,0.6182796011791435
4208,-63.39614479548576,52,0.03773557879299931,nan,1.3926309863856623
4209,-64.25474047854668,56,0.02886272894596738,nan,0.11844595557997016
4210,-127.00860932281294,118,0.02982983219474469,nan,0.021582571165374053
4211,-32.59122771666013,24,0.028447773896225728,nan,0.01656358752647162
4212,-51.64815466315795,42,0.03194753199721169,nan,1.2383595380262897
4213,-44.274262889644625,34,0.03402073804518084,nan,1.011989183070613
4214,-50.10285599177195,42,0.026830648979377095,nan,-0.40665880006623134
4215,-80.32503090249993,58,0.07392394338576146,nan,0.2828707678596137
4216,-64.00478302017147,32,0.10597610271580042,nan,-0.26317180750162233
4217,-60.319806193060394,44,0.05403909335450458,nan,1.3306136190227467
4218,-52.11160320582614,42,0.03348212982061702,nan,0.208219647296783
4219,-90.84327675682526,84,0.02479448100298966,nan,0.06825747337690859
4220,-49.01335173306059,40,0.02984553553993514,nan,0.46294649418662975
4221,-57.02116522392694,48,0.029871408026247947,nan,0.6116958911704525
4222,-38.55235391770229,16,0.0746766686016634,nan,1.3114272419487965
4223,-44.534052374102735,34,0.0348809681261679,nan,0.25274842398924235
4224,-26.992859465529197,18,0.029777680349434715,nan,0.35646170605658645
4225,-48.715633156048305,38,0.035482228993537215,nan,-0.6320695015457451
4226,-21.37404429361448,12,0.031039881766935215,nan,0.05404208861098668
4227,-7.408843393653072,0,0.027644938036018935,nan,-0.3412110258059736
4228,-67.3722004496605,58,0.03103377632337898,nan,0.36057635268453964
4229,-90.80170808294933,72,0.0622573115329454,nan,0.5165535127523584
4230,-27.35827593071462,18,0.030987668644750357,nan,0.5089061082124137
4231,-71.2118013277162,46,0.08348278585336533,nan,1.2396058430241048
4232,-36.245461436320994,18,0.060415435219606184,nan,0.15107543466480478
4233,-290.9256439441666,280,0.036177628954192326,nan,1.3009188721931713
4234,-75.04526196259805,66,0.029951198551649287,nan,0.46599312941048415
4235,-40.78154830087367,22,0.062190557287660854,nan,1.9388497532435536
4236,-18.339855334836134,10,0.02761541501601365,nan,-0.005324140744578592
4237,-59.672027257665114,48,0.03864909687968567,nan,2.7999232667788174
4238,-113.53602078621464,94,0.06468881055037985,nan,-0.12780883981044858
4239,-257.8356194984817,248,0.03256827648503826,nan,2.6890720008570375
4240,-37.557652084606104,28,0.03164785458478851,nan,0.15602931241144039
4241,-49.82072859891172,40,0.0325189688705683,nan,0.7383954233125073
4242,-83.37885815553481,58,0.0840359541574,nan,0.11922517202043635
4243,-97.40853934310415,76,0.07088920312286191,nan,2.2349340831373845
4244,-118.53979406167171,110,0.028277463780370153,nan,0.9590009490034962
4245,-170.40142625937557,152,0.06093187503104626,nan,0.6760483606532293
4246,-36.94736894285267,28,0.029627049479644653,nan,0.0008316762723022492
4247,-38.55277323210323,30,0.02832044116590492,nan,-0.3092813271625177
4248,-69.94380518519031,62,0.026303990679437842,nan,-0.24952980187210402
4249,-178.8949918705553,170,0.02945361546541511,nan,-0.3170340249524413
4250,-40.53778381562943,24,0.05476087356168663,nan,-0.1314752391564956
4251,-48.539136074225354,26,0.07463290090803085,nan,-0.4818411803430903
4252,-99.62088726960249,92,0.02523472605828604,nan,-0.5332288277777611
4253,-42.606869985142595,28,0.048367119156101014,nan,0.44713011930753715
4254,-105.36862284248537,96,0.031021929942004468,nan,0.6756593789214528
4255,-91.16623780920155,78,0.04359681393775395,nan,2.1580603304827966
4256,-59.41577775404554,48,0.0378005885895546,nan,1.0859833699278687
4257,-326.7706059500023,318,0.02904174155629932,nan,1.1103107703620698
4258,-101.15505872402234,90,0.03693728054312004,nan,2.7215852737335013
4259,-82.12544472738115,70,0.040150479229739994,nan,1.8698431182489268
4260,-18.2306281853876,8,0.03387625226949503,nan,-0.9403107289625764
4261,-102.62195496531702,72,0.10139720187191192,nan,-0.18726338110289795
4262,-68.48333665809788,58,0.03471303529171469,nan,1.7358194879239999
4263,-22.985176055974215,14,0.029752238595941227,nan,-0.013699991360965141
4264,-38.507933643927664,30,0.028171965708369866,nan,0.8496978462072204
4265,-204.51959277284269,196,0.028210572095505922,nan,0.4978813113750341
4266,-106.10446316371626,92,0.046703520409657986,nan,0.23818845588772478
4267,-55.252920353016535,46,0.030638809115948573,nan,0.056714675690368165
4268,-35.25188396534664,26,0.03063537736869763,nan,0.9187538411095122
4269,-61.398214121252536,52,0.03111991430878363,nan,0.3238963667523819
4270,-93.80034458312714,82,0.03907398868585202,nan,2.4527391402606717
4271,-44.34888051290077,36,0.027645299711592505,nan,0.10543038726193346
4272,-112.13780534067735,104,0.026946375300256998,nan,0.12216932160089052
4273,-80.76224537581021,58,0.07537167342983364,nan,0.10547872231756676
4274,-70.52604899387747,62,0.02823195031085142,nan,0.5971021051347851
4275,-76.55873511001535,68,0.028340182483494493,nan,0.15615468963499593
4276,-73.18618017818595,64,0.030417815159555908,nan,1.1937783564077398
4277,-64.32024194913207,42,0.07390808592427844,nan,0.15241489813478806
4278,-60.35171982220578,52,0.027654701398032715,nan,-0.18069744671765092
4279,-64.95819028287296,54,0.03628539828765882,nan,0.7464553235622589
4280,-40.929734507407645,32,0.029568657309297156,nan,0.9029145482132699
4281,-52.56501001490921,44,0.028360960314268793,nan,-0.1580245108886129
4282,-37.29765354495844,28,0.030786932268074566,nan,-0.09530654009084667
4283,-65.45158167377157,54,0.03791914461513676,nan,1.5737708789704443
4284,-45.95272271849661,36,0.03295603549171065,nan,0.32396949757133775
4285,-96.86894089539341,88,0.029367353958255998,nan,0.2244040594873123
4286,-103.14837775727895,82,0.07002774091814253,nan,1.133514818752671
4287,-77.05066457348947,68,0.02996908799168758,nan,0.23969055362375738
4288,-35.23304410294579,26,0.030572993718363396,nan,0.08521472548546319
4289,-76.78441271427896,68,0.02908745931880413,nan,0.5638448079033764
4290,-66.86065435050962,60,0.025791933648531898,nan,0.6744337797331225
4291,-30.26091908325478,20,0.03397655325581043,nan,0.2775576230241464
4292,-89.27948949022282,78,0.03734930294775817,nan,0.2629508247508996
4293,-280.6253973276223,272,0.028560918303385373,nan,0.5381935709244371
4294,-110.71710293891894,102,0.02886457926794335,nan,0.5151674766952344
4295,-324.6249988798446,316,0.02855959893988252,nan,-0.1506902491925932
4296,-49.31037519060244,40,0.030829056922524772,nan,1.0622782698452369
4297,-36.379141150932085,26,0.034368017056066257,nan,1.5795921600342802
4298,-50.86253210683744,22,0.09557129836701084,nan,0.17253183608592604
4299,-65.2513195321143,56,0.030633508384484996,nan,-0.0030735569301027408
4300,-39.187620772505284,30,0.03042258533942119,nan,0.30583678495380967
4301,-8.134510057254602,0,0.026935463765743708,nan,-0.3322394460872385
4302,-48.83674844758211,40,0.029260756448947,nan,0.22624481407145272
4303,-35.562801733771956,14,0.07140000574096617,nan,1.0553172797156616
4304,-20.251452120765794,12,0.027322689141608725,nan,-0.5836158348771663
4305,-79.01864224765197,70,0.029863053800172748,nan,1.5737990781839086
4306,-30.40148919862918,22,0.02781950065771269,nan,-0.47189864729321407
4307,-84.05494934546975,76,0.02667201770023083,nan,0.19036462427462322
4308,-104.74207461757968,98,0.02696829847031828,nan,2.1915471837176477
4309,-25.542455025816533,16,0.0315975331980681,nan,0.33623100794729965
4310,-111.408426478536,102,0.03115373006137764,nan,0.7753176926141019
4311,-60.354122930956166,52,0.03188596538532799,nan,3.29256175674395
4312,-24.890156681617817,16,0.029437604906019578,nan,1.9592610770429983
4313,-82.69154496739324,62,0.06851504956090577,nan,1.0111190355493878
4314,-191.10474343947502,172,0.06326073986581016,nan,-0.04132309892648116
4315,-77.15352701520165,68,0.03030969210331657,nan,1.0041990819221622
4316,-27.975773227556832,20,0.026409845124360634,nan,-0.03917302307865539
4317,-122.19748181308921,112,0.03376649606983148,nan,1.3276415635384495
4318,-183.5627463991492,174,0.03166472317599014,nan,1.397140508481118
4319,-82.72753074347057,74,0.02889910842208789,nan,0.14999600858596232
4320,-58.162995491141,50,0.02702978639450674,nan,-0.8001099389420733
4321,-138.96665528959747,130,0.029690911554957077,nan,1.120966081984961
4322,-54.50391347072971,46,0.028158653876588276,nan,0.3942556756067503
4323,-90.39863983904628,80,0.034432582248498454,nan,3.0968535299067517
4324,-66.85029159151811,58,0.029305601296417697,nan,1.854599200900866
4325,-84.88548293665208,40,0.14862742694255685,nan,0.4706077845033184
4326,-81.81573563262397,74,0.02587991931332484,nan,0.1796939629038321
4327,-58.82816581385681,50,0.029232337131976486,nan,1.274850946219194
4328,-159.29192454404654,150,0.03076796206637885,nan,0.00302248500959812
4329,-173.46223251034414,166,0.02892338182303804,nan,2.7335161138982005
4330,-76.26363825765125,68,0.027363040588249236,nan,-0.2625179926074952
4331,-61.09766768349301,52,0.030124727428784796,nan,0.31186366988860986
4332,-30.753055037860648,8,0.07534124184722067,nan,0.003509309048895857
4333,-32.531064733225136,24,0.028248558719288615,nan,1.254686051350864
4334,-132.93891176477155,124,0.029599045578713068,nan,2.018476930818758
4335,-422.4284107684958,414,0.027908644928791547,nan,2.9153842819553173
4336,-78.35879200347742,46,0.10714831789230864,nan,1.0963258856811888
4337,-129.7556615167952,122,0.027308667312658297,nan,0.168316601268934
4338,-20.208494264801093,12,0.027180444585434192,nan,-0.536754318502414
4339,-77.65978275292059,68,0.03198603560569711,nan,2.167478678470195
4340,-36.30836344772583,26,0.034133653800417045,nan,0.39651811537672055
4341,-128.7319734954545,120,0.02891381952137296,nan,0.39002766490648716
4342,-73.6384660480797,60,0.0451604836029136,nan,1.187230934245151
4343,-41.94801710417569,34,0.02631793743104526,nan,-0.856729024331931
4344,-184.29375555957753,176,0.02746276675356885,nan,2.517703055881131
4345,-68.03291047687368,14,0.17891692210885274,nan,-0.13412457720009574
4346,-14.356563818382588,6,0.02767074112047213,nan,0.37860189393410976
4347,-106.37724657338369,98,0.027739227064183792,nan,-0.26985547627088774
4348,-78.78643010163164,66,0.04233917252195993,nan,3.0574492741211947
4349,-44.75222066121059,36,0.028980863116591524,nan,1.8086220517803897
4350,-91.0477099651521,82,0.029959304520371138,nan,1.2453800023383452
4351,-34.53881880678793,24,0.034896751015853995,nan,1.9963248268641
4352,-30.978449001285227,22,0.0297299635804148,nan,0.24226868614856623
4353,-49.66037619999499,38,0.04077054615382867,nan,0.06825811345621917
4354,-61.23492451923328,52,0.030579220262361494,nan,-0.39844231067779656
4355,-64.6098921819631,56,0.028509576761467613,nan,0.4168334461052228
4356,-30.933777299422115,22,0.02958204403782182,nan,-0.27100756351871874
4357,-42.22769466412937,18,0.08022415451698471,nan,0.3832385541297594
4358,-38.7367719383988,30,0.028929708405293627,nan,-0.763571759204909
4359,-59.957859621866994,50,0.032973045105520224,nan,-0.08785980502805567
4360,-86.61854916877836,78,0.02853824228072304,nan,0.37087618554378543
4361,-30.859373291701548,22,0.029335673151329608,nan,0.20818258833125872
4362,-63.62153804303439,34,0.09808456305640513,nan,1.2785015454371838
4363,-63.780645698046406,56,0.02576372747697483,nan,-0.47978821707699976
4364,-24.819055264816527,16,0.02920216975104828,nan,0.5214491366020971
4365,-124.94590836334496,116,0.029622213123657804,nan,0.1344734497650508
4366,-56.95084508449707,48,0.02963855988244091,nan,1.9263833506225179
4367,-86.66288457358237,78,0.028685048256895652,nan,0.28073515537008337
4368,-131.41367934013607,104,0.0907737726494584,nan,0.6149827856727759
4369,-33.94344583137291,24,0.032925317322426935,nan,-0.5334440695523556
4370,-93.1091847215703,78,0.05003041298533158,nan,2.7208800227170817
4371,-331.09591106379685,322,0.030118910807277032,nan,3.5871403743438144
4372,-74.1169110810871,58,0.05336725523538818,nan,0.5110945440733972
4373,-67.9095441501707,58,0.03281306009990252,nan,1.787000764898292
4374,-83.25983636633073,74,0.03066170982228758,nan,0.06891115102654828
4375,-25.29579613614358,16,0.03078078190776017,nan,-0.29416402676266107
4376,-80.1326007953576,66,0.046796691375356254,nan,1.2589358383707359
4377,-44.73711051484137,36,0.028930829519341703,nan,0.20385992881296117
4378,-72.03708553078505,64,0.02661286599597734,nan,0.11464983863117703
4379,-44.56932461575083,36,0.028375247072022786,nan,0.07978070335149871
4380,-55.626580145955984,46,0.031876093198529604,nan,0.8904066268303771
4381,-26.60232520947521,18,0.028484520561176074,nan,0.35233904743603345
4382,-19.285470183604154,10,0.030746590011934256,nan,0.30023146730925526
4383,-66.76052547378322,58,0.029008362495971513,nan,0.2314495217712906
4384,-19.154725578966154,10,0.030313660857503838,nan,0.13449508435237809
4385,-99.07039741011201,54,0.14923972652354822,nan,2.1504276064980083
4386,-102.74730856933573,94,0.02896459791170792,nan,0.404789381447533
4387,-59.11108022545316,50,0.03016913981938104,nan,0.372275722138229
4388,-21.006962185546243,12,0.029824378097835346,nan,0.058151158927350045
4389,-54.938733120609875,46,0.029598454041754107,nan,0.30652375412697824
4390,-102.25125722134096,80,0.07367965967331516,nan,0.6684903187126026
4391,-40.78800476310191,32,0.029099353520204697,nan,0.9062279543481186
4392,-188.79241319090133,180,0.029113950963249174,nan,0.36154826264365864
4393,-77.75266077006958,70,0.02567106215254811,nan,0.23444724943768697
4394,-31.894062528141006,24,0.02613927989450688,nan,0.6610551686697279
4395,-194.98126984377703,184,0.03636182067475618,nan,0.30513251898224336
4396,-21.137728263250565,12,0.03025737835513469,nan,-0.04338574621221976
4397,-79.13520596810518,66,0.04349405949703687,nan,1.894598495321956
4398,-63.976292403265624,56,0.026411564249223897,nan,-0.010363817123956119
4399,-41.3671278689863,28,0.044262012811213176,nan,0.6873212044466509
4400,-34.31471547114665,10,0.08051230288459153,nan,0.030606903933645502
4401,-32.46323605912823,24,0.028023960460689248,nan,-0.08750259121016457
4402,-79.1366751015834,70,0.03025389106484674,nan,-0.05936245282600011
4403,-148.56330996501896,140,0.028355331009996296,nan,-0.07305557276347778
4404,-26.16924184872707,18,0.027050469697771848,nan,0.21565285863788275
4405,-37.02187185413908,28,0.02987374786138811,nan,1.4608261993517622
4406,-54.80987762823293,36,0.062284363007393616,nan,0.3867013373202779
4407,-67.9437701972571,60,0.0263038748253544,nan,0.13892476139019633
4408,-127.68762087240363,118,0.03207821480928408,nan,1.6722475137247006
4409,-141.91040393672773,132,0.03281590707525644,nan,0.8173235901392706
4410,-46.698464845879116,38,0.02880286372807704,nan,0.49056568025797914
4411,-71.55726918387421,62,0.031646586701569765,nan,0.277269562686499
4412,-39.43034044378511,30,0.031226292860215412,nan,0.6640663311380387
4413,-139.9621395366381,130,0.03298721700873445,nan,2.204493250834466
4414,-108.61056458250465,100,0.0285118032533269,nan,1.5136204590961577
4415,-58.39608585371435,36,0.07415922468117361,nan,-0.023007399975147756
4416,-107.32990620878826,98,0.030893729168173067,nan,-0.042776441414199076
4417,-44.059966991764625,32,0.039933665535644855,nan,0.579427142859356
4418,-164.68970402917103,132,0.10824405307672423,nan,1.0285433079913222
4419,-42.91690323146388,34,0.029526169640608724,nan,0.1531186771879762
4420,-68.04073166169549,58,0.03324745583342852,nan,0.511925417431104
4421,-158.06797598325105,148,0.03333766881871344,nan,1.4335444882683246
4422,-54.25510107528207,40,0.047202321441331435,nan,1.4749585429295922
4423,-93.65300868422547,84,0.03196360491465357,nan,1.689675780968503
4424,-20.983973925397198,12,0.02974825803111653,nan,0.8188680018133342
4425,-40.33190901928092,28,0.040834135825433396,nan,0.4251127732468966
4426,-70.84708628533973,50,0.06903008703754894,nan,0.28699126871632696
4427,-45.29149740543286,36,0.030766547700108907,nan,1.6298598278637872
4428,-65.04814853220168,56,0.029960756729144625,nan,0.20033394706648286
4429,-119.05060871947917,94,0.08294903549496332,nan,0.6696360667243859
4430,-78.69817467680576,70,0.028801902903329984,nan,0.9408479857703151
4431,-164.25075789017038,152,0.0405654234773853,nan,0.18252163322801263
4432,-52.70140795211192,44,0.028812609112953146,nan,0.3828616143382364
4433,-96.849107070712,88,0.029301679042092858,nan,-0.09996851854579869
4434,-169.61826867470893,160,0.03184857177055959,nan,0.5701452439277748
4435,-36.01493796684021,28,0.02653952969152429,nan,-0.13054129963922653
4436,-87.35625283193146,72,0.05084851931103161,nan,0.1544190147291061
4437,-33.4454994091084,24,0.031276488109630414,nan,0.5818769037033915
4438,-42.363305227604535,34,0.027693063667564802,nan,0.27711723728075743
4439,-85.1339837755168,76,0.030244979389128433,nan,0.2423613984517087
4440,-55.606353485868524,46,0.03180911750287557,nan,1.1388878864162935
4441,-104.50073886577279,76,0.0943733075025594,nan,0.20006983325687216
4442,-38.13361767971866,30,0.02693250887324035,nan,-0.4118642567256805
4443,-29.312141342007187,20,0.030834905105984012,nan,0.18836201443159584
4444,-160.4168845062054,152,0.02787047849737121,nan,0.36808377485398497
4445,-110.21542257403841,102,0.02720338600675042,nan,0.8691961403618511
4446,-79.21722034438315,70,0.030520597166831427,nan,0.06617015226260722
4447,-16.61927753638707,10,0.02828751083926095,nan,0.9300726080117185
4448,-39.779737729128094,14,0.08536336996399996,nan,0.4666174003546009
4449,-99.2818687586514,90,0.030734664763747022,nan,-0.08396001115398148
4450,-53.718294944337096,44,0.032179784583897676,nan,1.8621969296649081
4451,-112.77620057399376,104,0.029060266801303875,nan,1.5067164884951691
4452,-39.70958981584919,28,0.038773476211420986,nan,1.672196037920858
4453,-42.419581130131306,6,0.12059463950374594,nan,0.45310437334986675
4454,-48.68207633611753,40,0.028748597139461426,nan,-0.0508229571565776
4455,-29.04209636131425,18,0.03656323298448438,nan,2.2161832140132613
4456,-235.5456925428473,226,0.03160825345313813,nan,-0.48677076433102184
4457,-26.08867494062696,12,0.04665124152525478,nan,0.2821105020253731
4458,-32.07645641971956,22,0.03336574973417084,nan,-0.875363533367867
4459,-50.18823449636996,20,0.1143493730923101,nan,1.3513807342725517
4460,-37.26199059747754,28,0.030668843038005027,nan,0.5562635425159812
4461,-97.61272089531467,82,0.05169775130898916,nan,2.01639348669471
4462,-33.45620059333423,24,0.03131192249448412,nan,0.22328242674882026
4463,-98.85780987298727,90,0.029330496268168933,nan,0.3489454291858834
4464,-67.65942256039688,58,0.03198484291522229,nan,0.9671201976378516
4465,-38.827375418693855,30,0.029229719929449623,nan,-0.043916065176171776
4466,-105.99260656645872,96,0.033088101213439525,nan,0.15870034562308952
4467,-78.92532813667358,70,0.029554066677727323,nan,0.4032371530546776
4468,-16.64655153812613,8,0.0286309653580336,nan,-0.2578466927386752
4469,-31.408463381409174,16,0.05102140192519613,nan,-0.10854088253729409
4470,-178.5158979790656,168,0.03482085423531611,nan,0.6351492356103444
4471,-42.82684378176328,34,0.029227959542262125,nan,0.10378162355398503
4472,-11.963780298919668,4,0.026370133440131192,nan,-0.6789245993044171
4473,-115.87947329787889,108,0.02609097118502977,nan,0.09704448354840263
4474,-108.04829412533213,100,0.026649980547457174,nan,-0.09001561623923975
4475,-10.510063673925595,2,0.028179018787833056,nan,-0.6627005199403718
4476,-140.99760916169473,132,0.029793407820182735,nan,0.07273562389168818
4477,-51.39271144371861,40,0.03772421007853835,nan,1.1410606018788743
4478,-55.7082641792914,46,0.03214657013010441,nan,0.32361654012174107
4479,-135.58955447179062,90,0.15095878964169118,nan,0.0012529032882333839
4480,-66.74517184458274,58,0.02895752266418093,nan,0.6959454508190311
4481,-139.5643288763669,118,0.07140506250452679,nan,0.4315664491164791
4482,-40.372392073732755,32,0.027723152562028848,nan,0.09984659284158781
4483,-35.59259109766525,26,0.03176354668101094,nan,0.37753021514663065
4484,-22.479256649994973,14,0.028077008774817735,nan,0.8938751214086725
4485,-77.06497787205693,68,0.030016483020056516,nan,1.1053009516184082
4486,-51.39372032184387,42,0.031105034178291233,nan,0.2018206757265305
4487,-49.108350712607006,40,0.030160101697374146,nan,0.43979173789148923
4488,-41.37196149057996,32,0.031032985068145492,nan,0.24802598491175576
4489,-67.28360017567711,58,0.030740397932705468,nan,-0.23212607672406416
4490,-129.99844662811114,116,0.04635247227851352,nan,0.9719471368460688
4491,-114.36188934395659,102,0.040933408423696936,nan,0.4422576852731826
4492,-98.86128849030328,90,0.029342014868553423,nan,0.031136023275117046
4493,-86.30417989914285,78,0.02749728443424772,nan,0.040484980899714924
4494,-106.28922701167274,98,0.027447771561830415,nan,0.0006602754516508554
4495,-72.45606765968199,62,0.03462274059497333,nan,1.798770829848791
4496,-64.78805697248956,56,0.02909952639897215,nan,1.1653796478251337
4497,-12.4828545970687,4,0.02808892250685002,nan,-0.18788221313008388
4498,-62.28987319009944,54,0.027449911225494162,nan,-0.21686219539568877
4499,-67.59815754241704,60,0.030637732025875043,nan,2.738491646785077
4500,-56.417450354853486,50,0.02719258624937895,nan,2.8938456838698445
4501,-77.62162121132994,62,0.051727222554072624,nan,-0.1333716426785983
4502,-46.9281741130757,38,0.029563490440648113,nan,0.13556823069626767
4503,-108.83975195731442,100,0.029270701845412996,nan,2.1356081324942497
4504,-53.27796633928272,42,0.03734425940159867,nan,-0.031024770748482353
4505,-30.87569488382965,22,0.02938971815837645,nan,0.41998910884610346
4506,-75.03839983215404,60,0.04979602593428523,nan,1.0310811820514008
4507,-90.1082733192998,58,0.10631878582549642,nan,0.6273847739136276
4508,-52.92206526120727,44,0.02954326245432919,nan,-0.03992666390239545
4509,-23.192460252559616,14,0.03043861010781338,nan,0.4821383905109012
4510,-78.50877321806874,48,0.10307017979077314,nan,0.20895877707894336
4511,-41.457680911825584,32,0.03131682421134282,nan,3.0902342603735424
4512,-62.32405188891032,54,0.027563085724868895,nan,-0.5808249473143507
4513,-11.771733053637739,2,0.03235673196568791,nan,0.26298302590265615
4514,-74.18248416430221,58,0.053584384650006915,nan,0.3587338634835254
4515,-41.141755846681235,32,0.03027071472410965,nan,0.4235442682144707
4516,-135.02453903030238,126,0.029882579570537797,nan,0.216033833921079
4517,-42.933447831924774,34,0.029580953085843804,nan,0.7248672808064086
4518,-80.26476165112351,72,0.027366760434183856,nan,0.8126835715713121
4519,-53.99598718755724,34,0.06621187810449378,nan,0.4089391518748112
4520,-72.29351615868109,64,0.027461974035367404,nan,0.7285972313615673
4521,-365.89309813688016,352,0.04600363621483603,nan,-0.21119622924158485
4522,-52.157731951899834,40,0.040257390569204854,nan,1.2842370283233298
4523,-66.65118097693892,40,0.08824894363224815,nan,-0.14543729118790033
4524,-57.24714567865845,48,0.030619687677677664,nan,0.32727277727955867
4525,-114.39815174140995,106,0.02780844947486758,nan,1.0974318115319748
4526,-72.87281869038598,64,0.029380194339026576,nan,1.2396677598107169
4527,-79.32138386664987,72,0.026916852450918332,nan,0.5166295333125484
4528,-57.349738925337356,48,0.030959400415025415,nan,0.7251236644208459
4529,-48.73627731803828,40,0.028928070589531053,nan,0.1300811076264625
4530,-96.40471895363785,88,0.02783019521072093,nan,0.5537651727324897
4531,-56.21231466603365,36,0.0669281942583898,nan,-0.42675415502471037
4532,-130.49597977457987,120,0.03475489991582724,nan,0.0723072190784436
4533,-69.39679801957504,36,0.11058542390587804,nan,0.0028908422664702185
4534,-39.305233652631166,26,0.04405706507493795,nan,0.7638456139227819
4535,-31.736366768828713,22,0.03223962506234717,nan,2.5078626009675715
4536,-53.45381855794997,30,0.07766165085413902,nan,0.7342210411629948
4537,-54.87907439403795,46,0.02940090858952976,nan,-0.1869887373783311
4538,-68.66486205751613,60,0.028691596216940396,nan,0.3695387592398105
4539,-8.018066261905288,0,0.028232627682765073,nan,-0.14441490865457626
4540,-174.50999824257096,156,0.061291384909173664,nan,0.2428776271403798
4541,-150.25784988685825,142,0.027343873797544823,nan,-0.013857409179893735
4542,-98.00290824668653,88,0.03312221273737273,nan,0.7510816126765795
4543,-41.406488060604026,32,0.0311473114589536,nan,-0.11580010833288466
4544,-30.87201598250453,12,0.06938241170038441,nan,-0.23655775678438232
4545,-26.212827952970212,18,0.027194794546259067,nan,0.7699482332031545
4546,-34.44864347103891,26,0.027975640632579367,nan,0.17613313556802984
4547,-61.7058455680989,52,0.03213856148377112,nan,1.108119466145051
4548,-81.84822974199584,64,0.05910009848343019,nan,1.2803744063881883
4549,-60.759567666333,52,0.029005190948122286,nan,0.12438694379779677
4550,-54.03984020567339,46,0.026979329549239157,nan,0.7657741103758848
4551,-74.71646398941398,30,0.1480677615543506,nan,-0.06914521754032775
4552,-99.5165729290647,90,0.03151183089094274,nan,0.25314780431730205
4553,-95.13184561904662,68,0.08984054840743935,nan,0.8399198278532647
4554,-23.376710649819277,14,0.031048710760990857,nan,1.4094547980492749
4555,-44.12101528669318,36,0.02689077909501108,nan,-0.0547772262915383
4556,-44.275203092421215,36,0.02998261990007683,nan,0.2436501527283827
4557,-54.61757491102945,46,0.028535016261686905,nan,-0.2476452986528212
4558,-48.382752159465255,40,0.027757457481673492,nan,0.22936355757622653
4559,-85.45491089068749,76,0.03130765195591917,nan,0.6685024950714606
4560,-78.10626700918922,52,0.0864445927456597,nan,0.35939299426787835
4561,-39.68022147644464,28,0.04055632457098864,nan,-0.390723998787098
4562,-43.103490251809504,34,0.030144007456322883,nan,0.12659933806535023
4563,-38.86244525033315,30,0.02934584519977869,nan,0.5274499459277734
4564,-73.54811703905582,64,0.03161628158627775,nan,0.2192088997863859
4565,-44.81207189843142,36,0.029179046021296322,nan,1.2176058530587
4566,-38.028620102319465,30,0.0265848347758924,nan,0.2800530893944392
4567,-67.31705551794775,58,0.030851177211747217,nan,0.22184557150663894
4568,-65.17122100208265,56,0.030368281463849952,nan,1.5034417282073722
4569,-24.14703015705062,16,0.026976921049836226,nan,-0.21060961049716204
4570,-87.06441585888844,78,0.030014622049299902,nan,-0.1901428125921671
4571,-62.28498902317447,54,0.027433738487333246,nan,1.32016682477459
4572,-60.56227419669293,30,0.1011995834327581,nan,1.0899292042567001
4573,-118.82687741796606,110,0.029228070920418056,nan,0.1369599681522617
4574,-44.301253900209964,24,0.06722269503380747,nan,0.035705714431415556
4575,-16.693641590485655,8,0.028786892683727347,nan,0.4409917800090914
4576,-43.16705251757092,34,0.030354478535003306,nan,-0.19521685482162
4577,-77.73222650404216,60,0.05871598180146442,nan,-0.17066656737247196
4578,-55.259512656760926,46,0.030660637936294366,nan,0.6477264550152745
4579,-61.30401509140324,52,0.0308079969914012,nan,-0.01962412089315268
4580,-70.16096881245045,60,0.033645592094206304,nan,0.041725193763565004
4581,-29.544807683064118,20,0.03160532345385503,nan,1.034693163535897
4582,-60.356196031872216,36,0.08064965573467603,nan,0.18644302242554242
4583,-76.87673358422066,68,0.029393157563644766,nan,0.5975689547746739
4584,-67.69564635517156,36,0.10495247137474024,nan,0.24602661045026866
4585,-73.88691619344667,64,0.03273813309088269,nan,0.1877112536417052
4586,-210.78669298534416,202,0.029095009885244813,nan,0.3226707449784797
4587,-55.08410063716844,46,0.034672139836520885,nan,0.7550169527690963
4588,-223.39291619032124,214,0.031102371491130404,nan,1.534791372014668
4589,-40.268109889319454,34,0.02611712453883109,nan,0.4490901633782778
4590,-86.59035184452492,78,0.030462240583421688,nan,3.5439548388490922
4591,-149.65712580428809,140,0.031977237762540765,nan,2.3846061241598293
4592,-89.1039324762907,80,0.030145471775796483,nan,2.7799869236359003
4593,-43.26538155266173,34,0.030884605175539082,nan,0.7598366541116266
4594,-93.87485705808942,64,0.09892336774201833,nan,-0.4921712743598715
4595,-44.70470574186811,36,0.028823528946583302,nan,0.39022018669546266
4596,-43.568671636895466,34,0.03168434316852848,nan,0.4322258043900866
4597,-263.5770082235003,244,0.06482453054139269,nan,0.2794068001444291
4598,-72.35555503501573,64,0.02766740077819762,nan,-0.3012100639556448
4599,-41.68556314621767,36,0.026080564890906748,nan,0.8156308355496357
4600,-71.97320492731235,64,0.027684739330944272,nan,0.750695528011339
4601,-9.397665654845769,0,0.03196484916614201,nan,0.19584799586655888
4602,-13.277774933803324,4,0.030721109052328895,nan,0.05161036152210679
4603,-80.17402680260467,72,0.02706631391590902,nan,0.7381839337717859
4604,-20.76907054306329,12,0.03154341921965207,nan,0.2636204252665253
4605,-64.52763888881636,56,0.028237214863630015,nan,0.938306811322236
4606,-83.77899396374278,74,0.03238077471438053,nan,2.171355361265781
4607,-33.697651294453074,24,0.032111428127327826,nan,0.42198334298823614
4608,-24.516160217416555,16,0.02819920601793537,nan,-0.020178323454494954
4609,-52.13596096592372,44,0.026940268099085195,nan,0.9285520655276109
4610,-39.824320617969484,32,0.025908346417117867,nan,-0.5752663377330126
4611,-67.28738937565859,58,0.03075294495251159,nan,0.5447822136802148
4612,-77.36352820823848,64,0.04425009340476246,nan,-0.5042279472142563
4613,-71.93369887233897,48,0.07925065851767933,nan,-0.6050645541848032
4614,-76.01823119853185,68,0.026550434432225056,nan,0.15535017577956342
4615,-143.60764543661446,120,0.07817101137951943,nan,0.07605494320899901
4616,-60.86412546500741,40,0.06908650816227606,nan,1.580598011075223
4617,-85.40177996373662,76,0.031131721734227846,nan,2.699173344706959
4618,-27.154483565244682,18,0.030312859487565243,nan,0.339675210173406
4619,-42.86198432288238,26,0.055834385175107054,nan,0.2437637918200868
4620,-44.04086687370341,36,0.02662538699901733,nan,0.049689804246736455
4621,-99.47493033438766,54,0.1505792395178404,nan,-0.2067876444426396
4622,-130.28076026098307,122,0.02741973596352056,nan,1.439551547673066
4623,-32.66780943390113,24,0.028701355741394496,nan,0.31311424713144664
4624,-72.565121269787,52,0.06809642804565257,nan,0.6166989377081095
4625,-14.103178250663465,8,0.02676832566080461,nan,1.1008566292739583
4626,-181.4217369004997,172,0.031197804306292903,nan,0.8519581142056654
4627,-57.305704630908956,28,0.09703875705598924,nan,1.2542079277276463
4628,-60.2329514029033,48,0.04050646159901735,nan,-0.10755852703159267
4629,-69.93791873957525,52,0.05939708191912314,nan,-0.06796769671973199
4630,-14.978403482776816,6,0.029729812856876862,nan,-0.20612912618952944
4631,-36.56264905366666,28,0.028733721656599428,nan,0.35442457621551476
4632,-44.502557963950316,36,0.02815416544354406,nan,0.40429834308926116
4633,-111.64080990760372,104,0.02546936635867889,nan,0.5258250626336473
4634,-65.19005611044444,54,0.037053165928622935,nan,-0.4922544311192356
4635,-33.407763080083924,24,0.03115153337776148,nan,-0.3543832795292028
4636,-51.409029310584714,42,0.03115572619398947,nan,0.2324700961485798
4637,-23.92799931165368,16,0.026251653349846613,nan,-0.9097362752652469
4638,-94.69565837959276,86,0.028793570793353093,nan,0.03551206466435788
4639,-49.773895192948764,34,0.0522314410362538,nan,1.7966383970845148
4640,-86.05277133052057,78,0.026664805730201226,nan,-0.08088821193771144
4641,-40.6802792602539,32,0.02874264655713201,nan,0.012563435345639888
4642,-262.4662752301715,254,0.028034023940966688,nan,0.4842634287878288
4643,-24.030675253186114,16,0.029309033770752307,nan,1.2635750109656123
4644,-91.21083034222961,68,0.07685705411334223,nan,0.3242001878001283
4645,-17.94729316786741,10,0.027787738349186797,nan,-0.8560850291793158
4646,-347.5681502808993,336,0.038305133380461,nan,0.2193738690422484
4647,-62.95161683489959,54,0.029641115347349683,nan,0.6102650028356237
4648,-24.67226939250454,16,0.028716123816240276,nan,0.46837656823501905
4649,-116.90972263958042,108,0.02950239284629344,nan,-0.3437122325047493
4650,-60.29650799089491,52,0.02747188076455284,nan,0.22821746383139924
4651,-92.76880611668382,82,0.035658298399615165,nan,2.151125619443911
4652,-22.343486396892263,14,0.027627438400305755,nan,-0.2763132605701974
4653,-86.2425737314105,78,0.027293290501359806,nan,0.6053842784522335
4654,-24.82865120410037,16,0.02923394438443852,nan,1.2195397281471103
4655,-122.5283264047068,110,0.04148452451889665,nan,2.1559581001592947
4656,-100.87842595520436,88,0.04264379455365623,nan,-0.3705632540002613
4657,-55.24756663839402,32,0.07697869747812579,nan,1.7174388908606681
4658,-212.1312090466029,204,0.026924533266897498,nan,-0.7358548641100562
4659,-56.688455418314526,48,0.02876971992819351,nan,0.3467468422281884
4660,-113.47901466943718,72,0.1373477306935009,nan,0.1407122581175664
4661,-142.57122457865364,132,0.035004054896203875,nan,2.3276602222059934
4662,-33.05573728765274,24,0.029985885058452965,nan,0.5859597833903463
4663,-68.4535800804028,60,0.02799198702120162,nan,-0.19355082178082847
4664,-46.631763868576144,32,0.05045435816750386,nan,-0.40969473758007896
4665,-43.81169915740613,10,0.11195926873313267,nan,-0.9357240516014724
4666,-54.51142684727671,46,0.02818353260687659,nan,-0.08434901581613605
4667,-298.62121148288145,290,0.028547057890336156,nan,1.4597118013101693
4668,-96.51355154790772,88,0.02819056803943001,nan,0.1095522446833884
4669,-31.063217415548728,22,0.030010653693870144,nan,-0.46972759319615814
4670,-34.25174954344327,26,0.027323673984911596,nan,-0.2234794133251829
4671,-226.39602775074246,214,0.04104644950576899,nan,2.0003216638789505
4672,-75.32582485688907,32,0.14346299621486394,nan,0.2084475384852448
4673,-38.8648104191612,30,0.0293536768846399,nan,0.714766437815971
4674,-100.09800705933174,92,0.02681459291169493,nan,1.4820803117876662
4675,-39.33021884895929,32,0.03702130731797594,nan,1.806136966068909
4676,-115.27616787486295,106,0.030715787665108817,nan,-0.09271503526174667
4677,-47.44205573219638,38,0.03126508520594849,nan,0.33757751201016756
4678,-84.55533423435321,62,0.07468653719984567,nan,0.2459621746895221
4679,-56.639866588423544,48,0.028608829762991853,nan,0.14160640501740637
4680,-48.712192319670855,40,0.028848318939307435,nan,-0.1907609232026769
4681,-30.978839926405044,22,0.029731258034453787,nan,0.03977473482986086
4682,-110.57214508040866,96,0.04825213602784289,nan,1.3450973985446864
4683,-28.84052755720133,20,0.029273270056958223,nan,0.27431478337018556
4684,-80.4415071676991,70,0.03457452704536133,nan,0.5796356513539432
4685,-72.05275377867532,50,0.07302236350554747,nan,1.6115022309261702
4686,-57.04338343159542,48,0.029944978250315796,nan,1.0263603043944807
4687,-64.23297154972481,36,0.09348666076067805,nan,0.31633646251078285
4688,-182.71576901952378,138,0.14806546032954834,nan,0.08177873037012907
4689,-34.34586614346492,22,0.04088035146842655,nan,2.064170728667465
4690,-58.334557608385936,50,0.027597872875450232,nan,-0.42129952033167545
4691,-46.54660854560755,16,0.10114771041591937,nan,0.04319827292578616
4692,-35.71683670235748,26,0.03217495596807135,nan,0.29356680411879366
4693,-37.66863702501975,28,0.03201535438748249,nan,1.2218953243461599
4694,-46.32145854177437,38,0.02755449848269678,nan,-0.5339797031551458
4695,-364.5606791206317,356,0.028346619604738835,nan,2.841627664465938
4696,-80.48799254762152,72,0.028105935588151023,nan,-0.19127118557083284
4697,-71.15451776996429,62,0.03031297274822648,nan,0.537664753578766
4698,-85.33478849826602,76,0.030909895689622352,nan,0.40541693284818114
4699,-89.92804245842298,60,0.09909947833914977,nan,1.1215956862759737
4700,-46.66467717997231,38,0.028690984039643395,nan,-0.1336231416827592
4701,-29.157520968692296,20,0.030322917114875458,nan,0.36170539246958416
4702,-131.23662561455427,106,0.08356498547865554,nan,0.46341900460465213
4703,-66.65311832720869,56,0.03527522624903575,nan,0.16795588462854064
4704,-188.4834178235794,180,0.02809078749529544,nan,0.1076912966067286
4705,-55.32969976982021,46,0.03089304559543109,nan,0.36059315604705516
4706,-30.92968475423074,24,0.027282223441853576,nan,0.5788632530066898
4707,-80.04717694831199,68,0.03989131439838491,nan,1.0505858571215902
4708,-47.430329231241885,38,0.031226255732589376,nan,0.2532319858469784
4709,-36.361053213414976,30,0.031181633399092724,nan,2.1837923597555844
4710,-74.8026352570266,66,0.02914779886432573,nan,-0.30665044973753564
4711,-58.4668643772343,50,0.028035974759054116,nan,-0.13351299373027467
4712,-32.67326390443818,24,0.02871941690211328,nan,0.16074119108352836
4713,-31.685452280502595,20,0.03869355059769058,nan,0.36650401057350906
4714,-58.61849853740784,46,0.04178310773976073,nan,1.530115359816303
4715,-74.91211554447379,68,0.027648462177895294,nan,0.6835878276350909
4716,-72.25066952763906,64,0.034960464100164734,nan,3.222417115864257
4717,-35.23512265729725,26,0.030579876348666393,nan,0.3004274360687527
4718,-45.14630611932293,16,0.09651094741497636,nan,0.23667906475124653
4719,-60.42325620709595,52,0.02789157684468905,nan,-0.5430135189156227
4720,-54.787222119543166,48,0.0265125864044655,nan,0.6113939354899685
4721,-358.50937117154734,350,0.02817672573360164,nan,0.3099581485353017
4722,-83.51977435715101,74,0.03152243164619632,nan,0.39563274943385046
4723,-24.857865218689177,12,0.042575712644665996,nan,0.214852290112866
4724,-79.25405709084123,72,0.02402005659218906,nan,-1.1327164303315558
4725,-15.452795378117523,6,0.031300646947409104,nan,-0.17399734682819826
4726,-24.908403411009537,16,0.029498024539766732,nan,2.1310131997741686
4727,-68.83212718139544,60,0.029245454243031044,nan,0.6209094462237809
4728,-88.35702173214027,68,0.06740735672894067,nan,1.1327378202733949
4729,-30.538027710699495,22,0.028271614936091392,nan,0.27759462074910146
4730,-40.32097993953739,32,0.02755291370707759,nan,-0.5587177401075497
4731,-222.55670673410393,214,0.02833346600696452,nan,-0.1654905205941759
4732,-54.73297998634349,40,0.048784701941534704,nan,1.8006040878188396
4733,-103.74853671221699,94,0.03227992288813501,nan,0.5044591122508104
4734,-134.94480761004894,126,0.02961856824519707,nan,0.2915720050314531
4735,-242.31317702812046,224,0.06063965903351323,nan,0.5858621686818818
4736,-60.309000705320614,52,0.027513247368611413,nan,-0.14142421940116084
4737,-26.24707675057341,18,0.027308201160839044,nan,0.3287066569364482
4738,-78.63905476292355,70,0.028606141599085172,nan,0.1534618338351142
4739,-52.29365115044974,44,0.027462421027978925,nan,0.25819756957071693
4740,-54.61127134157493,46,0.028514143515148346,nan,0.9352618109649942
4741,-49.283691759102304,36,0.04398573430166318,nan,0.49350324316312244
4742,-25.220924569548394,16,0.0305328628130741,nan,-0.0282219993004526
4743,-70.41717720342734,62,0.0278714476934674,nan,-0.9128450035148405
4744,-27.008713233365622,18,0.029830176269422658,nan,0.5753102478623662
4745,-79.09107197575204,70,0.03010288733692798,nan,-0.338041795946007
4746,-67.21502983120446,58,0.030513343811936,nan,0.314405024157211
4747,-109.7936850164152,96,0.045674453696738705,nan,1.6258601444297884
4748,-18.462517806619243,8,0.03464409869741489,nan,1.631488335164825
4749,-121.03340186606071,112,0.029911926708808764,nan,0.580923053877338
4750,-149.21304651382187,128,0.07024187587357957,nan,0.318024048933895
4751,-56.39261520848894,48,0.027790116584400594,nan,-0.05522950601026598
4752,-83.88001922684019,70,0.04596032856569596,nan,0.2993256593458447
4753,-57.38270693146815,48,0.031068565998238505,nan,0.3931814466036443
4754,-33.403416982660055,24,0.031137142326688825,nan,0.48058136524385864
4755,-29.356272320361263,20,0.030981034173381723,nan,0.1955103526037832
4756,-104.54383126642742,96,0.02829083200803748,nan,0.3617121866409819
4757,-47.974405975327755,34,0.06183365475808777,nan,0.5025835766434357
4758,-36.528546674243785,28,0.028240220775641305,nan,-0.38802378059224923
4759,-123.33524410058337,114,0.03091140430656872,nan,0.9429239943503273
4760,-36.323674628935656,26,0.03418435307594605,nan,0.015623118963677726
4761,-370.7398559796496,342,0.09516508602532893,nan,-0.9351853192586526
4762,-86.64733555668701,78,0.028633561445983526,nan,0.47754746262317166
4763,-46.962183263144546,38,0.02967610352034611,nan,0.301753038521247
4764,-45.47899571216609,30,0.051254952689292026,nan,0.8066522829596953
4765,-70.51623816105044,62,0.02819946410943962,nan,-0.12835721929468188
4766,-40.07619375708107,30,0.0333648799903352,nan,0.28328178464374326
4767,-32.33968322025555,24,0.02761484510018387,nan,-0.41801758039093556
4768,-32.51802733198997,24,0.02820538851652303,nan,-0.33096798956080026
4769,-92.44300784994554,82,0.03457949619187268,nan,1.7635916295041953
4770,-72.38275080518507,64,0.027757452997301462,nan,0.08457805051378496
4771,-144.2120778988468,136,0.027192310923331752,nan,0.1668534023838352
4772,-70.01293877395317,60,0.033155426403818716,nan,1.44367643806902
4773,-84.63888061819945,76,0.02860556496092472,nan,0.05950324880252191
4774,-98.58375993321914,90,0.028423046136486677,nan,0.146191212121489
4775,-18.41246156256903,10,0.0278558329886392,nan,-0.11430768429892237
4776,-23.266735759287766,14,0.030684555494330305,nan,0.06911231472388664
4777,-42.07444085781214,14,0.09296172469474213,nan,-0.025246621145626272
4778,-63.096364736268015,54,0.03012041303399936,nan,0.5972377090046062
4779,-69.48583617726425,36,0.11088025224259722,nan,-0.07608721303793645
4780,-26.4552706965688,18,0.02799758508797633,nan,0.5278930402301493
4781,-38.8969301561209,30,0.029460033629539167,nan,0.23527681855531102
4782,-115.04258661804744,106,0.029942339794858913,nan,0.30288623199111625
4783,-108.95977129863083,100,0.029668116882883688,nan,0.8603263353170296
4784,-99.4241313916572,78,0.07094083242270557,nan,0.05853998337831658
4785,-282.2978648095655,274,0.027476373541606588,nan,-0.9688767962882046
4786,-33.795631591023444,26,0.025813349639150752,nan,-0.3386696350031813
4787,-23.360772398798144,14,0.030995935095358133,nan,0.4334379212181423
4788,-136.5566147682482,124,0.04157819459684695,nan,2.599056549924148
4789,-100.08186069042678,92,0.026761128113995124,nan,0.1350634572097422
4790,-48.33812601555069,40,0.027609688793214335,nan,0.3947357116087836
4791,-57.62295560617298,48,0.031864091411168964,nan,0.7912901673448838
4792,-98.85472439977389,90,0.02932027946945066,nan,0.3346035250088024
4793,-46.11094627296388,38,0.027401845516769704,nan,0.2631088651378869
4794,-56.551165535874745,48,0.028315117668459268,nan,0.09230598753375242
4795,-20.772556074851455,12,0.02904819892334932,nan,-0.08719514390117943
4796,-60.51139764661563,52,0.028183435915945847,nan,-0.2623489221089037
4797,-54.29673094226427,46,0.02747261901411986,nan,0.16532071332861817
4798,-75.39488211789808,56,0.06422146396655008,nan,0.2940077794701307
4799,-40.82790698969467,32,0.02923148009832698,nan,0.4758866515865207
4800,-40.836732299895615,32,0.029260702979786887,nan,0.37964847121119427
4801,-81.59594059462579,54,0.09137728673717149,nan,0.5663003587839733
4802,-144.98842694215085,136,0.030162506517283583,nan,3.3802769554078878
4803,-93.44036473014552,60,0.11072968453690543,nan,0.07600072044910036
4804,-160.3694014569444,150,0.03433576641372544,nan,1.2412043137508229
4805,-90.51196490721223,82,0.028185314262291823,nan,1.3118719596734165
4806,-34.77915316763602,26,0.029070043601443846,nan,0.2009838503676533
4807,-301.11623147578354,256,0.14939149495292686,nan,-0.29261945767570224
4808,-25.01442195526689,16,0.02984907932207567,nan,0.7116530592356722
4809,-236.89889659706134,228,0.02946654502338301,nan,2.2228897913101604
4810,-63.06945516254875,54,0.03003130848525993,nan,0.07142553612904388
4811,-36.20805992844866,28,0.02717900638559188,nan,-0.08685909331382433
4812,-28.09902679846477,20,0.026817969531340444,nan,-0.30668299719074504
4813,-162.9864836380432,154,0.029756568337892256,nan,0.5613235750293633
4814,-22.391898172127547,14,0.0277877422918133,nan,0.28088543116812176
4815,-39.29852966802845,30,0.030789833337842618,nan,0.652696212545484
4816,-34.82976953082426,24,0.03586016400935217,nan,1.792009225758394
4817,-96.22391110108215,88,0.027231493712192904,nan,0.4994835318461876
4818,-272.1340226100382,252,0.06666894903986181,nan,0.6668081936129641
4819,-35.220743232969184,26,0.030532262360824538,nan,1.0528459224461375
4820,-139.40662922588825,130,0.031147778893669015,nan,0.526341672595868
4821,-31.501969094829878,18,0.04470850693652274,nan,-0.332156370547045
4822,-191.11134439121187,182,0.030170014540439074,nan,1.383139501576002
4823,-23.108319162955368,14,0.030159997228329176,nan,0.3996682967309106
4824,-127.54177384428809,92,0.11768799286188084,nan,-0.6728025381066408
4825,-127.4685761309767,114,0.048799188880350806,nan,0.8080554688887418
4826,-27.40927749162891,18,0.031156547985526174,nan,0.2148592794182385
4827,-26.874846585329006,18,0.029386909222943684,nan,0.6286102864426015
4828,-30.55999288517898,22,0.028344347301917167,nan,0.5330238985169027
4829,-50.05463331251704,40,0.03329348778979158,nan,2.5051474388509556
4830,-71.58481167294529,62,0.0317377869965069,nan,1.4418167201946304
4831,-44.93311319108663,36,0.029579845003598233,nan,-0.08401951828720171
4832,-105.59663759823064,84,0.07151204502725403,nan,0.18084122179035986
4833,-104.37276665482739,96,0.027724392896779523,nan,-0.07901822088728813
4834,-88.28181939296572,72,0.0539133092482295,nan,0.3615706795114185
4835,-91.8690519642999,70,0.07241407935198642,nan,-0.005756822224172135
4836,-91.24292895066897,64,0.09020837400883765,nan,0.18891237897163146
4837,-23.51559029637997,14,0.03150857714033122,nan,0.04755209862433423
4838,-61.477893812243494,46,0.05125130401405081,nan,-0.09697095605277607
4839,-61.82223638289723,46,0.05239151120164645,nan,0.9287481880475403
4840,-179.99092451682512,170,0.033082531512666,nan,1.865432646214871
4841,-12.932764474494151,4,0.029578690312894583,nan,0.37674902533670573
4842,-81.08836175955065,72,0.03009391311109422,nan,0.2306518366019317
4843,-62.214334211437176,52,0.03382229871336832,nan,0.11684526923314563
4844,-72.69814530452759,64,0.028801805644131793,nan,0.27606634964944265
4845,-48.04863925686055,40,0.026651123367087696,nan,0.35643163182524445
4846,-164.20396371556103,120,0.1463707407800021,nan,0.1253095967855429
4847,-51.5651187116092,42,0.031672578515261854,nan,0.5336969054706325
4848,-9.074077293040407,0,0.030046613553113805,nan,-0.7513667393682388
4849,-26.093054899739553,18,0.026798195032250147,nan,0.523301769058769
4850,-62.57724149109972,54,0.02840146189105884,nan,-0.006764360989323688
4851,-48.29006558221732,40,0.02763355194072458,nan,0.34590882393624633
4852,-68.72043260993334,60,0.028875604668654038,nan,1.3189227972432431
4853,-129.8229328449466,120,0.0325262676984989,nan,0.4086277112975371
4854,-36.961994841932835,28,0.029675479609048695,nan,1.8480046421994103
4855,-112.2599001006955,52,0.19953609304866066,nan,0.35976177996212605
4856,-51.02241000772653,42,0.029875529826909258,nan,0.4241722003318368
4857,-71.30215791565362,62,0.03080184740282645,nan,0.3325819278573031
4858,-50.33626863942118,42,0.02760353854112953,nan,-0.08503184842079915
4859,-30.48943447566099,22,0.028110710184308035,nan,0.1477134803149291
4860,-52.4598637679629,44,0.02801279393365183,nan,0.058342831020724545
4861,-72.28657399115266,64,0.027438986725671327,nan,0.2241485148334848
4862,-34.62062721415915,22,0.04179015633827519,nan,0.5154628379303586
4863,-66.70904259910597,58,0.02883788940101338,nan,-0.16768825426975278
4864,-85.52926890906491,70,0.05142142022869149,nan,0.5916520361793389
4865,-17.28002185803829,8,0.030728549198802257,nan,0.9613857532041887
4866,-40.144309933721004,32,0.028476608159864636,nan,0.35532920324879413
4867,-207.17659904852542,186,0.07012118890240099,nan,0.8174094971137149
4868,-147.80011723954527,94,0.17814608357465342,nan,-0.8564524045631533
4869,-81.68859572992287,72,0.03208144281431402,nan,0.3259206023988536
4870,-78.95776113343685,70,0.029661460706745045,nan,1.7011951167468138
4871,-44.42184392496932,34,0.03450941697009661,nan,1.9530172194217006
4872,-29.34292680873144,20,0.03093684373752146,nan,0.14874396060074183
4873,-61.916498851436984,50,0.03945860546833404,nan,1.4591748571610819
4874,-79.7585507397021,64,0.05218063158841755,nan,-0.28025162433499984
4875,-40.853645604457974,32,0.02931670729953002,nan,-0.09562761000317478
4876,-286.20611756322114,276,0.03379509126894326,nan,0.8273095148184185
4877,-93.98069647900975,58,0.11914137906956887,nan,-0.6757022315592333
4878,-101.59411581124225,60,0.13772886030212653,nan,-0.044142235888303905
4879,-117.3939699211744,96,0.07084096000388869,nan,0.8489800880715522
4880,-117.10535726602357,102,0.050017739291468986,nan,1.6608361035479011
4881,-45.04363470852295,36,0.02994581029312192,nan,0.45801827937783984
4882,-128.1984922834138,120,0.027147325441767463,nan,-0.0258479216532313
4883,-23.466713546784433,16,0.027654494617720227,nan,0.07962411970624493
4884,-50.236293207079605,42,0.027272494063176996,nan,-0.2655891119018513
4885,-207.85621905083536,200,0.029534658085848348,nan,1.1862733094398386
4886,-195.85047988484766,158,0.12533271485048936,nan,-0.270749556479146
4887,-46.71187037278562,38,0.028847252890018237,nan,-0.16442392927433352
4888,-59.609153336255,38,0.0715534878683942,nan,0.7684228196275453
4889,-39.04823836317199,30,0.02996105418268858,nan,0.1935196341928218
4890,-37.35819643710552,28,0.03098740542087917,nan,0.30461679211484627
4891,-222.81569916877393,214,0.029191056850246012,nan,-0.02852042962716806
4892,-95.37446349081502,86,0.031041269837137505,nan,0.07768506751354708
4893,-36.064554379931884,28,0.026703822450106086,nan,0.7692245819222912
4894,-46.28927114502554,10,0.12016314948683951,nan,0.8422819691306189
4895,-58.05591878885517,50,0.026675227777666077,nan,0.47106646342689307
4896,-132.0460089432879,124,0.02664241371949627,nan,-0.17267894422969263
4897,-129.22667088227195,118,0.03717440689494076,nan,-0.18035964323088235
4898,-41.782519560885845,32,0.0323924488771054,nan,0.06613538250529874
4899,-75.95873290699554,68,0.026353420221839542,nan,-0.18394814789509525
4900,-108.96429123485989,100,0.029683083559138398,nan,0.4487721071342262
4901,-68.56999204235147,54,0.04824500676275346,nan,-0.6179304451024814
4902,-75.34164500418628,48,0.09053524835823286,nan,0.5117860160306442
4903,-35.92975597794733,28,0.026257470125652976,nan,0.05847741261587959
4904,-242.42919592870447,234,0.02791124479703323,nan,0.5888747176836063
4905,-109.44000510321214,100,0.031258295043749086,nan,-0.05687493032140546
4906,-36.130981814920375,24,0.040168813956689656,nan,4.6991070480345725
4907,-29.12790427075669,20,0.03022484857866478,nan,0.14321291906406813
4908,-24.4486043142915,16,0.028736749368338744,nan,0.7611028108786202
4909,-109.5034486761771,100,0.0314683730999243,nan,-0.3073047721459544
4910,-63.78724380255072,40,0.07876570795546615,nan,0.9835857522863802
4911,-81.20803319218159,72,0.030490176133052427,nan,0.157204672531803
4912,-61.44496727894529,52,0.03127472608922235,nan,0.6880945208336733
4913,-102.64665533654139,90,0.04187634217397844,nan,0.5877841614481272
4914,-59.112782761594524,48,0.03679729391256433,nan,3.9229400186914583
4915,-48.24277157798596,40,0.027293945622470117,nan,-0.30097899033525816
4916,-40.57154124751487,32,0.028382586912301194,nan,0.29412541780791085
4917,-127.92347142463359,118,0.03285917690276008,nan,2.235157947611397
4918,-49.93173156964256,40,0.032886528376299996,nan,0.9123490633897094
4919,-52.80955073131807,44,0.02917069778582143,nan,1.4581519716928886
4920,-217.00125130424343,196,0.06954056723259464,nan,0.8093175996963046
4921,-40.88468585564927,32,0.0294194895882429,nan,0.5500916508459316
4922,-22.681964368883367,14,0.028748226387030992,nan,0.24069150519666774
4923,-42.50726576179123,34,0.028169754178116683,nan,1.6131588657575486
4924,-26.172940327661475,18,0.02706271631675978,nan,-0.1434620388955439
4925,-59.2919631121899,50,0.030768089775463,nan,-0.11206689411142089
4926,-56.450777218358915,48,0.027982706021056302,nan,0.16071261736762477
4927,-51.51926628020196,42,0.031520749272191874,nan,0.6952292661451841
4928,-15.879073066375595,8,0.026089645915151158,nan,0.46996987710286425
4929,-83.42576152872464,50,0.1152612466507752,nan,0.2485369267003964
4930,-67.33934728404046,58,0.030924991006756705,nan,0.6820700353668157
4931,-26.890193690908045,18,0.029437727453337854,nan,0.21292375656750592
4932,-115.45937461580343,108,0.024699915946368715,nan,-0.7096358409873056
4933,-46.37723112498424,38,0.027739175910543604,nan,1.3589556041771134
4934,-19.866981895315508,10,0.032672125481177136,nan,0.5721818773144168
4935,-23.923281979773385,10,0.04610358271448131,nan,0.3260994725198013
4936,-67.1264036238454,58,0.030219879549157627,nan,-0.04005508271222533
4937,-350.641863516014,294,0.18755583945699758,nan,0.10562855863823425
4938,-53.591656291500954,44,0.0317604512963603,nan,0.3359893269028934
4939,-38.37526145287902,14,0.08071278626781131,nan,0.9760557661182705
4940,-84.01450175428128,74,0.03316060183536843,nan,1.5935522153984374
4941,-101.16178230765266,92,0.030337027508783504,nan,2.165323678672455
4942,-86.47299584748122,78,0.02805627764066641,nan,0.07685310137959271
4943,-33.17378686846728,24,0.030376777710156313,nan,1.2022041622193496
4944,-41.31256623038194,32,0.03083631202113246,nan,-0.10078839055294886
4945,-38.295643591963,30,0.027469018516433595,nan,0.4417805486999565
4946,-38.04619896975206,28,0.033265559502489966,nan,0.09828435732390954
4947,-82.3985118323447,74,0.0278096418289561,nan,0.24077909815091245
4948,-69.61078427010366,60,0.031823788973852705,nan,-0.17482168304337659
4949,-37.02973476047404,20,0.056389850200245326,nan,0.0018489669867334825
4950,-53.068916712622126,44,0.030029525538484595,nan,0.3324847989047982
4951,-76.93068938432526,68,0.029571819153394796,nan,1.3737499914510216
4952,-119.03129351698634,92,0.08950759442710665,nan,2.016207700501048
4953,-58.09234290349315,32,0.08639848643540747,nan,-1.2902548775457048
4954,-48.31051897815792,40,0.02751827476211301,nan,-0.1395305358198015
4955,-52.85762892343851,44,0.029329897097478262,nan,1.1313056808227648
4956,-191.80339231256056,174,0.058951630174041404,nan,1.5962221686016316
4957,-71.75035687474978,62,0.0322859499163899,nan,-0.6083452835376837
4958,-50.0001976218195,44,0.028302818970846567,nan,3.9453574932439808
4959,-31.49362322611358,26,0.02641165012554643,nan,0.8066700840295827
4960,-61.05719501100172,48,0.043235745069542045,nan,0.27439418464354765
4961,-167.44187637579162,158,0.03126449131056782,nan,2.5681690162794806
4962,-126.86113810167036,118,0.02934151689294788,nan,0.30280001891822406
4963,-220.52782111053557,200,0.06797291758455394,nan,-0.7422892271845589
4964,-54.86877846696983,46,0.02936681611579433,nan,0.45159221284021317
4965,-83.11665095574537,74,0.03018758594617775,nan,3.5876336915091427
4966,-40.95107523053806,32,0.029639321955423622,nan,0.2509991662294237
4967,-54.764650790131924,46,0.02902202248388027,nan,0.5036365263793919
4968,-76.82255130805714,68,0.029213746053169495,nan,-0.0272528049789696
4969,-61.63358773110025,50,0.038521813679140135,nan,1.6561864050167663
4970,-71.84243828704741,62,0.032590855255124146,nan,1.1468554281634633
4971,-82.22255720677917,64,0.06033959339993125,nan,0.10636048678027131
4972,-135.0679186825,126,0.030026220802980935,nan,2.3855884806619367
4973,-45.3226887710978,36,0.03086983036787395,nan,0.6953834558741516
4974,-76.36915362463138,70,0.026318816630709053,nan,1.1859111311339892
4975,-51.42917602606284,24,0.09082508617901613,nan,0.8934442648812142
4976,-55.1375938708931,46,0.030256933347328548,nan,0.5354187009015756
4977,-129.94307360494008,94,0.11901680001635728,nan,-0.029149542282033244
4978,-172.48614380867855,140,0.1075700126115182,nan,-0.362488701909284
4979,-214.70172792177874,206,0.028813668615162977,nan,0.14059127702771698
4980,-191.47740716598003,168,0.077739758827747,nan,-0.28862591994423664
4981,-68.93360128072933,60,0.029581461194467494,nan,0.059623381491688415
4982,-86.04764569353709,48,0.12598558176667876,nan,-0.10443796273646645
4983,-99.63065277131452,92,0.025267062156670687,nan,0.25017441003714436
4984,-109.33264423084174,102,0.027566331694894433,nan,1.4925821721432135
4985,-43.896617531815075,36,0.026147740171573453,nan,0.39426236835979883
4986,-48.5643270475311,40,0.028358698832883965,nan,0.34781215093796786
4987,-15.61125468695176,6,0.03182534664553562,nan,0.5248771067452771
4988,-24.29844843238342,16,0.027478306067494785,nan,0.0107049976792306
4989,-235.94638526238097,196,0.13227279888205565,nan,-0.5171531263649728
4990,-251.96108718194148,244,0.026361215834243744,nan,0.2504653511691102
4991,-420.80514138157497,410,0.03577861384627194,nan,-0.14072500693192397
4992,-47.82910644414511,40,0.03208650182026708,nan,3.107670186465648
4993,-31.728079870056742,22,0.03221218500018793,nan,0.5227156977029479
4994,-41.43266830227921,32,0.031234001000924258,nan,0.40435790382716913
4995,-49.71970704797225,40,0.03218446042374825,nan,0.21395815716823563
4996,-106.972577685349,90,0.05620058836208242,nan,1.880259324928024
4997,-41.48860214680814,32,0.03141921240664929,nan,-0.6425506748470214
4998,-20.0282530822841,10,0.033206136034053084,nan,2.3070764088627747
4999,-63.1362129974922,54,0.030252360918848382,nan,0.764451059001511
