episode,tot_reward,tot_intrusions,tot_drift,hdg_in,spd_in
0,-53.196952785108856,46,0.023830969487115498,-0.00010758602085048395,0.19563493840269194
1,-64.77567165572667,58,0.02243599886002237,0.0036666480620046278,0.4520695066001823
2,-57.07303604235095,50,0.023420649146857632,0.0008900076204090571,0.8530365245843874
3,-78.96232192695982,72,0.023054046115761298,0.0039484924440956765,0.6445612003574601
4,-49.14017668152439,42,0.0236429691441207,0.0033051349268146844,0.1166933752152304
5,-59.683887469911625,52,0.025443335993085063,-0.0028290962619207404,0.8131014119900396
6,-44.98569607630889,38,0.02313144396128773,-0.0006970100980622089,0.16979992229214697
7,-73.11813034381964,66,0.02356996802589317,0.0015217266326526563,0.6289066426882317
8,-181.31368427381886,164,0.05733008037688288,-0.3309627468993776,0.42121814516880274
9,-164.26023309443121,156,0.027351765213349682,0.026142468077781308,1.326843911091226
10,-135.78672368985337,104,0.10525405195315747,0.24585553470656696,1.0116975136933886
11,-63.31164924006935,56,0.024210759073077393,-0.0022578567946453065,0.7623391885303955
12,-123.43024672353138,116,0.02460346597195854,-0.0004188359187706219,1.0346411326198934
13,-40.91523858967736,20,0.06925575691946133,-0.5298950440615773,0.46204104410407915
14,-62.980263116305395,56,0.023113454027501357,0.0009730485953708235,0.9805819724758144
15,-91.1732869110849,82,0.030375122222135245,-0.08200010366318439,0.8022571894911308
16,-31.15598774453402,22,0.030317840213688788,-0.07252164458091193,1.3895833726618856
17,-12.64570433402791,6,0.02200564349015861,0.000736828319287384,0.5837910235845576
18,-86.98796707105458,80,0.023138963811439532,0.002815557633979949,0.9725210142195688
19,-41.87260090280757,30,0.03931324802254203,0.16394520254747091,0.595112434553371
20,-66.8342320408667,60,0.022629907420088982,0.001406176030691343,0.9088867381255186
21,-74.54332188637628,66,0.02828914531912728,0.010522610101145724,1.1876859684936187
22,-93.31138371917343,86,0.02420987986481275,-0.00032069551456250894,0.019944160215753987
23,-71.76028089981594,52,0.06543139370800007,-0.4487328588664192,0.2261793037817701
24,-71.61367927271223,50,0.07156847441295462,-0.4965194063850167,0.7216751196236266
25,-77.13096772125444,64,0.043480025567067954,-0.20466936036299865,0.6846836918001664
26,-14.561345550745571,8,0.0217263097706807,3.5235345816942835e-05,0.3420872399949666
27,-25.296486964618726,18,0.024160552862975748,-0.001190312531474509,0.8629609511456192
28,-100.67682505626668,94,0.022108692239293886,0.0036515156049990644,1.1986996474072171
29,-71.28024555941657,64,0.024106773375551352,0.0033559479313557167,0.915771410706305
30,-81.57268665348589,74,0.02507512136915875,-0.0011421265274082736,0.9332462622380865
31,-31.40265934792524,18,0.04437966671498392,-0.17689843545490505,0.5405388194076379
32,-104.08044828460675,80,0.07973658372386432,-0.7059704424482647,-0.18675647028552497
33,-46.30022761315009,40,0.020861680838245737,0.004323002246720408,0.47835618267807223
34,-90.48827647989823,82,0.028106875761253838,0.01834061183054648,1.4576060166821463
35,-87.25373604183345,80,0.02401899351600556,0.0027865447056948495,0.9245952986721034
36,-128.17371935626005,82,0.15289311045119303,-1.1251764199636347,0.889243197353674
37,-24.294323204566748,18,0.020842129816446266,-0.0004356966868955765,0.6401963121672692
38,-76.2573926593661,68,0.027342359799224156,0.0010242780978908601,0.5097463590281072
39,-149.0991050116117,142,0.023506970237125252,0.0018580891585150204,0.4976371723712909
40,-81.13321005741767,64,0.05673248363383303,0.2980117575000256,0.8152106491223962
41,-127.12813242286609,118,0.030225604049225908,-0.005083955519382429,1.3641242856349463
42,-66.95479429919132,52,0.049519186421163396,-0.23137036540957218,0.46283106296623916
43,-60.452750657452036,54,0.021366724031297538,0.003807311022957935,0.9156004236721771
44,-81.66442097197388,74,0.025378877390642034,0.004064607507216171,0.46595306552460186
45,-38.268546958693136,32,0.023565966010124822,-0.0020633764115085165,1.5846873473305574
46,-101.26968981802251,94,0.02407182058947846,-0.0007546137967486157,0.654783877299286
47,-122.06689109868265,114,0.026711559929412702,0.0005420774060289148,-0.07551715896150332
48,-74.62558155628865,68,0.02193901177579018,0.0009938406719462267,0.573423655789243
49,-86.81231846735567,80,0.022557345918395567,0.0006146765091234436,0.7233697636723704
50,-127.27962681564526,120,0.024104724555117907,0.00041103183217840086,1.042182602941996
51,-59.04231556605969,52,0.02331892571542949,0.00236958188902192,0.8045710916427005
52,-21.1759677384524,14,0.023761482577657155,0.0034280004012182553,0.3765012478585423
53,-85.0164883133583,74,0.03647843812370155,0.08259279832354938,0.38937959747561657
54,-47.07530310199086,42,0.02512526288114357,0.021134984502707156,3.264788931716547
55,-174.36281014848794,166,0.027691424332739287,0.0013822125453680804,0.8972244149160981
56,-172.69276496552172,158,0.048651539620930453,-0.14323748255962665,-0.04012181556317955
57,-18.84870322927618,12,0.0226778252625038,0.006936795047225295,0.36136088474801686
58,-52.74368406381364,46,0.022330079681501847,0.004754478294427032,0.36994406390775786
59,-69.23877808094576,62,0.023969463844191206,0.0010040580651981892,0.4846895238806321
60,-46.66513027377688,40,0.022069967793962968,0.0021899058989677824,0.007508890221469005
61,-28.43609808788454,22,0.021311583072465355,0.004382813773395506,0.25549944466726227
62,-61.0399444936811,52,0.02993359103867901,0.004211967896719445,1.2195296965653366
63,-99.22991634003397,86,0.043807670000112126,0.02336499403070486,-0.19312439970178716
64,-100.69016405798598,94,0.02215286111915924,0.002791079654996684,0.48213362169135143
65,-54.87814924086883,48,0.022775328612148222,0.0018823574033460968,0.5324526455849702
66,-17.72251796010915,8,0.03219376807983139,-0.09703648560957996,0.7748882777074549
67,-99.65492742049874,92,0.025347441789730803,-0.0037828591532715356,0.831228002664226
68,-36.64257760420918,30,0.021995290080162936,0.00014558693934509543,0.7813579236538672
69,-114.59878056203142,106,0.028472783317986212,0.003947775376288356,0.881493987854532
70,-124.29139394795278,116,0.027454946847525624,-0.0010146666971954288,-0.177647325203643
71,-67.09160017870752,40,0.08970728535995896,0.4227633211976812,1.2483206496040478
72,-113.46310272722565,104,0.03133477724247076,-0.03418248661651911,0.3306666267460246
73,-36.55859963751784,30,0.021717217342774243,0.0011132436645655147,-0.2969710141099644
74,-55.27825771664629,48,0.024100191114722197,0.0007547596238232804,0.2361709266582416
75,-23.37972577374525,16,0.02443617805875913,-0.0018123699206818783,0.92454298474866
76,-97.55181505075994,90,0.025006010101854534,0.0003864512959223808,0.14415156742864726
77,-39.36465890887675,32,0.02438628777773766,0.0007647474131405057,0.820682296246469
78,-32.47808106841335,26,0.02145059956428284,-0.0020923236646344084,0.7272402291205814
79,-163.2035744409857,156,0.023852895499953185,0.002323723660738806,0.6027475056614702
80,-300.68763934526953,294,0.027865163938626907,0.019625203852774574,2.1859660230515874
81,-101.63714326151434,86,0.05177862007123921,-0.3029862165552817,0.010683426706525898
82,-58.78007552983142,52,0.022450581224607406,0.0037900914539835905,0.6076962195552689
83,-16.309295686148907,10,0.020891707570029498,0.0020265449594400998,0.4747101119061044
84,-89.58203719202805,66,0.07808621586764256,-0.20972070728774825,0.5813443505641435
85,-28.047132365231057,22,0.023996557004885333,-0.001988750989992349,1.536156974410262
86,-55.98613473910131,32,0.07942428721556737,0.23849976485023053,0.9289494353260179
87,-85.49674850533995,78,0.024823670547483523,0.0021926015183724315,0.624749139059005
88,-66.72246708412082,60,0.02225982478185711,0.0005203163226609988,1.0398282799046774
89,-78.79782074494058,72,0.022509340215034746,0.0005721890662846137,0.6949048388632946
90,-58.0732284108608,40,0.05984512718828043,-0.016021739587415974,0.5828184903287853
91,-28.688185672297603,22,0.022146310173171025,0.002543030018202763,0.4312175237205633
92,-22.529087369694004,16,0.021619494601635873,0.0016347530801373454,0.5079367901819961
93,-86.47586257590724,80,0.021443253562607543,0.0007963407570372847,-0.0349264006321596
94,-38.55175611966733,22,0.05480713946909689,-0.36095130883353077,0.48205516955966365
95,-43.547714680505464,36,0.02499243271690514,0.001223793720390142,1.1463880476837096
96,-45.32579938480504,38,0.02425761385696991,0.0017454746048219058,0.19963237981332022
97,-96.81297208709844,90,0.02255951022218017,0.0023137365802829556,0.7398115801174712
98,-33.10444549178406,20,0.0433922036151791,-0.2380919286857871,0.5497482498900329
99,-51.27508486588647,38,0.04395723465525295,0.2008060201296324,0.24900794599960027
100,-36.95282723105845,30,0.02302260672535866,-0.0007186993981236654,0.3966287552726776
101,-83.5264031616222,76,0.024921864773582807,0.012683651769928486,0.5384063947295887
102,-100.7735489524283,94,0.02242897004115251,0.0027758150019941987,1.060661379880093
103,-88.78905254353572,82,0.022480306435549227,0.003143833842419939,0.34179465362681877
104,-120.88070231003061,108,0.049541162730887045,-0.13964425784893908,0.9647938628854283
105,-81.4415785305409,76,0.02305753614636047,0.004234674790976727,1.4336356605637683
106,-147.16178720924123,140,0.023714527182918672,0.002072395199589086,-0.22658690239708726
107,-95.8932391101914,88,0.02613655334500608,-0.0006217778404397483,1.419608222455999
108,-56.67568971637649,50,0.022104932835683384,0.0013903897385180786,0.538260983981906
109,-38.16517612811515,30,0.02703700704673878,-0.033961270875390005,0.9918781412566355
110,-128.76277061473235,122,0.023160173338124767,0.0006464822697835936,0.5025669579101528
111,-189.18089479188924,182,0.023777797324136627,0.0029705622692944,-0.3809589008487675
112,-73.17138356328262,66,0.023746303189677142,-0.00013714231472055347,-0.6880853126265358
113,-82.96528500334492,26,0.18862677153425467,-0.9933785023293397,-0.03284788461392807
114,-18.564545576301555,12,0.02173690588179335,0.0010653132768594568,0.3971941837357104
115,-292.21732244658034,284,0.02720967697543386,-0.0005262342686394834,0.6428323457332094
116,-40.408002318720065,34,0.02121855072423851,0.004995666600652779,0.4158245164277888
117,-62.6048207019224,56,0.021870267224908133,0.0027812182351280718,1.5170455073624762
118,-46.552331326803944,40,0.021696461347033846,0.0016982133378465936,1.1415751618337786
119,-36.06463685602173,30,0.02008157899344956,0.002507581839889954,0.31391687185927225
120,-90.3832230514274,84,0.02113650017028977,4.15461132494079e-05,-0.25795010985476613
121,-216.4752646662238,210,0.021441273729219477,0.0028748541271671753,0.430596270552676
122,-52.43825630714238,46,0.021318729493848745,0.003057887788479593,0.37708833760736876
123,-47.96604564671581,40,0.026377634591774307,0.0031874917893183253,1.1779453507922375
124,-28.31780884521999,22,0.020919896838476705,0.0033042317634873982,0.5947479586549479
125,-293.5987549841331,280,0.045028990013680575,-0.16338786369649114,0.006456500639219997
126,-279.00006528942095,256,0.08273404780367158,-0.6769131108950958,0.5360752830268454
127,-38.652783082501635,28,0.03527411616722417,-0.10676570055090409,0.4626272200919003
128,-34.55505079922638,28,0.021705466222603848,0.0002847934369189011,0.12597122821657739
129,-95.65177621524646,34,0.2041449543551203,-0.23949326627813772,0.6169140925974776
130,-32.06616673691709,24,0.026709161380520086,0.0012108106244762508,0.7767112433378406
131,-63.983593819398635,56,0.026435741123836863,0.0034066149380539133,0.5208145604351696
132,-30.912942995648628,22,0.029513056276982273,-0.0013000693258564205,-0.31103739300839117
133,-94.75599256838532,88,0.022370836319155596,0.002687884418182815,0.9408337162214714
134,-38.87306755126171,32,0.022758501825369693,0.0030512624067895807,0.7180025567369234
135,-69.59912423068573,54,0.05165272924068159,-0.11928221136763296,0.8367484076249271
136,-24.629818884578157,18,0.02195304266416599,0.0001996750887082458,0.9302173190695443
137,-75.85599703680502,52,0.07899336767153982,-0.32752850677799555,0.4656380365170933
138,-123.45133951845476,98,0.08427595867038054,0.3052547555996586,1.3552916407562785
139,-168.44511294214513,154,0.04783149980842686,-0.1340189236359646,0.5286164332412504
140,-65.45636012259115,58,0.024689934180765434,0.0015941089959753468,0.6077955276758377
141,-101.79368840798323,94,0.02580691525822276,-0.0043308903393798216,0.2124304859353914
142,-34.99971373492499,28,0.023177860049420275,-0.0009939338384344187,0.7872776867800997
143,-47.30107711145581,40,0.02417575202468841,0.002557355676860925,0.3367734675888714
144,-54.691471481532425,48,0.022157190336200304,0.006313547889381301,0.16701621887203158
145,-33.90695903027613,28,0.02401202857835793,0.003895026832020168,1.5739514485767254
146,-145.805507135542,138,0.02584605011768781,0.005089263729010986,0.6558283261838369
147,-40.863432955267875,18,0.07570673163995985,0.10417783349592066,0.8895620244465744
148,-109.00110535693406,102,0.02318246806931897,-0.0007430785522173276,1.210962960400321
149,-179.10773872105014,172,0.02353555867897497,0.003767536126157355,0.33099158337591866
150,-34.61958773869544,28,0.02191916469766739,0.0015009489671376514,1.042574743530665
151,-54.91472381852782,48,0.022896436485191348,0.0032589468629321467,0.6078832606420335
152,-61.34850331028107,54,0.024332792418149014,-0.0006978901612745067,0.49026194391309574
153,-48.47746874469259,40,0.028071088558585346,0.0073941404194978145,0.1418989073330558
154,-80.01852728525051,68,0.03979644796440552,-0.16597291371131329,0.3170179286354867
155,-30.716987264962754,24,0.022241679685306756,-0.00011410166213399922,0.5831105396566321
156,-96.83590814574899,56,0.13521823889320822,-0.4651160512663831,0.5177611016592825
157,-95.12302985890422,88,0.0235861915857755,-0.0019210625766770335,0.4017635606271311
158,-77.6831258728674,70,0.025440814148567414,0.0010883342491660192,0.5048108074510322
159,-39.17631681160446,32,0.023762638449021586,0.005400927232760344,0.15060452815432052
160,-90.85031321100394,64,0.08890832189074087,0.3301844875743021,0.5972523430837257
161,-183.96301095139694,168,0.05285765215694567,0.20550499611884196,0.02914017803026136
162,-92.85705593795917,70,0.07936477756235899,-0.600184556462207,0.810832803365439
163,-57.15859685236872,50,0.023703963087313314,0.0072575140917143285,0.8710413477919373
164,-31.30123719005504,24,0.024176282086274897,0.000444155025013741,0.26224849130626804
165,-53.165904224412486,46,0.023728159683484615,0.00016312418121610156,1.1380272438728205
166,-51.04128049110997,44,0.02331549831493377,7.374375859670194e-05,0.5862480077874617
167,-37.335985926762845,30,0.024291344128354195,-0.0011656531859775203,0.013388945583704341
168,-27.447317342838808,20,0.024659991201453058,-0.005281382104665633,1.2461888216076256
169,-90.31772171973067,84,0.02091960834347938,-5.668521795532857e-05,0.49940767926719065
170,-98.97980468988486,92,0.023111936059221422,0.0005717623958037241,0.405049054814959
171,-42.98686137985803,36,0.023135302582310932,-0.001191308372114347,0.5290778449105985
172,-91.47090840171263,84,0.024738107290438828,0.0030408223781006917,0.8698594879931061
173,-16.456222049293974,10,0.02137821870627153,0.006356108263720888,0.8437218723356709
174,-24.670281874428312,18,0.022087026074265794,-0.00021738473453947546,0.8109528497177166
175,-76.34281159506469,48,0.0938503695200809,-0.5705164865665415,0.8656919070497149
176,-98.88880862197352,92,0.022810624576071574,-0.0004846679008201949,0.6790353085892737
177,-101.73429416873827,94,0.025610245591847998,-0.0026257089523456694,0.8548282936706504
178,-64.09686121118936,58,0.026054962440979934,0.0037918536515874615,1.5469072161232789
179,-50.662038407190266,44,0.022059729825133777,-0.0006103987443193004,0.39546269685120955
180,-126.14595483435313,118,0.026973360378652892,-0.0015880603050282657,0.38083903299450306
181,-64.6691926853176,56,0.0287059360440987,-0.00368589679710567,0.8821749269373296
182,-64.98755145185943,58,0.023137587588938455,0.0007895738936479616,0.8337389034167432
183,-5.995079222673125,0,0.021721301531424347,0.0012439082441615293,0.661851923655722
184,-56.11678026266976,32,0.07985688828698591,-0.6434999017446573,-0.4345250969627388
185,-68.76313491965888,62,0.022394486488936723,-0.0006810638168518314,0.3593754504278413
186,-62.95108597231974,56,0.023016840967946563,0.005217998969794208,1.1760302616828753
187,-176.76970909947005,170,0.022416255296257834,0.002380009320879121,-0.10864954445031565
188,-136.13603952582548,128,0.033344424286169794,-0.05026760786126719,0.9494919377878656
189,-35.035354674735174,28,0.023295876406407588,0.0037719288514001877,0.7393363098357958
190,-42.59165487064482,36,0.021826671757102758,0.0006494238870896844,0.6802694028623892
191,-100.76366983217119,94,0.02239625772242082,0.002963213753556549,0.5525327536148625
192,-33.65721536287075,22,0.03860005087043304,-0.13089360892433452,0.2973678898041226
193,-92.3489259413135,82,0.03426796669309109,-0.027574313134078356,0.7014755878228207
194,-154.37613932849175,146,0.0277355606903668,0.0196638842360024,0.5351876519249971
195,-41.034307061059835,34,0.023292407486953305,0.00035116393890059154,0.5968898393721813
196,-77.73260878518855,68,0.03222718140790952,0.08167961625785518,0.5959339559534627
197,-118.42297924656972,104,0.04775820942572856,-0.22993405050619672,0.6652809008568933
198,-28.210835586566724,22,0.020565680750220996,0.004218393263471812,0.8056127792681854
199,-112.12133319702212,104,0.026891831778218862,0.0027679534716877024,1.0231878579328983
200,-65.42825935130976,58,0.02459688526923801,0.002797569207914963,1.1139597191928658
201,-35.08236243329105,28,0.023451531236062872,0.0037332198263025714,1.1631965868276797
202,-23.021540078661854,16,0.02325013271080118,0.0036805455466510347,0.9607586099083797
203,-77.45216537387242,60,0.05778862706580245,-0.1755708695293731,0.7832288069717411
204,-30.743938083496833,24,0.02233092080628083,0.002561125647128615,0.9177757754493739
205,-134.36662995387715,126,0.0277040726949566,0.0011367106838737744,1.0088352476042735
206,-83.72898005191705,52,0.10506284785402978,-0.07770220147717948,0.7815622364562884
207,-57.62068213903365,50,0.025920687547734016,-0.00023960638862597394,0.30582633454979835
208,-36.940819119796444,30,0.02298284476753825,0.001517611536635271,1.2926814882282094
209,-57.268601757514965,48,0.0306907342964072,0.004460077155350603,0.9548261934786493
210,-46.61234543651424,40,0.021895183564616276,0.0010066890674303994,-0.017387951450693787
211,-71.35822877065247,64,0.024364995929312752,0.002892210541966846,1.346861711945169
212,-99.85742215492714,70,0.09886563627459229,-0.9018167787916119,0.12278308564454352
213,-60.3512747631318,54,0.021030711136198067,0.00160985335820225,0.28000181477643327
214,-30.632472001062077,24,0.021961827818086053,0.003320326968497097,0.3975386339177714
215,-110.10114858557672,102,0.026824995316478827,0.005335961565967428,0.7063950654628088
216,-76.49236333837209,70,0.02149789184891426,0.003526081864040542,0.6470040838372129
217,-63.04506996331159,48,0.049818112461296936,0.2375064985135829,1.0930481139956727
218,-82.13473797470502,74,0.02693621845928927,0.0002603739018965241,1.2518279006424058
219,-89.10802943870907,82,0.02353652132022901,0.0008472584888018323,0.592113822991077
220,-97.06927470473573,90,0.023408194386541292,-0.0004952848406311199,1.4207963308749647
221,-77.43640430564729,62,0.051113921541878195,-0.2053931509027418,0.7068174190459224
222,-104.75513463262816,98,0.02236799547227918,0.0009879041260373563,0.5971878488256677
223,-20.400677500359933,14,0.02119429635880779,-0.002124371386860923,0.44039239775942984
224,-66.19160554330476,58,0.02712452166657229,0.009725704564965817,0.6813354532871331
225,-57.09742892613946,50,0.02350142028523044,0.004614992891453724,0.5293538989313024
226,-163.67522567566309,136,0.09163982011809148,-0.8187573667435247,-0.18822885792307703
227,-57.62797493629282,50,0.025258195153287897,-0.0002974064263788095,0.626184325472148
228,-42.58328148649919,36,0.021798945319533723,0.0016595189731771632,0.27432915660836393
229,-83.59608376751729,76,0.02515259525668048,-0.00201358268722053,0.9177816852166654
230,-49.16775178110235,42,0.023734277420868664,0.0022413278757193625,0.9768867530318791
231,-39.34253586760229,32,0.024313032674179884,5.576919551494698e-05,0.5851790994570467
232,-7.104393579790255,0,0.02352448205228564,-0.0008211752368963712,0.6735929060014989
233,-109.66863047701123,84,0.08499546515566675,-0.7014708545954824,0.10665796262933719
234,-88.97939965456104,82,0.023110594882651145,-0.002677257398115656,0.9736911603357544
235,-87.55137404442057,80,0.025004549815962264,0.0044881782707271,1.1548794804069997
236,-32.639413679186106,26,0.021984813507238635,0.0016570097520879612,0.009196244625279076
237,-77.2819870659864,70,0.024112539953597894,-0.0008668122854737552,0.7682011162247339
238,-160.1867664607663,124,0.11982373000253771,-1.1154409557795661,1.644028541637008
239,-69.63638411448484,62,0.025625450048605933,0.016003367518881123,0.6953066952518756
240,-112.57003005162284,106,0.021755066396102442,-0.0011813742947450142,-0.09000939083018106
241,-169.3792481851376,162,0.024434596639528326,0.0012982087976157368,0.22960381708131017
242,-10.972939409869063,4,0.02308920334393748,0.00444098967189179,0.45712701968466307
243,-49.201674305428924,42,0.023846603660361104,-0.0002626052743058331,0.37253631066562937
244,-40.1017070440926,34,0.020204327960571613,0.003421417284920343,0.44959777330691364
245,-71.42073000277219,64,0.027082956214497942,0.0019695711544762454,0.6863166559145133
246,-143.1254312574106,106,0.12293189158083101,-0.7189433650526879,0.6638158421508007
247,-42.74036267575576,36,0.022319081707800337,0.0014141944667250411,0.9313118971448657
248,-33.107430165753286,26,0.023534536972693136,0.001963602107739853,0.3921513932534657
249,-144.26529093578276,136,0.027368513032394383,0.0018578150920995468,0.7799200038724565
250,-57.02234932320302,38,0.06298791166623476,0.24936199673707443,0.2879556336588653
251,-167.0591325225185,160,0.02337461100171669,0.0016142904325172503,0.4930286499916033
252,-76.7439535857141,70,0.022330972138126168,0.0016618726281248748,0.6860056255718953
253,-117.13082614752501,110,0.02361200711100944,0.0014412292852899096,0.36322950752245203
254,-67.06029036735423,40,0.08960361048792835,-0.7052936845554644,1.0275247646989116
255,-47.675520747997375,40,0.025415631615885465,0.0008991189207727497,1.3449646455467068
256,-48.65791255701389,42,0.022046068069582505,0.0028625127800820482,0.4049240804121626
257,-98.52449708379172,92,0.021604294979443592,0.0037252041754090776,0.8937568572356978
258,-6.663911882643707,0,0.022065933386237444,-0.00031787249323640584,0.5674439863990428
259,-64.85483152112373,58,0.022698117619615498,-0.0004239866479966074,0.10385045480468412
260,-36.74238654711585,30,0.022325783268595533,0.0015219390284368732,-0.11540800982867275
261,-55.993317692735815,32,0.07944807183025093,0.20121390395103922,0.910057438944749
262,-30.68454064333453,24,0.02213424054084282,0.004082620259226355,0.3551499010211733
263,-78.89280905718292,72,0.022823871050273874,-0.0013063410230733405,1.4016234287122473
264,-83.92903979064369,76,0.026255098644515452,0.0032822113510356933,0.6758461831814443
265,-61.143708081502794,54,0.0236546625215326,0.0014723506663611393,0.4354130494968028
266,-31.134905360675326,24,0.023625514439322464,0.0015866911316302834,1.0794552156678554
267,-68.21414596572087,56,0.040444191939473066,-0.20996413875389722,1.1409804901078078
268,-122.27087542157318,116,0.02076448815090485,0.0029109929381431828,1.1826190510282095
269,-62.57696403613697,56,0.021778026609724995,0.0012752682171046537,0.6597337106289034
270,-30.744100991051088,24,0.022331460235268275,0.002607197489277984,0.4186524830277491
271,-66.48107738955692,60,0.021460521157472923,0.0011581965160112064,0.4866115611859147
272,-24.880000777297372,18,0.02278145952747482,0.0026043927477401316,0.7969217811208466
273,-74.43879227003717,68,0.02132050420542103,0.0012956663332447805,0.3596803809803701
274,-85.73104425456802,78,0.02559948428664971,0.0004690848022625344,0.7727181962520093
275,-36.991626069041345,30,0.02444624499664796,0.005843750081982437,1.0128064077675596
276,-81.61804222550013,74,0.025225305382450665,0.0019865257298536847,1.1160029003168426
277,-72.04260622472012,64,0.026631146439471235,0.0070314682447289835,0.6543500571635811
278,-91.5730014663909,74,0.05818874657745361,-0.35171374141378176,1.2487908692618397
279,-53.1894573759581,46,0.023806150251516923,-0.0013168885326321354,1.196840419113252
280,-88.53536068986106,64,0.08124291619159169,0.27193147433969495,0.5616334359836437
281,-30.223906548083797,24,0.020608962079747762,0.0045050542510965755,0.23289953896252358
282,-77.40116515112935,68,0.031129685930891684,-0.003335034137048962,0.8664962361717445
283,-82.28023190990108,74,0.02741798645662568,-0.0007996779149521562,0.20543405432406822
284,-25.144249251093484,18,0.023656454473819494,0.004166482554190477,1.2092834892015079
285,-73.2175238479473,66,0.023899085589229967,0.005737588646673653,0.5096818777869783
286,-55.42200595092986,48,0.024576178645463093,0.005083741465527934,0.31380089900482583
287,-187.83882768430283,146,0.13853916451755857,-0.5650704186940134,0.7144690569305548
288,-186.23238732860344,178,0.027259560690738725,0.004234710096309134,0.7735616989798816
289,-14.742239701845099,8,0.022325297025977024,0.00017128165237704254,0.0826536879194777
290,-170.90620210528203,134,0.12220596723603362,0.16234638982391547,1.0560006864034317
291,-66.74199844795716,60,0.02232449817204421,-8.957524296661087e-05,-0.0019702401095446176
292,-58.93696209309999,52,0.022970073155959857,0.002205725702293686,0.4419613797276586
293,-116.11546796591992,102,0.046739960152052694,-0.2678884773333603,0.5141512189566972
294,-19.25266641298824,12,0.024015451698636555,0.0013335813526125834,0.8495328670793363
295,-83.32143087136912,76,0.02794439263881327,0.0020167756747482843,1.2840779137752332
296,-202.74540185245522,190,0.042203317392234235,0.1111636169885427,0.7771115252106691
297,-6.67167035682757,0,0.022091623698104593,0.0008229595087838686,0.9711243769491249
298,-453.01307334213897,446,0.023222097159400264,0.0020853612621296322,1.1083812591573918
299,-34.71456123353577,28,0.02364282124484389,0.00507427682988608,1.150231161053804
300,-66.60912814831903,56,0.03512956340502929,0.0032771035261754417,-0.1562542263264629
301,-43.271544181345874,36,0.024077960865383538,0.0018837349406067307,0.2662820546950263
302,-64.14237747069085,56,0.02696151480361205,0.0031426558426013895,0.40895822167582346
303,-32.83396041103145,26,0.022629007983548048,-0.00134504164402552,0.6954246027600205
304,-26.409887415356597,20,0.021224792766081697,0.0005963033583286583,0.554927567011366
305,-30.416402030472533,24,0.021246364339313283,0.0019607110339099703,0.2223759411737232
306,-43.03943806198859,36,0.02330939755625397,0.004176874259341853,0.881202533671984
307,-62.41094874359622,56,0.021228307098000436,0.003485790864427247,0.41814452937683894
308,-65.7490291501104,56,0.0322815534771862,-1.9439536344185964e-05,0.7659391228908026
309,-128.5530855338692,122,0.021698958721420813,0.0035682574431072697,0.2323376145284771
310,-35.43985084026502,28,0.024635267682997012,7.551004464463608e-05,0.6764600424854615
311,-70.56003370819111,30,0.13430474737811665,0.06654167746375654,0.1431768157049884
312,-119.66972310347192,112,0.025396434117456256,0.005101662463684326,1.8213118859633437
313,-58.850127513132584,52,0.022682541434213634,0.002983426623391789,0.6040680680402388
314,-75.29136431931897,68,0.024143590461321293,0.0014193830121962342,1.051943242632765
315,-55.22356095290208,48,0.023919076002986837,0.0013537458074741706,0.6333420256872057
316,-27.581728216248457,20,0.025105060318703496,0.000973640946480168,0.19495482309443865
317,-182.0577708591555,174,0.026681360460780224,0.006835399744477099,0.07669025462378369
318,-43.54006030643187,12,0.10443728578288679,-0.31088872030246323,1.128420029786016
319,-71.37665314729462,64,0.02442600379898788,-0.00032813993270280743,0.06300720567784167
320,-52.810910005533565,46,0.0225526821375281,-0.0003908023191153362,0.24917927941547194
321,-54.42160097122425,42,0.041131129043788246,-0.04408508224246271,0.34275358134066525
322,-31.424076515253386,24,0.024583034818719936,0.0009855341912549458,0.36702346629954624
323,-47.06937061158927,40,0.0234085119589048,-0.01084600166874068,0.6485003129858986
324,-44.82864413017446,38,0.02261140440455069,0.002125030515919014,0.44089144138258496
325,-126.34416797904258,120,0.023672268578516908,0.0037225214182399213,1.4604975759218326
326,-62.57434153874757,56,0.021769342843535332,0.003180018778958216,0.7854605157935949
327,-92.6259092805278,86,0.021940096955389555,0.004095896294214053,0.542817501335394
328,-35.20329197608343,28,0.023851960185706896,0.001984562885921313,0.42925796384463666
329,-33.100810178355395,26,0.023512616484620615,-0.0001385504809294562,0.9881817035811463
330,-60.54771379151013,54,0.021681171495066518,0.00209790473616534,0.7290663004125814
331,-40.19989739830956,34,0.020529461583806842,0.001428140914499365,0.04308850077113494
332,-34.9724117425733,28,0.023087456101235623,0.00039357614482981185,1.6995377432835783
333,-144.01951435402273,130,0.0464222329603421,-0.17415012075374556,0.5657743536264886
334,-32.446340861068805,26,0.021345499539962804,-5.108225544828255e-05,0.19816800584039027
335,-75.4420167516985,68,0.024642439575160553,-0.00013566120398163006,-0.460905421091882
336,-49.249141519830474,42,0.024003779866988248,0.00026857170479877896,-0.38599156978203214
337,-105.25469249085239,98,0.024022160565736576,0.004340826921220499,0.9229592786734887
338,-32.89754033718271,26,0.022839537540340044,0.0004954865797490671,0.39215132280141857
339,-37.013114604562396,30,0.023222233789941583,0.002439900459752523,0.54791928900341
340,-49.401427466479824,42,0.024508037968476105,-0.0033176399381146674,0.49953911820951225
341,-98.52430793122893,88,0.03484870175903637,-0.046414010788603924,1.1436453500074883
342,-20.789095748704828,14,0.02248044949902268,0.002911884644506684,0.4342529867441526
343,-46.20878601531667,24,0.07353902654078374,-0.4709381178460205,0.7508313154161828
344,-86.94171291140874,80,0.02298580434241309,0.002008826135262995,1.138959370662392
345,-46.62633393956218,26,0.06829911900517283,-0.2838352502179517,0.9366851450181559
346,-57.323213289470175,50,0.025252459618862553,0.0029030955762698735,0.5613541815903215
347,-96.6652688220507,90,0.02207042656308169,-0.0010014497564753999,0.44871776264379826
348,-81.19932701178328,74,0.023838831164845163,0.00449880278192843,0.8088431003666945
349,-46.715546346461956,40,0.02223690843199301,0.005554273625256013,0.7408545057986252
350,-42.683170451705685,36,0.02652051766549836,0.0003040147756802894,0.7598770715523093
351,-35.08869981291264,28,0.023472515936796712,0.0019075300715461262,0.5789536847864025
352,-101.47239324200288,94,0.024743023980141055,0.001625237112636647,1.283721087104872
353,-30.997910187584264,24,0.02317188803835859,-0.00011667504533508558,0.7984987178871744
354,-105.03112057443188,98,0.023281856206728044,-3.478200042262575e-05,0.41736399235592425
355,-32.63276721994814,26,0.021962805364066806,0.0035627061559738507,0.5234579742246999
356,-55.75849043992608,48,0.025690365695119396,0.0006390863548446175,0.2720288691917336
357,-76.0953956718362,54,0.07316356182727164,0.18296296906330628,0.6757990468031301
358,-69.33632932796232,62,0.024292481218418045,-0.0024634954230458974,0.28583773815468
359,-34.90336551903743,28,0.022858826221977897,0.0028732556266485043,1.2566550551711686
360,-52.97074420180632,46,0.023081934443067446,-0.0001422241379488383,1.0012648709647631
361,-229.27977516763855,220,0.0307277323431729,0.0031118195148536454,0.013943617381431109
362,-109.64302241420545,96,0.04517557090796546,0.20262457046855167,0.44038499532782455
363,-92.47521715946982,86,0.021441116422085585,0.00497113417699896,0.8067905323391407
364,-62.32531234375089,54,0.027567259416393493,0.005351027657527674,1.0982063112228442
365,-57.171275249948195,50,0.023745944536251704,-0.0010453325955332904,0.20457343178934614
366,-80.32535595098312,72,0.02756740381120218,0.018850421657113495,-0.570372748547172
367,-104.25860235301622,98,0.02072384885104589,0.002444254387854691,0.19322602455766366
368,-183.21001081610362,176,0.02387420800034415,-0.00045934095192355233,1.0815909819007505
369,-31.033885008292604,24,0.02329100996123352,0.00215093459261717,0.4768087822428152
370,-57.72017140270766,50,0.025563481465919302,-0.0008201988762404942,0.6181209798135937
371,-83.02281027822943,76,0.02544496477619424,0.002421448606174385,1.310059466539457
372,-149.2937370970589,142,0.024151447341254014,0.000390299839979124,1.179272586599128
373,-162.50694009576034,156,0.02154615925748451,0.003280684822439432,0.6457422656205248
374,-135.3783688833995,128,0.024431685044369097,0.00015711082694496936,1.3078890191075208
375,-6.554566683155262,0,0.021703863189255917,0.002139017143015386,0.07803382047330414
376,-48.61692695925181,42,0.02191035416970788,0.0051203605224338315,0.4305054215747487
377,-39.67209624847179,30,0.03202680876977349,-0.00010373326356134174,0.0844555617592279
378,-34.447381660860515,28,0.021348945896889158,0.0028689257555027546,0.5788008932257745
379,-57.967363654605144,52,0.019759482300017044,0.001709494190460182,0.724353786909703
380,-19.200316530590943,12,0.02384210771718851,0.0021181123628009678,1.1181428986621575
381,-45.69575415870486,38,0.025482629664585633,0.002130105986648443,1.217538203240144
382,-100.54333453751508,92,0.03187811394595157,0.0014157361774913856,0.5687290045056134
383,-50.87460759521684,44,0.02276360130866459,0.0023614209111385196,0.9598925030330583
384,-60.46079515472903,54,0.02139336143950039,0.002976957124207687,0.4937239068852882
385,-31.198274959080315,24,0.023835347546623593,-0.002337928565946833,0.813284830033813
386,-55.246403649910754,48,0.02399471407255195,0.0018590858114408391,0.8179789947358043
387,-40.77403359051261,34,0.02243057480302196,0.005542642639993092,0.748624936114501
388,-69.06663764273254,62,0.02339946239315303,0.0024608476415880964,0.8063497229837558
389,-56.2054915232781,48,0.027170501732708532,0.0008150195388357766,0.9627435659817019
390,-150.02029008755989,142,0.026557251945562327,0.0018862911796471758,0.9569156056162068
391,-117.88195804602063,106,0.0393442319404661,-0.08179591948302178,0.30210210142105154
392,-54.529668078427854,36,0.061356516815986056,-0.1254860721491524,0.7615730407215761
393,-77.00799993249841,70,0.023205297789729552,0.0030426997346772707,1.1388023420218503
394,-48.8957057903997,42,0.022833462882117773,0.0005520877818459806,0.005174528813106779
395,-36.13807971139289,24,0.04019231692514224,-0.17402802955014987,0.46512184375806465
396,-115.24580168729061,98,0.05710530360030122,-0.30159314640987334,0.6763808406599556
397,-266.78968326545464,260,0.02248239491872332,-0.002607365041263463,0.9546278337777642
398,-39.376047988222965,14,0.08402664896762575,-0.6792726781515294,-0.02415582341168886
399,-30.658836549165873,24,0.02522286571653728,0.0017409656801839557,1.7380517221114133
400,-44.88685925837944,38,0.022804169729733616,0.0021789416251395714,0.7808422736235314
401,-141.9547246077283,124,0.05945273048916708,-0.33592597408149244,1.1271048724874144
402,-36.78954218493984,30,0.022481927764701114,0.003013547849594708,0.62284464477307
403,-105.75092392942304,98,0.02566531102457874,-0.001427812927340108,0.3756745287009811
404,-47.65211054988802,40,0.025338114403602466,-0.0008834899503379961,0.5382446488072565
405,-115.10426690365456,108,0.02352406259488301,-4.959624973418721e-05,1.2832249923976946
406,-10.303108360050551,4,0.020871219735266757,0.0030417533922903485,0.37919545523280324
407,-18.912029450281576,12,0.022887514736031483,0.001103849008229148,0.8712385558139298
408,-34.605288828807396,28,0.02187181731393158,0.005254537339626028,0.595056484764926
409,-51.54404078817444,44,0.02498026751051108,-0.0001906937474711792,1.2207620447979537
410,-64.44717497412988,32,0.10744097673552941,-0.7936434565059569,0.8418992756249148
411,-109.15269023671132,70,0.12964466965798438,-0.0015745601949855588,1.0684641337289709
412,-30.694392909392334,24,0.022166863938384997,0.00208563220452838,0.3073040376091993
413,-169.7139208938722,140,0.09839046653599938,-0.5482796372056303,0.39814127405329813
414,-34.31093129044345,28,0.02089712347828969,0.006213496818665156,1.049951760386254
415,-59.37760452270608,46,0.04429670371757009,-0.19017533016358718,-0.17241302712163092
416,-56.82284741607766,50,0.022592209987012703,0.0035066886326230273,0.16552668817315114
417,-29.056997831339736,22,0.023367542487879967,0.004095203747058485,0.39477481805494025
418,-74.87388751381641,68,0.022761216933167128,0.0007377128804677678,0.5223181178011362
419,-18.858239150235466,12,0.022709401159720206,-0.0008261463406730123,0.34820905496298477
420,-121.22243110621892,112,0.030537851345095495,0.052938393197663816,0.2526232965978823
421,-128.52505729688406,102,0.08783131555259668,-0.7954202047765058,0.1348636643080633
422,-30.99734919205234,24,0.023170030437259452,-0.0007143675904745692,0.09562319275542025
423,-63.43916849862403,56,0.02463300827358881,0.01151400199298753,0.7882573641036384
424,-73.38266831555644,66,0.024445921574689725,-0.0027934666524104626,0.33714596821617376
425,-113.5539218560763,106,0.02501298627839796,-0.0004447816262817294,1.335433833338017
426,-54.558330804722075,48,0.021716327167954512,-0.0031977134819962823,0.10680536570155451
427,-40.70589315974522,34,0.022204944237567005,0.0028098313630533877,0.6956014234435418
428,-46.520827433785115,38,0.02821466037677196,0.02641052661219994,1.1100060080037766
429,-41.70493835616424,18,0.07849317336478213,-0.6449793956092935,0.027104741134464937
430,-95.27273447018915,88,0.024081902219168314,0.005612955382787653,0.9216904292633258
431,-57.38985243009247,50,0.024469710033418628,-0.0010495395696065112,0.9455259090259214
432,-119.54920573234575,112,0.024997369974654796,-0.0028022842727283893,0.4767576621132995
433,-48.85390848969787,42,0.02269506122416501,0.004471138717193428,0.4532846526162998
434,-156.04941715704845,144,0.039898732308110176,-0.014878225844624816,0.8527219260646884
435,-132.37788716853802,124,0.027741348240191782,-0.0002351237257436806,0.539072168626343
436,-57.95493157528145,48,0.032963349587024654,-0.09420939525485267,0.8623574430980282
437,-104.58325983657213,92,0.041666423299907496,-0.1473947974561794,0.2940561231000608
438,-112.35963629397983,104,0.02768091488072844,0.000954857503838023,0.8107750524096391
439,-54.232550567569,48,0.021344351258797526,0.0010041012953367237,0.20838576079129356
440,-45.402753361519466,34,0.03775746146198503,-0.12142315964308562,1.3511001449602962
441,-37.03729980279192,30,0.023302317227788343,0.0027572010451039635,0.2550604020961597
442,-73.54813999356016,66,0.02499384103827849,-0.0003048663722992634,0.9667646059922146
443,-91.74085776358605,84,0.025631979349622247,0.0022624669670565237,0.15364148240067707
444,-46.64464032916134,40,0.02200212029523658,0.002484407091963518,0.7439659854509353
445,-54.73806833663702,48,0.02231148455840126,0.0026784137214398295,0.6768001687231887
446,-64.61839741197105,58,0.021915223218447022,2.47897991188956e-05,0.38490518956994085
447,-31.848261916568106,24,0.027441475232755783,0.027145445501509977,2.167751475411363
448,-63.7158114918489,58,0.022503194849798742,0.0021320924983271876,1.0529027830589357
449,-28.232943226697298,4,0.09042142995036279,-0.7234790166184687,0.1714929352111119
450,-71.36494841914727,64,0.024387246421017653,0.0018773246229632405,0.9475362455649672
451,-133.6125412880091,126,0.02520709035764617,-0.002634982272461427,1.1886539284022686
452,-114.99686890543539,108,0.023168440084222447,0.0005117908393846985,0.79125677700523
453,-37.36544785138151,30,0.02438890017013734,0.0019545481686745556,-0.1690413982942022
454,-21.08200875136329,14,0.023450360103852066,0.0028868069448230774,0.9620457280878809
455,-65.136727666483,58,0.02363154856451294,0.000136252411098423,1.1038673756816246
456,-27.2295612658903,20,0.023938944589040688,0.00500460934242394,0.6004649113811281
457,-30.412521879398117,24,0.021233516156947137,0.0018505637665026334,0.4153901600980297
458,-58.11928992595223,40,0.05999764876143175,-0.44243610916283005,0.44501305996920854
459,-151.3446354996081,144,0.024319985098038968,-0.0008110221540123619,1.2804002760827005
460,-33.34174638876373,26,0.024310418505840314,0.0028820227226011136,0.7059583407246958
461,-31.537086471147603,24,0.024957239970687606,0.004472795635614458,0.8675788211949834
462,-49.628943448071595,42,0.025261402145932425,-0.0011369093508222172,0.9026435108197303
463,-135.67436409725875,128,0.02541180164655076,0.015266269095402383,1.2553612208992262
464,-98.24984938696828,92,0.020694865519763957,0.0012933840810179413,0.21079595457471056
465,-48.563417162778535,42,0.021733169413174012,-0.0005437993817262672,0.5668571219917553
466,-135.48787157436828,106,0.09764195885552562,-0.09490384980396288,0.5584949820149813
467,-36.64488525941682,30,0.02200293132257191,0.0035600627541221334,0.22103802989008697
468,-117.22924199073786,104,0.05049329004098375,-0.21689168069465442,1.7995446569005469
469,-96.66652219760024,90,0.022074576813245563,0.0018024148490427938,0.48386590517078226
470,-110.19792313242291,104,0.020522924279545763,0.002764166870084283,0.3043221402673918
471,-27.095144463552465,20,0.023493855839577586,0.002797933733507078,0.2623434985611034
472,-54.676812864741855,48,0.022108651870006032,0.0005878759770105217,0.5181532592262875
473,-56.37314536734594,50,0.021103130355450164,0.003521818729789792,1.023615929523378
474,-45.355905302978925,38,0.025020086064554255,0.0005198620811744663,1.2455926615442308
475,-29.173377511742373,22,0.023752905668021126,0.0004444239082875729,0.7644439188242329
476,-84.40824404825628,70,0.04770941737833128,-0.29169952233510077,0.4171562718000072
477,-28.867814369299364,22,0.022741107183110242,0.002348271769005805,1.1410464411327348
478,-14.641128808510958,8,0.02199049274341376,0.0029869638981655337,0.7615280086728881
479,-25.42963314105336,18,0.02460143424189834,-0.0005726596400672139,0.3717811033236085
480,-71.51753852765019,42,0.0977401938001663,-0.4496858403433595,0.639724905917495
481,-72.61186215396134,66,0.02189358329126263,0.002850733943120114,0.31452377127816544
482,-391.92924986662683,384,0.026255794260354084,0.00303177954559677,0.47517110497289067
483,-36.169447561355355,30,0.021571494969774348,0.0037171092414349264,0.7332975533175025
484,-44.7161692965835,38,0.022238971180740166,0.005284158150212136,0.6919157355407018
485,-18.620571641955063,8,0.04022943803770844,-0.151936366263456,0.6692388617645713
486,-53.18533375483427,46,0.02379249587693459,0.0014158453710611588,0.736486789151727
487,-146.23999378869865,138,0.027284747644696215,0.009357150280169698,1.5277326081572786
488,-53.851411783814434,46,0.02599805226428638,0.0069475112233884535,0.8729433599043991
489,-64.61947616411466,58,0.02191879524541272,0.0027825738629480416,0.44969621062038206
490,-48.359952274062415,42,0.021059444616100337,0.0008141456008426204,0.400600439335824
491,-44.39304554188575,38,0.02116902497313146,0.0011458698183680507,1.0627951125876471
492,-105.61205087855045,98,0.02520546648526711,0.0006516398711666612,1.0963146350987947
493,-112.42299153519895,92,0.0676257997854269,-0.4696723866319617,0.4834139661694991
494,-67.2638630682019,60,0.0240525267159005,0.002328822694835253,1.1648057089481711
495,-88.2515733978264,66,0.0736807066153182,-0.41101612192609455,0.3330330887406953
496,-83.38456999779804,76,0.024452218535754428,0.0003247718205706321,0.9592297943177885
497,-101.99455790941239,74,0.09269721162057042,-0.7985038027929802,1.1504997843502178
498,-54.56013784893693,48,0.021722310758069397,0.00035547211381532746,0.6884380027008419
499,-27.435881113292574,20,0.024622122891697334,0.00041214044071696945,-0.019692300546248227
500,-86.31656882057099,80,0.020915790796592382,-0.0014073304255301786,-0.17010170619789086
501,-94.7991159986644,36,0.19469905959822684,-0.33141877380448753,0.5481238709783123
502,-59.09836145231394,52,0.023504508120244662,0.0016992907607249472,0.18532890003542293
503,-22.741109606414483,16,0.022321554988127563,0.0009519775786640629,0.49576721261281465
504,-109.02381384143007,104,0.023475765614159587,0.004316843423457103,0.6005415075728409
505,-114.43256834372522,92,0.0742800276282299,-0.546078987471491,0.7127253173052917
506,-89.69321895456498,82,0.02547423494889074,0.013128749984131497,1.109268221507444
507,-38.547794799446024,32,0.021681439733265157,-0.0013922015935512544,0.40589866673137104
508,-10.70205907891895,4,0.02219224860569192,-3.075827678684022e-05,0.7977214964342594
509,-41.00812485632822,34,0.025209082217008263,0.0010203535810511613,1.0155489815586864
510,-137.53393014686696,124,0.04481433823465807,-0.18686422510319298,0.6071220090583472
511,-38.534921653013114,32,0.021638813420573222,-0.001450971563636566,0.4190088677359591
512,-23.375005340262987,16,0.024420547484314895,0.0012378240298689498,0.7749189962448694
513,-82.32980812172725,74,0.027582146098434526,0.005161462738240348,0.6723076022811394
514,-48.585568308825806,42,0.02180651757889309,0.0022245889721940956,0.5929482359074276
515,-89.25364583058139,82,0.02401869480324899,0.0025440297416019692,0.7937435247454853
516,-42.67417432969844,34,0.028722431555292808,-0.04229664910038847,0.5665728641793615
517,-130.95534195685207,120,0.03627596674454259,-0.11014487393268242,0.24322266380764415
518,-26.977208004096763,20,0.023103337761910123,0.0005404448818410778,0.5574123162065404
519,-48.83403490754116,42,0.022629254660732595,0.0030447412260641523,0.8654681582519606
520,-65.7933111054366,46,0.0655407652497905,-0.48843291206817324,0.7800546350268284
521,-89.20998845433152,82,0.02387413395473991,0.005768894552506063,0.6685951393193238
522,-143.34484328482276,136,0.02432067312855378,-0.00013562529054871262,-0.6477690614881734
523,-50.67532591404063,44,0.0221037281921872,0.005219447528785373,0.8620378155893081
524,-68.45091487883482,62,0.02136064529415484,0.004001371899314397,0.6561212239002143
525,-86.83417089002201,80,0.024583348525259566,-0.00022675327826023316,0.8781119801763198
526,-161.76561243413462,116,0.15154176302693512,-0.01194567949771696,0.7186659570224428
527,-184.15216443355163,158,0.08659657097202401,-0.7211193758912618,0.4186915947725713
528,-50.14588202735761,42,0.026973119295886264,0.0007911524151001644,1.2278919920558882
529,-114.9982147043196,108,0.023172896371919174,0.0034678068246371697,0.5331185177801214
530,-44.94599923704236,38,0.02299999747364987,0.005943197156425985,1.315621176563413
531,-55.51165786274546,48,0.02487303928061406,0.0016599127008974405,0.6885693994467147
532,-216.94261530408687,210,0.024445828535517546,0.0013832536357140143,1.0883660866592808
533,-50.96636346562447,44,0.02306742869412067,0.0036194854375863113,0.5129826854906717
534,-58.254032944543205,50,0.027331234915706274,-0.0007705098950914693,1.2486006401444358
535,-82.6094280472272,76,0.02188552333518899,0.0012761490786485127,0.045328088064658933
536,-29.295723669041347,22,0.024158025394176823,0.0003144662329211634,1.1954322566321454
537,-95.32379381597067,88,0.02425097290056527,0.0036456560362932203,0.28060481928706027
538,-21.586552603450684,14,0.025121035110763797,0.0003073549592737972,-0.1841064740258862
539,-91.11161566148918,84,0.023548396230097697,0.0023023044268002378,0.725159853510443
540,-103.07414303005218,94,0.03004683122533921,2.804366618838926e-06,-0.6768130807449658
541,-59.87310442985238,30,0.09891756433725923,0.15277923713430502,1.466949102722281
542,-97.35482636184612,78,0.06408882901273566,0.3619461443808719,-0.03098377676426074
543,-109.53345640643205,100,0.03156773644513927,-0.0023558419846948114,0.25815225023350724
544,-41.986739402285046,26,0.052936223186373775,-0.1806623116777038,1.0382481487213469
545,-73.21469599377266,22,0.16958508607209496,-0.9984956893635858,-0.08475616560672218
546,-172.52037333748243,154,0.06132573952808661,-0.3040158452762951,1.5668262959811805
547,-91.69652499319035,70,0.07184279799069687,-0.5554888536637057,0.8826014830096739
548,-29.66698722298313,22,0.025387374910540085,0.01695469155697929,1.0188646193795876
549,-66.96054906256728,58,0.02967069226015687,-0.0005083735184188907,-0.01077803429227711
550,-69.7976872189753,50,0.06555525569197161,-0.45170053050372233,0.3677853172102215
551,-27.505163889614117,20,0.02485153605832507,0.0010851188892782326,0.5848031494761077
552,-138.49760736002966,118,0.06787287205307614,-0.5171325832183645,0.8314017890009641
553,-102.32162627865182,94,0.027555053902820776,-0.0031715167553737662,-0.5728094447336302
554,-67.50410092081495,62,0.0218416703206948,0.0008681992229650772,2.1582290307369214
555,-35.23070214063511,28,0.023942722319983515,-0.0005860686735465926,0.48794456647205187
556,-49.72128593001645,42,0.025567171953696143,0.0032014156534453694,1.8165024410205468
557,-91.06503031889844,84,0.023394140128803236,0.004101996505956801,0.57241915026325
558,-167.7364171611323,160,0.025617275367988388,0.002763764124705968,0.4655038697621554
559,-16.39471062843338,10,0.021174538504746224,0.002034257244841436,0.18602855857592274
560,-152.01260687058274,138,0.046399360498617634,-0.15440451183374848,0.5413205719672819
561,-36.987986498032065,30,0.023139028139179615,0.000707714583544332,0.42925021587296647
562,-21.26062303886663,14,0.02404179814194235,0.0021251491476035373,0.7659079114652844
563,-85.33820739452773,78,0.024298699981879758,-0.0003583136530414174,0.464479758943098
564,-26.896242092554186,20,0.022835238717066917,0.0027600362235433514,0.3048338618089402
565,-19.014156340190095,12,0.02322568324566269,0.0006472676099641927,0.48192672416585053
566,-70.25388532423959,48,0.07368836200079298,-0.5611975313131914,0.399097841143275
567,-19.139309488024473,12,0.02364009764246533,0.0047827528696353025,0.3155922288654082
568,-76.75065147258263,70,0.022353150571465998,0.001199288997762152,0.6533704280016585
569,-131.15097573789853,124,0.02906900706462812,0.007839801276719759,2.047587736863151
570,-61.109625867575936,54,0.023541807508529702,0.0028753612249078145,1.0082133127550674
571,-45.44916681700198,38,0.02466611528808622,0.0026731787770616494,0.5512609766786208
572,-47.55187620928049,40,0.02500621261351203,6.313379861673476e-05,0.7939614531674865
573,-51.44511466123274,44,0.024652697553750838,0.003994512776936719,0.8393198769288357
574,-380.84950678370825,374,0.022680486038769092,0.0001404879710310145,0.13222772695863502
575,-139.20802472549838,130,0.03265256994857469,-0.08815329564745202,0.7882521413555633
576,-103.82418836166309,96,0.02590790848232673,0.002799850106948604,1.0686760769978116
577,-123.24087921799729,54,0.22927443449668083,-1.0545467338655823,0.6516379597127308
578,-323.63221398139376,316,0.025272231726471334,0.007180340545150199,-0.4728089111246899
579,-40.96318994373893,34,0.02305692034350672,0.0005004547219507594,0.34567499591518713
580,-79.07540600349836,72,0.023428496700326554,0.0014912495711843009,0.8048474262002663
581,-76.94826535306424,70,0.023007501169086165,0.00035090851998388373,0.5259105121369538
582,-28.591000125798075,22,0.021824503727808132,0.0006585374459106203,0.9508248212738024
583,-35.0080565722237,28,0.027809748302474367,0.02125309152373423,1.8406409286502157
584,-80.53102369318641,74,0.02162590626882809,0.004116185297665266,0.15854527811734323
585,-94.54755992026267,84,0.034925695100206954,-0.034992137762551376,-0.07196397268327434
586,-115.62452922431456,108,0.025246785510976397,-0.0031739400904425203,0.30672416065631447
587,-38.84177001251232,32,0.02265486759110062,0.0003203911705263304,0.6746412468607312
588,-207.74273800892487,198,0.032260721883858576,-0.09699887084271235,0.5145410318110317
589,-137.476792704384,130,0.024757591736372445,0.0010358259602240133,1.2397043938225827
590,-129.3874627262691,88,0.13704457856380484,0.05979121658173914,0.9793169294642778
591,-41.56347574264379,22,0.06477972100213174,-0.18907268892438614,1.3376600383811734
592,-32.5201341418,26,0.021589848151655624,0.0021520802761206023,0.2867236840519599
593,-141.58586912368224,132,0.03174128848901466,0.01320847613962108,1.132916642201753
594,-63.27702281549743,44,0.06383120137581909,-0.4793945524468401,0.6590953021698834
595,-30.633772326814785,24,0.021966133532499387,0.0036090154834523404,0.9365813465214208
596,-47.66957328063647,40,0.02539593801535317,-0.0005959548277391848,0.24462891107290946
597,-100.60613231945862,92,0.0284971268856247,-0.0006212491355528007,0.2715347395514428
598,-61.1890197469026,54,0.023804701148684743,0.0005193145420642829,0.7463529941774303
599,-34.73091645788065,28,0.022287802840664384,0.004324594467557621,1.0698041576877213
600,-60.889261463765514,54,0.02281212405220369,-0.0009253529410821614,0.15792593479700795
601,-146.37738515860192,140,0.021117169399344188,0.004781558600775527,0.7425080771963127
602,-40.75954012635793,34,0.022382583199860622,0.004782031694525816,0.7715383587173411
603,-28.56476073420883,22,0.021737618325194753,0.0010425674136950085,0.4076596305962337
604,-31.16919776726191,24,0.023739065454509614,0.0012646631090223344,0.1490677353617329
605,-71.12300994059945,58,0.043743366468664856,0.02681825676560402,0.8031719339482176
606,-49.27506396481535,26,0.07706974822786526,0.19494612041817644,0.2513731316634655
607,-46.07025405986461,38,0.02672269556246552,0.008287616404211334,0.9600271637270158
608,-20.266608261733356,14,0.020750358482560773,0.0020751939091171504,1.2303945718304214
609,-47.55874697161429,36,0.03827399659474973,-0.06701106351996088,0.5791998119726245
610,-183.099289160232,166,0.05662016278222553,-0.3760037477948512,1.0226500426537615
611,-140.48355698751033,132,0.028091248303013554,0.003759763253057092,0.6432082560103825
612,-69.34896548414522,62,0.024334322795182946,-0.0022044211335014554,0.7659264298318191
613,-30.67155596401919,24,0.022091244913970926,0.0002084733961483106,0.38397073204157295
614,-37.20578698674564,30,0.023860221810415375,0.004054655085182101,1.225480096814757
615,-68.73824543626361,62,0.022312070981004784,0.0022554153624292934,0.7558731554787674
616,-45.51742156247324,38,0.024892124379050515,0.005200280794343411,0.735057018727098
617,-18.26609289847285,12,0.020748651981697966,0.0008823882204030227,0.9710198520690655
618,-49.007048868791166,42,0.023202148572155874,0.0001395428998839875,0.510917460658458
619,-19.278285789733424,12,0.024100284071965097,0.0044791337964587554,0.6730033072796403
620,-40.483729756692554,34,0.021469303830108453,0.0028617426996090023,0.947940658041606
621,-42.36173049019064,24,0.06080043208672417,-0.37920148686362454,-0.28535250161243647
622,-53.769987121020264,34,0.06546353351331238,-0.4451204541806862,0.2692633990398824
623,-50.83989720672287,44,0.02264866624742687,0.002900669475422173,1.060922595446109
624,-25.668448639683174,18,0.030190742675917842,0.05749577886184795,1.2081423910760034
625,-44.37307259349841,38,0.021102889382445224,0.0028560036185832807,0.43167657260382114
626,-77.05240740628109,70,0.023352342404904854,0.001280800051314892,0.5537581487461255
627,-208.8350248366524,202,0.022632532571691955,0.004415116635296148,1.1050024141438786
628,-65.246028591344,46,0.06372857149451694,0.08844633258143686,0.6504450012134297
629,-48.81962064984078,42,0.022581525330598748,0.0012165556067565383,0.3364525919381933
630,-79.07859521772319,72,0.02343905701232844,0.003303834994705949,0.5699360349279557
631,-109.24076044899353,100,0.030598544533090986,-0.0002746381510869409,0.1819652641266862
632,-56.0871482112656,48,0.026778636461144246,0.004034381724943388,0.629882947796827
633,-44.98907100753157,36,0.029765135786528462,0.014228820294104763,0.30612843695727127
634,-118.86105436156622,112,0.022718723051544435,0.0027662490210835114,0.5890758889838313
635,-173.16865900305922,166,0.023737281467084485,0.0004496929073854294,0.2800643714039975
636,-102.99885650529265,96,0.023175021540704093,0.0009642349367973622,0.7233565072100363
637,-77.27723365386889,70,0.02409680017837365,0.0011621270189601436,0.8754086624794726
638,-40.45555073782414,34,0.02137599582060974,0.003110285603155271,0.7722601169720292
639,-62.03184508892353,56,0.019972996983190404,0.0010498663668816798,0.06959287851450607
640,-41.26754497078905,34,0.024064718446321364,0.0036118512626256275,1.0346254092878246
641,-48.88487536149583,42,0.022797600534753895,-0.00015649708459733534,1.020811243407584
642,-94.79926070696118,86,0.029136624857487307,0.019264418657079636,0.9312580155729877
643,-34.422403613067594,28,0.02126623712936336,0.0006902076966986553,-0.03245786419980589
644,-57.0969208410087,50,0.023499737884135487,0.003932210386635131,0.2618171600276444
645,-68.98757649096275,62,0.023137670499876164,-0.00019083968633539135,0.13376509976042866
646,-159.09746804133223,152,0.023501549805735295,0.002848944408334915,0.7806406463894203
647,-46.91868234155744,24,0.07588967662767342,0.18328397304778735,0.06194374730173708
648,-66.02644590050978,58,0.026577635432151626,0.001479494039143516,0.8125005881851707
649,-44.948273145237565,38,0.02300752697098504,0.00024162452122110208,0.35855581828682925
650,-48.632508661552016,42,0.021961949210437353,0.00030765718455111845,0.3174871224218082
651,-24.52453661220846,18,0.021604425868239803,0.0008809043397889503,-0.04242333501950523
652,-55.38325272088522,48,0.024447856691673098,0.003040269733597802,0.881642329806943
653,-62.06017685361084,46,0.06083400323337449,-0.2553863140387517,1.4496042375993443
654,-22.946707729379533,16,0.023002343474766755,0.004455034590818895,0.615516470160508
655,-35.13336618500978,26,0.030242934387449287,0.02432045287087202,0.9005959551491534
656,-175.44402080738072,168,0.024649075521129542,0.002064715890176841,0.6453755330222671
657,-6.84848783164984,0,0.022677112025330546,0.001246328361098044,0.28960181602696267
658,-88.58121508796826,42,0.15424243406611954,-0.7747325067404528,0.5971992891017017
659,-94.90277334141044,88,0.022856865368907676,-0.0010269160390159252,0.6809752725684608
660,-84.50575809880957,78,0.021542245360296818,0.0011389451649576573,0.4686056873327066
661,-60.80833559812028,54,0.022544157609670386,0.0010370906101638414,0.23108160742390854
662,-77.29812553768961,70,0.02416597860161975,0.000631434784023344,0.5416063452209269
663,-54.407211612647075,48,0.021215932492208413,-0.0009533449874833127,0.7084311699858228
664,-37.64477467930808,24,0.04518137311029174,-0.13918237111636048,0.5940913487543408
665,-46.882472292935596,38,0.02941215991038291,-0.016767605109986792,0.6163549025232337
666,-47.18637361503645,40,0.02379593912263749,0.00229410062704408,0.103534903064438
667,-42.485409448925374,36,0.021474865724918767,0.004653001207385531,0.5691917872250648
668,-73.81403873090886,64,0.03249681698976482,-0.07365648822754078,0.0898629524151406
669,-124.30154034477859,118,0.025825985019583105,0.0028290428217408845,0.49342742842928883
670,-92.86646400226834,86,0.022736635769100844,0.0007533140152088361,0.4435091305109333
671,-36.63389897971378,28,0.028589069469250987,0.0038842000081111363,0.7372284907991428
672,-63.792686620954946,54,0.03242611463892368,-0.09072519861152457,0.29257735462415196
673,-170.15460293030708,162,0.028119320449333605,0.022905215427042627,2.391101297424175
674,-50.655684409754485,44,0.02203869009852461,0.00372250150566896,0.5170834883884065
675,-440.02238563776797,414,0.08616683986015944,-0.6726511812472056,0.44005845101143154
676,-13.211985807427657,6,0.02388074770671404,0.0016785016472278694,0.5243956770456476
677,-237.66783649767856,230,0.0253901870784048,-0.0029479365280847872,1.3590491495254782
678,-42.976533150452354,36,0.023101103147193772,0.003908928571305923,0.7449576760614476
679,-50.871049126388556,44,0.022751818299299554,0.0017507729376512056,0.551092220295455
680,-73.3112729329939,66,0.02420951302315923,0.0015113334999487594,0.7514111134986122
681,-65.37856957333977,58,0.024432349580595095,0.004378300965516921,0.5340159001364682
682,-14.789026364819456,8,0.022480219751057788,0.0013891346851712253,0.5387271791160729
683,-40.27606538064477,32,0.027404190002135138,0.005923228986123392,0.6154270795214997
684,-46.78765571737091,40,0.022475681183347248,0.0029192365508600576,0.9923793339449604
685,-42.93194084371148,36,0.022953446502355437,0.0036899365396824797,0.4942960956946689
686,-42.86627452437481,36,0.022736008358856932,-0.0003223637951574973,0.5131493736092011
687,-30.994140507786923,24,0.023159405654924015,-0.002583183513627394,1.2413119240217558
688,-29.357601229729763,22,0.0243629179792376,0.0009945168815220133,-0.22458022540413608
689,-28.7630327507476,22,0.02239414818128355,0.0076778046265614545,0.45035551261324097
690,-34.76147797166172,28,0.022388999906164494,-0.0005043815528443515,0.49312495421787833
691,-78.53392650283934,70,0.02825803477761389,0.0011604221617889324,0.6636923758656909
692,-25.01069288666653,18,0.02321421485651145,0.0014983301333133254,0.8999223057201845
693,-78.77439461304239,72,0.022431770241861985,0.006062270032198767,0.8580528218270624
694,-187.01904726992322,158,0.09608956049643448,-0.8390086898306888,0.3767387107637979
695,-97.34942259949244,90,0.02433583642216048,-0.0005391640301072193,0.4262786749127438
696,-65.03540457162066,58,0.02329604162788284,0.0020790773109280016,0.6166997780914677
697,-99.74597370641065,92,0.02956478513897191,0.055160958681411985,0.7199227598812147
698,-105.31173779124798,96,0.030833568845192207,3.069435671860019e-05,-0.13917902220782224
699,-175.5441212261399,168,0.02498053386139117,-0.004243448843781694,0.6014879057452928
700,-74.81612945417854,58,0.0556825478615189,-0.35557809846031646,-0.08649225934699258
701,-98.85258459240572,90,0.029313194014589174,0.001413389677736933,1.0903975729122073
702,-22.426217418681865,16,0.021278865624774247,0.002141286044524958,0.706715633312436
703,-67.7757717701512,60,0.025747588642884366,0.0002930205325373997,0.5589883021805251
704,-109.31046982672802,102,0.02420685373088759,-0.0020322824947054913,0.49639338289602625
705,-126.13183016162573,112,0.0467941396080317,-0.19692273704174734,0.6073692240138594
706,-68.97387015419204,62,0.023092285278781446,0.0030994775782906703,0.8960714725887754
707,-61.527440854319586,54,0.024925300842117547,0.004252546185254434,0.19118169928073656
708,-92.18058665993382,84,0.02708803529779417,-0.0017435268347848528,0.42531356744156745
709,-222.95372133381875,216,0.023025567330526523,3.186077866718691e-05,0.020544356344638172
710,-95.08004077476569,86,0.030066360181342792,-0.0001723610573997166,0.9912703568127588
711,-62.04108635652463,56,0.021422292044413222,0.002875990559782912,1.198810498793081
712,-191.72248445095744,182,0.032193657122375596,0.0007419255947607834,1.3917277775108137
713,-83.2997982745461,76,0.02417151746538378,-0.0025296850839247372,0.6133922334659606
714,-34.93906799640402,28,0.022977046345708536,0.0044677723439669375,1.486981541394287
715,-71.07813183792103,64,0.023437522642122233,0.0028645948801399364,0.7194950193448905
716,-22.734496911481504,16,0.02229965864728996,0.002364450495918312,0.19111203533724114
717,-39.86035151079387,32,0.02602765400925102,-0.0006548666618055115,0.7476715936492865
718,-27.272312768844255,4,0.08311540274587233,-0.6368833342979529,1.073047808251909
719,-73.07819912898559,66,0.02343774546021764,0.003270802808006522,1.0532692444923608
720,-49.638336269403624,42,0.02529250420332306,-0.0009551260358228391,0.8841941933321076
721,-171.63865608452392,164,0.025293563193786846,0.0036283841257566426,1.3451226035638755
722,-17.158355089350326,10,0.023703162547517618,0.0035467179209943737,0.0266145860329147
723,-10.682692160357965,4,0.02212811973628469,0.002305833163011252,0.6653403051425734
724,-67.41463042272117,52,0.05104182259179235,-0.22805158084760332,1.4374229208140676
725,-28.111190242193196,8,0.06659334517282509,0.24953559712916984,0.20268428753814752
726,-197.6563689665193,188,0.031974731677216595,0.08943714765555824,0.38090429997606673
727,-146.98982799768592,110,0.12248287416452303,-0.10247462891876413,0.6860293797070827
728,-91.28565480725545,84,0.024124684792237207,-0.001952162510962133,0.7488691909110716
729,-32.186320491273285,26,0.02291229811582685,0.00221863942798572,1.3837450798729507
730,-110.68955645976243,102,0.028773365760802392,0.02802594070076489,0.9472405449665457
731,-78.6196447771209,70,0.02854187012291683,-0.0027640541398663396,0.5638086377004307
732,-46.74901617484769,40,0.022347735678303966,0.0005475220881057102,0.32481831089710655
733,-45.097874295258876,38,0.02350289501741374,-0.0005648482060491644,0.6255528620899106
734,-87.27190339646724,80,0.024079150319426847,0.0011265660956847352,-0.022385988768270325
735,-124.27191409015326,116,0.027390444007130282,-0.001580676533796806,1.1802778361491602
736,-31.43900653381816,8,0.07761260441661641,-0.38944811781063454,0.2845515722524656
737,-73.2591248551574,66,0.024036837268732524,0.004449564388903808,0.17809253019667753
738,-22.552803451931393,14,0.028320541231561174,-0.07148378327402552,0.32836228154140173
739,-98.40399006246317,74,0.08080791411411634,0.26715780128934963,0.723507808638422
740,-100.8722786840564,94,0.022755889682306064,0.0036609479610882206,0.838733332242974
741,-56.79952335603152,50,0.02251497800010435,0.0015143787744300848,0.34956761506106243
742,-65.18748525429012,58,0.023799620047317678,0.0006095118003447127,1.5920381723768973
743,-225.17567223984918,218,0.023760504105461915,0.004202240833084389,0.60587749259695
744,-30.869892017525217,24,0.0227479868129975,0.0007111862783677975,0.9055920840942205
745,-51.15326626364501,42,0.03415397859569069,-0.09572798344901756,2.1583897989578613
746,-43.05241891738054,36,0.023352380521127918,0.0033226190662221204,-0.12064569401466102
747,-56.716233779778364,50,0.02223918470125276,0.003439901740327231,0.17694638603842885
748,-106.52331036508463,98,0.028222882003591264,0.02113629421130569,0.691636137490389
749,-31.170137430676245,24,0.023742176922768966,0.0008905776268309167,1.1413797922140998
750,-17.828254938862393,10,0.025921373969742936,0.0007666312928299191,0.4063430759003417
751,-22.854664446607373,16,0.022697564392739598,0.0047716283327313945,0.2700114927652434
752,-40.54654817345919,34,0.021677311832646397,0.003956557487437134,0.400407760472666
753,-51.90666059010295,44,0.026180995331466828,0.004583700295824509,1.1015009249956424
754,-114.67954056560801,108,0.022117683992080094,0.0016287452040166157,-0.10375954861226892
755,-32.55288509452356,26,0.021698295014978837,0.004830476450687583,0.78895954877078
756,-43.45933980364045,30,0.048069070727287916,-0.20011218683295218,0.8851288465813351
757,-90.43815487679606,84,0.02131839363177567,0.0027615470355314923,0.5550456939176857
758,-42.180652305383305,34,0.02708825266683186,0.0006217143878445572,0.7003207747725035
759,-107.79499247836645,100,0.025811233372074534,0.0019530181530924725,0.9214739683881558
760,-64.40116398288943,58,0.021195907228110385,0.0020741490442891734,1.0062734110610458
761,-79.78179720253439,58,0.07212515629978274,-0.5288613381547336,0.4047775740144049
762,-22.506998586923288,16,0.02154635293683197,0.004058042426735459,0.6027982979746526
763,-70.98053928388624,40,0.10258456716518627,-0.6425032392419244,0.21712399003223037
764,-94.00933030980529,86,0.026520961290747755,0.0030938543071692796,1.0974431338745851
765,-84.07254839995956,58,0.08633294172172076,-0.5592596424040416,0.7692624826308044
766,-34.21080140531029,26,0.02996642848653398,0.002631076224858662,0.8616932182532419
767,-44.96281008720018,38,0.023055662540398064,-0.0007380870659681444,0.40778721326820255
768,-27.128528859873366,20,0.023604400198256426,0.0024953536296861605,0.4339522120447225
769,-86.12639407785885,70,0.05339865588695111,0.2769237730653636,0.9674665236011335
770,-75.59235060010907,32,0.1443455317884402,-1.0513707963750538,0.7581046559181972
771,-38.559207202900936,32,0.02171922914867842,-0.0017177965356320736,0.577167465076828
772,-24.539546917685968,18,0.02209306391110127,0.001775576763415105,0.7303599001775256
773,-164.36919109048748,142,0.07407016917379998,0.3346481942696595,0.5496041484465259
774,-76.62209856299913,70,0.021927478685428395,0.004484795449788848,0.7519652164336688
775,-17.240268288166863,10,0.02397439830518835,0.002200326811065836,0.15295543767081454
776,-67.16337986191556,60,0.023719800867269793,0.0012505073908297038,0.5391399893168027
777,-55.1608501448022,48,0.023711424320537498,-0.0009402863832425006,0.7507473158979301
778,-52.33730823004287,36,0.05409704711934668,-0.35794454812078386,0.9118119166655133
779,-22.472325848310774,16,0.02143154254407527,0.0002773819002091564,0.7101547601770005
780,-57.35001079153723,50,0.02433778407793779,0.004848725516780816,-0.349563820011812
781,-65.28910584622203,58,0.02413611207358329,0.0010289919951202854,0.36733310827360927
782,-109.43812296853025,78,0.1040997449289082,-0.7246477860358347,0.8414524986420601
783,-62.11398572553231,44,0.05998008518388208,-0.4044950920181805,0.8233923884101724
784,-51.19318061242364,44,0.023818478849085303,0.0003647043971832077,0.4439788566203788
785,-105.3559643399634,100,0.020599862846012902,-0.0001150957474601455,0.8150608533556358
786,-50.92666178605236,44,0.022935966178980745,0.0019255855167747186,-0.3653146740573378
787,-251.78872098625948,244,0.025790466841919883,0.0002865863738840582,0.19159574001387228
788,-41.982009698979425,36,0.01980797913569338,-0.0008005261226535608,0.17433459565840626
789,-51.010719831862055,44,0.02321430407901369,0.0018976813337198207,0.8270560265958945
790,-78.75312317048017,72,0.022361335001589537,0.00495018456886763,-0.04572264948900864
791,-119.21200572054748,112,0.023880813644196447,-0.0009242140484468037,0.4576482927836848
792,-10.245713907015446,4,0.02279457630297608,0.0037607980931150544,0.9419698830946229
793,-17.18669190928429,10,0.0237969930771002,0.0038251981267933763,0.583309930843295
794,-280.9538758306938,272,0.029648595465872483,0.000270958791567099,0.83822356400925
795,-72.27645990079296,62,0.03402801291653299,-0.11253309159220462,1.0906131445306093
796,-77.62921889615764,56,0.09322939179378302,-0.761488529053318,0.4107315394726325
797,-47.4060614528581,40,0.024523382294231788,0.0012542570078443267,1.4619045381411904
798,-73.14099740559138,66,0.02364568677348064,-0.0006982742262146873,0.13545085488786204
799,-53.048797923061834,46,0.023340390473714473,0.0010229264513978006,0.7956075027894571
800,-175.7605430305924,166,0.0323196789092464,-0.043736273187231146,0.20502205532320178
801,-164.18486479412823,132,0.10657239998055794,0.7541361566951972,0.9479845484008624
802,-23.053499571005585,16,0.023355958844389266,0.0016089811199498888,0.4434530065652391
803,-65.43037553990034,58,0.02460389251622658,0.0003438729364178236,0.45372108373766307
804,-46.619744255231744,40,0.021919682964343636,1.1795918212044022e-05,0.970519657951351
805,-107.09786999227698,100,0.023502880769128834,0.0011041496300588775,2.074899978870495
806,-51.08156224315702,44,0.02344888159985793,-2.0958916037435957e-05,0.44593412866938315
807,-71.42327873911984,64,0.024580393175892473,0.0034213872618714214,0.7272609308025096
808,-77.37226848050308,70,0.024411485034778274,-0.0011154763576334084,0.07360793442447729
809,-121.16904907975562,112,0.030361089668065517,-0.0004476052038957494,-0.05521793016463839
810,-66.46809685950029,58,0.028040055826159555,0.0021760246583834193,1.638620086957389
811,-36.579734413130865,30,0.021787200043479657,0.00463208661349922,0.29289447847793854
812,-72.65797822533763,66,0.02204628551436254,0.0015810975420985692,0.717227560796448
813,-218.60972030166758,212,0.021886491065124643,0.004994501366622326,0.6504312623520413
814,-74.84624524849107,68,0.022669686253281734,-0.0019986603086789615,0.6500220126015618
815,-38.958449017599456,32,0.023041221912581216,0.0008373433176662452,0.5346487985672745
816,-50.61384057646218,32,0.061635233696894325,-0.45106962952363483,0.6653051588871375
817,-88.56058637053388,82,0.021723795928920785,0.0017254060290026053,0.3357424363119232
818,-38.706488840556574,32,0.022206916690584673,0.004592129739004477,0.6262818113741903
819,-136.11345765388796,126,0.033488270377114555,0.07175477044795646,0.4444699941205311
820,-25.101452192028788,10,0.050004808582876696,-0.2970775586572963,0.05452969747654082
821,-66.31079470616446,42,0.08049932021908775,0.26758788360625085,0.4736273027998226
822,-109.02002036325992,102,0.023245100540595295,0.004063609283300277,0.7850079922367886
823,-76.75069702507072,58,0.06208840074526697,-0.41775820576520295,1.008517741653544
824,-60.996187427995466,54,0.023166183536409608,0.0034009317494312066,0.6184370207661587
825,-100.59468557335163,78,0.07481683964685906,-0.6107305229349302,0.7853814920986808
826,-51.35441381249809,22,0.09720004573674866,-0.4963530823464246,-0.5409792944281061
827,-20.788993583039787,14,0.022480111202118784,0.0042480296429881935,0.5202964095471254
828,-35.44753079738003,28,0.024660698004570006,0.0002388725510955671,1.2246578735156781
829,-210.1529300979932,190,0.0714642911276355,-0.5873527996418734,0.776442974405809
830,-73.03303047727015,66,0.02328818038831155,0.00204223033614358,0.758001672289803
831,-141.88334737227507,134,0.026103799245944557,-0.0022487077667741784,1.0055146104437207
832,-137.60207457823512,108,0.09802011449746693,-0.5734287355631352,1.0523496772567758
833,-60.94246238731322,54,0.02298828605070516,0.0013796512885574277,0.6970141746837527
834,-55.128671280451286,48,0.02360487178957364,0.0015990769099336216,1.2811892451720377
835,-104.13812242354287,96,0.02694742524351942,-0.00022360157261645754,0.0644146358558834
836,-104.14989142678297,86,0.060098978234379104,-0.44510628613128733,0.31116437049835477
837,-29.27738781693908,22,0.024097310652116496,-0.0024737522844841936,0.7126618556891852
838,-97.0857182559635,88,0.03008515978796,0.031107377680635314,0.7955162456976512
839,-49.76763613361443,42,0.02572064944905458,-0.00012104061311912655,0.36033816659362145
840,-24.287074862186188,16,0.027440645239027013,0.0009546441749194699,0.2226701454653417
841,-118.2324020827497,110,0.027259609545529122,-0.0006008276891654098,1.5927118354600343
842,-124.68364658492861,116,0.02875379663883584,0.013155708310467234,0.6858884995895752
843,-30.810933727973655,24,0.022552760688654267,0.0021619619993610145,1.8228021700067802
844,-391.70954943696256,384,0.025528309393914494,0.002674285326436754,0.25522248837950373
845,-85.3655741763444,78,0.02438931846471577,0.004221170743682965,0.23668124180353425
846,-24.35321948197686,18,0.021037150602572427,0.0002104035359714797,0.6182668501055577
847,-31.776756498194136,24,0.025750849331768688,-0.0028727522413616396,0.24998691786637234
848,-48.927660300808085,42,0.0229392725192319,-0.0007957240346887007,0.5948765308089672
849,-65.56298083964765,58,0.025042982912740368,0.002934981021946851,0.9521606589590402
850,-149.7959886924885,124,0.08541718110095557,-0.1195221806083812,1.625282902466534
851,-57.33230009086207,50,0.024279139373715293,0.0023935526159178737,-0.08344789941499121
852,-46.65899690206627,40,0.022049658616112137,0.003932453938344508,0.9994951066052016
853,-43.98134923578138,36,0.026428308727752623,0.0013444810939200272,0.9919679403772257
854,-26.681438788107055,20,0.022123969497043063,0.0026309482548200827,0.8342362919399993
855,-106.85460933054829,84,0.07567751433956485,-0.36749351127165686,0.6558863565627568
856,-43.15406414715256,36,0.02368895412964381,0.0011044207179382295,-0.13081282892509496
857,-61.82352486280633,54,0.02590571146624559,0.0015782174995841323,0.9280726214534671
858,-37.221855271798646,30,0.023913428052313307,0.00275745125462776,0.9007928931683673
859,-24.55993464984119,18,0.02172163791338153,0.00015083642920096782,0.5854050033086189
860,-90.72228325316395,84,0.022259216070079624,0.0008565243224101449,0.9824723479121688
861,-119.14848155444687,110,0.030292985279624696,-0.003998056105461391,0.9141108985654531
862,-96.34632970912286,58,0.12697460168583702,-0.7345250412477535,0.44843222115625203
863,-31.159068743478716,24,0.02370552564065787,-0.0014346831811234257,-0.022833402940270257
864,-94.8329911139553,88,0.02262579839058092,-0.0008500881415995343,0.7108625973027434
865,-56.98272201976764,50,0.023121596091946216,0.0019882557380925987,0.7934198051769116
866,-57.92830848501509,50,0.026252677102699074,-1.6062963439386016e-05,1.1168431302916493
867,-117.34730760303967,110,0.02432883312264702,-0.0019148732076818432,0.507288106285623
868,-67.12002258532775,60,0.023576233726250676,0.002602353641363971,1.5267367694989873
869,-38.57792721649092,32,0.021781215948645332,0.0029416210284851346,1.1268507627647442
870,-47.156095822921394,40,0.023695681532852304,-0.0009426739531729543,0.8705374596325915
871,-40.47650629445635,32,0.02806790163727274,-0.0040049921153791695,0.008756968415024635
872,-79.14259539547697,72,0.023650978130718016,0.0011662080991914532,0.5782667037441908
873,-38.63112857105427,32,0.021957379374351268,0.002030671927121943,0.4351175611959354
874,-49.221784956243646,34,0.050403261444515485,-0.3194164930365591,0.9252060309505793
875,-66.25556517868375,60,0.020713791982396527,0.0031758926735207167,0.7608308196416285
876,-44.71957577979464,36,0.028872767482764152,0.0011581208766977742,0.6422305295041482
877,-114.84407650408124,108,0.02266250498040114,-0.0009424677678377719,0.5357905797705644
878,-40.55220653578391,34,0.021696048131734893,0.0007765448889278788,0.442728284671548
879,-76.52902288929363,70,0.02161928109037735,0.0029005273448809094,0.4426962961889156
880,-85.35754119923531,78,0.024362719202765757,4.478066670862551e-05,1.0838021680057381
881,-42.171965568413846,38,0.024255613769847965,0.007667319778742832,1.6012597076709891
882,-56.81950422967599,28,0.09542882195256916,0.5418117333309176,-0.3625577716815628
883,-57.39359778458724,50,0.024482111869493842,0.0012209197892946197,0.8431250737401786
884,-86.73615427614435,80,0.022305146609749308,-0.00291122706261593,0.26964757521629074
885,-70.4267602988358,60,0.03890582201058138,-0.09537624911241817,1.621357414923233
886,-73.22357316758965,66,0.023919116448972287,0.0034018361010428344,1.0118182434344245
887,-39.59632093073218,32,0.025153380565338827,0.000123483950999991,0.08305593966544969
888,-82.36227228748452,76,0.021067126779750273,0.003306489327031231,0.8408937634482351
889,-65.92391643619233,58,0.02623813389467676,0.0011661806763674052,0.2556788455093563
890,-56.27444858348226,38,0.06051141915060332,0.03837429105029719,0.11749194144750853
891,-67.62611114569323,60,0.025252023661235128,0.0007689806888657098,1.4107875981543905
892,-45.15225506708338,38,0.023682963798289138,0.0033737647580753837,0.895795699671321
893,-104.7706516008435,96,0.02904189271802512,0.01214613318697716,1.553097983365624
894,-99.20591073271959,92,0.023860631565295484,0.0014980120567407533,0.8881364484215833
895,-66.26889462394686,60,0.02075792921836682,0.00424098340078991,0.9892308185014269
896,-14.248717041101138,6,0.027313632586427744,0.00041741433874118014,1.0654515267480071
897,-7.959580959045686,0,0.026356228341210913,-0.023661200236914592,1.0500769091208406
898,-92.66171037168635,86,0.02205864361485443,0.00716223119132048,0.9098265817516872
899,-83.41664827112501,76,0.02455843798385823,0.005609540277837609,0.7143295622329746
900,-24.594551632107628,18,0.02183626368247552,0.002881920399450364,0.7013756247512558
901,-60.06225959617361,52,0.026696223828388693,-0.005567269155367074,0.8460782692284287
902,-122.01918238632204,114,0.026553584060668933,0.004060117056476112,1.6743566899056181
903,-55.79219571951587,50,0.02053970113303502,0.0005443955066527986,1.2497349647841216
904,-78.08783307642454,50,0.09300606978948435,-0.7463333838779652,0.2705773320352614
905,-34.26459271360013,28,0.020743684482119787,0.003270064331884095,0.6449865505930394
906,-52.53633418163643,46,0.02164349066767033,0.005049334583643652,1.2914832599104076
907,-78.50017948447271,70,0.028146289683684236,-0.0029165018389975986,0.760312620080878
908,-51.255743282215576,44,0.0240256400073362,0.0039203998753770146,1.4012140327025304
909,-50.757640213645956,44,0.022376292098165343,-0.0007799240412030196,-0.18444063605089975
910,-68.18457172061011,50,0.06021381364440437,0.14074017233523659,0.15237562276133096
911,-34.5710928828155,28,0.021758585704686702,0.0007455693658083579,0.6823349214783239
912,-20.443716699321154,14,0.021336810262652665,0.0032419485923531927,0.6650241784918907
913,-28.805469986035924,22,0.022534668827933643,0.002881115948047415,0.8742626884950453
914,-54.88523162631339,48,0.023579560364087225,0.0019916841433358008,0.34870806374516206
915,-117.18177658592533,110,0.02378071717193777,0.0008593125752788593,0.17746009438187624
916,-97.6361654463852,90,0.025285316047633143,0.0015792037471388744,0.3960021036861708
917,-91.44211993468767,84,0.024642781240687986,0.0012190579570866874,1.098350405384804
918,-61.55348745057137,54,0.0328412497850932,0.005745804559479913,1.1444072012627577
919,-58.116306100679395,50,0.02687518576383935,-0.000496367148789793,0.6428175769147266
920,-124.7627718216178,118,0.02239328417754227,0.0037052166461636195,0.8106641385061489
921,-74.6511712104,66,0.028646262286092995,0.0036969565581345303,-0.1591177638814806
922,-83.39278670002008,76,0.024479426159006827,0.0034554549193762194,-0.15845280684772045
923,-93.34705049922442,82,0.03757301489809326,-0.03704396259257052,0.5643282449989278
924,-43.50539197890915,26,0.05796487410234805,-0.20080828973576303,0.1884189704872532
925,-69.14441263239415,46,0.07663712792183452,-0.6063885562834237,1.0175461312281222
926,-71.2768640148543,64,0.024095576208127453,0.0026585618478850467,0.7023409024858539
927,-52.8152256710818,46,0.022566972420800604,0.0029341229135078062,0.20935591202952425
928,-164.94028084587646,158,0.030983396633376747,0.0037702039739607634,2.2333527042785657
929,-85.34387729556272,78,0.024317474488618974,-0.000982675150218759,0.6432896499428744
930,-73.12199508880447,64,0.03020528175100783,-0.0496914762955788,0.9126849978594017
931,-36.5556938016056,30,0.02170759536955484,0.0030419350596335992,0.3633246140303792
932,-20.56668373765401,14,0.021743985886271494,0.0012879696718589803,0.07894532948852646
933,-66.99346977066924,60,0.02315718467109093,-0.0007625252569698734,-0.0738947044103946
934,-34.947968989214466,14,0.06936413572587566,0.1572784974315321,0.7928044974199779
935,-49.343150035850094,40,0.03093758290016624,0.06831006228504394,-0.022464812810945985
936,-119.54638352989356,112,0.02498802493342264,0.003628149967939772,0.6973493164752642
937,-50.526128269417754,44,0.021609696256350064,0.0015712325408783377,0.42633140170561235
938,-24.75326832476196,18,0.02236181564490729,0.0017694407033607585,0.607397177742832
939,-43.72955050768018,16,0.0918197036678154,-0.7606668465303602,1.3284433819980372
940,-151.14955966355757,144,0.023674038621052104,0.004613023695909104,0.8338650883644178
941,-84.78892861073099,78,0.02247989606202284,0.003035027329618765,-0.16378205586247924
942,-168.76557053177382,160,0.029025067986003367,-0.0027122306040741058,0.11933574799744301
943,-18.346506172794708,12,0.021014921101969217,0.00331406881624142,0.5810099006948503
944,-22.396496640037856,16,0.02118045245045641,0.004036777326837182,0.507876136221145
945,-73.57074082489352,66,0.02506867822812467,0.0016351085995009403,0.8617400955159791
946,-33.006278447334786,26,0.023199597507730586,-0.0035856960976607356,0.7474248314599178
947,-146.86856603056182,140,0.02274359612768783,-0.002916246102598576,-0.0394410095745501
948,-60.9527508053202,54,0.02302235366000047,0.0005761905221749616,0.7139505339592128
949,-63.42247415043735,46,0.05769031175641483,-0.30307915422753956,0.7307676741512591
950,-78.59162934739307,70,0.02844910379931479,-0.007609783613048988,0.4504741973248183
951,-63.77674010401824,42,0.07210841094045754,-0.4942321795767438,1.3644897345561147
952,-57.12280982136886,50,0.02358546298466514,0.0002424706072725405,0.8052680389472632
953,-71.3046769129423,64,0.024187671897160545,-0.00046968200684999986,0.6971030421149709
954,-67.25447200331901,60,0.024021430474566396,0.0001746612129924165,0.07836933805497782
955,-63.65746706082798,56,0.025355851194794252,0.01444251922087201,0.9816279394361684
956,-106.09239753283552,98,0.026796018320648686,-0.012228592605305379,0.23601901299768863
957,-81.30599598926423,72,0.03081455625584305,0.0012786072333472848,0.6276010964357792
958,-71.31231598541825,64,0.02421296683913402,-0.01214757430546806,0.08970285582198878
959,-76.45181312717158,70,0.026660384823023353,0.0001164233409183885,0.12723769989239403
960,-56.396440753190014,50,0.021180267394668703,0.0008190062692672607,0.21883294781784077
961,-43.486832675414206,36,0.02479083667355705,-0.00039703420152122906,1.1077124948147685
962,-34.96807705144524,28,0.023073102819354985,0.004877997561364083,-0.19405686307218756
963,-103.3834329117207,96,0.024448453350069843,-0.0002304464288746679,0.5943489213310651
964,-136.3279732342518,128,0.02757607031209187,-6.446247621260534e-05,-0.9086628153850786
965,-14.498468268427375,8,0.021518106849097215,0.0013153824310700429,0.0973233712622122
966,-258.6625484462183,252,0.022061418696084585,0.0026241524373982967,0.6504783641709493
967,-126.46538590281355,118,0.028031079148388555,-0.002980840871178403,1.5048713555487816
968,-20.37213937851472,0,0.06745741516064468,-0.2962105691195111,0.5564073482932314
969,-66.26984209168378,58,0.027383583085046473,0.05813201263775149,0.6302679695110747
970,-28.948426791850352,22,0.023008035734603787,0.003935803802582182,0.8887761060645363
971,-29.02857558247751,22,0.02327342908105142,0.0036731049132422353,0.419783967307041
972,-83.15246543253244,76,0.023683660372621727,0.003357710220869507,0.35149285078345477
973,-64.88863578184996,58,0.023116227455872548,0.0007095545660016821,0.39405103947212544
974,-36.409438057929364,30,0.02122330482758061,0.002257328990666467,0.40568890362353116
975,-130.58666903215243,122,0.02843267891441254,0.0015754321589294994,0.7706787175146573
976,-29.350141599864152,22,0.024338217218093487,0.00031166142130282934,0.6165094870234383
977,-68.23879059137748,46,0.07363837944164733,0.26810923685899485,0.7360218936077471
978,-120.86792076276767,114,0.02274145947936289,0.004452484856600201,0.5483571803126336
979,-81.17560340840278,74,0.023760276186764132,0.0006811451914701735,0.42676514277145244
980,-20.653528599486826,14,0.022031551653930063,0.0030738630128518637,0.5905362852946978
981,-33.554246731277914,18,0.05150412824926481,-0.31328331281181226,0.6569107947602794
982,-36.97517234531052,30,0.02309659716990209,0.001840402697296258,0.1491956862652619
983,-80.46050655171469,74,0.021392405800379526,0.0004881535437796882,0.7775039874008373
984,-91.14586647545704,58,0.10975452475316871,-0.46823458165163173,0.8061322349329119
985,-62.573982659302516,56,0.02176815450100174,0.002507644478965625,0.7604420781644394
986,-23.279110920350885,16,0.024103016292552657,0.0013948186465680896,0.8597941921152705
987,-71.84381896266162,64,0.026146063208872257,0.021233672343660148,1.1189666948384063
988,-78.84151951214935,72,0.022654038119700088,0.002734905375716653,0.8599790769629181
989,-94.37801481763803,90,0.023287312859776366,0.002723273548713707,1.3824733259671547
990,-21.084048146835606,14,0.02345711306899221,0.0019720147126385114,0.7148161826272871
991,-106.84218505340117,82,0.08225889090530186,-0.45391250091515456,0.3242592222935409
992,-65.7522291899516,58,0.025669633079310458,0.0020355595297346643,0.506984562432607
993,-75.63030110093189,58,0.058378480466661824,-0.09556997048931462,1.0831772598780272
994,-50.967155217850305,22,0.0959177325094379,-0.7816194607145369,0.8504735377254442
995,-78.92346178474531,72,0.02292537014816349,0.0017076670702559171,0.36861478148717497
996,-77.83304101276224,70,0.025937221896564566,-0.0005719448280958644,0.657800429507077
997,-114.36111321238846,86,0.09391097090194851,-0.7618553393619099,0.6083336592187206
998,-158.65535979127088,148,0.03528264831546526,-0.10365367217516737,0.8062518189377491
999,-22.455932025519044,16,0.021377258362646125,0.003387814486053902,0.37282330885495596
1000,-77.42767905081347,62,0.08969580843496257,-0.2567899708544056,0.6661093516144827
1001,-53.95354219790453,46,0.026336232443393018,-0.0022278203344086667,0.12618526687607745
1002,-221.69980645511134,214,0.02549604786460612,0.002083207619035715,0.6963331193302369
1003,-89.41634204865683,82,0.0245574240021745,0.0006030333952342981,0.7205209558670076
1004,-218.72756993843322,208,0.035521754763023675,-0.09018482125598616,0.6280158653141412
1005,-28.72429067119734,22,0.023845002380132586,0.001418296787854786,0.7910313634979638
1006,-62.94101973418205,56,0.022983509053583154,0.001557154262389075,0.16724788077308222
1007,-98.52932842296231,92,0.021620292791266035,0.0013296217737805765,0.6292986733720187
1008,-25.208856813581637,16,0.0304929033562308,0.0015135106178839376,0.7946673353424293
1009,-16.954177228104886,10,0.023027076914254464,0.007309859695178241,0.9219113625872831
1010,-72.77672761612689,66,0.022439495417639743,0.0010921340016339788,-0.1054209695507394
1011,-12.785646378279283,6,0.022469027742646506,0.0009463054605987885,0.43582424087621835
1012,-26.35580257781924,20,0.02104570390006375,0.0029898635703848294,0.44576343921572026
1013,-156.2520665773408,148,0.027324723766027886,-0.0028753432753613056,-0.25320402561341543
1014,-67.70444753276195,60,0.02693862773692997,0.004170779200837381,0.09294157649367604
1015,-47.5724842352682,40,0.025074451110160004,0.0033220626683659014,1.1415574882191835
1016,-46.977301374740314,40,0.023103646936225693,0.0032370109303040268,0.010270625111596453
1017,-44.92014248252495,38,0.022914379081208393,0.0009242307857320404,0.4496045628822384
1018,-84.91908320285643,78,0.02291087153263637,0.0019502648966547274,0.5967435518294127
1019,-85.10140168312621,74,0.03675960822227331,-0.10877751354128122,0.37811935212083825
1020,-84.2137636603197,78,0.02655454555692224,0.046559632217768245,1.3029969045344858
1021,-50.16672898662494,44,0.02041963240604293,0.005037637611439402,0.6097348506604043
1022,-269.2035576793451,262,0.02385283999783208,0.0006152455854562685,0.07688152797964234
1023,-122.78423891079213,114,0.029086883810569692,-0.0018292540672006986,1.2756494818993116
1024,-57.51815509247843,40,0.0580071360678094,0.15429517090662123,0.7376902491384686
1025,-26.49613175373416,20,0.02151037004547746,0.0018054108011277257,0.40993293259056346
1026,-64.94355238949068,58,0.02299189532943945,0.002594084345229858,0.10312609545767402
1027,-95.29185872594805,88,0.02414522756936343,0.0036481018415621376,1.4328362456258057
1028,-90.61097002896024,84,0.021890629234966087,0.0007426006175170573,0.6466035699152652
1029,-51.46030101376023,42,0.03132550004556357,-0.001013778164421535,1.3995220720272246
1030,-38.405166819436886,30,0.027831678210056335,0.0045065377893647954,1.253394366134765
1031,-144.7949618701354,110,0.1152151055302479,-0.23392141595473576,1.0614827500525954
1032,-72.36736175656986,66,0.021083979326389748,0.0022516963021237627,0.5068169294205797
1033,-44.62045845721838,38,0.02192204787158384,-0.00044617791712555467,0.5881744098122577
1034,-232.6129357227544,200,0.1079898533866049,-1.0068318535599994,0.4963360349682394
1035,-95.08464674217832,72,0.07643922762310607,0.36283277189062246,0.7016467666547955
1036,-72.42569158508977,52,0.06763474034797923,-0.4538435300429728,0.5144121339508563
1037,-18.66145052562286,12,0.022057783197426708,0.004883594036453854,0.9438286351214532
1038,-118.6449508123071,110,0.028625664941415184,0.002604388621742128,0.6054081302947235
1039,-147.87177015709707,140,0.026065464096348547,-0.0008663222177142265,0.10954810272800483
1040,-70.48026723343762,64,0.021457838521317215,0.003844266891208113,0.5600321677346315
1041,-98.82933699821422,92,0.022613698669582957,-0.0013930074393360672,-0.062372662151072004
1042,-83.30531232157729,76,0.024189775899262498,0.0027278077751644795,0.8478958585467236
1043,-23.9024895460549,16,0.02616718392733424,0.011970906998863481,0.061916490830018475
1044,-78.7981165324447,72,0.022510319643857184,0.0020518035277113664,0.768265120778387
1045,-35.82755104706818,22,0.04703248655465342,-0.24957996489920456,0.5200475213451898
1046,-155.70059661446015,136,0.06523376362404094,-0.5065109967992685,1.1711069087059984
1047,-33.08821926129185,26,0.023470924706264405,0.0005724584148727999,0.684807710906503
1048,-108.14754894062884,100,0.026978638876254693,0.0002348558073678356,-0.24392208749688976
1049,-55.94644748240869,48,0.0263127400079763,0.0012456465564457705,0.24202610599062102
1050,-72.633077067642,66,0.021963831349808918,0.0016873687192711312,1.07090635508598
1051,-87.12267660552432,80,0.027185788570704528,0.0018075231747090362,1.1486293971382138
1052,-109.59630302419127,88,0.07151093716619736,0.2907913502072915,0.9123256324177118
1053,-53.26445601197854,46,0.024054490105889285,0.003912598503883064,0.3868644132518436
1054,-40.93499250875344,34,0.02296355135348825,0.00014678194994779167,0.6312489828318419
1055,-229.14456370954053,222,0.02365749572695465,0.0005326552302669117,0.4826431680908033
1056,-68.1544533848167,60,0.02700150127422787,-0.0029118220616341723,0.5316445797182611
1057,-70.3168718116199,62,0.02753931063450405,0.0016934581082437606,0.778730662335836
1058,-96.71773749821699,90,0.022244163901381092,-0.00010518089942140689,0.012964220773020068
1059,-433.43359012612615,414,0.0643496361792256,-0.47177807832813656,0.15465047880845292
1060,-70.45204135429856,64,0.021364375345359378,0.0024147003030231752,1.1481537316830224
1061,-49.0776709193439,42,0.023435996421668662,0.0010218920613275161,0.10469206982455678
1062,-49.32816438686292,32,0.057378027771068936,-0.31804546507658277,0.31775432696503536
1063,-68.06634895074792,50,0.05982234751903235,0.0379644661464124,0.4008989405866854
1064,-61.427264569342675,54,0.024593591289214255,0.006116424461931533,0.6520513231189157
1065,-44.69262511520025,38,0.022161010315232613,0.0019054042820707705,0.3494609992832234
1066,-27.879640689984125,20,0.026091525463523793,-0.0013400208021495615,0.37874396784756864
1067,-30.491665042293903,24,0.021495579610244852,0.002267176775988006,0.4515718751074091
1068,-44.745662106400125,38,0.022336629491391573,0.0026472982280927753,0.6029467022223768
1069,-166.9902322830093,136,0.10261666318877212,0.14292723615622974,0.5825799566292703
1070,-85.99409164613125,78,0.02647050213950729,0.036859489538990556,1.9419568897222457
1071,-71.34403243812521,56,0.05080805443087807,-0.1348322764483114,0.5843405280977492
1072,-82.36627286010938,76,0.026749045630712065,-0.0011425251626417416,1.238990272200146
1073,-63.51216714674596,50,0.04474227532035007,-0.10855871040361705,-0.7076322634907559
1074,-32.93597661559374,26,0.022966809985409686,-0.0027383935270793983,0.7390903986256495
1075,-33.758780248333274,12,0.07204894121964647,-0.5935274030510583,-0.2605197358402132
1076,-96.67583163768903,90,0.022105402773803618,0.0030942934535949534,0.9602988563050879
1077,-60.613601033024814,54,0.021899341168956376,0.005509415405820932,0.003922242468256898
1078,-56.54722737685637,34,0.07465969330084837,-0.6098116385200005,0.5829100766008509
1079,-77.89242827551617,66,0.03937890157455676,-0.16274534139962596,0.2867199158595749
1080,-98.39016889953194,78,0.06751711556136454,0.20330697765900746,0.04712287463896926
1081,-108.53813268867981,86,0.07462957843933729,0.14583724068523238,0.8628782975145104
1082,-42.970111192270394,36,0.023079838385001692,-0.0010716105654407046,1.1127092497818964
1083,-89.53248299412438,82,0.02494199666928511,0.0048999016031326835,0.5622591706474814
1084,-26.577270861186157,20,0.021779042586709135,0.0016499008289507485,0.5269472209109443
1085,-32.58683589490242,26,0.023357574095398657,0.0009675041493358658,0.723085126143687
1086,-12.969244162908767,6,0.02307696742685026,-0.0019731686313309714,0.46194826183940474
1087,-47.01161625441148,40,0.023217272365600686,0.005491267064191549,0.8504118978193135
1088,-64.81235153369568,58,0.023014701127349813,0.00043830654687701244,0.4863667169120556
1089,-24.189702980130054,16,0.027118221788510043,-0.001522144934298187,1.4621811619931246
1090,-50.59761096367529,44,0.021846393919454202,0.0002461704353043279,0.8907199058717191
1091,-115.09156842135114,90,0.08308466364685851,-0.6325574776507754,0.3565459277639659
1092,-40.53924507252492,34,0.02165312937922142,0.002750824757894834,0.676667346806799
1093,-23.198073806732427,16,0.02383468147924649,0.00016226809200466864,0.4231860269790836
1094,-39.73793886419617,30,0.032244830676146585,-0.09080013977726058,0.5560685571195984
1095,-67.27470049839609,46,0.07044602814038438,-0.1321862182412636,0.24270262875238013
1096,-56.3149326121939,44,0.04077792255693352,0.0018441678185188613,0.8015255363224789
1097,-29.002087198806954,22,0.023185719201347706,-0.0002230081411575072,0.29301587480458813
1098,-118.6742017655576,110,0.0289140058851924,0.001680355386575684,1.3891588274462459
1099,-137.93990985845875,68,0.23158910549158537,-0.49184567367084425,-0.09983515247243105
1100,-131.9348494597851,126,0.027224080090755855,0.000148575960705484,-0.05852297317231856
1101,-78.92516069286424,64,0.04942106189690148,-0.27717394152515884,0.9374422956320893
1102,-69.41357651024032,62,0.024548266590200134,-0.0023925352855493,-0.08458170780652999
1103,-122.68157207883917,116,0.022124410857083308,0.0013028055675395622,0.6543145892934913
1104,-26.70413475900245,20,0.022199121718551366,0.0010676836499339895,0.4428940186360007
1105,-38.62406486518383,32,0.021933989619814378,0.0008933307102646999,0.24448890163958695
1106,-33.20348021414633,26,0.023852583490550836,0.003804791495913257,0.5595969066971339
1107,-323.4336127283734,316,0.024614611683357174,-0.0006466868636506727,0.8226271816262966
1108,-48.992100019980484,42,0.02315264907278335,0.0015716091279458526,0.16639198971142652
1109,-31.064641382093004,24,0.023392852258586123,0.0007044763177855323,0.6025134819486127
1110,-126.59624942295305,102,0.08144453451308953,-0.5188153701277746,1.4753130949268678
1111,-97.48860901502933,90,0.02479671859281371,-0.0022230306196963996,-0.3199203890527345
1112,-37.41494396160564,30,0.02455279457485302,0.0026078215942082817,1.7537370184630723
1113,-130.61692449550696,114,0.05502292879306913,-0.23338715799556836,-0.09219763959975395
1114,-87.29018563032669,78,0.030762204073928736,-0.0062429581832029665,0.387452943385995
1115,-31.97684100853878,24,0.026413380822975948,-0.0023496005716517766,0.6727480776284958
1116,-55.19269304677884,48,0.023816864393307182,-9.443315782195685e-06,0.4329207382998306
1117,-27.18474736745034,20,0.023790554196855437,0.002842904898393529,0.9289162651451447
1118,-41.78185400636064,34,0.025767728497883124,0.030588800948350658,0.35550951163272143
1119,-139.23613230370935,132,0.023960702992415074,0.00364013808665316,0.7468884579559391
1120,-174.29513753680394,164,0.034089859393392236,-0.08210439591079531,0.457629614943694
1121,-32.79897362271025,26,0.022513157691093327,0.005427892787755152,0.8514259571493746
1122,-18.8542770063564,12,0.022696281478001276,0.00395998599717782,0.3309969743291635
1123,-63.29969832815726,56,0.02417118651707733,-0.00012974492274224757,0.5332028435179286
1124,-57.43293895590102,44,0.04447993031755324,-0.19592029403537414,0.5832214197019017
1125,-99.49336598824739,92,0.024812470159759466,-0.00029294184680460697,1.7939231070230364
1126,-48.84635383516635,42,0.022670045811808877,9.918018646649277e-05,0.06903171851000955
1127,-12.650965776904494,6,0.022023065486438634,0.0030836193934884785,0.4817109205158711
1128,-266.6775171189048,230,0.12144873218180417,-0.47435810169504206,0.4259578809216125
1129,-128.6684038530912,122,0.02208080746056704,0.004377478761413437,0.9427296896343792
1130,-73.92588956954849,66,0.026244667448836485,-0.004753909320632205,1.0402703134380034
1131,-94.95170315407724,88,0.023018884616150294,0.0006729112316265283,0.6108171685139298
1132,-79.89156475954762,62,0.05924359191903194,-0.33457563707708315,-0.08502252828778888
1133,-75.7814937643388,68,0.025766535643505502,-0.00024974890737886854,1.079132212327328
1134,-124.26020134152316,102,0.07370927596530868,0.4914765887502858,1.2373889490040728
1135,-144.5386464526367,126,0.06138624653191065,0.17111686526586467,0.3246228019792482
1136,-19.08529124215708,12,0.02346122927866576,0.002497796708292371,1.006686655300402
1137,-24.25348942851294,18,0.02070691863746008,0.0009492323778582033,0.4666928771111516
1138,-79.23874197327885,72,0.023969344282380498,0.0005365405637240469,0.9188211359317254
1139,-40.13303044294671,32,0.026930564380618284,0.0016189736815243466,1.0287922480953888
1140,-34.87105979725124,16,0.06887248101186573,-0.48811265800494946,0.39199406328119496
1141,-68.28488945992274,30,0.126771157152062,-0.7760830710568027,0.42199069584059895
1142,-29.02020684040039,14,0.04973578423973648,-0.33112898456975076,1.2372032154952823
1143,-52.94719117481744,26,0.08922910985038912,-0.42627549352747274,0.42182632569202055
1144,-83.08396999186031,76,0.023456854277682154,0.0015735762522229,0.33785244942756854
1145,-23.35530806687104,16,0.02435532472473834,0.0006318705807137765,0.8090509948415515
1146,-72.14772642855414,64,0.026979226584616517,-0.0006464670739130469,0.0037072246565039435
1147,-68.66159806523395,60,0.04047475731417723,-0.07412048606528404,0.44970618502109605
1148,-140.76166864450886,132,0.029012147829501213,0.02336407548760292,0.8048286829791371
1149,-56.69205153099718,50,0.022159111029791692,0.0019407484203188476,0.38102847502292414
1150,-6.402443424299176,0,0.02120014378907009,0.0033382476176773597,-0.04741000604973057
1151,-41.463110630636024,10,0.1041824855319074,-0.9759744752500675,0.26409380310533076
1152,-59.1630042653226,52,0.023718557169942606,0.0030385016981783687,1.664232090016517
1153,-89.07836151910698,82,0.023438283175850363,-0.001290332602370925,0.11741708668399084
1154,-79.657378902062,40,0.13131582417901302,0.5423314318038517,0.7715809854849963
1155,-241.82093128223877,234,0.02589712345112178,-0.0005443280807153525,0.66817314049295
1156,-25.16705721923265,18,0.02373197754712823,-0.000260990171497441,1.0092690335034658
1157,-55.14545597613199,48,0.023660450252092926,0.00046093660177021526,0.3768953377093398
1158,-67.23001253918775,60,0.023940438871482807,-0.0012758471772524942,-0.16666617998498684
1159,-51.01714779711473,44,0.02323558873216722,0.005522470709186244,0.29612731054102975
1160,-51.374944591002254,44,0.024420346327822386,-0.0006911289559782094,0.812781426505053
1161,-20.48548435892864,14,0.021475113771286847,0.0022075020040490277,0.6641887557420676
1162,-85.45675058434077,78,0.024691227100466975,0.005150702821063063,0.5119691457215848
1163,-79.00724733141897,72,0.02320280573317577,0.0044586528929116956,0.44978044953860075
1164,-52.99811766112542,28,0.0827752240434615,-0.12778915389593604,0.661206023698281
1165,-32.45509237282127,26,0.02137447805569982,0.0013232427543578115,0.10439189426030035
1166,-57.1503396468782,32,0.08327927035390008,0.2288598694582624,0.642065444930583
1167,-72.97146381826428,66,0.023084317279021292,0.003935942025192156,0.14211433590883205
1168,-15.012436506506448,8,0.023219988432140574,0.0021016928677243607,0.3961385009619901
1169,-30.511390404878014,14,0.0546734781618478,-0.3386580503533366,-0.2756576449669657
1170,-47.41203403139433,40,0.02454315904435191,-0.0020108778624863223,0.4256424024238541
1171,-148.97314731748267,142,0.023089891779744253,0.0020170417284309274,0.7358960586116805
1172,-20.134669027179307,12,0.026935990156223028,-0.0029503198634271838,0.6819309020830883
1173,-70.136713479614,44,0.08654540887289497,0.22881274810716176,0.41749473271956233
1174,-66.8596866356228,60,0.02271419415769111,0.0023655852692244907,1.324113893412772
1175,-92.78842921724295,86,0.02247824244120235,0.0011265567829986628,-0.031666813523953646
1176,-261.6571164360279,254,0.025354690185523093,-0.00010443870664346,0.5186681466793875
1177,-54.78728921737155,30,0.08207711661381314,-0.4249898613601713,0.6389379850152375
1178,-89.33435693014502,64,0.08388859910644124,0.04395380813739454,1.0767540073339208
1179,-220.776765210675,214,0.022439619902897032,-0.0007499816229209205,0.7473720379731933
1180,-80.00112629844783,72,0.026493795690224684,0.0002495095283733619,0.7817447529860929
1181,-101.43167895643548,94,0.024608208465018298,-0.0015068108092574095,0.02785367417597946
1182,-42.35284654130354,22,0.06739353159371975,-0.20243681653523016,0.3621183709792399
1183,-67.5773456628336,60,0.025090548552428715,0.0019627306779186606,1.0078797565678301
1184,-103.59107571116063,86,0.05824859507006826,-0.3788073167502304,0.9543221002582435
1185,-229.91778799262144,222,0.02621784103516899,0.0008681431033383339,0.5262209206476071
1186,-40.047583928235674,34,0.02002511234515082,0.003859223479664089,0.6921613595840469
1187,-27.12214167667072,20,0.02358325058500231,0.003201544054572637,1.2142522190995082
1188,-131.64415109664012,124,0.0253117585981458,-0.003101704641405666,0.7891669172600886
1189,-46.08668561476216,40,0.022882276747226274,0.003122739089041059,1.2676205399472886
1190,-142.7796020737691,134,0.029071530045592927,0.002204017813891074,1.3781044446148167
1191,-6.708991776312404,0,0.022215204557325847,0.0017076121301649275,-0.21521345890488125
1192,-170.56270202906077,164,0.02310810573612837,0.0012683036429709164,1.6206469223128037
1193,-167.75015741271366,158,0.03228528944607065,-0.06805289734458699,0.1699621706710672
1194,-31.018348470211375,24,0.023239564470898765,0.0045800630189786785,0.4877358633646316
1195,-372.4859268143267,308,0.2135295589878366,-1.4255376682878897,0.2554688267838071
1196,-50.772077105969025,44,0.022424096377380538,0.0026218109162808056,1.0331792221057678
1197,-13.12275704421036,6,0.02358528822586209,1.067942376896147e-05,0.08884024431760151
1198,-90.50662123335717,72,0.06128020275946054,-0.3985265849301567,0.17061557071913722
1199,-27.931895660231465,18,0.032887071722620925,-0.004121784328032803,0.3237262067353601
1200,-115.0535863306622,108,0.023356246128020838,0.0007258986338775679,0.5658449216117845
1201,-21.843315455019987,14,0.02597124322854292,0.007903225973729562,0.4524441725799555
1202,-83.60511627081684,76,0.025182504208002648,0.0021000207735638794,0.47341423392749166
1203,-81.52857060970376,60,0.07128665764802555,-0.5357249164589933,-0.12262620806271157
1204,-94.13502726618512,40,0.17925505717279877,-0.6980702742786973,0.6345946843809886
1205,-41.29161780576854,34,0.024144429820425948,0.005549953940373827,0.4090195942366396
1206,-68.82348360752358,62,0.02259431658120404,0.000678018225427865,0.01981705716515842
1207,-189.16646922621996,182,0.02373003055039738,-0.0003376535929443426,0.8084508274730436
1208,-69.09161453958025,52,0.056594750131060564,-0.34720475951222,0.0019427117018880236
1209,-66.91565313633642,60,0.02289951369647851,0.0033365643670356876,1.1392700593545801
1210,-160.2490726937218,144,0.053804876469278375,-0.2696273215164412,0.2915359523215189
1211,-135.49152620395,128,0.024806378158776714,-0.00021161553696636727,0.6682181751304646
1212,-35.61064227653754,28,0.02520080224019067,0.002339437811956155,0.5974323550196465
1213,-121.16405582892892,114,0.02372203916863898,-0.001962044998149184,0.7404869265017865
1214,-62.52389022246929,48,0.04809235173003052,-0.26910216304815116,0.04106775641530777
1215,-91.55664671336527,74,0.05813459176611016,-0.29524122425169985,0.6303335172750228
1216,-135.79935621103536,126,0.03244819937428869,-0.08658652650870827,1.1433478011996392
1217,-56.55414574692549,42,0.04819253558584601,-0.23547465832906295,0.8929028991981031
1218,-40.7021438230461,34,0.02219252921538432,0.000998471901807564,0.2159857518095924
1219,-67.28671756802312,60,0.024128203867625753,-6.303642305934074e-05,0.5422129365364213
1220,-219.30520656937864,212,0.024189425726419512,0.0019082799505686005,0.42538272616621536
1221,-29.97618834286046,22,0.03067764747254023,-0.005002111188637522,0.689865800815706
1222,-83.28578931474675,76,0.024125130181280038,0.0028347027514265565,0.5225807977798672
1223,-227.55002281582063,222,0.028906368832398086,0.005213981108439233,2.279081930322233
1224,-35.29468747720551,28,0.024154594295382643,0.004176637930147942,1.8182518177308042
1225,-108.5369907287677,102,0.021645664664793368,-0.001435746238505258,0.22294880750717053
1226,-81.18639226788684,74,0.02444351111526107,0.001713859579418184,2.4737303056372455
1227,-172.59669619546833,166,0.021843364885656972,0.00029828645352934124,0.9824212405449381
1228,-108.94863011250476,102,0.023008708981803537,0.0002357934768132816,0.28458028850423184
1229,-16.758222766986005,10,0.02237822108273509,-0.0009122760886240085,0.49308094261460844
1230,-53.353222413425556,44,0.030970935143793146,-0.06152950566052305,0.9443709102700563
1231,-24.051736258541165,18,0.020038861783248943,0.002406342841980868,0.4678278147911388
1232,-113.9919055658479,84,0.09931094558227768,-0.7054194383057981,0.8422030353049026
1233,-86.5391449581976,80,0.021652797874825765,0.003261916109920473,0.5658038487774127
1234,-29.028718548846108,22,0.023273902479623017,0.00016950026234698216,0.7845948494637742
1235,-92.8775070368404,86,0.022773202108743253,0.0013968579042456205,0.0889051829328466
1236,-147.26544654787216,140,0.02405777002606777,0.0025259157524764883,0.4705713205236482
1237,-44.69258024228537,38,0.022160861729421475,0.0036860517500622186,0.6572928313193658
1238,-34.522028317423086,28,0.021596120256368066,0.00297547444348094,0.34488591021451087
1239,-105.70903033224718,98,0.025526590504129396,0.0026470040474996736,1.0591430693187147
1240,-71.46064488715726,64,0.024704122142905394,0.0014437205799614752,0.8033206903073468
1241,-56.94842458464485,50,0.024295190855400998,0.003360855746428137,1.2550034908765042
1242,-47.500848886581075,40,0.024837247968811902,0.001361565289568674,0.9019104061241567
1243,-31.258375643456322,26,0.0250398840164592,0.0020435971607054982,1.415321645461566
1244,-58.24203427571393,50,0.029647605308323936,0.07155488043346797,0.9534848279474645
1245,-86.80146831791545,62,0.0821240672778663,-0.6792970600167894,0.9045963759300459
1246,-91.28924717579338,60,0.1036067787277928,-0.8525344607256822,0.31889240835725474
1247,-56.669457546996476,50,0.022084296513233563,-0.0012713486944720001,0.781954263888503
1248,-208.5899688271698,200,0.028443605387980443,-0.00664081802130646,0.3344745049476685
1249,-108.3689052959432,68,0.13367187184087165,0.3237275083246718,0.7074298742481674
1250,-36.57144199406304,30,0.021759741702194947,0.0011593156332876347,0.12184603976461915
1251,-81.6551907956136,76,0.022264530691390904,-0.002447899039303077,1.2467186805386992
1252,-26.05231384640271,18,0.026663290882127995,-6.135038835681136e-05,0.5979053819206673
1253,-38.74456151100648,32,0.022332985135782944,0.0026178004525429168,0.5551220522398617
1254,-68.74367063374594,62,0.024976557902762788,0.0025384883984440453,0.9908128220998872
1255,-81.67525247832344,64,0.05852732608716496,-0.19171919332769397,0.6928485483943604
1256,-20.720147124113648,14,0.022252142795078443,0.003483961080509355,0.44904016007003156
1257,-47.371419317039845,32,0.05089873946039712,-0.22915276686386482,1.3493017531857388
1258,-66.83912668777532,60,0.02264611486018262,0.002644104280336359,0.11650615985889222
1259,-75.25312364185389,68,0.02401696570150307,0.0012186445163976129,0.31636792703204797
1260,-62.69554600112415,56,0.022170682122927606,0.002810860342895057,0.5866488516568176
1261,-32.234813157657335,14,0.06038017601873291,-0.3385740527850792,0.29602232952386337
1262,-43.82409419823381,36,0.02590759668289321,-0.002515126773910227,0.3144059080915026
1263,-122.55194656372572,116,0.02799977163985385,0.006671009610235914,1.1576676323702937
1264,-119.6183443431306,94,0.08482895477857771,-0.1755521829034948,0.14737873042452562
1265,-98.18471596104237,84,0.04696925814914621,-0.2496737986184743,0.5584322294972016
1266,-88.4482404249834,82,0.02135178948670107,0.004010140993216057,0.7897610819232435
1267,-124.79369787711451,114,0.03574072144739932,0.0008482036331902868,0.8056323925081686
1268,-42.3318581310598,36,0.020966417652516094,0.00035736233840961723,1.3406395194117622
1269,-65.2346458117893,58,0.0251202979576019,-4.798215539065293e-05,0.500953671738009
1270,-15.260763353146176,8,0.0240422627587621,0.003436693307151093,0.8905557695122833
1271,-138.20691079856766,130,0.027175201319760922,0.006301728874562148,0.022519820393525704
1272,-15.683365657597575,8,0.02544160813774032,0.0005138708518306102,0.7223610972834517
1273,-64.78163653845301,28,0.12179349847169844,-0.7018442044276683,0.6044496497225617
1274,-88.03559932850024,80,0.026607944796358682,-0.0014860656726118546,1.1799751730767596
1275,-238.701770063687,230,0.028813808157906313,0.03753233807221586,0.5453999327539254
1276,-146.01844878151104,114,0.10602135358116228,-0.5050315824993779,1.5144250313782237
1277,-68.8740612272077,62,0.02276179214307144,0.0014556908482741195,1.2171080664979619
1278,-39.55452779779594,24,0.051505058933098945,-0.29783878416576215,0.6337550330146937
1279,-41.63562079879177,34,0.025283512578780906,0.0013911389263149424,0.6485988453806174
1280,-101.73656634742042,78,0.078597901812651,0.11664553817087131,0.07910792121175285
1281,-66.13983713142729,60,0.023614758197797566,0.003893869461473794,1.3310037126075567
1282,-53.50313857609899,46,0.024844829722182257,0.0007090468844707242,0.854939891172061
1283,-75.01084385665706,60,0.05438711542267031,-0.33847105378323855,1.3388412090314175
1284,-281.76978869942195,272,0.03235029370669408,-0.07849548113877755,0.919194223121154
1285,-51.37696617682257,44,0.02442704032060489,0.0034347002806191314,0.44405537258998634
1286,-24.564681561487426,18,0.021737356163865577,0.004847406769874475,0.6988521707780615
1287,-23.15202798060669,16,0.023682211856313466,0.0021972189350547085,0.49171935111779214
1288,-23.78690552748973,16,0.025784455389039004,0.005612772368573097,0.4655394904258035
1289,-57.38431966455163,48,0.031073906174011845,0.02298222498995998,0.3008473695382254
1290,-131.28928893747832,98,0.11022943356780834,-0.9233204742619114,0.6124859952648473
1291,-123.64647935353709,116,0.025319468058070217,-0.0019086225511851592,0.37361498032419
1292,-53.05253841413365,46,0.023352776205740198,0.0020711302723340837,0.7225826393126739
1293,-125.3048285968339,118,0.02418817416170255,0.0027601630096971397,0.8438454088973906
1294,-26.553754792116607,20,0.02170117480833317,0.0031862118631440974,0.7478147812231809
1295,-52.71086831352451,46,0.022221418256703224,0.004367869706602385,0.47942491454937314
1296,-48.93886621466269,42,0.02297637819424695,0.004296288510247917,1.4647129759301944
1297,-228.3763815258806,202,0.0873390116751024,-0.054013742412215356,0.6793547265333689
1298,-101.6853842252359,94,0.025448292136542938,0.0029289231990272833,0.25052137223892657
1299,-64.18841228946322,30,0.11320666321014294,0.40107010174558083,0.5357411729422821
1300,-34.12842492322599,26,0.026915314315318194,0.004024970147726728,0.4280365212577617
1301,-25.84390356710521,18,0.02597319061955387,0.005711910345079686,-0.3878930494729707
1302,-39.07726166930581,32,0.023434641289092575,0.004007823330917649,1.1586791526319595
1303,-92.72505492217572,86,0.022268393782038935,0.0021812300738995732,0.5983056779975721
1304,-41.11334827599062,34,0.023554133364207724,-0.0015455059791970628,2.1649251934046383
1305,-125.078205747348,118,0.02343776737532421,0.0030762805404150797,0.18303572313408276
1306,-21.069016437894856,14,0.023407339198327284,0.002133213853080362,1.2968688416377632
1307,-21.372557223726144,14,0.024412441138166062,0.0044564131411433915,0.6314890331400956
1308,-137.984111458893,130,0.026437455161896127,-0.0053868840456267955,0.2937059417881599
1309,-111.72477612093044,94,0.0590825870697684,-0.1440128586362116,0.9524072179798581
1310,-94.91148456208099,88,0.022885710470466832,0.0009353924968236724,0.001019024301882346
1311,-42.92574096613512,22,0.06929053300044788,0.2592541576419041,0.5035664223854212
1312,-79.04481744949142,72,0.02332721009765403,0.0010070885613326305,0.8235432109781633
1313,-131.1893529004454,124,0.023805804306110304,0.004246597700992858,0.6419362535630044
1314,-95.27783130075228,88,0.024098779141564296,-0.00047718484713295045,0.7776716069032327
1315,-31.013705437559654,8,0.07620432264092591,-0.636696318235936,0.6074370700628527
1316,-63.90132422945427,56,0.026163325263093475,-0.002399588030853944,0.8397636500414652
1317,-23.458334745206564,16,0.024696472666246944,0.0010025656470621855,0.10855509582787462
1318,-49.27649199428651,42,0.024094344351942135,0.0009410302042544801,1.6922487552560013
1319,-50.62843070579505,46,0.025154514705407416,0.0030662868651510824,1.9519566068238499
1320,-99.40130863307687,92,0.02450764448038654,0.0015436928954811163,0.5901515604282648
1321,-151.937909432059,144,0.026284468318076248,0.002700994080025086,0.8523637264262305
1322,-126.33230481944959,118,0.027590413309435267,-0.00010080321947118847,0.9802732560526765
1323,-230.40123986490912,224,0.021196158493077488,0.004726441936037004,0.008659190471809889
1324,-55.11569298922888,46,0.03018441387161877,0.02235150544993604,0.2499567351600044
1325,-30.609906792906845,24,0.02873872518655178,-0.002945619679521769,1.3946330688899868
1326,-55.07007849684213,48,0.023410855949808396,0.004443093076493245,0.6596412962094406
1327,-32.56407663287134,26,0.02173535308897776,0.0023156872152162726,0.05859403352219217
1328,-40.537850339301094,34,0.0216485110572883,-0.00010670002170958685,0.174668198334599
1329,-70.70520477275339,64,0.022202664810442457,0.005449136598374917,0.6169588015356953
1330,-79.60023248597922,72,0.025166332735030897,0.000827516604597304,0.4399460787987429
1331,-61.77573502849737,48,0.0456150166506533,0.02622711101727289,0.9818473409351672
1332,-38.637980353922785,26,0.041847617065970004,-0.08597215884989622,0.13474641254564967
1333,-106.09853551914759,72,0.11290905801042239,0.14561895606715528,0.5272062179669876
1334,-26.956966259878342,22,0.02383156855710741,0.0030694774023476592,1.2788558353054285
1335,-87.02876686695683,80,0.02327406247336561,0.0025050990991232706,0.6116547877364436
1336,-114.99652903873839,98,0.056279897479266136,-0.1922441354843276,0.4619299377744558
1337,-55.23900396019232,48,0.023970211788716476,0.003771371745029526,0.9493629968709726
1338,-31.714215569886733,24,0.025543760165187772,0.0007521169300234278,0.6345284936717166
1339,-58.853770019255485,52,0.022694602712765608,0.002761695113816354,0.47558526685409364
1340,-40.87521850803481,34,0.022765624198790906,0.001989423917893271,0.4079422687684742
1341,-34.42383578894129,28,0.021270979433580334,0.002973533258310809,0.7265600336197878
1342,-141.16057181268187,134,0.023710502690999488,0.0022866158587364666,0.7875448504570002
1343,-131.24474760971387,110,0.07034684638978136,-0.4233736316702754,1.308952884419801
1344,-24.754644244626167,18,0.02236637167094759,0.0036024832933067978,1.0580594218247386
1345,-230.72727320257252,224,0.022275739081366666,0.002440732091800957,0.7277110207901454
1346,-81.41782979167849,60,0.07091996619760968,0.3096039774794315,0.8992653162449148
1347,-28.54257596016081,22,0.021664158808480008,0.0013246001355004626,0.4677533069219585
1348,-25.03104378520564,18,0.023281601937766787,0.0022100168975518818,0.22682695435992264
1349,-66.54344748142928,60,0.021667044640494897,0.0017127927475985114,0.2825174374030579
1350,-339.79105084070426,318,0.0795293826303077,0.28862493796814503,0.78085639041591
1351,-216.87813698506972,196,0.06913290392407315,0.36725363138059325,0.2544991454393264
1352,-60.62007084662614,54,0.021920764392801856,0.004506510851321902,0.6502844824333481
1353,-35.635437343610356,30,0.023096054686928,0.004437238163101013,1.1680646381499322
1354,-42.719006155416125,36,0.02604265951711675,0.0009249506503805633,1.1659336487147163
1355,-52.659066478411816,44,0.028672405557655118,-0.004865002822568825,1.1410865628008657
1356,-51.094392650586045,44,0.024130587246891138,0.0030665472172023284,1.1181777486792246
1357,-35.20247671376314,28,0.02384926064159943,-0.0021257942876260457,0.5249945446847424
1358,-22.801251744159835,16,0.02252070113960211,0.003162348597612701,0.49796923651655445
1359,-28.610536408325892,20,0.02851170996134395,-0.00037487325866071396,0.5075767212518836
1360,-101.4904402845351,92,0.031425298955413884,-0.09044515918400632,0.6205753252761352
1361,-66.60465030503707,48,0.07047216024635229,0.25252449591661746,0.7267001215875842
1362,-97.90848543516982,90,0.026187037864801137,0.001782742018089784,0.5994804524150846
1363,-29.038705552063032,22,0.02330697202669863,-0.000836630044979142,0.9689112521903065
1364,-61.730960973294174,52,0.032221725077132904,-0.08713369383414997,1.5703706182682862
1365,-117.34358269614319,110,0.02431649899385151,0.004657411691115935,0.9167340776500669
1366,-36.886415157608305,30,0.022802699197378526,0.0008485933791981727,0.23582457849757424
1367,-28.241690256507727,22,0.020667848531482347,0.0006913924407806025,0.41274935015945985
1368,-187.6984999883047,160,0.09171688737849154,0.34207763726035106,0.2750391918768033
1369,-105.41977636591514,62,0.14377409392687235,-1.1191440037716125,-1.0933215909033076
1370,-45.806958265756116,38,0.025850855184622802,0.007934341178736681,0.2817960911249869
1371,-48.72762460833847,42,0.022276902676617447,0.0035712404239811742,0.29166353554557395
1372,-48.291457111794834,40,0.02745515599932045,0.024661060105330798,-0.018699478279623444
1373,-44.66427826420388,38,0.02206714657021167,0.003077950960006688,0.5243021247184539
1374,-68.60949601082194,56,0.04175329804907921,-0.18892919364005994,1.1558700495155911
1375,-121.57979561963326,114,0.02509866099216343,-0.0010151874005720513,0.28888104267122333
1376,-29.099006202040925,22,0.023506643053115672,-0.0006223169561716056,0.5456160350831863
1377,-62.185013521742356,56,0.02307840866321787,0.0023891779889505522,0.8211888398561599
1378,-43.08248473953032,36,0.023451936223610404,0.0015306923846831386,0.7214679056475561
1379,-20.632082820640804,14,0.021960539141194817,-0.0011806370385163865,0.4299134643477409
1380,-46.39270727587784,38,0.02779042144330465,-0.026575637835275306,0.4927937311899196
1381,-36.76980121520859,30,0.022416560315259883,-0.0018775468971657364,0.5876790892012071
1382,-84.3633569544131,62,0.07405085084242807,0.12763279191062582,1.4452239798527828
1383,-52.27373243882491,44,0.027396465029221342,0.004608472927923727,0.9782483020801227
1384,-185.8909576183768,160,0.08573164774296904,-0.605845243189891,0.8519822820465409
1385,-32.86723668596517,26,0.022739194324387906,-0.00324608561712385,1.059253811238824
1386,-86.7693445757629,80,0.022415048264115386,0.0005281988597653855,0.3498353641510757
1387,-83.11621358803214,76,0.023563621152424215,0.0012801468693065328,0.9585744426783052
1388,-44.64442972567162,38,0.022001422932688027,0.0007953702166078254,0.399593590683495
1389,-384.6122392682922,378,0.021894832014213005,-0.005251748554272861,1.723228975602222
1390,-88.29845839702384,78,0.034100855619283124,-0.09076012986965033,1.206558540304639
1391,-40.924823839821414,34,0.022929880264308776,-0.00010467182369964407,0.6545968045143639
1392,-31.01692636484514,24,0.023234855512732078,-0.0006616956595985207,1.424465587657733
1393,-38.74053023559701,32,0.022319636541712127,0.002117529747558955,0.7875147625815415
1394,-431.16530164703323,402,0.0965738465133548,-0.8779611910824411,0.4087940780375005
1395,-46.73274153604142,38,0.02891636270212379,0.0033250976171936616,-0.4672735772184281
1396,-44.90530861227084,38,0.02286526030553267,-0.0011455923605660926,0.09849534704109394
1397,-39.34668610693663,10,0.09717445730773729,0.34175926287734065,-0.09104687368993752
1398,-49.33605305827861,42,0.024291566418141227,0.0029752184827896823,1.5216943905670706
1399,-112.65592200820952,76,0.12137722519274761,-1.0000343704515982,0.38908142771507115
1400,-33.732026673802096,26,0.02560273733047045,0.004631814290383917,0.6850287989327578
1401,-42.88755691798773,36,0.0228064798608859,0.0008260318858314626,0.9664470184376114
1402,-37.721014456678944,30,0.025566273035360347,-0.0026130848021450027,0.5705097036716831
1403,-71.01570655658041,64,0.023230816412517615,0.004352853091708107,0.6348926996966416
1404,-133.06853237335227,126,0.023405736335604346,0.006038846250832395,0.12239082136473022
1405,-24.53242504087104,18,0.021630546492950393,0.0008349054351538444,0.618852733218401
1406,-76.17691391303188,68,0.027075873884211635,0.01576164660725545,0.2569986482535563
1407,-47.99747089221211,40,0.02648169169606684,0.0017001849882896769,0.8614755846194565
1408,-68.39252478256549,58,0.03441233371710446,0.08406307328868633,1.057950747364227
1409,-24.866159764682585,18,0.02273562835987608,0.0026071816084548734,0.33301963689690767
1410,-95.35632770968037,66,0.09720638314463632,-0.9232155844694873,1.1347317593566733
1411,-73.90875223969132,66,0.026187921323480558,0.0030684277486975075,1.2735862325031977
1412,-69.30817050280663,52,0.05731182285697549,-0.3424181205722417,0.48211482494486657
1413,-74.61578632726147,68,0.02190657724258717,0.0005511956534576633,0.5075388688902873
1414,-40.56430095684502,34,0.021736095883592935,0.004248359320771615,0.2961693088209491
1415,-51.40777727296181,42,0.0311515803740454,0.0015604893817251783,0.5889505073053466
1416,-38.999630236250646,32,0.02317758356374407,0.00413351344431917,0.6660985678600996
1417,-21.109874671772086,14,0.02354263136348402,-0.0023306163687055424,0.830011676152675
1418,-29.368518057625614,22,0.02689240167016627,0.020127690269995863,2.1128335665841758
1419,-53.788188859560066,42,0.03903373794556299,-0.1333531193682671,0.34548801696629555
1420,-46.690155824759415,40,0.022911492550545816,0.0032708997560716045,1.4468215607744765
1421,-51.99338579390916,44,0.026468164880493403,0.0017209286366694219,0.3762155029107238
1422,-15.706452378979012,10,0.021780352591523073,0.004239225484082432,0.7902898717086446
1423,-51.138378381492835,42,0.030259531064545816,-0.07401163199953488,0.6276627851244255
1424,-98.08837130845882,90,0.026782686451850776,-0.0015946353084888827,0.8153505048658298
1425,-48.67150739091308,42,0.022091084075870824,0.0036746923905020172,0.9825662172789569
1426,-207.1202423926669,198,0.030199478121413062,0.009087789970579624,0.47946566178425143
1427,-63.50318728324373,54,0.03146750756040987,0.015777414666399335,0.32554167251878213
1428,-49.50800094034008,42,0.02486093026602683,0.001466569794952524,0.625867796880779
1429,-49.41686359578841,36,0.044426700648305874,-0.2080245975665563,0.5958221639831094
1430,-72.85066059328548,66,0.02268430660028383,0.0017197701939696212,0.29598676074534847
1431,-30.16346674301901,20,0.03365386338747999,-0.0961071744487954,0.27637728070346823
1432,-147.7348431917894,140,0.025612063548971806,0.0038665195096311907,0.2536730611119388
1433,-111.73421327190066,104,0.025609977721525456,0.0004289929506011209,0.3622594452376743
1434,-68.90369391170962,44,0.08246256262155467,-0.4914501895412316,0.11597365489818767
1435,-126.59483890087813,120,0.021837214903569525,0.0034343985280959515,0.03212058864125677
1436,-53.31553897148639,18,0.11693887076651074,-0.3106906328164889,0.5281126904451894
1437,-116.95475388970412,110,0.023028986389748995,0.0012321538950273434,0.3680623171533595
1438,-10.353319932680693,4,0.02103748322079693,0.001704972582431325,0.7412039729162884
1439,-165.9172049300865,158,0.026215910364524562,0.009419817067698162,0.42019111748996024
1440,-33.47081132469015,26,0.02473778584334459,0.0043564054814309175,0.5981553502656732
1441,-31.27659989996536,24,0.02409470165551432,-0.00011870093001453638,0.6286115796603602
1442,-24.554398173343966,18,0.021703305209748343,0.0018382313038339678,0.6793856468542004
1443,-105.24400694677621,88,0.05709936075091492,-0.3227094329844729,0.8461089928426281
1444,-43.18571935919943,36,0.02379377271258054,0.004718480983730529,0.792219697902097
1445,-216.79952029740602,210,0.02251496787220718,0.0016736372203615475,0.4379188700317943
1446,-45.03656546542147,38,0.023299885647090384,0.0035481577776125726,1.2454019501254068
1447,-48.42963643209205,42,0.021290186861231464,-0.0007981554734202978,0.4053055024600591
1448,-26.473300948710385,20,0.021434771353345306,0.002056225802632209,0.7810746058858684
1449,-17.135086876645204,10,0.023626115485580104,0.003404298854763589,1.2021586080780253
1450,-91.48203730443004,86,0.024044023265043138,0.004093418033331992,1.5709767162114618
1451,-148.8243317987763,142,0.027080681741176105,0.027442150951976635,1.175351199199305
1452,-57.25938800818621,50,0.02403770863637783,-0.003674979520798198,0.7540307778045566
1453,-37.24731882269255,30,0.02399774444600204,0.005470409328410932,0.6344494574801574
1454,-16.48537300556615,10,0.021474745051543585,0.005032272559331594,0.3109507267859869
1455,-117.07605048936419,108,0.030053147315775294,-0.0016855796792895983,1.1029333418350826
1456,-31.680403921036532,24,0.02543180106303495,-0.019000200772756673,0.404463259317906
1457,-36.32902380790038,30,0.020957032476490795,0.0014192981705599965,0.7334627222032317
1458,-105.48327767627856,98,0.024779065153240305,0.0028974187255078397,0.8849833563376844
1459,-41.655299761865834,36,0.02396313458417695,0.007182483012409154,1.6982218395488462
1460,-76.50037370733664,66,0.03620818519771294,-0.12360837709319232,1.0193616495933384
1461,-127.19504665137265,104,0.07680479023633488,-0.5629814624422482,0.6429648050076802
1462,-58.95626593835816,52,0.02303399317337174,0.0010463786393169635,0.5886613428946553
1463,-43.55706638053686,36,0.025023398611049123,0.002199600613213434,0.2252833141300778
1464,-38.89796333518753,32,0.02284093819598543,0.003515310951089178,1.015671194604419
1465,-41.721685999625315,34,0.025568496687500747,-0.0002406836183593664,0.3929504588849238
1466,-130.5979607443045,122,0.02847006868975042,-0.001978865691417495,0.9341734744897513
1467,-38.910114227382174,32,0.022881172938351565,-3.98538386856286e-06,0.705441814263301
1468,-43.06331599860104,18,0.08299111257814919,0.4515005104228336,0.5289150885552621
1469,-42.315046573728026,36,0.020910750244132574,0.00286466100597014,-0.1298669092650799
1470,-40.03465765858525,32,0.026604826684056983,0.005413764174441678,0.4386906321243759
1471,-21.13520802227739,14,0.02362651663005798,-0.001199174361050573,0.24859041400330484
1472,-38.63054389516737,34,0.02362522395493528,0.0035141809807843244,1.9354901584361832
1473,-430.9036883761334,422,0.029482411841503506,0.048300195171571775,0.577776702372311
1474,-30.244623605255452,24,0.02067756160680612,0.003988230950121971,0.2602020656395494
1475,-85.93753448338954,78,0.026283226766190184,0.0017990242965081522,0.8194210170830746
1476,-68.18083009440274,42,0.08669149037881663,-0.552603746546565,0.7420768102577199
1477,-27.312088836796473,20,0.0242122146913792,0.004019563149626903,1.1956974935585276
1478,-30.645916366866313,8,0.07498647803598106,-0.6234329633657213,0.20474889669443994
1479,-67.83605016223487,60,0.02594718596766471,-0.001693470007373754,1.7233899433060937
1480,-65.83394893718335,50,0.06597478723826429,-0.43614920968694304,0.8952228736997737
1481,-31.38405159458026,22,0.03107301852510012,0.06598310255960543,0.6852888709873606
1482,-48.56727644280876,26,0.07472608093645268,-0.5342452629645115,0.08848760125080983
1483,-12.992607898454688,6,0.023154330789585096,0.0008377457905671751,1.2077579361927042
1484,-207.48483176351965,190,0.05789679391893953,-0.3305914829226075,0.3476859110660407
1485,-47.18961993631004,40,0.02380668853082729,0.001407261303663007,0.5229694733373044
1486,-84.707997569238,78,0.022211912480920616,0.0005605049366563164,0.45203217290270925
1487,-233.14875512968607,220,0.04353892427048486,-0.17196237088785513,0.5262794150811287
1488,-50.44191501302494,44,0.02133084441398959,0.004320684405867109,0.7244850014356067
1489,-47.16374039798881,40,0.023720994695327253,0.00024966704504971474,-0.029493133876155073
1490,-109.76531097019982,90,0.06544804957019873,0.1929717922039694,-0.12094239025035201
1491,-161.35065597662177,122,0.13030018535305204,-0.26404772035389,0.6660373306316663
1492,-61.81059607655972,54,0.025862900915760264,0.00604986709408425,0.7808460646767778
1493,-60.090785047873034,52,0.02679067896646677,0.005988264435883735,0.5591292977310903
1494,-257.31312952366187,250,0.02421566067437633,-0.0008535597895870343,0.9547145177075557
1495,-43.05016140291288,36,0.023344905307658596,0.004663850973970843,0.8602994755049049
1496,-46.687721302500115,40,0.022144772524834613,0.0019806802943533913,0.17848426751584368
1497,-73.270747101413,54,0.06381042086560647,0.0487471970563002,0.28308350680313465
1498,-93.44738948269293,86,0.02466023007514269,-0.00041915880522339153,-0.08868377322168398
1499,-120.81043924432865,114,0.022551123325592164,0.0017378736929567098,0.991743809150841
1500,-59.17620055838107,52,0.023762253504572967,0.0004949205604363356,0.6694482729168892
1501,-37.07895981373971,30,0.023440264283906408,0.00038751004732503797,1.2739330762960264
1502,-101.24307575044745,94,0.02398369453790542,0.0023086281878787356,0.9641019002340937
1503,-339.7192174991838,332,0.025560322844976675,-0.0006744144138238633,0.8184617237666882
1504,-44.50232849599415,38,0.02153088905958323,0.0030763695354955826,0.9732528425259701
1505,-91.01944653386992,84,0.023243200443278725,8.680587009964696e-05,1.0667896340793115
1506,-77.88550900934553,70,0.026110956984586854,0.0010345597316230345,0.630253832458113
1507,-33.539476434884534,26,0.024965153757895826,-0.0036846647580271426,0.27408574873148633
1508,-96.32722167438347,82,0.04744113137213064,-0.23330834286336768,0.6971138260345976
1509,-113.8277308931887,96,0.074282212054954,-0.20797155027394182,1.5170159925486466
1510,-120.73011264610697,114,0.022285141212274456,0.0024882824073039884,0.7917731820500074
1511,-65.54845724620021,42,0.08721650831925941,-0.4108594095815594,0.4968052858847228
1512,-36.87027935272016,30,0.022749269379867414,0.0031011450451348494,0.17971075549671606
1513,-43.159716600808494,36,0.023707670863605004,0.0013095001219802641,0.8960567014253528
1514,-165.74800939091494,158,0.0256556602348192,-0.00022661707268423396,0.7048599426014756
1515,-68.58075325001323,62,0.0217905736755402,0.0034555781148497434,0.5585116991559113
1516,-123.0542755122501,96,0.08958369374917217,0.46492939063186745,0.8571515709926746
1517,-89.82001695309486,78,0.03913912898375735,-0.16732604185763797,0.873229281384797
1518,-45.65135070441031,38,0.025335598358974323,-0.00018906049670910598,0.46070371816913513
1519,-81.26868473424787,52,0.096916174616714,-0.8244427877004931,-0.3408602142408922
1520,-83.21624429022454,76,0.02389484864312726,0.0027945391528481087,0.3434993599070042
1521,-47.728272387393964,40,0.02559030591852289,0.01040605186016009,0.48802637880404376
1522,-125.26952170753466,118,0.024071263932232835,-0.001567915043275532,0.17038765059971397
1523,-182.43902361696848,174,0.02794378681115338,-0.0006936618339714427,0.0443830236851543
1524,-15.019350458664467,8,0.023242882313458394,0.0024178535823589993,0.5159354636791033
1525,-42.53621519999988,36,0.021643096688741387,0.005099163231819973,0.8766600320632423
1526,-20.98237202336201,14,0.023120437163450334,0.0019159145850614206,0.5433892189375886
1527,-26.570676475079317,20,0.021757206871123425,0.0009333262953210302,0.35459431695874427
1528,-87.22197173164807,80,0.02391381368095351,0.004310637194469003,1.1208729372061836
1529,-48.84109676706953,42,0.022652638301554298,-0.004578596012765505,0.4417296829379768
1530,-140.8082413216324,134,0.022543845435870888,-0.0007689275226050014,0.7263968352653203
1531,-152.6220948734531,146,0.021927466468388526,0.0017254851304383222,0.2319647643108203
1532,-114.98306271560556,108,0.023122724223859758,0.0024049750250719477,0.2703111772916576
1533,-202.58517959202183,168,0.11925923997248819,-1.1117363846316082,0.46738087895567176
1534,-61.028935127374744,54,0.02327461962706844,0.0015193685511472506,0.521246979683707
1535,-339.8170148243251,332,0.02588415504743048,-0.002373166308454577,-0.008128760080932584
1536,-64.61054369010299,58,0.021889217516897288,0.0022599814900672002,0.5982318387855236
1537,-34.28033862567282,28,0.020795823263817664,0.002772833410934206,0.9380780217635202
1538,-68.78298765689219,62,0.022460224029444777,0.0009965839800779516,0.3954111940779458
1539,-275.66993232920845,268,0.025397126917906913,-5.668276282557786e-05,0.7784319738254941
1540,-68.93421865231252,62,0.02296098891494274,0.000774097231190516,0.7777626711048247
1541,-111.16025537421243,104,0.02370945488149735,0.0002995874943205507,0.1781615758916272
1542,-129.1702973964562,104,0.08334535561740544,-0.43009461007907446,0.9033663129802509
1543,-68.68754721048234,60,0.028766712617490857,0.01966306713813706,-0.6500846294319702
1544,-34.86686215184166,28,0.022737954145171185,0.0034287238152025403,0.4708357558533519
1545,-55.1323340022731,50,0.022510236852075156,0.0066997737636005405,1.3140354279666147
1546,-80.19101058581226,72,0.027122551608649716,0.0008198706261637861,1.0286256444188673
1547,-107.0625210207072,98,0.030008347750686545,-0.0004361817938590188,1.2089295749485474
1548,-82.51581814193005,72,0.039832644477007025,-0.12103197044149662,1.1797738526294284
1549,-28.816242748838306,22,0.022570340227941552,0.003678419666337034,-0.1511931619711763
1550,-31.151885054171725,24,0.023681738589972624,0.0002633469236323869,0.30775583861416916
1551,-132.51182818976565,124,0.028184861555516194,0.0014291125648833861,1.1398352289177625
1552,-36.20771584699692,30,0.02299154017406292,0.001594182392064896,0.7283379265669457
1553,-50.99123166467082,44,0.02314977372407584,0.002282228628373921,0.29611190351143335
1554,-14.966837217516613,8,0.02306899740899533,0.00228508727049489,0.03884775243415836
1555,-78.18886617064796,58,0.0668505502339343,0.389782077791894,1.0369202852696497
1556,-92.81237525336911,78,0.04904760017671844,-0.2719787137227292,1.1313149814509373
1557,-14.756467939801645,8,0.02237241039669415,0.0034504589941568476,0.8941770185452781
1558,-24.32210258565411,18,0.021951745089076866,0.00287789721656332,0.9178849483069724
1559,-350.1008624965423,340,0.03344656455808709,-0.004968300361312704,0.2808408200460184
1560,-22.93647125696346,16,0.022968447870739823,0.005407406590780281,1.201154681244273
1561,-14.875774248071643,8,0.022767464397588297,0.004389271822708677,0.8117362647286511
1562,-26.715577556147128,18,0.02885952833161303,0.02581306249427529,0.41212522964724124
1563,-43.418417539727706,36,0.024564296489164687,-0.00380800386932401,0.26556244742846896
1564,-154.69689549999578,148,0.022175150662238272,-0.0012197886965243725,0.842677444671537
1565,-31.203334101789626,26,0.03252083813618568,0.030921272191335447,1.9942472284585528
1566,-36.45179427882791,30,0.021363557214661943,0.0040840776765176294,0.2669539269779975
1567,-74.0882092805796,58,0.0532722161608599,0.11257080778869683,0.30807762202361155
1568,-29.077484056762206,22,0.02343537767139834,0.0016517598064776683,1.0655892705870464
1569,-66.73500557275115,38,0.0951490250753349,-0.5567234564399877,1.2492038274230899
1570,-52.98899714799005,46,0.023142374662219214,-0.0008191593162505733,0.30704025577117544
1571,-28.671589931846526,22,0.022387885677337325,0.0016477061923118245,1.7615053122305318
1572,-20.914195193307368,14,0.02289468607055414,0.00496860605422469,0.5332570098138905
1573,-185.01148075018185,178,0.023216823676099237,9.836196168541711e-05,1.0352771677050603
1574,-98.13501974783796,90,0.026937151482907228,0.0014734820435008662,0.3762531686710103
1575,-139.56171358576026,88,0.1707341509462253,0.009443748972397175,0.7595406083870426
1576,-96.76041584460636,80,0.05549806571061656,-0.3159960635085066,1.3682820086469003
1577,-46.67789550477787,40,0.022112236770787115,-0.001446768186604049,0.6808951119994259
1578,-12.257011493342148,6,0.020718581103781927,0.0016446646111739787,0.5662515552463712
1579,-50.86958476685935,44,0.022746969426686824,0.005096493663253966,0.899762714704474
1580,-49.947289698719906,42,0.02631552880370823,0.002464526412940726,0.7587195325210893
1581,-152.0230618713465,144,0.026566430037570005,0.002582992623260997,0.5039196176640998
1582,-105.79331520414566,98,0.025805679483926033,0.0027526219664542437,0.1403140387362924
1583,-173.794821275325,166,0.02581066647458697,0.04656515952935195,2.6490583997679873
1584,-34.8528468934172,28,0.022691546004692732,0.0023062205833917953,0.6211392112464077
1585,-89.35093744321875,82,0.02434085246098937,-0.00011970474261756592,0.7437273689395353
1586,-80.80649050143987,68,0.04240559768688733,-0.15478517921951396,-0.35311669791703243
1587,-58.91648255266275,52,0.022902260108154587,-0.00012064072533220743,0.31892405206905
1588,-38.31159323497594,32,0.02206850781460076,0.003511032468307164,1.1267283547615106
1589,-59.33370593288412,40,0.06713092337806982,0.06366715983329212,1.4395805621716944
1590,-26.892355357489578,20,0.02282236873340929,0.007593293058445418,0.7915917845666085
1591,-117.32294353204006,110,0.02424815739086046,0.0005270024975885125,1.082007669867855
1592,-42.93705316957864,36,0.022970374733703697,0.004890290713739514,0.4903706796163931
1593,-63.28107714690916,50,0.04397707664539438,-0.19528492337265452,0.6588249412423851
1594,-235.1892826483739,226,0.030428088239647523,-0.001556606270875535,0.9862697602038438
1595,-72.11866940293571,62,0.0335055278242918,0.006030578177194081,0.0008981955608519547
1596,-139.40952133844948,132,0.024534838869038747,0.0012079900293302606,0.3297964998238738
1597,-36.63998038580529,30,0.021986690019223314,-0.0006051294534892732,0.9461632897515916
1598,-66.92867217119026,60,0.022942623083411242,0.0044572825343903175,0.385669635481545
1599,-146.53746395898347,84,0.2070776952284236,-0.9287117601974423,0.5614910611017401
1600,-109.41351512061426,86,0.0775281957636238,-0.555209510939023,0.4496232405149174
1601,-63.58009514140859,56,0.025099652786121116,-0.0031959548541683927,0.2886027447764441
1602,-12.635683998658283,6,0.02197246357171617,-0.0009114633971942428,0.5215757406749979
1603,-205.2015260063859,176,0.09669379472313326,-0.03627149277406788,0.2838293218681441
1604,-17.12016071762378,10,0.02357669111795945,0.004687448063424314,0.5692528995507187
1605,-39.1899225381255,32,0.0238076905235942,-0.0008251729742808897,0.6069022202351503
1606,-67.36620400055395,60,0.024391403975344665,0.0014877115689304393,0.38226720734941927
1607,-76.83085693880342,48,0.09546641370464727,0.6693624797445222,0.20950464859715853
1608,-33.835417520437,24,0.03438957174977927,-0.13739346931753615,0.8433444968215413
1609,-133.74034236705458,122,0.038875305851173554,0.005378434810685672,0.6636637332507668
1610,-66.80405529715011,46,0.06888760032168804,-0.5003234795916869,0.3315420536662063
1611,-73.34300167432745,64,0.030937091636844622,-0.00020468000990233774,0.8989065458476142
1612,-57.01404075641355,50,0.023225300517926113,-0.0003246976477433218,0.2916222009174094
1613,-76.60197592984284,70,0.02186084744981112,0.0013317152962631343,-0.10352852259059467
1614,-169.75795055223531,162,0.025688577987534898,0.038454750388095905,1.352655004912356
1615,-39.56468053258496,32,0.025048611035049805,0.0006127113541156448,0.06706778769749865
1616,-96.22804242637204,92,0.021571645032510807,0.0032276814673998754,1.141451490191952
1617,-77.44994857352287,56,0.07102631977987735,-0.4674614710542096,0.6723800654226084
1618,-86.52909456587629,80,0.021763648552921646,0.0009503197489151111,0.8163739495082409
1619,-71.1701139677451,64,0.023742099230944308,0.00020535093514766815,1.7852520137223482
1620,-32.586436948864005,26,0.021809393870410462,0.006784795581467992,0.7227219614788923
1621,-63.55060201638331,56,0.02500199343173312,-0.0006038647990778631,0.48675591378705574
1622,-30.891567345026846,24,0.022819759420618858,0.0013211169278569866,0.6206771861262225
1623,-72.54681667408582,66,0.021678200907569594,0.002395492548351207,0.3047148897993823
1624,-63.46462009997767,56,0.02471728509926388,0.0023533823028159023,0.21603482123115486
1625,-83.50941611063458,46,0.12420336460475022,0.020881639758436415,0.81210329245116
1626,-199.67452404069863,170,0.09826001337979673,-0.36942085822263965,0.8536766529100213
1627,-106.3812338183943,100,0.021129913305941297,0.000206422588991507,0.377666041553591
1628,-26.670182957973314,20,0.02208669853633532,0.0016574815510069052,-0.03248754309402433
1629,-88.5951411969471,82,0.021838215883931745,0.0013346340465636936,-0.11866550256379815
1630,-62.765207073484376,56,0.022401347925445597,0.0033622682354581043,0.16762419347896657
1631,-213.14996459953386,206,0.023675379468653293,0.0019087795049433183,0.07368644478197738
1632,-64.69972890742677,58,0.02218453280604945,0.004251632081276879,0.31779588671657105
1633,-39.080254796502885,32,0.023444552306301207,0.0019631206662400276,0.3252711931189957
1634,-19.09932838909885,12,0.023507709897678423,0.00010262034391669791,-0.4512565823330464
1635,-120.73990991112152,114,0.022317582487157702,0.004117170062582224,0.3115389217797201
1636,-14.640322323067211,10,0.023201611615336005,0.005274875156523194,0.7463843555562198
1637,-30.982095838967105,24,0.02311952264558644,0.003715416670519402,0.6492867772755775
1638,-61.70398422943051,56,0.021283523244143888,0.004336023677805953,0.7212326513811184
1639,-140.88303686518526,134,0.022791512798626627,0.0002693907078663936,0.495035655420915
1640,-32.944012787800254,26,0.022993419827153028,0.004593997016712555,0.055375484100061885
1641,-79.50696720030551,72,0.024857507285779568,0.006632212685175943,1.0303850108575667
1642,-47.27558582999943,40,0.02409134380794509,0.0034341794146465396,1.3104011093096697
1643,-133.79534741589657,98,0.11852764044998854,-0.9592679756435848,0.18443090561114325
1644,-81.16100267138741,74,0.023711929375455562,0.0035457808361697126,0.6242897987151009
1645,-65.41801718712246,58,0.024562970818286917,-0.00202031190628926,0.853535897482922
1646,-64.5974970518825,58,0.02184601672808751,0.004217191050538411,1.0961844828912088
1647,-49.166168802924844,42,0.02372903577127489,-0.002724159648025174,1.0024430848921755
1648,-56.93718442833291,50,0.024087445931711797,0.0028294000216798547,0.8674422780042126
1649,-207.44181551406126,200,0.02464177322536834,0.00010395546132291587,1.0250219398016645
1650,-23.827521562644034,16,0.025918945571669072,-0.0015184389043364996,0.06331274925317887
1651,-23.19733794004881,16,0.02383224483459869,0.0021201653407565903,0.6549590393674208
1652,-48.875031366413616,42,0.022765004524547987,0.002894379232781908,0.20475173565244537
1653,-373.21633449434927,366,0.02389514733228218,0.003328950500843541,1.4117802151786056
1654,-78.05996597772933,58,0.06642372840307663,-0.3905280610307471,0.04780211763692378
1655,-116.00756580024532,108,0.02651511854385734,-0.0007776685547089784,0.6310039581537258
1656,-72.72077486467495,66,0.022254221406208193,0.0007066724124204195,0.22612854255970863
1657,-43.85377908294143,36,0.026005891003117003,0.009773743716346112,0.6191049858611632
1658,-97.56535889965353,76,0.07140847317766039,-0.5119866400206865,0.1888215762256785
1659,-18.86259242889198,12,0.02272381598970856,0.0021483641823241795,0.6158698146431922
1660,-34.778379200501334,28,0.0224449642400706,0.0024624526838383435,0.7188672650788929
1661,-35.75477155495361,22,0.045545601175343245,-0.23652077716996311,0.07869688021157874
1662,-114.11357558063231,106,0.026866144306729567,-0.001126896314760855,0.7078807859234388
1663,-95.08215326042198,88,0.026826338107658478,0.0010204470656445307,0.6873236634737678
1664,-82.71861979574282,76,0.02224708541636697,0.000292106858448477,0.6681862681986154
1665,-50.86997223838894,44,0.02274825244499609,0.0028430806084332482,1.0914409717448639
1666,-80.93987452136953,74,0.022979716958177493,0.005042167254168515,0.24470956943687208
1667,-50.79384620955888,44,0.022496179501850348,0.004131729440880779,0.8070468781080362
1668,-24.787056010301924,18,0.02247369539835079,0.00078385518354962,1.5211783372876866
1669,-82.79836946821794,76,0.03008128083282372,-0.005602875069624423,0.3930068542162962
1670,-18.835099931470666,12,0.022632781230034902,0.0027973879904282704,1.4311435028758372
1671,-58.46899878452486,52,0.021420525776572948,0.0021207300059895174,0.5340881503471123
1672,-56.31700154028502,50,0.020917223643327914,4.783595915242339e-05,0.12953732237566742
1673,-34.88511703212859,28,0.02279840076863798,-0.0008670151814978742,-0.05933502067230482
1674,-48.0601029672094,14,0.11278179790466704,-0.8806757030399155,0.7937232462886261
1675,-44.43002496116207,38,0.02129147338133052,0.002160440653251077,0.7992461142271282
1676,-117.2556219334507,110,0.024025238190235904,-0.0012291435829197236,0.8080260099730127
1677,-6.543924152036328,0,0.021668623019987815,0.0015389685204486973,0.9934308438193915
1678,-65.01281409489583,58,0.023221238724820792,0.005809369992749266,1.8187231145053446
1679,-82.58289009901628,74,0.028420165890782032,0.005362891347921571,0.623196464592752
1680,-207.9212190778655,200,0.02622920224458815,0.00022014105532145657,1.0069980136266083
1681,-49.01249673255747,42,0.02322018785615093,0.001639735399450897,0.7006363355093219
1682,-69.42994534508381,62,0.024602468030079,0.003251442214973666,0.8960246530868767
1683,-164.39316176909287,156,0.027791926387725326,-0.0025555011324448797,1.2599502948142853
1684,-40.47864129685471,34,0.022340142402947676,0.003992519167187656,0.6633541526071274
1685,-105.14798173028524,98,0.023668813676440578,0.0009598487630387805,0.2975998136828598
1686,-245.21146413169123,232,0.043746569972488644,-0.1808007665453417,0.09944961533217925
1687,-75.56343467341104,68,0.025044485673546554,0.0017277973904490274,0.9450464060000415
1688,-97.70993172477775,60,0.12486732359197952,-0.790386215595695,0.6843186405559444
1689,-58.53293759303209,52,0.021632243685536644,0.00487029588294049,0.8454839969892045
1690,-94.23856478539639,86,0.02728001584568407,0.017698225747201812,0.749140942579564
1691,-51.49638317499382,22,0.09767014296355564,-0.9274048144760656,0.7047357227252364
1692,-31.342575932564788,24,0.024313165339618407,-0.00014294940663735992,0.8724917210313177
1693,-82.22917987203326,76,0.020626423417328656,0.004681999621749393,0.9707509811622027
1694,-54.35076964747129,48,0.021029038567785888,0.0029439149458163312,0.6478861787792801
1695,-36.968217563202124,30,0.023073568090073004,0.0009634560163731113,0.9490625190823833
1696,-108.62921141080218,98,0.03519606427417982,0.000382090818494657,0.7190261996523107
1697,-93.95066710332253,86,0.036808643996863566,-0.11562252448337083,2.539918129470418
1698,-93.30566225205442,86,0.024190934609452534,0.0031491648341800452,1.0472953629818367
1699,-83.12917328813069,76,0.023606534066658694,1.6388670226793416e-05,0.670300201431262
1700,-29.019426944920752,22,0.02324313557920794,0.0005720147169164277,1.3746184322730681
1701,-132.97618680416366,126,0.02309995630517855,0.0011010091770316986,1.1384588687803436
1702,-18.983493994829022,12,0.023124152300758264,0.0012570060673940753,1.5751801305922328
1703,-22.705788563807303,16,0.022204597893401762,-0.00045547151212605173,0.4855313455343618
1704,-35.12733673346503,28,0.023600452759818022,-0.00030571391539253444,0.33706783340601654
1705,-119.01322259960459,112,0.023222591389419036,0.0009060146473656525,1.3184919442342353
1706,-61.86303333440165,54,0.026036534219872964,-0.0002204266871751243,0.8285891739131932
1707,-51.30807579037374,24,0.09042409202110535,0.30293802432022027,0.24203793381075592
1708,-12.424953269234312,6,0.021274679699451408,-0.0008595717441181141,0.8256669757574711
1709,-107.13586001194122,92,0.05011874176139469,-0.2880955908241657,0.6243516928131618
1710,-107.68477727483963,100,0.025446282367019266,-0.001898193330695199,0.5586912560951665
1711,-64.82149028399674,56,0.029210232728466467,0.010292592675067385,1.0821924510755767
1712,-132.3315069117998,126,0.02327759894044066,-0.0010937812589177423,0.9678183308125025
1713,-99.24309684344615,92,0.023983764382271684,0.002082613148743484,0.9352319574091484
1714,-91.20799894027992,66,0.08347019516649051,-0.3729432847198185,0.2828463406592495
1715,-192.86757837616096,166,0.08896549131179164,0.32516381190426724,1.0576999660133228
1716,-51.26528743867138,44,0.024057243174408407,0.00046610894122635886,0.8597755296682378
1717,-51.088475114085895,44,0.0234717719009459,0.00387995274620291,1.0115704081682735
1718,-93.18744925986746,82,0.037044533973071614,0.002500515114145958,-0.6986033166744838
1719,-30.697729677633642,24,0.022177912839846485,-0.000454139373178859,0.47096787320607225
1720,-100.77727805811736,94,0.022441318073235645,0.0022927793632539,0.8491897925690961
1721,-185.87715400734723,178,0.026083291415056335,0.002627414069369756,0.557214623983234
1722,-100.30705961239327,92,0.02750681990858735,0.021538928822600376,0.7400624637798073
1723,-111.03411076217046,98,0.04315930715950465,-0.21268599866889418,0.9121114644091284
1724,-84.97635573137936,78,0.023100515666818693,0.0023930220474991703,0.26038766809602715
1725,-53.59288609618648,46,0.02514200694101517,0.0006353269072113842,1.821694717688622
1726,-71.62327016337805,64,0.025242616435026437,0.0002041481373621928,0.24696379581081607
1727,-36.917620013041734,30,0.022906026533250703,0.0007810077714789288,0.8402431779974356
1728,-53.51003120755234,48,0.022217867772388697,0.005060665072467658,1.0870894513864187
1729,-60.912229913010954,52,0.029510695076195203,0.013863724431436238,2.116713683598209
1730,-29.248915617436758,22,0.024003031845817296,0.002771883323443252,-0.13191405817999702
1731,-66.70489972061992,60,0.02220165470403949,0.0021066219885124277,0.6862738387534296
1732,-118.89128364148151,94,0.08242146901152785,-0.37685321028458435,0.9909984710245352
1733,-44.45025857001422,38,0.02135847208613991,0.002760832030511159,0.35212095213779526
1734,-68.76446635718915,62,0.02239889522248125,0.0015148969483561813,0.685198618864582
1735,-24.856636673385253,18,0.022704094944984203,0.003308955844127826,0.962918404659271
1736,-60.547770062635294,46,0.05348444875968854,-0.24936103480012045,0.7872486141879241
1737,-29.811068584077802,22,0.025864465510191448,-0.002865709660386679,0.9010333470065788
1738,-64.0294244466656,54,0.03321001472405864,-0.012500122533833596,0.5876682697021285
1739,-43.94574304276069,14,0.10397827445403009,-0.5848021888203221,0.8376229987918324
1740,-53.74242399934628,46,0.025637165560748982,-0.0054035655583643556,0.7812938569397326
1741,-82.88767869629567,76,0.022806883100316838,0.00036083846245059707,0.5777608156457099
1742,-109.17472353291834,102,0.023757362691783263,0.0035288453214286845,0.6477619436262958
1743,-59.11437972486239,52,0.023557548757822348,-0.0004321677250238691,0.30284742836035566
1744,-27.62401858467108,20,0.02524509465122863,7.576194039811164e-06,0.5241222443981158
1745,-64.45473166527493,56,0.027995800216141828,0.001655154042362254,1.0836771298284698
1746,-102.78627139087405,96,0.02247109732077427,0.00024654055392024236,0.6199038139751045
1747,-140.6752049018613,134,0.02210332748960696,0.004822249765143983,0.42640455357332574
1748,-53.18259972959785,46,0.02378344281323818,0.004617556174739036,0.37176246483604397
1749,-170.01834953531804,140,0.09939850839509268,0.37756561211523115,0.20108403036346204
1750,-83.44018244094283,76,0.024636365698486026,0.022702001115817588,1.0929961576572904
1751,-53.04224975836477,46,0.023318707809154814,-0.0011812487125261039,0.7438835554515684
1752,-53.75744987663223,34,0.06542201945904687,0.06371853611129799,1.1019921586074075
1753,-18.319987742557796,12,0.020927111730324008,0.003944673908169733,0.4582624360927479
1754,-67.56895198874162,60,0.025062754929608314,0.0021311752376337815,0.46472267120173016
1755,-65.08845696549852,58,0.023471711806286606,0.005913833455438572,-0.10395178491502556
1756,-171.17657007888064,160,0.04233549272303277,-0.17598614603780197,0.8828167276250579
1757,-138.09755994493685,130,0.026813112400453053,0.0010644421055419555,0.7212514309548705
1758,-42.456728283752675,36,0.021379894979313432,0.001058257984102315,0.0967868537638207
1759,-20.972296488223083,14,0.023087074464314898,0.0015670227462006425,1.2748908107196535
1760,-93.07885556396391,86,0.02343991908597342,0.002203027701444017,0.2078906878918434
1761,-37.89410805807918,30,0.026139430655891704,-0.0038749122200379556,0.5411178794021823
1762,-11.065415155286496,4,0.02339541442147851,0.002640231106112656,0.6100781573396868
1763,-129.82352387564828,122,0.02590570819751011,0.01045444726694178,0.5547638878787541
1764,-48.860875289024996,42,0.022718130096108933,0.0023196357594755176,1.478213678161569
1765,-86.81358546550709,80,0.022561541276512748,0.0027140436434597145,0.500407742623653
1766,-14.466306575174713,8,0.021411611176075335,0.0023331786027881284,0.32706840901900797
1767,-67.48601923986038,60,0.024788143178346978,0.002169620330269689,0.8762686553725221
1768,-28.91586168223219,22,0.02290020424580205,0.004794955762474804,0.6934457676447789
1769,-53.247313335782266,46,0.023997726277424965,-0.0017027521687899008,0.8259657872600222
1770,-98.6768988938943,92,0.022108936734749125,-0.0017262235165123414,0.1642895309030177
1771,-170.57343549877612,162,0.02838885926746979,0.01325889253026701,0.45223723565635354
1772,-87.95335340907386,68,0.06607070665256205,-0.46375709071166393,0.4614843098752136
1773,-62.123432673340076,54,0.026898783686556318,-0.040122192468500344,0.9829764489728235
1774,-72.87314141158653,66,0.02275874639598166,0.001339313551777394,0.3723403040897903
1775,-58.235061671267665,50,0.027268416130024686,0.024597757905937535,0.8426627218784974
1776,-53.464759964412956,46,0.024717748226533064,0.002194421705234771,0.2297828200067369
1777,-224.68194440402854,218,0.022125643721951617,-0.0013080647748753133,0.9709230548636263
1778,-62.50565525846046,56,0.021541904829339795,0.0032775376670506617,0.26835478694835024
1779,-24.410296143743565,18,0.021511060885045674,-0.000489859974899348,0.5345250928853389
1780,-35.24354352606093,28,0.023985243463777922,0.003049683004050263,1.4361629102256213
1781,-51.222381447855504,44,0.023915170357137652,-0.00214017499415574,0.4780622099106052
1782,-45.55735788195506,38,0.02502436384753337,-0.001639364379772682,0.2943570143785266
1783,-266.13924731078635,258,0.02695115003571534,0.001658967688806133,1.0194437185806586
1784,-41.01663271540842,34,0.023233883163603475,0.001946789339964975,0.6751973823529733
1785,-38.21498616909112,32,0.02057942440096359,0.003608893554284552,0.8135245345131222
1786,-74.14614042853577,58,0.05346404115409213,-0.30569566188207425,0.9253069169042658
1787,-22.729630544234737,16,0.022283544848459482,0.0027001652433321075,0.7550136281877242
1788,-39.32486535051581,32,0.024254521028198067,-0.004392616865622182,0.29229968839050546
1789,-63.67416318468945,54,0.03203365292943551,-0.09504559691764093,0.7854814889943705
1790,-76.10668466531823,68,0.02684332670635151,-0.003318231557927631,1.123070542089312
1791,-41.55192189133453,34,0.02500636387859157,-0.0007528382176934242,1.1347355817992006
1792,-272.4388502090704,264,0.027943212612816615,0.002740329285599415,1.7330329500649138
1793,-124.54893087080272,118,0.023059615742263263,0.003743640482622448,1.0696925399628219
1794,-18.667445955858966,12,0.022077635615427034,0.004067930089778557,0.2946800942031978
1795,-63.144783595917005,56,0.023658223827539463,0.004134186199829229,0.3372827285943115
1796,-80.51870003718666,74,0.021585099460884064,0.0019313232021850367,0.7667612718546991
1797,-99.08468833289889,92,0.023459232890393814,0.004271837115050324,1.1895706251716824
1798,-50.73513346733159,40,0.03554679956070111,-0.0016424137753564,-0.1356783433428268
1799,-44.59803339728122,38,0.02184779270622948,0.001230006765756164,0.4534924946861058
1800,-41.19682868273863,34,0.023830558552114762,0.003487778493875502,0.8696209412223092
1801,-52.649514048644726,46,0.02201825843922164,0.002660969176733657,0.8332041875323178
1802,-58.9917272938419,52,0.023151414880271528,0.00044653807837664097,0.6155423268069827
1803,-61.10280810000249,54,0.023676027000007982,-0.0005899455758432547,-0.1454573794530782
1804,-153.55866419688326,146,0.025028689393654067,0.0022010682237069337,1.0632765739278818
1805,-288.6936761927151,280,0.03449871505045809,-0.0017121258094751587,1.0167935613845844
1806,-409.4596259635144,402,0.02470074822355944,0.0014708810713333356,0.6213151918502142
1807,-22.498956308695732,16,0.02151972287647569,0.006870850601807138,0.7397405250621683
1808,-58.2376475465469,50,0.02727697863095012,0.001067364858332343,1.3849187775955238
1809,-30.165544378294175,24,0.020415709861901034,0.005077542761026185,0.33961467335645545
1810,-116.78531838431462,106,0.036192343571526106,-0.05344946295141724,1.1526238678931884
1811,-82.19547582614139,68,0.04700488684152764,-0.26423225479820334,0.743489393297219
1812,-62.63224585539135,54,0.02858359554765288,0.001303307868968942,0.9184250022623525
1813,-126.9102901022373,120,0.022881755305421497,0.005888585498500985,0.6946367852618017
1814,-31.44271419056678,24,0.024644748975386842,0.00439623873804184,0.6248555585860339
1815,-55.89758676714774,48,0.026150949560091962,-0.0007591408187838037,1.2501803878316327
1816,-44.67063219081967,38,0.022088186062316457,0.002515092709784809,0.165373869962907
1817,-120.71468364772821,112,0.028856568369960634,0.03841871999517169,0.7193915662440623
1818,-6.524605178393575,0,0.021604652908587985,0.001383388866685849,0.7501919374372563
1819,-27.414239240947563,20,0.02455046106274016,-0.002513114467805979,0.2605428041469511
1820,-90.94811898848884,82,0.029629533074466474,-0.00021599317678799298,0.8687007698477154
1821,-32.667002225947854,26,0.0220761663110856,0.005192320465629871,0.38353319633227856
1822,-60.70344799644638,54,0.03385579796184996,-0.03169758493184215,1.14922469267116
1823,-37.70611574135683,30,0.025516939540916442,0.0007263532366344569,1.0572462124540316
1824,-50.954852236418915,44,0.023029312041122685,0.005330952985901447,0.47048117207939155
1825,-59.09901924618348,52,0.023506686245640732,0.004387927683770336,1.269204497518209
1826,-25.134836857160515,18,0.02362528760649184,0.0038233880046138306,0.6545099865511023
1827,-68.06546630374906,52,0.053196908290559675,-0.3109883854004542,0.4740762362584712
1828,-68.89050628901798,62,0.022816245990126438,9.45762092007065e-05,0.8690975531051783
1829,-130.560546269568,110,0.06808127903830398,-0.49372548457730053,0.33700931532121886
1830,-92.35181164666311,84,0.027655005452526162,0.002766673734784743,0.8429192231648867
1831,-50.11772796030349,40,0.033502410464581196,0.000841139286867534,0.8055759635360739
1832,-58.725543181248526,52,0.0222700105339354,0.0009930412255733318,0.07520425147905063
1833,-92.83077982854464,74,0.06235357559120746,0.3043972061559965,1.0108222627217438
1834,-50.475337570994675,44,0.02144151513574349,0.0028278197841071183,0.8940222538803552
1835,-96.35931712921355,90,0.021057341487461426,0.005909560917836571,0.9945232868434638
1836,-47.38496955224817,34,0.044321091232609806,-0.19205630852236405,0.3148023245839205
1837,-26.129589276626596,20,0.020296653233863045,-1.7706467924232513e-05,0.7231568072158889
1838,-70.92672389787732,64,0.02293617184727627,0.0037528459914799605,0.4168544775259177
1839,-41.055312171943,34,0.023361960834248414,0.001419378154516368,1.1520451336120725
1840,-55.30932381741682,48,0.024203058998069116,0.002842360482989064,0.9575773396575515
1841,-21.211108538292915,14,0.02387784284202945,0.0024010663842844054,0.6641486509649133
1842,-218.49960184989496,212,0.021521860430117112,0.0031596480072352616,1.0004782904077103
1843,-56.68989969805067,48,0.028774502311425667,0.03003406017519139,0.7204310535291936
1844,-35.41411548373429,26,0.031172567826934443,0.061057714137074455,1.3753031295413516
1845,-38.787536265720775,32,0.022475285648081954,0.0028236793939699573,0.7421229435406959
1846,-64.91039062435657,58,0.02288208816012116,0.00014945691525057228,0.6838312632479822
1847,-57.98892132134632,50,0.02645338185876292,-0.003584922926996939,-0.2723662680780919
1848,-58.301134048868526,52,0.020864682281022038,-0.00032034585420474013,0.4980162872444061
1849,-18.747959619016882,12,0.022344237149062467,0.003455478200204794,0.6946815255319696
1850,-27.997227886266298,22,0.02141867102237947,0.0026342079696977244,0.8558346302745797
1851,-28.7304330581466,22,0.022286202179293474,0.0019776470236023825,0.3485686032609576
1852,-61.30262348868882,54,0.02418087247910209,-0.0005041262790613148,0.1709170632159171
1853,-102.60288837576836,94,0.02848638535022674,-0.006216453119807118,-0.6953167274191093
1854,-33.263460999700364,26,0.02405119536324605,0.002977471666785253,0.9365300956790471
1855,-35.16389544661691,28,0.02372150810138021,0.007828621955323248,0.2607091460533363
1856,-45.79650138519431,38,0.025816229752298823,0.0011515395052419568,1.2170796554574947
1857,-43.461718843657415,36,0.024707678290256295,0.0002011519317077288,1.438730451319134
1858,-42.76079099792226,36,0.022386725158682622,-0.00017639153632366202,0.3473695063893375
1859,-54.912782831974596,48,0.022890009377399025,-0.00019898207369414681,0.2621774922272295
1860,-35.10282650419123,28,0.023519293060235782,0.0008567477457706403,0.1853741387654688
1861,-184.63560081125593,168,0.05857605919456346,-0.4017987028203747,0.7717791749248905
1862,-75.75748306560766,68,0.025687030018568816,-0.0021516678500951374,0.4419201189263135
1863,-42.404500541338294,22,0.06756457132893487,0.21054884286640546,0.11869541181965318
1864,-65.38640004686295,40,0.08406092730749334,0.3013470289807779,1.2664439474469757
1865,-50.85598759335609,44,0.022701945673364622,0.004054800653984363,0.4911838344518413
1866,-29.24389293452783,22,0.023986400445456333,0.002369714380066151,0.3342258083306564
1867,-41.98579510629652,24,0.05955561293475715,-0.4012328572339989,0.2687314138438355
1868,-79.61899568320842,66,0.045096012196053595,-0.21462896412829421,1.3192521504777182
1869,-38.54082291420619,32,0.02165835402055062,0.0036800846884594554,0.23181676530812725
1870,-64.9722719325947,58,0.023086993154287264,-0.00026242297654663094,0.6280325551234365
1871,-58.79024039475423,52,0.022484239717729424,0.004303847910568044,0.8248116340882928
1872,-36.253877202157966,28,0.027330719212443583,-0.001475536419750987,0.375220017998467
1873,-74.9957948146706,68,0.023164883492286827,0.00426302391292515,0.7455649133978806
1874,-86.9429039886697,80,0.022989748306853373,0.001002184527044166,0.8760412342627055
1875,-23.883763828301202,10,0.054233452454301334,-0.33378442070297754,1.1984844098603389
1876,-26.496746031777533,20,0.021512404078733526,0.0014028056262952232,0.5895414916826998
1877,-30.382319508458032,24,0.021133508306152373,0.004245816782542461,0.8914043604807376
1878,-53.288015546319855,46,0.0241325018090056,-0.0013066109644545131,0.25988379925055183
1879,-101.78174942701864,94,0.02576738220867174,-0.0003505660444559739,-0.1153910308055555
1880,-39.28505607164873,32,0.02412270222400254,0.0009531739974295758,0.4420986859188785
1881,-132.3226930881034,124,0.027558586384447817,-0.0014222100633813303,-0.12157054369539078
1882,-40.574470601449526,30,0.0350148033160576,-0.08348451085262994,1.5065858581376896
1883,-83.09541281038784,70,0.04336229407413223,-0.02807561886845317,0.24564340124801048
1884,-157.0731118397514,148,0.030043416687919086,0.019320654139787712,1.196653482057879
1885,-95.2590232837813,78,0.057149083721129965,-0.30744488466706815,0.024850536472339875
1886,-27.180256069244617,20,0.023775682348492304,0.0010483556175727817,-0.03430415648490573
1887,-113.3684090618268,106,0.024398705502737865,-0.0014926474931532677,1.3941774788605965
1888,-113.42930298713438,106,0.024600341016999896,-0.004143440448918029,0.8277072397125068
1889,-80.67228023720837,50,0.10156384184506057,0.3705319775794232,1.5098092054937031
1890,-62.505672755251474,56,0.021541962765733374,-0.00019304103924220565,0.23172257259541687
1891,-95.36488672780365,80,0.05087710837021083,-0.3245509119345868,0.3752475338538535
1892,-47.529598020424025,38,0.03155496033252967,-0.08892787677568957,-0.4500347712460176
1893,-411.046942464642,382,0.09618192869086503,-0.8479740966619871,0.21072221958766144
1894,-66.9070704958536,60,0.022871094357130625,0.0005477504323649881,0.4657702460906635
1895,-25.20820076937129,18,0.02386821446811683,0.0006380261526641972,0.8215787477922566
1896,-49.24986704468,32,0.05711876504860902,-0.37145225320424613,0.6738453251976961
1897,-46.79315398442038,40,0.022493887365629926,0.0024521206475529105,0.2678877574627192
1898,-260.5720892954016,220,0.13434466654106747,0.22763591210303105,0.5443668998256695
1899,-40.84401965607417,34,0.022662316741967625,0.0024525440573639895,0.5900600863833424
1900,-63.58166250115323,56,0.025104842719050446,0.002575456058924142,1.094660193049187
1901,-112.65174542419625,84,0.09487332921919352,-0.7895592505182448,1.2728908063139572
1902,-40.623690707110974,34,0.02193275068579781,-0.0006747815492778819,0.21767871633761052
1903,-63.414479273862796,56,0.024551255873718713,0.004661331638818706,0.971391038833701
1904,-35.03172666115693,28,0.023283863116413457,0.0014395452505409324,1.2566799843710053
1905,-77.92001707822156,70,0.026225222113315988,-0.037204007034587816,0.7617852709779404
1906,-52.41665741562178,46,0.025065068029772642,0.000331317251038854,1.7227934899412958
1907,-17.804477586069893,4,0.04571019068235052,-0.2388269642347914,0.4377949856958716
1908,-36.78910718950612,30,0.02248048738247032,0.0011710895225405693,0.21775970659974273
1909,-112.19883726590948,100,0.04206495608934327,-0.17048367750325144,-0.19007394846291922
1910,-148.9525466999955,130,0.0627567771523036,-0.03792099536732703,0.1475558187559691
1911,-78.50534110006515,72,0.021540864569752318,0.0022523171471937604,0.2928223646013307
1912,-56.85408522056434,50,0.0226956464257099,0.0030499114398998732,0.5381133122218539
1913,-67.26154633238141,60,0.024044855405236855,0.0020152519014509803,0.383813933135991
1914,-55.18534641405356,48,0.02379253779487934,0.004906881810165941,0.17354101542713404
1915,-96.22989923763573,70,0.08685397098554985,-0.7222686192483352,-0.2339009103955125
1916,-171.04023243089065,164,0.023312027916856076,0.0015617299455854832,0.23123884122403932
1917,-20.519950050231976,14,0.021589238576926982,0.003561775600815204,0.8169995247293109
1918,-63.134662691049726,56,0.023624710897515416,0.004318262546613122,1.1634710124863807
1919,-58.19043585590925,52,0.020498131973209276,-0.0017918456813770759,0.18569458375801717
1920,-75.54658242393859,68,0.024988683522976875,0.0007297766136640794,0.8539124587937782
1921,-232.86754757257725,222,0.03598525686283873,0.00024867831939054245,0.5615315456708911
1922,-21.820918384641214,14,0.025897080743844923,0.000482148690294129,0.5649246279895256
1923,-39.589556336544696,20,0.06486608058458489,0.27058158624849427,0.4905033634923127
1924,-40.78507881693377,34,0.022467148400442775,0.003561254873770036,0.5497727930070123
1925,-149.26603522142753,142,0.0240597192762495,0.002741130978903665,0.5942696685266827
1926,-237.22867463599235,190,0.15638633985427774,-0.7043625732728077,0.2567797586031178
1927,-52.42098929338833,44,0.028069964311294476,0.006513814481751372,1.0942301999915702
1928,-150.26523873788918,142,0.02736834019168679,-0.0033792024083583562,0.3487569852879376
1929,-61.11779195053605,54,0.023568847518331486,-0.00018998319884478454,0.5667797647160825
1930,-122.96709164908542,116,0.023069839897634635,-0.0028195355476083738,0.9717030070943369
1931,-145.11161038613793,120,0.08315102776867075,-0.6236577399867581,0.7537889645590651
1932,-150.77657913549908,124,0.08866416932284517,-0.7682749720476876,-0.22749631193769376
1933,-320.163766064282,314,0.025261336329023908,0.006206511758977822,1.0714545095098953
1934,-97.16841961914353,90,0.02373648880511028,-0.000858644072185363,0.4134551796729103
1935,-52.47471631322717,46,0.02143945799081837,-0.0001550539100653683,0.5019707288415732
1936,-44.441087957955105,30,0.04781817204620904,-0.25906120103919594,0.8668542806184789
1937,-33.22461097060303,26,0.023922552882791583,-0.0014163735376236134,-0.278716745832164
1938,-66.96724328505616,60,0.02307034200349659,-0.00299967123297296,1.2576831345822637
1939,-194.60924137249964,186,0.02850742176324364,-0.0001321572755673123,0.6433427452328707
1940,-173.8518238807629,166,0.025999416823717154,0.001817777118220037,0.7215866850463932
1941,-39.220344303764186,32,0.023908424846901324,0.004399232257277834,0.8423472048961465
1942,-202.96025971303422,194,0.029669734149120736,0.0008123613198577667,1.0350207415541992
1943,-110.93263418887146,72,0.12891600724791957,-1.067984437683153,0.541388166821423
1944,-117.24527609304754,110,0.023990980440553675,0.0014902159610966725,0.7516364187755027
1945,-20.790441899295413,14,0.02248490695130925,0.0021244833016126658,0.5739281643729423
1946,-51.25122482566722,44,0.02401067823068587,0.001731859490318557,0.7362193337183705
1947,-90.41971326254155,82,0.027879845240203854,-0.0016676067104038862,0.728240750677805
1948,-24.624692938886234,18,0.02193606933406043,0.002036447796680724,0.8136142593184281
1949,-24.901526628285,18,0.02285273717975176,-0.000967264353661545,0.451783121411152
1950,-125.51002664427101,116,0.031490154451228505,-0.0016909608323688293,0.41092486079914853
1951,-103.27223565009376,96,0.024080250496999522,-0.0008180567569142541,1.0485410888407947
1952,-56.692502524150974,50,0.022160604384605688,0.002171821323599642,0.884068965610284
1953,-32.03945194912621,26,0.02848798089210482,0.0023200461428990273,1.2298258822338264
1954,-277.1621542028505,270,0.02371574239354449,0.0018387584872651746,0.4565907935587233
1955,-18.360167917397767,12,0.021060158666880015,0.003496842791822844,0.7655215431908331
1956,-36.91364091784074,30,0.022892850721326786,0.0002894855406604066,0.7702048950056107
1957,-63.7245421696555,54,0.032200470760448546,0.0021270748543929284,0.12954435685288318
1958,-73.86582085559557,68,0.025283710584462733,0.0030082662489490006,0.8876806978821746
1959,-79.1165272506293,72,0.023564659770295322,0.0027287134704864677,0.5582364419567714
1960,-33.70130805554633,26,0.025501020051477818,-0.005027896832421866,0.20452245890798157
1961,-98.40576354939583,84,0.04770120380594587,-0.2175686298852589,0.3222561614220154
1962,-117.6034479497971,110,0.025176979966214603,0.00238271842584236,0.42513346728193807
1963,-65.54155470690431,58,0.024972035453325714,0.004024257633483518,-0.3336573550271006
1964,-52.78236904058987,46,0.022458175631092505,0.00251062159535987,0.1267115289825356
1965,-23.027072051032658,16,0.023268450500108215,-0.0029655711585039038,0.7921004735870867
1966,-399.3604382472196,380,0.06410741141463466,-0.19471235002324738,0.9829121252600511
1967,-32.67969280245365,22,0.03536322120017792,-0.10997056336664836,-0.49888578518020105
1968,-39.3727332580622,30,0.031035540589609664,-0.024293386136005873,0.5214691079544699
1969,-108.73093304859547,88,0.06864547367084504,-0.5083286980322765,0.13249790142646864
1970,-60.75951501984722,54,0.022382500065719308,0.0030020091531563872,0.3283739948620563
1971,-128.20585441788856,120,0.027171703370492763,0.0016888167582674335,1.187388856800748
1972,-55.03401238079843,48,0.023291431724498442,-0.0017113463536817704,-1.203205345021499
1973,-56.94874105402694,50,0.02300907633783755,0.0013500728616675992,0.5848549859148037
1974,-57.06302187838916,50,0.023387489663539995,0.0015887408001912721,0.1163125296356542
1975,-108.51166721960824,94,0.04805187821062356,0.05908066414031416,0.41499927346138316
1976,-76.39537745763685,58,0.06091184588621532,0.035627305339435915,0.17323227012193637
1977,-53.0022745070919,38,0.04967640565262278,-0.2771852805311576,0.6887306774216658
1978,-62.768917634442076,56,0.02241363455113193,-0.00011115692484975848,0.27195489511953125
1979,-64.5887682968729,58,0.021817113565804458,0.003742748718718005,0.38855484601457924
1980,-36.448586809208706,22,0.04784300267949901,-0.24545116942269504,1.052163056766002
1981,-291.439722345767,280,0.041750811480904176,-0.1618770798353859,0.825842435614301
1982,-90.84158561476583,84,0.022654257002536465,0.004444067022533446,0.84681696182931
1983,-61.526441204130656,50,0.03816702385473734,-0.15138689800973562,1.1070862883926271
1984,-146.15763596769244,138,0.027012039628119957,0.003939038818618837,1.5841190939214056
1985,-65.48069385637167,50,0.051260575683349636,-0.31724659633003205,0.2113828683950451
1986,-85.86694942754188,78,0.026049501415701365,-0.002615262361224864,0.2729636382781099
1987,-51.807449176763555,46,0.022165836552532646,0.00321830760470755,0.5147987484077049
1988,-39.288941117338034,32,0.024135566613702003,0.001206345601463752,0.18103699372273357
1989,-12.65606727794899,6,0.02203995787400322,0.0030262918328706,0.6818806797067869
1990,-91.10971194529891,84,0.023542092534102235,0.002586173511637199,-0.08483504690507439
1991,-122.7301737601044,116,0.02228534357650463,0.001283025535884381,0.05886742364181921
1992,-74.7933426736028,52,0.07547464461457909,-0.32705921492530093,0.37835665064783297
1993,-20.602808273853782,14,0.02186360355580717,0.001128641030418113,0.6361006622289043
1994,-88.83191672226597,58,0.10209243947770168,-0.867949015647674,0.8260731240181678
1995,-72.35124174077028,66,0.02103060179063036,0.001979124271511316,0.6214983799035695
1996,-70.24573174220232,64,0.02068123093444498,0.001281970138968021,0.2021618551850363
1997,-86.81177135430536,68,0.06229063362352711,-0.4748924225538704,0.7497194737175924
1998,-69.41864985349676,62,0.024565065740055163,0.003489739999378606,0.935871590566644
1999,-188.87429510680144,172,0.05587514936026863,-0.3638683049201762,1.314364698652501
2000,-30.163487454289445,24,0.020408898855263338,0.0024052932062833907,0.0783071605488658
2001,-133.50287820153122,94,0.13080423245540118,-1.0488881957876057,0.36960435333270086
2002,-92.97440426567397,86,0.023094053859847773,0.0030146850491966437,0.22622973637589652
2003,-49.93583531507236,34,0.052767666606199415,-0.2845416374712726,1.2205693670795206
2004,-27.355911617099736,20,0.026651853685144118,0.0016218555815335687,0.7315239364916097
2005,-8.90899757564931,2,0.022877475416057343,0.0003833809973123107,0.36107794089136425
2006,-56.760738438900944,50,0.022386551122188725,-0.00122641457733544,1.0662119554502825
2007,-62.78749246814378,56,0.02247514062299243,0.0033171391241030384,0.3353982293798699
2008,-70.54226872206162,64,0.02166314146378017,0.0003366079590042794,0.48608686118059025
2009,-83.95644579385352,76,0.026345846999515848,0.0015201758542437327,0.870076112848759
2010,-50.91476490740331,44,0.022896572541070914,-0.0019394620885264547,0.2659406873308097
2011,-122.8854594303075,116,0.02279953453744251,0.0030356459755185275,0.8062047047828115
2012,-49.79215611014385,42,0.025801841424317327,0.0017914238820678943,-0.29882358557772853
2013,-40.55336125430727,34,0.021699871703004546,0.004387099310888335,1.0594846583415587
2014,-54.54259114388028,48,0.021664209085696544,0.006344295014466918,-0.46855630955804567
2015,-75.6784856344203,46,0.09827313123980214,-0.5223097886052908,0.5396486335629073
2016,-46.89156804852005,40,0.022819761750066482,0.0006948952397350099,0.8389321623828774
2017,-35.82481711006391,28,0.025909990430675028,0.017844018346124285,1.9188201096009105
2018,-135.32783638316158,128,0.02426435888464092,0.0002881393843447629,0.474804201420853
2019,-31.306182573921678,24,0.024192657529541854,0.0011022197364810977,0.339121291742073
2020,-27.679624420625753,20,0.025429219935847017,-0.001080868697096131,1.4752926831064663
2021,-65.44493090929741,58,0.024652089103633274,0.0013027924788338657,0.3882629032336971
2022,-35.64336682838303,28,0.02530916168338752,0.0025734881616801962,0.7452942453480529
2023,-59.12483181166367,52,0.023592158316766827,0.00229053951380466,0.47422357929325704
2024,-12.530398966938828,6,0.02162383763887023,0.002642187239318494,0.6388085889282316
2025,-150.03142045687798,142,0.026594107473105297,-0.0005077850414341353,0.27284252609477827
2026,-32.976914139693946,26,0.02310236470097369,0.00458564702907133,0.8955127249014277
2027,-166.6336126211274,160,0.0219656047057221,0.0056259440837909055,0.7176248587823676
2028,-59.36845339493443,52,0.02439885230110781,0.0030576154470924807,0.6752802460708051
2029,-63.40804671972552,56,0.02452995602558099,-0.001344084204791348,0.7735458077924535
2030,-65.40944795070475,58,0.024534595863260383,-0.0005040729402013999,0.38212555218179595
2031,-102.63694775219625,96,0.02197664818608086,0.0031704043837291933,0.7894526028150649
2032,-39.388563467273414,32,0.024465441944614537,0.004160664336592428,1.0064599139282981
2033,-140.03068001091194,122,0.0597042384467277,-0.3883763954812809,0.8720231548892272
2034,-31.197343627062565,24,0.023832263665770133,0.0011741802545066997,-0.17569465097965092
2035,-72.71360787540273,66,0.022230489653652177,-0.0005143029106447831,0.47586048793175645
2036,-56.88995319957409,50,0.022814414568126357,0.0033644888755504586,1.2843663034861137
2037,-40.7458122145114,34,0.022337126538117126,-0.00189599976381472,0.3205735840100528
2038,-97.83210884746988,84,0.045801684925397775,-0.22320188476475855,0.9835645847493591
2039,-54.44047198071945,48,0.021326066161322342,0.0029884363820665326,0.7037791510459517
2040,-22.526611963312167,16,0.02161129789176217,0.0011481276658573342,0.7131592474848923
2041,-55.57930255695886,48,0.025097028334301438,0.0013193248768047189,0.5764871658618459
2042,-93.41225341350584,72,0.07090150136922425,-0.5695942390471117,0.5389269280185713
2043,-34.628934051157316,28,0.021950112752176457,0.0004694997533633133,0.5287212382938052
2044,-24.333166214726358,16,0.02759326561167639,-0.0019209285783242213,0.8834295727862261
2045,-43.1919717046736,36,0.0238144758432898,1.5115032792831493e-05,1.0342709792465656
2046,-143.01374817370868,136,0.023224331701021464,0.0018684368580579758,0.9189858299427685
2047,-61.563697052570426,54,0.025045354478710268,-0.005739720570947358,0.3095435827274711
2048,-51.38879587614454,44,0.02446621151041302,-0.0022976758445779613,0.4843461205357137
2049,-68.93946984404589,62,0.02297837696704009,0.006535682372289358,0.9578073002562247
2050,-106.60929395206537,100,0.0218850793114749,0.0022745526543762906,0.6803213410841961
2051,-6.975180833559319,0,0.023096625276686485,0.0010255772187158663,0.7557534322933223
2052,-237.49222669398512,216,0.07116631355624191,0.30302484084301573,0.6168070500402978
2053,-95.1224106165695,68,0.08980930667738272,0.2921476131622735,0.8723315260792459
2054,-78.85820813584789,70,0.02933181501936405,-0.0017587670333227081,0.5840733449664028
2055,-74.66277498629857,62,0.041929718497676835,0.170762481714679,0.3504022689203158
2056,-48.24025404181325,28,0.06702070874772584,-0.48178165426897196,0.0005993951428897482
2057,-36.909064071242604,30,0.022877695600140652,0.0017154553239788885,0.22156646233961752
2058,-33.17164520926725,26,0.023747169567110028,0.002243268789202345,0.883801653694642
2059,-222.49452937921023,216,0.021505064169570355,-0.0013205587602565867,0.27292605534343156
2060,-58.795226018853946,52,0.022500748406801486,-0.00016742140642176105,0.5790025277280276
2061,-16.60324767492236,10,0.021865058526232894,0.005227553099548037,0.4973500123221677
2062,-130.40201175802844,124,0.021198714430558603,0.0014811349792917881,1.0867996719520499
2063,-19.345971842506998,6,0.04419195974340055,-0.18992571396867294,1.2820036995459028
2064,-65.04404074894286,58,0.023324638241532615,-6.193474554981025e-05,0.6281998656629793
2065,-62.7642576399469,32,0.10186840278128133,-0.5282381617600586,1.314643092928701
2066,-9.33116077910883,2,0.03394055916254085,-0.10305451357530224,0.6410133842223634
2067,-86.9903233563714,80,0.023146766080700164,0.0006742426720046938,0.12087027872201372
2068,-285.75441992587287,278,0.02567688717176232,-0.00017009728452474472,0.8170081105394985
2069,-18.413210670226608,12,0.021235796921280282,0.005441005420809402,0.8373420936514975
2070,-19.911107692495943,14,0.027621998563065332,0.002282503862412664,0.8243635526283809
2071,-96.44616187473781,88,0.02796742342628558,-0.011162347393245313,0.47547254326478855
2072,-92.09716098704064,68,0.07979192379814784,-0.6106740515161034,1.1628016936850258
2073,-62.83820582527341,54,0.029265582202892364,-0.024950912992110698,0.18668818543510918
2074,-53.46730471890051,46,0.02472617456589535,0.0023990505481360862,0.19650989581607894
2075,-49.29236452001483,42,0.024146902384155133,0.0012327965997338344,0.28561587327112525
2076,-24.92702474119074,18,0.022937168017187825,0.0019977526398474313,0.47975069925162805
2077,-72.87713191797403,66,0.022771959993289664,-0.0016603385691148606,-0.1472308036310765
2078,-103.82301805677695,98,0.02940918210493473,0.002208691660427686,1.5436954552890978
2079,-85.8241494610861,78,0.025907779672471997,-0.0007915593733061228,0.9900743614059421
2080,-50.46941542372446,44,0.02142190537657132,0.002972827142178519,0.7430726535912813
2081,-56.537672467414694,50,0.021647922077531818,0.0004605867740365103,1.0194367457231712
2082,-51.29527343467881,44,0.0241565345519169,0.002553784329741376,0.4927686130540293
2083,-131.30977746511232,124,0.024204561142756015,0.0030106211438873745,-0.06750385501344507
2084,-49.85886925557936,22,0.09224791144231603,0.3962364919041129,1.0082696155022015
2085,-72.5019886475678,58,0.04801982995883398,-0.2226295750446707,0.287502049127673
2086,-104.68767122792005,96,0.028767123271258098,8.686681629608798e-05,1.0630645015794713
2087,-64.95705202623309,58,0.023036596113354495,0.0022807306706418115,0.7312367645596518
2088,-112.53556781802368,106,0.024569803827155477,0.006170955489746722,0.980417801712791
2089,-98.86848979985358,92,0.022743343708124596,0.00032487012706511955,0.8818695016156355
2090,-45.575204353444796,38,0.02508345812398944,0.00025323559508877896,1.4947906345861042
2091,-59.944153311298585,52,0.026305143414895576,0.000479063817719306,0.441613880965538
2092,-123.1751137217377,116,0.02375865470774114,0.0011707341505078882,1.3192632491878058
2093,-92.58431670966348,86,0.02180237321080688,0.00013808019332809757,1.1358744260486113
2094,-33.84603982995322,26,0.025980264337593425,0.0031431656776632903,0.06846157055099908
2095,-46.64827038200097,40,0.02201414033775187,0.005682229538084261,0.5448603583140521
2096,-60.45199979091191,54,0.021364237718250887,0.001949811170173698,1.2610250531254021
2097,-34.89755347467976,28,0.022839581041986107,0.0012809645877966027,0.7119378455862132
2098,-149.52220264111205,138,0.03815298887785272,-0.0062125536835203506,0.3760757388873951
2099,-38.73394685162832,32,0.022297837257047093,0.001808279864983448,0.695391370193564
2100,-68.89787616378976,62,0.022840649548972226,9.979267862150507e-05,2.050525832240584
2101,-69.44008893141968,62,0.02463605606430323,0.0012354301961003155,0.5773730991960238
2102,-50.503049095456014,44,0.021533275150516694,0.0006594975384889751,0.3538390386959118
2103,-42.24013752040727,18,0.08026535602783869,-0.6123564777893495,0.7827492904796154
2104,-119.93975609577421,100,0.06602568243633831,-0.40470373807546284,0.24322962374889
2105,-38.93581419079276,28,0.036211305267525556,-0.062193634465262784,-0.1755726487434389
2106,-96.75822930822702,88,0.02900075929876364,-0.0027496168955802817,0.6600700233813949
2107,-42.845704959634205,30,0.042535446886206175,-0.16226583133248879,0.6359950243424091
2108,-76.9807081265185,70,0.023114927571253194,0.005686607712664679,1.4248983338579306
2109,-41.210831195302696,34,0.023876924487757384,-0.0016407913623982114,0.1445882660414274
2110,-70.75219433245957,64,0.022358259379005152,0.003142264479499878,0.35705733662236033
2111,-27.56212282685679,20,0.025040141810783782,-0.0028806657218898566,-0.18928924638289182
2112,-43.59472928642662,38,0.021192156387980252,0.0016056166633709589,0.45331972610120747
2113,-121.18536361549957,114,0.023792594753308915,0.002390069814725773,1.051968493285922
2114,-21.24880164172465,14,0.024002654442797124,0.0026310371394602226,0.40563414532971487
2115,-38.874721682377924,32,0.022763979080721627,0.001269613839809271,1.1043477091114868
2116,-36.52914839714138,30,0.021619696679276046,0.0031658938757470802,0.4418416228629718
2117,-57.935174192972426,18,0.13223567613566986,0.20264754583681346,0.7867880935217131
2118,-201.38457266862153,188,0.04431977704841473,-0.11144823702391458,1.2803736292072478
2119,-30.715622913166097,24,0.022237161964125972,0.003580908941579921,0.7293293827970817
2120,-80.44620551061075,68,0.04121260102851291,-0.1600913686460402,1.2625293078503128
2121,-64.23241511711977,56,0.027259652705694342,0.0024403115599154067,0.5655146758854991
2122,-39.359873538276375,18,0.070728058073763,-0.5866170721196813,0.12853042305839774
2123,-149.29017073368598,124,0.08374228719763564,-0.5998752192876283,0.48459704221667266
2124,-49.279436709029504,42,0.024104095063011758,0.0034280466933469503,0.5797953626742688
2125,-186.9672435554353,180,0.023070342898792607,0.001833256170313978,1.4174279146651207
2126,-22.936243435820394,16,0.022967693496093983,0.0022934728239228123,1.2013618868646143
2127,-69.48147993016923,62,0.024773112351552495,0.003596326170767895,1.2679359015630132
2128,-34.89060895145766,28,0.022816585931979286,0.0010579689556967145,0.43879099398425825
2129,-92.60323795101979,86,0.02186502632787975,0.0037275346639004865,0.4601481250118218
2130,-66.6460284622212,60,0.02200671676232169,0.001693015371446208,0.6140644903692559
2131,-63.31481652108409,56,0.024221246758556275,0.001483047869062631,0.6327789845023326
2132,-30.997715406187268,24,0.02317124306684501,0.004984387724092909,0.28318563284713233
2133,-75.79569697439652,52,0.07879369859071682,-0.41151461747289164,0.5448129560035925
2134,-74.48167942856375,68,0.021462514664118682,0.0018523270790064277,0.7953573081932271
2135,-230.91694846538397,224,0.022903802865507895,0.0016203283269069348,1.5835590332139373
2136,-75.86642158268113,64,0.039292786697619514,-0.15755646071911,0.800631268134106
2137,-14.763304618358008,8,0.02239504840515906,0.0020044983692300684,0.14484956027469242
2138,-75.74259241371884,68,0.025637723224234854,0.0019839337312258683,-0.12413448318422754
2139,-137.18944938041085,110,0.09003128933910719,-0.5900866504356154,0.8974639227463469
2140,-52.622329413139745,46,0.021928243089867145,0.0016037202625233211,0.31375785044533977
2141,-114.55607503371844,106,0.028331374283836693,0.01095497552120429,0.7430176723077708
2142,-60.85109683281924,54,0.022685751102050445,0.0030913986877803474,0.33193090991888985
2143,-86.81101411516457,80,0.022553026871405403,0.00028098970374080125,1.0265821336971717
2144,-44.67389867289843,32,0.04196655189701444,-0.20352820029115268,0.5568327357382699
2145,-145.1785796840474,138,0.023770131404130347,-0.003806035809946672,0.6409792830614027
2146,-95.0946649267068,88,0.025892937688712224,0.008810664452170531,1.7643328560980838
2147,-222.13680343116053,196,0.08654570672569606,-0.6610571239412676,0.21654911437387955
2148,-32.95501393090809,26,0.02302984745333793,0.004362890408651916,0.6083250800478396
2149,-39.85237508227836,30,0.032623758550590284,0.0002837713901878686,0.6806521045493535
2150,-36.64900928654446,30,0.02201658704153758,0.0021535107451151835,0.885077000742753
2151,-49.08859574605445,42,0.023472171344550798,0.0011064904045763838,0.13126905348860438
2152,-194.91353902144047,188,0.02289251331602721,0.005354273061974234,0.5895448745177853
2153,-138.73568953841308,88,0.16799897198150157,-0.26189724322892605,1.5916478744982465
2154,-75.26782569509781,70,0.024164338050907473,0.002728857076726854,1.7792887853648633
2155,-119.7279910765049,112,0.02558937442551317,-0.0012596620143459037,1.2151798553491129
2156,-27.35153997251899,20,0.024342847591122433,0.003317343488502137,0.7104238071278453
2157,-51.20845493449803,34,0.05975157963367388,-0.3841758534889474,0.5796054677090271
2158,-90.37024023734186,84,0.02469085363310751,0.0019273275897527735,1.080604062126144
2159,-172.19287877844914,140,0.1065989363524823,-0.2926231021568833,0.9452851885114025
2160,-430.96705119186265,422,0.029692222489613895,0.004121832478335066,0.3174948224612043
2161,-7.0653433329568465,0,0.023395176599194902,0.002293472728053638,0.9234729171990392
2162,-232.4636730780954,224,0.028025407543363294,-0.0029377339130255164,1.9269820445969652
2163,-59.14260605206569,52,0.02365101341743528,0.002734618417653471,0.0815839032300236
2164,-49.15500011455345,42,0.023692053359448333,0.0034666230720128643,0.23497864962208534
2165,-223.6117825434086,202,0.07156219385234784,-0.5499687528475157,0.6160962741887922
2166,-101.23630113551366,94,0.02396126203812518,-0.002328119071629145,0.8809201486787301
2167,-40.74776882652064,34,0.022343605385829857,0.0037430057528780292,-0.20425530946189044
2168,-56.29576272026867,50,0.020846896424730633,0.0029429845789459763,0.4639703086475589
2169,-106.8227469641932,100,0.02259187736487839,0.0010509984816011312,0.04837563435218624
2170,-63.494795067900974,26,0.12415495055596379,-0.2499874456196604,1.2101100724270655
2171,-34.81734045263857,28,0.022573975008737108,0.004527960555467582,0.465628220938032
2172,-126.70042657825982,120,0.02218684297437063,0.0035943793337206227,-0.054455407116629974
2173,-14.871752481364993,8,0.022754147289288113,0.002789384425873714,0.5989121757131625
2174,-46.806514649126726,40,0.022538127977241546,0.005583103459223562,0.9262162140821336
2175,-122.76815430077534,90,0.1085038221879983,-0.9934675808621611,0.5091797071216098
2176,-76.66413946151698,70,0.022066686958665576,0.002294010187604076,0.6029567474548686
2177,-91.5622142478424,84,0.025040444529279563,0.0007964494977175684,0.20051999595350645
2178,-104.05074052487383,94,0.033280597764482465,-0.00022127108023168877,0.396435634124718
2179,-63.105555597157206,56,0.023528329791910316,0.002087893076734432,0.6356973532062264
2180,-12.980055456516661,6,0.023112766412306834,0.0032495752262608427,0.33001968162905254
2181,-38.80421246552375,32,0.023958494596914653,0.0028759803607384346,0.6980495263674809
2182,-246.24477701104053,238,0.02730058612927355,0.002486968879273396,0.665500700875611
2183,-86.87437643197494,80,0.02276283586746652,0.0051405950199615285,1.709014717602928
2184,-98.40400701086213,92,0.0212053212280199,0.0009726032282423154,0.5692216783085073
2185,-16.50006883573908,10,0.021523406740857752,0.002897226788097413,0.13975407690081948
2186,-66.72992654626722,58,0.028907041543930888,0.00702322877385339,0.14371800810246674
2187,-268.7173982095406,256,0.04211059009781491,-0.03752943616127595,0.3285883340300354
2188,-24.89821140482153,18,0.022841759618614496,0.0027514934135039666,0.6072450374920748
2189,-70.96950123554046,64,0.02307781866073024,0.0036542718259414153,-0.32918660127020455
2190,-151.5588454542164,126,0.08463193859012086,0.26532775144260806,0.6499787862465912
2191,-132.26086563513232,124,0.02735385971898126,-0.0026119764598968457,0.6890262757252211
2192,-10.889632799209693,4,0.022813353639767223,0.003744267483568744,0.3436373584687136
2193,-47.825903493160226,30,0.05902617050715306,-0.39088669440443846,0.9798535571605818
2194,-104.83782200676808,86,0.062376894062146276,-0.19852685005452625,0.5349520126316138
2195,-44.864659914700454,38,0.02273066196920695,0.003515452203928302,0.654641824838646
2196,-42.30393915183407,36,0.020873970701437105,0.0003185398850454301,0.7365675634385351
2197,-44.80938178990673,38,0.02254762182088353,0.003503074921090896,0.7148093933002027
2198,-114.70091576585206,106,0.02881097935712581,0.0453821019454557,0.23153920798682545
2199,-89.45522632317412,72,0.057798762659515834,-0.20777723287835112,0.24495862296420853
2200,-64.72483516658619,48,0.055380248895981095,0.040700195836742094,0.48337633722537027
2201,-115.32124799558959,108,0.024902204066631826,0.004547608895607445,0.3978391585444325
2202,-30.63422148602006,24,0.021967620814635994,0.0006921640553338984,0.6540935165730662
2203,-34.59271390714285,28,0.021830178500472877,0.0016941797853654115,0.1766503179869892
2204,-58.648255583559276,52,0.02201409133628958,0.005132083041170945,0.947963371406778
2205,-88.26510908868299,82,0.020745394333386406,0.0003505814859847113,0.4129801417986588
2206,-41.14484608061122,12,0.09650611284970646,-0.8463209588552474,0.9768157790645506
2207,-47.88086027786041,40,0.026095563833974773,0.000743027758439201,0.28791445341047567
2208,-54.198907444724426,48,0.022623749798264238,0.006598228441502892,1.2819839454376663
2209,-38.791782863708896,32,0.022489347230824023,-0.0008051656774054004,0.5997568550562433
2210,-138.6012655940316,104,0.11457372713255425,-0.6667903554520959,0.28519561587607745
2211,-58.96545573249162,52,0.023064422955269902,5.86502133739113e-05,0.5284533260505035
2212,-61.09484292972691,54,0.023492857383201695,-0.0026765906011426686,-0.03228095530035801
2213,-48.2038186878963,42,0.020542445986411858,0.0028370309642682607,0.20392689407511694
2214,-77.8554665598614,70,0.02846183536181672,0.02932744706015818,3.0596490272416554
2215,-62.614081037886145,56,0.021900930589027336,0.001391982616061061,0.4892989263645857
2216,-208.77267268298462,202,0.02242606848670423,0.0004029416011196148,-0.10760561765190091
2217,-107.41247218198869,100,0.024544609874134735,0.0004277521457572449,0.2930900039444156
2218,-72.33656362906953,66,0.021850219410584196,0.0008905026298979746,0.5092790482860813
2219,-26.690898626327712,20,0.022155293464661257,-0.0003015560411003153,0.7551867747535954
2220,-78.52899164920044,54,0.08122182665298122,0.5283308674358155,0.20631817467664892
2221,-150.03810989283636,132,0.059728840704754316,-0.38390847553392266,0.3042545060391248
2222,-44.806108088434485,38,0.022536781749783467,0.004970202165762184,0.6250761706500378
2223,-83.07133209795559,74,0.030037523503164385,-0.08260218756865488,1.1245631428645146
2224,-53.412958121789444,46,0.024546218946322463,-0.00026354370372746116,0.20837817734465103
2225,-36.998112775854985,30,0.02317255886044708,0.0012680659035146729,-0.5971446159004892
2226,-44.640290728081744,38,0.02338130538056951,0.0005175759599373584,0.8322332669521824
2227,-88.78706436335715,82,0.022473723057472954,-0.0006351929743903757,1.2799290581328782
2228,-78.73791529981963,72,0.022310977813973724,0.0003993770812286545,0.5873264443453876
2229,-35.41970176730122,28,0.02456854889834838,0.0003146597656840767,1.526291130059738
2230,-47.42335264641568,40,0.024580637902038665,0.0002866836685674968,0.1257476294791932
2231,-92.94800187128683,86,0.023006628712869702,0.004515836114026853,1.168227582611105
2232,-89.1852199413024,82,0.023792119010934965,0.000758426207493966,0.5088404574114228
2233,-57.097309650169045,50,0.02350102533168536,0.002188433826182482,0.7759418420425758
2234,-103.07370202141702,54,0.16249570205767302,0.4786583730843788,0.2711092068262503
2235,-6.560368099332066,0,0.02172307317659626,0.0007090219646724656,0.6663409334920433
2236,-46.794330396456104,40,0.0224977827697222,-0.0014555139598183778,1.0227317887737681
2237,-96.92562819642407,90,0.022932543696767393,0.0012417473508020407,0.5377586982976984
2238,-69.29631936250236,62,0.024159997889081675,0.005496922701316583,0.6002252308083702
2239,-136.54593768997205,130,0.02537185151152042,-0.000564539580526509,0.42569654115837596
2240,-98.47875328118383,88,0.034697858546966005,-0.020912197935711037,1.602902864288949
2241,-36.778497417432334,22,0.048935421912027786,-0.2608390091201414,0.03405364661006063
2242,-86.57804321309729,80,0.021781600043368193,0.0015869249403939292,0.5648678186133991
2243,-46.89266165307467,40,0.022823382957200843,0.004833501932636791,1.2310317262495245
2244,-28.869726998184074,22,0.022747440391338213,5.697526279775216e-05,0.7203801498857839
2245,-126.91218776713784,120,0.02288803896403279,0.0031168995123176946,0.49906759938203565
2246,-205.326068811073,196,0.03088102255322168,-0.030346914133078585,0.7607434078329397
2247,-156.79970991698025,150,0.022515595751589502,-0.0005793431028261139,1.1406439659495635
2248,-88.50179526114952,78,0.03477415649387286,-0.0012993277954893643,1.3377788044531547
2249,-38.294791137711755,32,0.021706176336937142,0.0031206695295284215,0.814580613069742
2250,-271.6787161888761,262,0.032048729102237945,-0.0015076577693489165,-0.40897990240382387
2251,-132.94298577286767,126,0.022990019115456378,0.002276000677375123,0.9915179381067233
2252,-352.9400167501087,346,0.02298018791426867,-0.00028445488551249174,0.6692937218020547
2253,-10.47206142399428,4,0.021430666966868545,-0.0009410911344534514,0.6691525979908122
2254,-82.87172733542583,76,0.02275406402458885,0.0001564872469629673,0.8224822256215678
2255,-24.898685835545297,18,0.02284333058127544,0.0022305253291015348,0.8601945127674304
2256,-47.47534058190881,40,0.024752783383803885,0.0005339069168595288,0.9492671090162929
2257,-127.99977683089979,116,0.03973436036721632,-0.11005845455859868,0.04462717725310956
2258,-47.44194754880278,40,0.024642210426499268,0.006808733950840889,0.008771495615742756
2259,-50.90856022174428,44,0.02287602722431833,0.0032024367917899586,0.6310043536984502
2260,-45.14166166948655,38,0.023647886322803294,0.0016788664003309873,0.8655608717020637
2261,-62.78113292848381,56,0.022454082544648257,-0.0003581926400082445,0.28146993331769204
2262,-28.320242085936904,22,0.02092795392694316,0.002444144477759371,0.9104942566443032
2263,-94.61920089276803,88,0.021917883750888274,-0.0010359983025072452,-0.19782279459875238
2264,-20.389561079458744,14,0.021157487018075582,0.0028644132435773594,1.0289884444924382
2265,-57.344425744007424,52,0.02544964640003563,0.0028069933822345255,1.361724848585159
2266,-44.39301682597668,38,0.021168929887339687,0.002939019449647294,0.4257927066380576
2267,-81.09762696419914,62,0.0632371753781434,0.3002807762839258,-0.13237078022766882
2268,-40.80690692197948,34,0.022539426893972026,0.0013099488437588987,0.09213317154215908
2269,-40.77511002304109,34,0.022434139149143214,0.0006841287043081312,0.5582962121105975
2270,-312.7525895113294,290,0.0753397003686396,-0.5701156094905053,0.31707216360674095
2271,-14.59564135241007,8,0.02183987202784791,-4.982752463354772e-05,0.46950775332756983
2272,-51.641214791571045,32,0.06503713507142701,-0.446158788403934,-0.2040632862022566
2273,-154.84112939076587,148,0.02265274632704006,0.002613000773989737,0.8641452650151012
2274,-32.92423205355517,26,0.02292792070713606,0.0024498845069724695,0.45315922016327254
2275,-175.5484850973675,170,0.023915884040377203,0.0059911222478117926,0.7448958892661753
2276,-64.89500622067101,56,0.02945366298235494,0.01672283614552364,1.5981646012019872
2277,-348.36799524622893,344,0.02348384540983093,0.00556243859001145,1.391928873071447
2278,-76.65209571686943,70,0.022026807009501242,-0.0010727477591447778,0.9592883366914867
2279,-26.36148872452126,20,0.02106453220040136,-0.000369350368385234,0.8867163667555926
2280,-93.6834296166883,74,0.06517691926055712,-0.3930874981126434,0.28282758782614664
2281,-6.933089506473962,0,0.02295725002143698,0.004611819017129574,1.3550422331553018
2282,-28.386928805737135,22,0.022810460020489733,0.003879096420548324,0.7890399361171044
2283,-132.65391537037945,80,0.17435071314695208,-1.1145384705963928,0.6276018879903208
2284,-59.02614502829814,52,0.026414079053752957,0.0008288575052738862,1.6021090330818626
2285,-41.1784010611904,34,0.02376953993771709,0.0033568184179815137,0.9224794188166647
2286,-100.85486505415355,94,0.022698228656137284,0.0019012266608103123,0.2571853436912034
2287,-86.62502979288544,80,0.02193718474465398,0.0008976189240763913,0.6323813734833222
2288,-54.79220275922712,48,0.022490737613334828,0.0033462397577641964,0.13998286727062637
2289,-67.407739029295,60,0.02452893718309708,0.0029823055099202503,0.737556460106775
2290,-80.78217589164471,74,0.02245753606504865,0.0018890790425052878,0.6120759836591577
2291,-80.96768922480074,74,0.023071818625167967,0.004122103912916207,0.37455970000642175
2292,-16.677660481903455,10,0.022111458549349244,0.000639067197122938,0.6851150066992507
2293,-226.86923191007944,220,0.022745801026753606,0.00044322265057658024,0.7899129017773902
2294,-18.593416563195753,12,0.02183250517614481,0.0018076301747408775,0.6079943695288715
2295,-69.44301415430958,62,0.024645742232813888,3.023208851389439e-05,2.219863204448638
2296,-76.79042975759492,22,0.18142526409799656,-0.1131038711836102,0.9101612063135112
2297,-148.71340652249967,142,0.022229822922183808,0.004491236672442968,0.8223684654708926
2298,-108.92712226987021,102,0.022937490959835445,-0.0009323174958826592,0.10349147591885605
2299,-82.09279772747524,74,0.026797343468460678,0.0017827435667990455,1.426192620103552
2300,-115.0853715060101,106,0.030084011609305256,-0.012721868577804139,1.3100380968458993
2301,-206.85077626838884,200,0.022684689630426802,-0.005192763041643216,1.4076769071133093
2302,-42.952668204222235,36,0.023974717945594016,0.0018983418213460465,0.9201521350857842
2303,-89.71331763593548,84,0.022853270543743323,0.001161763417162001,1.6062701815496199
2304,-126.89969006247973,120,0.0228466558360263,0.0036187127622658547,0.47110710282226415
2305,-43.044393115614014,36,0.023325805018589676,0.0020421001964575605,0.7433415790201782
2306,-70.84009973866222,50,0.06900695277702693,-0.20184040775064638,0.6291725739770776
2307,-78.42398501029231,72,0.023970093321986016,0.008182052952852518,1.1818453956949664
2308,-119.47841461171892,96,0.0777430947407919,-0.6422613058902249,0.689965616151635
2309,-11.042083494959547,4,0.023318157268078066,0.0030699545759646013,0.6689986195453096
2310,-81.50256143692879,74,0.024842918665327098,-0.0019307026503891345,0.6112039124078136
2311,-73.36088254840938,66,0.024373783272878115,0.0006221777159683653,0.42900397696432857
2312,-63.22016122653243,56,0.02455837151881775,0.004283560507417637,1.360612475699951
2313,-43.09354206633948,26,0.05660113266999858,-0.3472242789680681,-0.1892269472775068
2314,-89.96006696019661,60,0.10260296904176854,0.5194710990866926,0.41335601531673216
2315,-74.48358936755174,68,0.021468838965402588,0.0014205266641366561,0.20736904507302464
2316,-68.9012832473421,62,0.0228519312825891,0.003695937632644759,0.8083826313015776
2317,-96.38848118054078,84,0.04102146086271767,-0.16330307841344138,0.7410680703044752
2318,-142.9103773017149,136,0.022882044045412542,0.001061541102487372,0.034339877340128486
2319,-106.69192772578893,98,0.028781217635062802,-0.0035657513168153186,0.9033449812872422
2320,-57.91131664888075,50,0.02619641274463806,0.0003840383733946534,1.6852788516917785
2321,-68.65147329783069,62,0.02202474601930758,0.0028816215286882507,1.1988428221346306
2322,-126.63687463421006,120,0.021976406073543498,0.0009818503583799924,0.6917709668967195
2323,-90.8690130511274,60,0.10221527500373304,-0.22804969791215013,1.1915478259522971
2324,-40.85155554560847,34,0.022687270018570682,-6.929865347480537e-05,0.25635064535497515
2325,-31.06343276214021,24,0.023388850205762052,0.002981323243480404,1.1166638515892728
2326,-24.809198107552625,18,0.02254701360116736,0.0020011846989929825,0.2967072135702528
2327,-83.12268026764785,76,0.02358503399883363,0.0038288738482958632,0.24897182668024975
2328,-103.80812255804888,96,0.025854710457115248,0.0012465542721999995,-0.052913333154387544
2329,-7.1185543490036105,0,0.02357137201656822,0.0004094082525228181,0.06319671483390073
2330,-87.97346377129115,80,0.026402197918181516,0.004665717524430092,1.067216323617428
2331,-104.40625340968673,96,0.027835276191014696,-0.000970984081003741,0.5075017993934168
2332,-82.27408973507036,76,0.020775131573080162,0.0025012370663855398,0.1685375541411587
2333,-96.96060724325082,56,0.13563114981208838,0.2150091518560079,1.2281788234672948
2334,-82.3804517481683,72,0.034372356782013384,0.0891210823789754,1.1519844217714892
2335,-93.1816998849837,86,0.02378046319530989,-3.899104217844491e-05,1.0511227229947766
2336,-59.32753267654714,52,0.0242633532335999,0.0028166612016579866,0.7651709975211786
2337,-237.4459419362068,230,0.024655436874855236,-0.0023402092620631717,1.2485004134377116
2338,-64.6115813318551,36,0.09474033553594452,-0.6264874986810024,0.9365364316349775
2339,-129.11122778919804,122,0.026936468898476885,-0.0065887355692790485,0.20984246365877687
2340,-60.98146314093316,52,0.02973994417527532,-0.003167920427964322,0.06045142410861541
2341,-185.4898583452237,164,0.07115847134179998,-0.501969159679913,1.1458950325464274
2342,-142.27292911744945,86,0.18633420237565995,-0.5473952081117668,1.376516972592722
2343,-87.3754844828832,80,0.024422134049283336,-0.0015146738518066459,-0.36392717914006656
2344,-136.53141533698235,122,0.04811726932775612,-0.09878284522233569,0.25429481267921367
2345,-37.37977138111506,30,0.02443632907653919,0.00289654681915479,0.5999883243291952
2346,-10.538024227356757,4,0.021649086845552164,0.0011017406700080297,0.33139388123827845
2347,-26.518687195247594,20,0.021585056937906077,-0.001437493647442551,0.18328453728448083
2348,-109.7444515803228,86,0.07862401185537386,-0.604037331503705,0.07981123235963272
2349,-98.83175838574061,92,0.022621716509074512,0.001017517838565423,0.3991738100752037
2350,-38.24271608303023,30,0.027293761864338826,0.0003316465784126387,0.5365580109601829
2351,-42.75075419576228,36,0.022353490714444535,0.0013968076823673995,1.0466863513148594
2352,-72.84347701796054,66,0.0226605199270218,0.0026497974868444417,0.20237391543504665
2353,-37.51607904374478,22,0.05137774517796315,-0.2728152871241374,1.0950534660966653
2354,-85.0382790181652,78,0.023305559662799714,0.002900439527561111,1.1151308343256978
2355,-16.49251485462686,8,0.0281209101146585,0.0021726806563269717,-0.5680466002820904
2356,-130.91194102189354,124,0.02351000347582854,-6.651225330333422e-05,1.0585795429360982
2357,-235.58665340905188,228,0.025121368904147366,-0.0010167678464234912,0.09055900256556539
2358,-122.01020404822746,112,0.03314637102062094,-0.04706431323491247,0.2059082521539681
2359,-89.07800443388251,82,0.023437100774445555,0.0026382585318253334,0.5875957491840984
2360,-106.11800855089463,76,0.09972850513541363,-0.8943349213526347,0.6897645598326791
2361,-88.56068689321059,82,0.021724128785465636,-0.0014245114950709884,-0.24107372733143823
2362,-81.74071809517257,74,0.025631516871432693,0.001711997485701118,1.1299194187797075
2363,-94.1442133414642,88,0.02034507728961605,0.0017057465569005157,0.35588006866538424
2364,-81.72029258425276,74,0.025563882729313446,0.0027338545468777713,0.3136668320955702
2365,-227.76713918507315,204,0.07869913637441701,-0.5763043231449154,0.5124404921214133
2366,-176.97834788813915,170,0.023107112212379915,0.002338129865384926,0.4794943108049141
2367,-66.40655999470324,58,0.027836291373188826,0.0006621200475681401,-0.08208605550820877
2368,-64.50151340111434,58,0.021528190069915486,0.003152228141240529,0.16057139561754766
2369,-13.779101965748659,6,0.025758615780624758,0.002445520410647258,0.8341087777275493
2370,-89.82169749290013,82,0.02589966057251756,0.005333996601927014,0.7737735806482486
2371,-55.73437472116333,50,0.022399901254544365,0.003814357317764916,1.5043966717540116
2372,-69.27904716752039,62,0.02410280519046416,0.000996419520191355,0.46438834443834875
2373,-70.72494922352041,64,0.022268043786491123,0.0067627660569346305,0.8950370670144998
2374,-66.78756732074304,60,0.022475388479282817,0.0029634147787633174,0.45727299606991895
2375,-60.78736872141546,54,0.022474730865613923,0.005052766869606339,0.6615257226528958
2376,-115.83717257142744,108,0.025950902554396218,-0.0016449973577732184,0.2039073991512923
2377,-104.54518269826202,98,0.021672790391595195,0.0047534317055729445,0.0002964836955440558
2378,-63.19673989651735,56,0.023830264558004043,0.0025568850123360506,1.1879861097701128
2379,-18.75976842365526,12,0.022383339151176282,-3.259678487665951e-05,0.15813224086470884
2380,-107.03804047583054,60,0.1557551009133456,-0.3713770794329104,0.14055206193155007
2381,-293.52545412396563,272,0.07127633815882518,-0.06479639322589466,0.9333046916717251
2382,-127.25960011294347,116,0.03728344408259508,0.006999566673843918,0.2668068311512274
2383,-28.731429890418504,22,0.022289502948405347,0.0018466443319909817,0.6357753537891322
2384,-142.01100769419796,134,0.026526515543701844,0.0023028202671002574,0.9905750307948937
2385,-38.34839818763394,32,0.02102118605176814,0.0009203581037678268,0.6618730787933336
2386,-45.1888181692655,38,0.02380403367306461,0.0033677389030344783,1.575234234009234
2387,-26.717802730665564,20,0.02224437990286609,0.0038938417885026936,0.7902231453311944
2388,-29.099231218623043,22,0.02350738814113614,0.002892808959586546,0.40777372913443777
2389,-129.2336426584362,122,0.02395245913389463,0.005768407116002644,0.6246347817957759
2390,-34.372610098144,28,0.02110135794087379,0.001448693541063625,0.4362759224777511
2391,-68.02004781202116,60,0.026556449708679607,-0.00024070931700311156,0.8106328340804679
2392,-46.53722098647246,40,0.021646427107525217,0.003255039148513746,0.736175053564709
2393,-35.474145024136654,28,0.024748824583234418,-0.00031596855437753115,0.4734789414473945
2394,-86.60549619059594,78,0.029470877365055416,0.002487463851567766,1.3910273821957486
2395,-36.440310335680856,30,0.021325530912850398,0.003942053455054538,0.28305682035811425
2396,-212.24284673997207,184,0.09351936006613255,-0.5420293016876526,0.6235240051258989
2397,-86.60890199397002,80,0.021883781436986414,0.00464988819081398,0.34860303513933166
2398,-42.224445890291456,34,0.02723326453738904,-0.0014460189372843858,0.6266500310117998
2399,-33.51282415016959,26,0.024876901159502217,0.0006811526836827397,0.45340653214933635
2400,-52.58786855568688,44,0.033286312231344053,-0.038783528099681226,0.9144096403111083
2401,-209.28543380688427,184,0.08372660200954939,0.26253042680609184,0.9383078793286183
2402,-34.85215143850225,28,0.02268924317384842,0.0022789466403739292,0.7975437702019953
2403,-26.95219030605258,20,0.023020497702160893,0.00017880172783274524,0.8022422769754533
2404,-124.36719296688081,116,0.027705936976425937,-0.0008998235635188044,0.12982016731183113
2405,-88.19362164591698,82,0.022939339429321828,0.0021881012805668567,0.21353041794690028
2406,-49.26149525998903,42,0.024044686291354353,0.0016076521940270303,0.7196191094610656
2407,-28.649258897303945,22,0.02201741356723155,0.001106253322768981,0.5140418275931714
2408,-78.01953568637188,58,0.0662898532661321,-0.4817474361752709,0.2227504407971772
2409,-231.0586209616402,224,0.02337291709152404,-0.00022218394438606619,0.8390847448320691
2410,-144.98175679436054,138,0.02311839998132667,0.0019263836800927198,0.13481019140822595
2411,-91.22708995740498,84,0.02393076144836067,0.0015659176685927521,0.08297438623558265
2412,-28.19645550434378,20,0.02714058114021135,-0.002475269902374176,-0.06508555708465395
2413,-73.02793045479889,42,0.10274149157218153,-0.19262970562897844,0.567517244119339
2414,-35.08912157165693,28,0.023473912488929993,0.0017843966883266443,-0.5744999716104439
2415,-117.52296049353929,108,0.031532981766686986,1.118803762642679e-05,0.19378512726650676
2416,-90.77992418959298,84,0.02245008009799098,0.002426865702265232,0.6024559029458177
2417,-33.147315892728315,26,0.02366660891631883,0.001836143474908706,1.2990477620814047
2418,-92.24010549722716,82,0.033907634096779056,-0.09491197795862338,0.9543751622281894
2419,-54.469885235286505,48,0.02142346104399531,0.0011571596499566383,0.741222193616285
2420,-101.58440019427363,94,0.025113907928057455,0.003319970145821571,0.5037635526435592
2421,-156.16009334963468,138,0.06013275943587575,-0.3451535580704445,0.27705237257835186
2422,-60.52284331144376,54,0.021598818912065908,0.00030245609907780325,0.6227545894407944
2423,-25.4101297074667,8,0.05764943611743948,-0.2774111049555069,0.4106050937562959
2424,-222.72525682903495,216,0.02226906234779833,0.0011616342601178226,0.583768861507332
2425,-76.61233663218852,70,0.02189515441122023,0.005710736745567561,0.7266134892458509
2426,-100.42345188447295,92,0.027892224783022453,0.0010988396908147321,-0.1656150906174043
2427,-31.694838259232558,24,0.02849940096012059,-0.03992278114159557,0.5721836775076937
2428,-40.92972623550124,34,0.022946113362586583,0.0035802562784292545,0.7108257240818548
2429,-29.13200679263217,22,0.02361591653189462,0.00030426703415046267,0.2665889247184903
2430,-40.895777591889214,34,0.02283370063539515,0.0018856288283132018,1.2895707761316055
2431,-105.44355892006713,98,0.024647546092938195,0.00012226166906735756,1.6937026475113663
2432,-184.92840082123053,150,0.11565695636169206,-0.9876945069395869,-0.06465438515444102
2433,-119.76365544736343,112,0.025707468368753948,0.0027692285856688458,0.9205041633682967
2434,-78.2529729135739,64,0.047195274548257136,-0.23856261588435695,1.1275272879020206
2435,-47.38254789301243,18,0.09729320494374999,0.3938805596969269,0.1445283532457192
2436,-50.298013941134315,44,0.02085435079845846,0.0034768179390542455,0.9925103330910121
2437,-45.639538174916936,38,0.02529648402290362,0.0014202694618297334,0.42744174586473704
2438,-303.66338847537793,296,0.026983762237247317,-0.002121027746064831,-0.004152657356503432
2439,-32.303326090348804,26,0.020871940696519414,0.0012365889449492838,0.469307528570235
2440,-158.7129724179591,130,0.09507606760913617,0.1249176727440933,0.9480426983451409
2441,-48.47816152832704,36,0.0439371884800247,-0.1723183631073867,1.2185315185742274
2442,-198.2639059082329,184,0.04723147651732818,-0.23790422015737075,1.1667686597660951
2443,-205.9403752756456,188,0.059405216144520864,-0.39330950240575285,0.867961494391784
2444,-80.58309740627399,74,0.02179833578236331,0.00045309819083349373,0.5435639519960657
2445,-105.03650852809183,82,0.07627982956321705,-0.2717286770353834,1.2475712925996725
2446,-120.05806599328663,110,0.040886447127182285,-0.0002479560032479344,0.3323641363744779
2447,-36.60628714728886,30,0.02187512300426766,-0.0019451665458429777,0.759312441714857
2448,-83.00642737034669,76,0.023200090630286677,0.00314774504324594,1.0345407050051294
2449,-40.7977117552671,34,0.022508979322076537,0.003006261719825573,0.26894715028392485
2450,-10.608397007495054,4,0.021882109296341202,0.002797873196845862,0.5990114706313231
2451,-63.27611555751658,56,0.024093097872571523,0.0027511648679559198,0.7622615043270969
2452,-111.11767678241819,104,0.023568466166947726,0.001433787435919219,0.5332762803997908
2453,-161.03464862946203,150,0.03653857162073472,-0.14924074046403193,0.7469609102408482
2454,-74.54018908074896,68,0.02165625523426814,0.0033591335516003585,0.3668954753808042
2455,-6.772221228990126,0,0.022424573605927586,0.001737650735334598,-0.09586973345141922
2456,-285.16674132850227,238,0.15618126267715973,-1.129937459166865,-0.6785062321068547
2457,-81.16021680057189,74,0.02370932715421111,0.004239910432898489,-0.06991036019614892
2458,-90.63198063282351,36,0.18090059812193204,0.2687850498109408,0.4122321523006871
2459,-74.82803919114454,68,0.022609401295179337,0.00057974346325153,1.1557511755808052
2460,-124.31905917725342,112,0.04079158667964619,-0.20412496980888745,0.7664957738379117
2461,-36.996537583229355,32,0.022305971353702558,0.005489203457961724,0.5737329669159538
2462,-134.91314900661664,128,0.02289122187621479,0.0008102856427646976,0.7066011398133093
2463,-118.87556830176051,112,0.02276678245616107,0.002030121298685719,0.07619602579907946
2464,-192.30139815568367,186,0.020865556806899558,0.004071436856066907,1.006685518988274
2465,-225.61223998653816,218,0.02520609267065547,-0.004316770011522123,1.101147365704216
2466,-54.88021936627196,48,0.02278218333202612,0.0032085916386116976,0.23286286898517045
2467,-72.26165861715866,66,0.02073396893098808,-0.0006787527153663189,0.5557830558399383
2468,-127.7145948344532,120,0.0255450160081224,0.0032874042630066094,1.3003466097235568
2469,-6.821086333212032,0,0.022586378586794832,0.0005894814306463034,-0.26564638379638217
2470,-88.47946515953687,70,0.06119028198522149,-0.38624848515614063,1.1533556110296355
2471,-34.812353701802664,28,0.022557462588750108,0.003126042544847934,0.512034409513253
2472,-61.32070143769013,54,0.024240733237384564,0.002961633740369206,0.40717186359206786
2473,-92.44747112403986,86,0.021349242132582633,0.0018760064311498246,0.1527528799760359
2474,-41.004487492000706,34,0.023193667192055158,0.002951242354685373,-0.03237235075578291
2475,-185.9526758122468,162,0.07931349606704167,-0.5619360871901365,0.7813388851268482
2476,-28.59457086639049,22,0.021836327372153908,0.001585473355741567,-0.1896203877808702
2477,-26.533949001035694,20,0.021635592718661154,0.0034704896977205226,0.9253337897522083
2478,-56.814462013871584,26,0.10203464243003814,0.196082062928225,0.34939136334512977
2479,-26.54539216583413,20,0.021673483992828143,0.002392327351054633,0.6515401792158187
2480,-82.82582163332206,76,0.02260205838848467,0.00032456904977008034,0.44537236747896264
2481,-59.403721381051156,22,0.12385338205646067,-0.6753484847122766,0.20394923850101426
2482,-72.05612138629448,66,0.023292774562671124,0.0016805757121003877,1.4045647017136573
2483,-192.09123707796078,186,0.020169659198546155,0.0006782304030682719,1.150618551206152
2484,-42.23029822562753,36,0.020630126574925453,0.004126127917991816,0.45813646050376683
2485,-39.047605098191056,32,0.023336440722487025,0.0020621295548074983,0.7978854414887051
2486,-36.99076265101277,30,0.023148220698717702,0.000979025051574414,0.7312549776268124
2487,-105.12173238195953,98,0.025617742381148608,0.0032776587957636916,0.8609532914457763
2488,-48.992083167782624,40,0.029775109827094998,-0.05460674786706615,1.1835344072727954
2489,-76.55830681861238,60,0.054828830525206464,-0.10360630383146063,0.5310528032927286
2490,-37.24733737563747,30,0.02399780587959466,0.0034057497220354414,0.20880293413955836
2491,-32.67788476500198,8,0.08171485021523803,-0.6739034113441039,0.5164139312432172
2492,-40.49255501149967,34,0.02149852652814407,0.0013653554625204759,0.30463870029119944
2493,-94.58909951498472,74,0.07301099118788908,0.10787097324315023,1.1742334565518884
2494,-144.51771973754498,136,0.028204369991870627,0.002430223187952864,1.0729729105448598
2495,-24.892328105858276,18,0.022822278496219404,0.001346814916977992,0.9735798547793001
2496,-149.05483436524352,142,0.023360378692859618,0.0005045196482455297,1.3115379786125418
2497,-89.58873370261419,82,0.025128257293424796,0.003112699807388708,-0.11844379046038703
2498,-26.486772961005087,20,0.021479380665579643,0.0032247807751163,0.5117428419542182
2499,-116.76146484911628,110,0.022388956454026845,0.0023081605097537996,0.578367773474723
2500,-38.427007374474016,4,0.11399671316051022,-0.38091089997952493,-0.3304457692356567
2501,-64.96342951301989,58,0.025413976324889984,-0.007189804184578536,0.8202001094253671
2502,-63.59105970870389,56,0.025135959300343826,-0.0005689612817210423,1.4258527353325772
2503,-82.3952542524156,76,0.02117633858415837,0.003566534907112996,0.7662735762721234
2504,-74.27499376230652,44,0.11381576602370824,-1.033614448607633,0.4794758629790071
2505,-69.34441802733616,62,0.024319264991179312,0.0027359660739535527,0.17335501455438604
2506,-53.31235179426871,44,0.030835601967776856,-0.08899319106337093,1.0308786167819455
2507,-20.917887211192735,14,0.02290691129534006,0.0035003319088159905,0.7063962260196707
2508,-72.64373695621951,66,0.021999128994104812,0.004989635352884105,0.29369199236936633
2509,-49.53022257529614,42,0.024934511838728673,0.0038374772359345676,1.5885669356772703
2510,-60.242518714624005,52,0.027293108326569067,0.002226397383415344,1.4578129197852856
2511,-53.52981477169438,38,0.05142322772084235,-0.27846999375692366,1.2530765413069198
2512,-58.795450876681166,52,0.022501492969143166,-0.0001910519333624139,0.7668096676412038
2513,-35.082549601252204,28,0.02345215099752369,-0.002079461247425847,-0.7918030825957701
2514,-131.86142345946072,108,0.07901133595847953,-0.649476954217812,0.232928401514362
2515,-151.42293209698974,108,0.1437845433675146,-0.23172207354646585,1.1036357779383108
2516,-93.78139358760886,84,0.0323887204887712,-0.0011484285263770218,0.688062096577884
2517,-52.996453337466235,46,0.023167064031344935,8.875375285140232e-05,1.02975721601551
2518,-159.199495709034,88,0.23575991956633677,-1.1199637174780561,0.43590390400572476
2519,-33.244238655660425,26,0.023987545217418606,0.0024087129544701105,0.5968618117183808
2520,-70.80594396905241,64,0.022536238308120855,0.0037842469641457726,1.2296906827682235
2521,-46.67394981871459,40,0.02209917158514788,0.001373033948699074,0.6791548592960523
2522,-104.92161060013075,98,0.02957953247919117,0.007122093733025986,1.5025935827631058
2523,-104.32428536879044,96,0.027563858837054526,0.02249194843978282,0.5967759364500445
2524,-245.39186134177427,238,0.02447636205885516,-0.0013187287825572964,0.7390784564756462
2525,-54.130110148468496,46,0.02692089453135249,-0.006681216230526542,1.029747664224162
2526,-43.142006531852154,36,0.02364902825116601,0.0010056302436102808,0.7514470918965989
2527,-43.20563816378081,36,0.02385972901914216,0.004595226899948933,0.45040702170519686
2528,-50.69258074417681,28,0.07514099584164516,-0.5652918672875273,0.4203753243790315
2529,-182.29719159888973,176,0.020851627810894585,0.0015788505304857644,0.1510628013545421
2530,-135.15755787658304,90,0.14952833733967905,-0.23697072946249095,0.8511213496757597
2531,-20.46881740785707,14,0.02141992519157965,-0.001497736321538625,0.648197774362553
2532,-45.67466676337838,38,0.02541280385224678,0.004476964424845349,0.20861832136280575
2533,-43.960034848334985,34,0.032980247842169116,-0.10133241283428232,0.9720389791588346
2534,-31.465443032861014,0,0.1041902087180828,0.3754987235129379,0.44839962562052715
2535,-6.983791052389044,0,0.023125135935063008,0.0025600636890427894,0.6175275589086752
2536,-25.14167903683582,18,0.023647943830582486,0.00262158933444109,0.23083323082659782
2537,-81.29073409385032,74,0.024141503622020805,0.002368208957876122,0.748611233382916
2538,-110.3769905234231,94,0.054228445441798806,-0.32657314221889694,0.7125967701610613
2539,-59.40367802695659,48,0.03776052326806836,-0.03864335409236073,0.41556490419570524
2540,-154.88805296104837,148,0.022808122387577966,-0.0012814498899291758,0.20236373451439701
2541,-80.36216777728109,72,0.027689297275764427,0.010386243915194583,-0.006996582509533098
2542,-73.18417366409285,66,0.02378865451686365,0.004247006654295306,0.820433013954058
2543,-40.752710024487115,34,0.022359966968500372,-0.00040946180873630656,0.1708952317307688
2544,-138.35452260993955,130,0.02766398215211835,-0.0015244560331624272,-0.21019686991703504
2545,-23.020073079811073,16,0.023245275098712312,-0.0012483951146868581,0.7430141946924959
2546,-48.67074653746437,42,0.02208856469359053,-0.0004685827668151812,0.6685047827070673
2547,-71.0121721221183,64,0.02321911298714608,0.00031850976847876974,0.8363716834989555
2548,-54.43107052435269,48,0.021294935511101672,0.004800313587369095,0.09108862688445751
2549,-51.80080620867913,32,0.06556558347244702,-0.4044723434832459,1.2564293297538103
2550,-30.600159767336496,24,0.021854833666677034,0.0013848104228154565,0.5875444319066422
2551,-42.152750389996534,36,0.023305872689381158,0.0034212240180226438,1.3067774099826983
2552,-42.80453139873307,36,0.022531560922957307,0.0003878026888459082,0.3247172192589261
2553,-81.69570609858644,74,0.0254824705251209,-0.0006041321254316841,0.4495712888070123
2554,-81.32114660867394,74,0.024242207313489937,2.7114746240985314e-05,0.3380169520663431
2555,-20.816209943143708,14,0.022570231599813,0.0016457849293207095,0.6462102809778278
2556,-93.8247918113861,86,0.025909906660220954,0.0017453255611379317,1.061630505943418
2557,-83.10148320181946,76,0.02351484503913794,0.008543719277279267,-0.10232001827561006
2558,-34.39492845552327,28,0.021175259786500922,0.001186163590400671,0.8747484006650672
2559,-176.62910310109592,170,0.02195067252018426,0.0032760082589098505,0.5864659329913672
2560,-10.387001468999115,4,0.021149011486751905,7.526972778264853e-05,0.3039202044643184
2561,-51.52196977157139,44,0.024907184674077477,0.0005167209921059328,1.3025000805153384
2562,-132.71641025430102,126,0.022239769053973985,-0.0010323285260885361,0.3226481207752437
2563,-15.497332843088568,8,0.02482560544069059,-0.0015603614902426027,0.7425306956598879
2564,-65.92161191400193,32,0.11232321825828483,-0.04482571041282414,0.360645974434381
2565,-26.973731994336973,20,0.02309182779581784,0.0012609101589830802,0.12788170089865017
2566,-51.25264187155949,44,0.024015370435627535,0.0007688473960976826,0.828261675840145
2567,-93.76341648377786,86,0.025706677098602675,0.005156036722165415,0.9812643631551371
2568,-29.29220894875676,22,0.024146387247538707,-0.0005310021359928335,0.4849591783847697
2569,-82.33513293001637,76,0.02097726135767053,0.0015858433869303456,-0.040283541792513346
2570,-32.938053187190114,26,0.02297368605029822,0.004313263360762488,0.2729528831012045
2571,-36.4726630251955,30,0.02143265902382607,0.0007999502543347659,0.6208855934059463
2572,-60.95772155507306,54,0.023038813096268113,6.612761621517654e-05,1.3146458791291329
2573,-32.77915736980715,26,0.02244754095962624,-0.00031103121301017403,0.5344266705375338
2574,-51.726698640715504,44,0.025585094836806405,0.0013661050102025862,1.342904359398954
2575,-35.409861942469696,28,0.024535966696919407,0.0003826902597211301,0.9261009983510717
2576,-52.96464717246725,46,0.023061745604195782,0.0032093426007592423,0.5170402433055558
2577,-14.717359360309235,8,0.02224291178910332,0.003653783748768245,0.6482869793914585
2578,-220.41296905810304,214,0.021234996881138384,-0.0010279730357081686,0.66000418341549
2579,-58.62602547997988,52,0.021940481721787874,0.0010993996858658479,0.09876789204263212
2580,-116.98042854090828,104,0.0429815514599615,-0.1732391839819214,-0.24560118684599513
2581,-38.83863142115795,32,0.022644474904496167,0.0026892043148253777,0.1604696531215768
2582,-42.47473368756846,34,0.028062032078041293,0.00024605316529358853,0.41873439418556113
2583,-29.014682011431653,22,0.023227423878912794,0.0013563564053385069,0.21302898488156283
2584,-26.317493451622497,18,0.02754136904510788,-1.727641137649879e-05,0.18001165336945452
2585,-48.4709644140709,40,0.028049551039969547,0.01295947360540956,0.610795841409306
2586,-59.64156498607949,52,0.026350224089929306,0.010767916613900712,1.476928186524554
2587,-74.8794738953806,68,0.023241465862771756,0.00033471073060158037,1.0103588388303004
2588,-165.52742684792847,158,0.024925254463339264,0.005371652796401161,1.144094757336313
2589,-88.1371014869938,80,0.02694404465891929,0.0014222362056368382,0.18213399228777133
2590,-54.59620645120154,48,0.0218417432158992,0.005294855548217677,0.8813692502854762
2591,-81.31061361770965,74,0.024207329859965196,0.00014361322492003343,0.5936824688818213
2592,-87.44606367547064,80,0.0246558399850015,0.006137313474962698,-0.34828273693233763
2593,-37.08867226422383,30,0.023472424715973002,0.003977437271113625,0.4680908670559886
2594,-71.76005746625863,66,0.026422281955315426,0.010969129978965353,3.3903636220391893
2595,-128.97639816363275,120,0.029723172727260466,-0.0016575828304094885,1.0792841746873505
2596,-57.293207162970596,50,0.0241496925926182,0.0019669364793195284,0.7137667910735561
2597,-46.34729490835546,32,0.04750759903428911,-0.22432700000404202,0.9596354465250123
2598,-69.54358745584709,58,0.03822379952267248,0.002554639192168533,0.3872779681412457
2599,-69.8855177716581,56,0.04597853566774193,-0.20965167555452283,0.48240368403087674
2600,-33.229157339982855,26,0.023937607086035817,0.0057996342601721014,0.11860561117989363
2601,-114.96001113368771,102,0.0506250434909673,-0.2614960792092461,1.4131376702975103
2602,-52.91109500933668,46,0.022884420560717617,0.002919478923628193,1.0865052949703478
2603,-42.4831689709333,36,0.021467446923620428,0.0010591137080317647,0.6433325091822517
2604,-114.77152368205486,102,0.0422898135167394,-0.1450469084123353,0.11456465303395962
2605,-44.83751534157819,38,0.02264077927674905,-0.0005840536313353489,1.2042774968176915
2606,-51.106059735373165,44,0.02352999912375241,0.003627115117990418,0.5398155947130279
2607,-22.705254852435306,16,0.02361005229730736,0.004374517915970449,1.1053306612360756
2608,-99.22300404521617,92,0.023917231937802316,0.0027085864514001454,0.2082640566847122
2609,-17.062093900992593,8,0.030006933446995288,-0.0908479068570906,0.5266750357204077
2610,-92.03696026792355,86,0.02434258172549837,0.006993603142121086,0.2935083981918832
2611,-38.38939970794513,32,0.02115695267531446,-0.0003893361473533121,0.6379108786202622
2612,-44.88841576970657,38,0.022809323740750294,0.0029966223193949324,0.04008105336888909
2613,-82.79304112736995,76,0.02249351366678777,0.0009290618074145045,0.8136043042248263
2614,-151.5391346512385,134,0.058076604805424016,-0.29976991250608365,0.5005543150585176
2615,-132.99965034153698,114,0.06291274947528629,-0.45074059016515333,1.1221546070792208
2616,-26.79065949469415,20,0.02248562746587465,0.00018370388513615983,0.049038203678167865
2617,-78.42686731644297,58,0.06763863349815598,-0.4912338945697006,0.34424417516585154
2618,-74.66231539511058,68,0.022060647003677856,-0.00018523582735327103,0.9216938799464991
2619,-135.5856135885354,122,0.04498547545872639,-0.009914460005732068,0.42469010885445624
2620,-65.31811290607723,42,0.07721229439098407,-0.5550778755018432,0.780706951475056
2621,-45.36290299695679,38,0.024380473499856697,0.0028878548990515685,1.3298416201362928
2622,-63.0684846959864,56,0.023405578463531293,0.002219784072298088,0.43639643103476394
2623,-81.13169809760646,58,0.07659502681326565,0.15701659403506987,0.7294228651421539
2624,-60.99273180467363,54,0.023154741075077763,-2.878631923088668e-05,0.8553254635596487
2625,-30.99994618480926,24,0.023178629751023836,0.004498635845672068,0.32873690262492183
2626,-168.26857617196794,162,0.03103255530677015,0.08147135114649974,1.0310575374749047
2627,-44.883554398138344,38,0.02279322648390176,0.007996914679314078,0.5434982527848233
2628,-101.00199469740268,64,0.12252316124967765,0.00590526688526329,0.6493032434624496
2629,-294.83116859780847,288,0.022619763568899408,-0.0009983573741100679,-0.003194735068664098
2630,-28.160892188944857,22,0.020400305261406775,0.006383914473876727,0.01107613233177127
2631,-7.14784746697247,0,0.02366836909593534,0.0013569935696008339,0.42924444419208496
2632,-100.3477969470279,48,0.17333707598353618,-1.2473994489058402,-0.7925889223903442
2633,-75.66913455796606,68,0.025394485291278066,0.0002778970139156657,0.4193742322693471
2634,-87.1076383480408,80,0.02353522631801528,-0.0016710440528776424,0.08350507142947407
2635,-196.2185802838085,164,0.11506635815645926,0.17008421764418016,0.662243610555805
2636,-39.39049892147755,32,0.024471850733369334,0.00184479415284112,0.029495360029303155
2637,-30.672689640225904,24,0.022094998808695185,0.0008020495647404171,0.3862906998260076
2638,-53.0601999447962,46,0.02337814551256978,0.001958598559629789,0.27781660936584707
2639,-52.285754878180185,46,0.02081375787476872,0.002656521076577043,0.49592926818709776
2640,-110.92494758903406,104,0.022930290029914015,0.00041877360843331707,1.6192371483818673
2641,-60.13975172995034,52,0.0269528202978489,-0.0006278149943971476,0.5569113842505593
2642,-34.68863287357635,28,0.022147790972107468,0.0029556588575071255,0.5805559249215879
2643,-198.97710289372435,192,0.023102989714318536,-0.0014238583129084366,1.4319395663994612
2644,-104.7890904499245,98,0.022480431953391763,0.002245029956965849,0.5647147934671047
2645,-26.96554071652195,12,0.04955477058450992,-0.23096174951079948,0.9553862267457541
2646,-96.95999318767507,90,0.023046335058526865,0.0026208882892368645,0.30588286543037163
2647,-103.48043156729597,76,0.0909948065142255,-0.2757086847058423,0.2409225359466068
2648,-52.026154769995216,44,0.02657667142382632,-0.0006305763688376359,1.0993644726827714
2649,-39.33267451623457,34,0.02423942961924823,0.002827697766690769,1.024891778577717
2650,-83.44347324084163,76,0.024647262386892015,0.001752973748108878,1.0176795696660828
2651,-47.71361223511133,40,0.025541762367918424,0.00018514474400547365,1.0968838651477981
2652,-42.82538090475692,36,0.02260059902237388,0.002918278563471622,-0.19580349621288973
2653,-78.03270705621122,70,0.02659836773579861,0.002074844206819027,1.5512589959886534
2654,-104.01517403274191,88,0.05303037759186144,0.25672948118576794,0.871928903336609
2655,-74.71250586238604,68,0.022226840603927097,0.0001749772530678191,1.339905459085319
2656,-55.47074210818031,28,0.09096272221251753,0.5454024145547732,0.7973974541750187
2657,-132.94260871529914,126,0.022988770580461223,8.341181677895666e-05,0.44973123590292297
2658,-73.38665449035138,48,0.08406176983560028,-0.1997505646425651,0.36395273941687756
2659,-91.65681208924099,82,0.03197619897099689,-0.08760372996237746,-0.027168215334952027
2660,-20.63965011939845,14,0.02321555985803673,0.0037791700223688738,0.4589886927738675
2661,-273.7262878804091,266,0.025583734703342756,-0.008822434976664588,0.9659200813453213
2662,-98.51016491436323,86,0.04198041917571569,-0.212059867291105,1.237743745167621
2663,-74.67343956971733,68,0.022097482018931282,0.004322400254225174,0.8856156508705042
2664,-54.689818338839046,48,0.022151716353772204,-0.000415311159029455,0.4606573864006567
2665,-49.65142838216316,42,0.025335855570076095,0.0009721684630417469,0.3354001713247464
2666,-45.37739914384118,38,0.024428473986228695,-0.000825190804096938,0.5748764043330795
2667,-152.47633692560612,144,0.028067340813263942,0.004385858893375967,1.512182454877095
2668,-44.7485065479089,38,0.022346048171883605,0.0015501390562843013,0.2733466657321894
2669,-60.155419835239016,38,0.07336231733522851,0.22071594071693237,0.05431470637724716
2670,-21.831160408419567,16,0.02260139693185872,0.003638667166828676,1.2613019561829124
2671,-124.96990383169324,118,0.023079151760574484,0.00232962264111944,0.6187646593355777
2672,-66.22402072363047,60,0.020609340144471112,0.0022407793143104193,0.6331143018309665
2673,-237.448666401832,232,0.02270277667430045,0.006410027822518411,0.4540960936186214
2674,-90.72923298505084,84,0.022282228427320208,0.0018794533482441272,0.642586034531389
2675,-22.96959713149152,16,0.02307813619699173,0.0024915160945869538,0.8797496806702187
2676,-28.61824964021106,22,0.02191473390798377,0.002678375441923318,0.6734237130570792
2677,-109.90001858646711,90,0.0658941012796927,-0.4492436749458973,1.4021125421187044
2678,-75.2486013192326,68,0.02400199112328663,0.0017974502390245939,0.48271500987463534
2679,-116.40574323888146,110,0.021211070327421363,0.0029757657208609465,0.7320229515552039
2680,-334.31191781950673,326,0.027522906687105712,-0.0013285710973609608,0.6988973070426598
2681,-70.36159807159311,64,0.02814866403359784,0.0010580870788544417,1.0418794482579636
2682,-38.534216686165635,32,0.021636479093263716,0.0012511202937534806,0.26499295262172695
2683,-134.57778891500337,126,0.028403274552991697,0.0011091001102059388,0.529976571633462
2684,-111.40447962184734,88,0.07749827689353406,-0.6141639744873707,0.725429300662124
2685,-26.545439782836844,20,0.021673641665022753,0.003677732477678504,0.39705016810342125
2686,-91.0954154275333,78,0.0433623027401767,-0.1833911425041633,0.7079788308780307
2687,-50.627214120453516,42,0.028566934173687206,-0.0019018432191751948,0.6101080806765533
2688,-6.7258156279633825,0,0.022270912675375402,0.004925632234300419,0.5624223612460719
2689,-72.91861452682899,66,0.02290931962526111,0.0035343265682088814,0.217982896001715
2690,-113.97002659807326,106,0.02639081654991193,-0.0023047680337450758,0.6529621507594707
2691,-90.05974541163428,82,0.0266878987140207,-0.00519951813220546,0.26622680902877355
2692,-157.61861901553542,150,0.025227215283228507,0.0033391253907073116,0.42593917565193606
2693,-84.91885086764947,48,0.1222478505551311,-0.2391021746208441,0.3965591371032434
2694,-88.15765117558448,82,0.02038957342908797,0.00269906653449038,0.3615905332022569
2695,-38.83270253206938,32,0.022624842821421617,0.0014311094967253653,0.8096423463374747
2696,-33.080767459882786,26,0.02344624986716149,0.0002562610134914123,0.502404861431222
2697,-77.3328468413799,70,0.024280949805893414,0.000804082386886442,0.23455394299289162
2698,-46.86619889151339,26,0.06909337381295819,-0.45973934776385605,0.2346598545081269
2699,-135.49894788353816,116,0.06456605259449712,-0.4032677946905205,1.3164620687149693
2700,-64.20797666643095,56,0.027178730683546246,0.015971200441978625,0.8963209880342322
2701,-84.28212552624461,76,0.027424256709418962,0.0015534792342130712,0.6884636181047409
2702,-21.282750599792454,14,0.024115068211233232,0.002232601315813102,0.5495017685949616
2703,-118.68820194957746,108,0.0353913971840307,-0.0819330003595177,0.7229526355505662
2704,-17.499001544784257,10,0.024831130942994127,-0.0002376985037699342,0.9859026444676704
2705,-74.36039924483515,66,0.027683441208063618,0.002259896603252566,0.8281241780926206
2706,-30.70841797721031,24,0.022213304560299397,0.003670228001143512,0.05005564977667782
2707,-28.736609212571217,22,0.02230665302175869,0.006895470692751472,0.7058786470116122
2708,-24.66739962171157,18,0.022077482191098056,0.0017007597679710201,0.2080855468946466
2709,-20.988515473013948,14,0.02314077971196656,0.0033159753962632714,0.6826738097463636
2710,-13.17395692125856,6,0.02375482424257801,0.004578945249171052,1.1414135989560346
2711,-43.67691141846208,36,0.025935511548859157,0.0022801915487287113,0.9860029246216613
2712,-217.81076813587035,208,0.03248598720486775,0.00096420125021223,0.8030751801888453
2713,-31.375372729794975,0,0.10389196268144035,-0.023691637257371553,0.1847440789366952
2714,-6.597584876494849,0,0.021846307538062423,0.004569552976342029,0.03881452458774569
2715,-81.07425899122448,74,0.023424698646439916,0.0039343928566683605,0.4651409484219771
2716,-107.79103691875575,100,0.025798135492568926,0.004199508314378658,0.5743028850008622
2717,-76.69658470458783,70,0.02217412153837019,0.0034104586405439043,0.8921426065671658
2718,-32.7663098261655,26,0.022404999424388807,0.0029511072714535507,0.14016924107872067
2719,-428.58772423719256,416,0.0416812060834218,0.003001150218091461,0.3080938575819135
2720,-63.749055787132335,58,0.030258188353327938,0.04097883673041667,1.692813248453956
2721,-32.980291203479766,26,0.023113547031389785,0.00351630304855239,0.38909846746202
2722,-41.5781630867821,34,0.025093255254245547,0.0018730877564806763,1.3169353340422258
2723,-21.130740175403147,14,0.023611722435109953,0.0003385399656357947,0.8418793569263175
2724,-56.612248202987615,50,0.021894861599296486,0.001239342056060617,0.10122454111249994
2725,-29.197359795670746,22,0.023832317204207684,0.002772620223718541,0.42813260461973596
2726,-98.93139579811792,92,0.02295164171562155,0.0011908515532260502,0.18306913521338952
2727,-143.353374735842,120,0.07732905541669521,-0.6161008027156303,0.7537021174232417
2728,-255.07343094417672,248,0.023421956768795958,0.002083441863662952,0.48854626097615395
2729,-33.50488668862548,26,0.024850618174256617,0.0034777535606693747,0.8738142493816203
2730,-66.43007637112913,56,0.03453667672559328,-0.027930663416196055,0.030687036930802852
2731,-224.94266340521264,218,0.022988951672888017,0.0013586467980801912,1.0825016839398898
2732,-84.53356290802313,76,0.02825683082126851,0.04753832977699942,0.7365450223858873
2733,-229.18911420034433,200,0.0966526960276299,-0.20739991740934205,1.1382383898232962
2734,-55.092233049622166,48,0.023484215396099607,0.0029705659965892006,1.0024113301922482
2735,-123.11710493609938,116,0.023566572636090174,0.0007147197913847222,0.07618327008715263
2736,-188.95351060708967,180,0.029647386116190562,0.021302783256088267,0.4424987327510997
2737,-24.60127589667189,18,0.02185852945917869,0.0030663641243679632,0.8760114150017728
2738,-69.23549025701716,64,0.023372724361683625,0.0021838499195707428,1.330930609078288
2739,-113.33883492177108,96,0.05741336066811633,-0.15595012162596184,0.31394024653127417
2740,-36.70780663955424,30,0.02221128026342478,-0.002237067066614103,0.8535079481578988
2741,-85.75554616120787,62,0.07866074887817143,0.21880072605617296,0.6302300975565484
2742,-35.182640782945434,28,0.023783578751474643,0.0037769848207129006,0.6000575844652899
2743,-202.88835427902,196,0.022809120129204274,0.0013950283471063174,1.1022041852274502
2744,-82.67372923908559,76,0.022098441189025392,0.003635111814195179,0.7470469349955166
2745,-16.73062217750227,10,0.02228682840232551,0.001977503367095248,0.8405882629459791
2746,-55.460732695172865,48,0.024704412897923363,-0.0017000903397804705,0.8664248631136501
2747,-27.25006208123179,22,0.022246025767931058,0.007019513306480248,0.9336125810587828
2748,-26.883946165272807,20,0.02279452372606881,0.0022025260371957836,0.6163484970136971
2749,-41.26736564104027,16,0.08366677364582858,-0.7228316662108389,0.30452366813089055
2750,-66.98544588178548,60,0.02313061550260013,0.0034542145258022335,1.0443200861428794
2751,-24.378936602453777,18,0.021122306630641487,0.0019399473433604846,0.12274832116518576
2752,-63.39470119222468,44,0.07346477724327587,-0.565402528757995,1.5491284354862838
2753,-28.57922832166666,20,0.02840804080022089,0.00711542386299505,0.4240675038949506
2754,-102.2519430463907,98,0.023362324430717358,0.005705707774569209,1.5762964326824038
2755,-99.52736595015992,90,0.03154756937139111,-0.01535420301794352,-0.23129302929579557
2756,-39.38870673561346,32,0.024465916343090643,0.002087312101830562,0.26625275526609
2757,-150.11432261562155,122,0.09309378349543473,0.3369894683328673,0.36420252750433413
2758,-65.69472573590845,58,0.025479224291087874,0.010714740325413053,0.21277280944811194
2759,-114.77696960120828,108,0.022440296692742185,0.0012864668916799868,1.0665469409018256
2760,-174.00361034354447,166,0.02650202100511387,0.0050787945138444715,1.2085178209742513
2761,-143.15115312147915,128,0.05016938119695022,-0.2717021151345581,1.0769730943734606
2762,-125.92910829594416,102,0.07923545793358955,-0.48262811214663087,0.5972518507296771
2763,-100.23211247247106,94,0.020636134014804557,0.0018651870492574394,0.3924585435224353
2764,-86.20573707701351,66,0.066906414162297,-0.19039397651571718,0.30868243079490665
2765,-139.69692547747596,132,0.02548650820356268,0.010523807281332972,0.831520642202181
2766,-113.2030468267632,92,0.07020876432703158,0.24572338924175807,1.4125510295134482
2767,-101.51382465799975,94,0.024880214099336415,0.0014178689374952323,0.3344374461561312
2768,-75.35623906559108,68,0.02435840750195799,0.001949376302512227,1.0759614825722474
2769,-49.21666646915937,42,0.023896246586620373,0.0030909807596275498,0.7545543823852234
2770,-60.5935873031261,54,0.02183307054015287,0.0019607645452534473,0.12451880664687252
2771,-52.5795470391454,46,0.021786579599818973,-0.00109930141915302,0.24340874248525704
2772,-82.95364882122645,58,0.08262797622922709,0.5156718553068572,0.21167098513136723
2773,-138.5052669788786,132,0.02154061913536046,-0.0005180406283944944,0.26214121451666145
2774,-65.7591634957943,38,0.09191775991984837,0.5433690309180687,0.04448961171333906
2775,-73.09551523219676,66,0.02349508355032046,0.005573579781250843,0.6507511450666225
2776,-146.27061178616532,138,0.027386131742268664,0.0009973909448375863,-0.018756167222021013
2777,-29.065942053480217,22,0.02339715911748419,0.001553628562227977,0.7683850209948774
2778,-34.746167150915994,28,0.022338301824225207,0.0011340135546549167,0.5927830702375423
2779,-16.63810659384878,10,0.021980485410095205,0.005810383424804305,0.2873345903794756
2780,-82.6422904683148,76,0.024241936015747083,0.005166466558652923,1.098378517212054
2781,-7.349804041501795,0,0.024337099475171528,0.00037425138759395935,0.22307803439969406
2782,-37.24441664607148,30,0.023988134589640962,-0.0014426349011166576,0.5829298306108123
2783,-52.545645202506584,46,0.021674321862604165,0.003173921960683552,0.5927765533604061
2784,-15.143417140607953,8,0.02365369914108589,0.004707405459296131,1.3322533494438236
2785,-103.77609639247915,96,0.025748663551256656,0.0011010453261478205,-0.07091319462675132
2786,-43.72047222633373,38,0.02234559463411625,-0.0004327833412844484,0.8701990681667666
2787,-46.866249491946945,40,0.022735925470023118,-0.0016926044298317406,1.1656578824557267
2788,-23.42212073737362,16,0.02457655873302531,0.003128705735762437,0.7444576830653294
2789,-36.54280363490991,30,0.021664912698377364,0.0026397090245636537,0.6514152014480413
2790,-31.02960317672519,24,0.023276831711010568,0.00591588600088429,0.8078945684727414
2791,-120.75222962011462,114,0.022358376225545883,0.005757357259103658,0.6160411912065141
2792,-38.59708419866549,32,0.02184464966445463,0.0019468084613743256,0.7023837735887234
2793,-134.01938359795497,128,0.02196855327720848,0.0053449932088987075,0.9706784688836214
2794,-199.69642590694636,172,0.09171001955942396,0.5965136562521872,0.5424072228018322
2795,-58.994981585777666,52,0.023162190681382862,-0.00011162957321507054,0.4386159969529211
2796,-42.187592971225115,30,0.04035626811663954,-0.14877678288982576,0.23403629869508402
2797,-68.96500950850671,62,0.02306294539240632,0.003956396197853918,0.3674347213839893
2798,-50.43802862550081,44,0.021317975581128766,0.0052516773073634886,0.7550201931479541
2799,-14.75167297692385,0,0.048846599261337276,-0.08379713875135185,0.8827128494412805
2800,-100.81336976988263,80,0.0689184429466311,-0.4591184493219048,1.2935699650482786
2801,-56.726596729795546,44,0.04214104877415767,-0.16690827159392987,0.4055008478603541
2802,-137.85381316144804,112,0.08560865285247714,0.4482189149389179,0.18075925940801912
2803,-28.617071312543935,22,0.021910832160741262,0.0012791013067575874,-0.22164662262777157
2804,-95.23759895513335,84,0.03721059256666679,-0.06882370656729361,0.48290754548437426
2805,-37.32821810313798,30,0.024265622858072655,0.0040420246347538285,1.3442118639946723
2806,-28.580156077711507,22,0.021788596283813022,0.002695966284453795,0.3924719863068559
2807,-98.2728928033328,90,0.027393684779247304,0.0016726839299844147,0.4804718552501132
2808,-56.77811163415139,50,0.02244407825877935,0.0002979298318051641,0.8355818620196387
2809,-35.03873544280863,28,0.0233070710026776,0.0023171553376673515,0.684045713363107
2810,-82.86015193847162,74,0.02933825145189312,0.0037776521607517997,0.5484327657484189
2811,-160.57386863692403,132,0.09461545906266051,-0.5001016476706583,0.3701039961267059
2812,-40.67696534576465,34,0.022109156774055505,0.0018274056915631703,0.5835648583342316
2813,-163.998182399856,154,0.033106564237935045,-0.10541916649683768,0.21542761066706084
2814,-34.07971987959333,28,0.020131522780110177,0.004340388303019711,0.6347627359580416
2815,-36.343547581824026,30,0.02100512444312619,-0.0012375092399090726,0.6083150202092434
2816,-53.15615462678529,46,0.023695876247633123,0.0027972691991545308,1.0925415278309865
2817,-99.10579026641533,82,0.06382757562095293,-0.3979026007051614,0.39611534088725786
2818,-111.81693221213655,104,0.02588388149714111,0.002943564503799063,1.2017764842792626
2819,-26.762772506202136,20,0.02239328644437804,0.001811267285367215,0.6760075511140224
2820,-32.83299372457096,26,0.02262580703500293,0.004359332216589015,0.6355179720362402
2821,-90.78194609426168,84,0.02245677514656188,0.004867874604760861,0.630702025686901
2822,-27.338825570004385,20,0.02718083544446082,0.004258721044105995,1.2797633812617493
2823,-74.70754709311073,68,0.022210420838114548,0.0028106166863974356,0.8151291106378471
2824,-22.358092519246473,16,0.021053286487571238,0.0011923033049652378,0.5786098186390409
2825,-81.26162589251068,54,0.09027028441228697,-0.7482901899729985,0.7207328453283011
2826,-50.52854797289139,20,0.10108790719500417,-0.7014931791918414,0.9379549902649473
2827,-23.623128594648847,14,0.03186466422069166,-0.08948989320732961,0.40696718475977206
2828,-185.87622941820027,178,0.026080229861590244,0.0013566704654668317,0.6640806525951831
2829,-60.58454636491555,36,0.08140578266528364,-0.21472387751479577,0.4020604123555691
2830,-67.65915633609222,58,0.03198396137778908,-0.0035274902784993368,1.1928688080265535
2831,-6.851870475299497,0,0.022688312832117495,0.004063697723634788,0.6289293044838832
2832,-34.879068455514975,28,0.02277837236925534,-0.001192971336692325,-0.004897810638394971
2833,-56.99251649470204,50,0.023154028128152145,0.0028550620164586515,0.5794315700531036
2834,-45.96128893751937,16,0.09920956601827623,0.3512104203529804,-0.007247136176054193
2835,-19.487813020932492,8,0.03803911596335274,0.03180467890332097,0.8791544517539965
2836,-64.28261558634239,46,0.060538462206432164,-0.417975791177515,1.7157509486172087
2837,-36.95177937720891,30,0.023019137010625173,0.0031228474833206923,0.6507775201900501
2838,-47.45568763049104,40,0.02468770738573188,-0.0014593945867042767,-0.9160253423650052
2839,-161.5314887842103,152,0.03156122113976949,-0.0029723218033114907,0.9498525469768206
2840,-22.928877944552916,16,0.022943304452162028,0.002733360729735369,0.9919692698920096
2841,-103.42900647593235,94,0.031221875748120537,0.0009537974106524115,-0.5968853943731656
2842,-95.46071796480528,88,0.024704364121873084,0.0019910603607480493,0.41534927660745447
2843,-208.38246649519195,200,0.027756511573485063,-0.0012565271588912024,1.2515827968141193
2844,-64.08924972298871,56,0.026785595109234388,0.0028082721322271447,0.7061008821262181
2845,-47.539633557729736,40,0.024965674032217552,0.0005989944093570804,-1.3509981771087234
2846,-42.88533375248388,36,0.022799118385708726,0.002280752254119575,0.3412496105087244
2847,-90.20046085827983,50,0.13311410880225127,-0.5980525817104927,0.896581056271911
2848,-43.54377956475113,36,0.024979402532288898,0.0031271611768999043,0.038408478161975096
2849,-369.529908552166,360,0.031555988583329954,-0.004980984484870912,0.6413496473849579
2850,-55.133914443270115,48,0.023622233255861696,0.0014005789089183145,1.3780992180710374
2851,-18.684676712296255,12,0.022134691100318682,0.004295218858053748,0.6332134847861517
2852,-84.95247797383936,78,0.02302145024450101,0.003967839603648453,0.48865267712497984
2853,-48.792258133556345,42,0.023261157991631164,0.004289740099322867,1.0521277153606157
2854,-69.1232902189909,58,0.036832086817850884,-0.1308566553949915,0.7756516529759083
2855,-88.66224440018644,82,0.0220604119211464,-0.0010492188497508155,0.4412527068687714
2856,-54.76339530904336,48,0.022395348705441263,0.0037600087472206807,-0.33186731654142737
2857,-49.43304730921126,44,0.027165236546056522,0.005574980269186199,1.0392141194909346
2858,-124.78279398807553,112,0.04232713241084626,-0.0055361394378023576,0.39585431739179083
2859,-78.39564724406775,64,0.0476677061061844,-0.15426386382634327,-0.028014050172572486
2860,-124.05061624787712,108,0.05314773592012283,0.11711215159843448,0.4621956107648404
2861,-203.40195365555468,194,0.031132296872696114,0.0007917330097653811,0.1671293503674216
2862,-113.12427524352593,106,0.023590315375913964,0.0012248211544907547,0.7446918588541818
2863,-35.179456633824316,26,0.030395551767630063,-0.0723653548659251,0.8389182671929235
2864,-48.21741001727971,40,0.02720996694463427,-0.0013578101051262032,0.7343878162406471
2865,-134.9828043350495,128,0.023121868659103453,0.0006048463802477838,1.430142462343542
2866,-20.386907161883588,14,0.021148699211535123,0.0028896999220820205,-0.004058341140471806
2867,-41.25722081798157,34,0.024030532509873047,0.0028791118905854888,0.8323073884466083
2868,-54.91293745226963,30,0.0824931703717539,0.2813952649934279,0.5151786309598895
2869,-130.71189353647208,124,0.022224813034675172,0.0018049836056985406,0.9677120153924808
2870,-158.64136837613717,136,0.07497141846402933,-0.4708568250953177,1.0293390523434334
2871,-155.05326555805027,148,0.023355183967055194,0.001845311787941598,1.1490892514657378
2872,-10.713172363013406,4,0.02222904755964694,0.0012639773546236981,-0.06208257821874442
2873,-95.3402896813243,76,0.0640406943090196,-0.19797678992078202,0.48630065493507696
2874,-62.15335852029149,48,0.046865425563878994,-0.24846608518007587,0.4946882137761988
2875,-241.13535728493187,234,0.023627010877257496,0.0026033091116758273,0.5560253184220703
2876,-58.82277531707469,52,0.022591971248591573,0.004645736164040247,0.6834572008833295
2877,-139.6628636695004,132,0.025373720759935575,0.0006076001719454464,0.6807513185045898
2878,-130.31111955393635,124,0.028686907063349303,0.0059463927981613035,1.9010132369187407
2879,-38.76456294540636,14,0.08200186405763733,-0.1646517068415954,0.6908649532219229
2880,-32.89770698300467,26,0.022840089347697518,-0.002201605195932041,1.21108898881866
2881,-37.04348452460198,30,0.023322796439080282,0.006375439064145483,0.8059523725764987
2882,-213.89794191391536,206,0.026152125542766975,0.00787252692470253,0.7739907819452381
2883,-25.763289541430833,20,0.02287019659297951,0.0042213496848172135,0.8081701725212966
2884,-50.98210636881904,34,0.05623214029410273,-0.39855912059240217,0.6812430362102255
2885,-58.20199060368872,50,0.02715890928373707,-0.001133858878319676,1.200541992876748
2886,-294.88298147501723,282,0.042658879056349165,-0.13151201624855005,-0.06565147513798932
2887,-79.01380617585907,72,0.023224523761122478,0.004237135810567843,0.6777378367118819
2888,-45.13710735835243,32,0.06377236581724485,-0.11579812719414317,0.8252382768090878
2889,-30.62323426534185,24,0.022225618340073264,-0.0005574620242899396,0.9645083866892937
2890,-118.00014172086124,80,0.12582828384391034,-0.22009572364275795,-0.15761015195524225
2891,-72.13250370954064,64,0.026928820230266975,0.002644760541876914,2.0688798789073983
2892,-58.7295810994205,52,0.02228338112390948,0.0015931294439591789,0.4223033208469012
2893,-131.05385869445178,94,0.12269489633924496,-0.19466991615809334,1.1311887497481712
2894,-183.81069282452916,110,0.2444062676308901,-1.1792551255704748,0.885963575909568
2895,-76.6483657798048,68,0.028827885932683085,-0.042587117386011716,1.2347991456189775
2896,-62.804848282359856,40,0.07551274265682041,0.3283157505357132,0.5764446542810129
2897,-76.52167260794273,72,0.024844354988696523,-0.0004950485023373103,1.562876516196667
2898,-35.10576320337218,28,0.023529017229709123,0.001078984432696482,0.912316402060232
2899,-23.154984153624895,14,0.030314517064983088,0.030515815514216543,1.8146647824716926
2900,-180.26858670026172,172,0.027379426159807006,-0.0014392435272372272,0.9321164521067218
2901,-41.24589702145433,34,0.023993036494881666,0.0023255746393766722,0.43429540664679217
2902,-208.68268763311005,196,0.04199565441427373,-0.14708056258807106,0.8074866454454681
2903,-49.22597851355373,22,0.09015224673362118,0.2696095529394779,0.631538114667406
2904,-34.70712426842782,28,0.022209020756383445,0.003612835188542758,0.8979402233024639
2905,-26.99838811518958,20,0.023173470580097943,0.002256376909428208,0.6955452816235904
2906,-180.53744166392622,174,0.021647157827568753,0.00013473426263211973,0.6346257468476625
2907,-50.64212436604384,44,0.02199378929153587,0.0014863424723203114,0.24532273407527846
2908,-32.897200806392775,26,0.02283841326620157,0.0028855615874848,0.6243768701685241
2909,-341.8205267632113,314,0.0921209495470598,-0.12185508898622818,0.12510880230855048
2910,-16.8717793987532,10,0.022754236419712522,0.006417818809011396,0.9312867701487912
2911,-64.6349296401429,54,0.03521499880842011,-0.017236551595080817,0.8017706148098578
2912,-52.52264059153154,46,0.02159814765407768,0.002354940004486418,0.14844688007333207
2913,-220.33119545827603,212,0.027586739928065256,0.030765069885000537,0.5476712474736904
2914,-17.22108283289217,10,0.02391087030759003,0.0035212758849899202,1.044861668074004
2915,-37.785518244499535,30,0.02577986173675349,0.017359127002515344,1.0831417880556469
2916,-57.48588193763286,50,0.024787688535208127,0.004181520290524755,1.1527517895243555
2917,-108.7208493249953,92,0.0553670507450179,-0.3081785697815323,1.1047035901853122
2918,-78.9478189921236,72,0.023006023152727796,0.002679716149616419,0.3465871344938788
2919,-46.321233093800686,40,0.020931235409935935,0.005100871566783279,0.5769960149774167
2920,-62.67035333113639,56,0.022087262685881705,0.002468847348863592,0.9167040767870288
2921,-140.97654715605233,134,0.023101149523351468,0.0033995484640291394,0.5912203951849794
2922,-70.38070569205753,64,0.02112816454323757,-0.0009006625108824833,0.7641719121300894
2923,-134.32149013079857,128,0.02307113186422818,0.003984597324135366,0.3550280201496101
2924,-121.7167288696382,100,0.09524881083174708,-0.7607329877826646,1.1308833402168954
2925,-39.468631946365804,30,0.03135308591511845,-0.023156899733111164,0.8286850005687393
2926,-100.06795087262553,92,0.026715069114653274,0.038204294970391676,2.3538384951607343
2927,-64.90205246634805,56,0.029476994921682067,-0.0322226227845901,0.7488960527664587
2928,-84.53071190757781,50,0.11434010565423061,-0.7024292552336396,0.2181088647014918
2929,-78.5011268969055,72,0.021526910254654,0.0022355126215465714,0.3246854037476244
2930,-74.54679622138609,68,0.021678133183397598,0.001010026287407744,1.3628849400071326
2931,-219.59533107239574,212,0.025150102888727034,0.0027513464659896514,0.07327331076252785
2932,-56.86548556620056,34,0.07571352836490305,0.2202528049095398,-0.35805354097195813
2933,-131.17158865140163,100,0.10321718096490724,-0.8736575611823065,-0.7487583751149556
2934,-54.58488378919063,48,0.02180425095758502,-0.0008024875194124186,0.3830528186111278
2935,-84.7381656490924,78,0.022311806785074714,0.0019106803331616648,0.7553172196150566
2936,-471.9652064942531,442,0.0992225380604432,0.3144692537522819,-0.02213618984871501
2937,-9.05457076226291,2,0.023359505835307656,0.005494909337259188,-0.3736971046360802
2938,-78.51269170054582,72,0.021565204306442917,-0.0008558441575274291,0.8892799533459718
2939,-111.14767675584919,104,0.028363796650195203,0.02524476675815614,1.7063982770000057
2940,-46.79194557979089,28,0.06222498536354668,-0.39730643349875455,1.5934562647510906
2941,-44.77966499165716,38,0.022449221826678946,0.001001395898661422,0.13452651451044217
2942,-44.59038853153404,38,0.02182247858123872,0.0011056940368105294,1.3118718996625902
2943,-55.30851766907533,48,0.024200389632699656,0.002545328232126668,0.6980478494020163
2944,-341.1056317094097,324,0.05664116460069642,-0.21951605344394728,0.6396362777772577
2945,-54.80615767648007,48,0.02253694594860936,-0.00022945519847431472,-0.014555365693834857
2946,-45.84061320093253,38,0.025962295367326336,0.009529848409498986,0.595587466368976
2947,-232.61474312249,222,0.035148156034734784,-0.11462703691941951,0.6254062518438892
2948,-120.12766327883328,84,0.11962802410209532,-0.7964775210994277,-0.4310745751834089
2949,-55.3579027632206,48,0.024363916434505088,0.0031582467899417244,1.1541301689114165
2950,-78.58643864534244,70,0.02843191604418094,-0.008251269921715933,0.1231346074221517
2951,-57.006332409086966,50,0.023199776189029415,0.0009516361194958799,0.3550386591774368
2952,-192.32235065928924,168,0.08053758496453385,-0.5324129258105161,1.5256387226475472
2953,-43.535959909288046,36,0.02495350963340442,-0.00012158135211230904,0.6007094468823029
2954,-93.85799476469737,86,0.027475506170270492,0.013966622750333451,0.5208031786087952
2955,-38.796312069810526,32,0.022504344602021994,0.002061950898226597,1.0155676777378984
2956,-50.14836006383102,42,0.02698132471467248,-0.0023621182887204337,0.7220343132387421
2957,-70.62750631637273,62,0.028567901709843933,0.0022738536134430066,0.9673642253964239
2958,-78.72550892567536,72,0.022269897104885823,0.0026522185781427863,0.08819117772574876
2959,-45.71260537791282,40,0.022141881309739906,0.0014031860037064252,0.7126606015981239
2960,-173.91438600402546,166,0.026206576172271626,0.008517541727729585,1.4827376130542762
2961,-28.54889759413867,22,0.021685091371319902,0.0013714016285271613,0.9834792565806485
2962,-75.2799678224548,68,0.02410585371673759,0.004727323024937674,0.019974201534152344
2963,-69.23794667857581,62,0.023966710856210993,0.003516467545715019,0.004824517893802301
2964,-69.5509016988906,60,0.031625502314207014,-0.003437506738550566,0.2992088156589808
2965,-54.88778714876264,48,0.02280724221444521,0.0016590175288266793,0.5441750845219632
2966,-107.89988013337893,84,0.07913867593834004,-0.6090805277000151,0.08968038863692485
2967,-119.26827251725155,112,0.02406712754056816,0.0013158812102806194,0.5880259180745258
2968,-43.977882351204,36,0.026416828977496507,0.026018516309189284,0.42525018159354444
2969,-68.66510424658847,62,0.02414892842966846,0.0017815670562044217,1.3602600867347499
2970,-30.76609624994017,24,0.022404292218345122,0.0006415806377664307,0.8748830853201046
2971,-85.36040259866046,78,0.024372194035299992,0.0015289028796570882,0.12064912002965412
2972,-66.64241157532139,60,0.021994740315633882,0.002077024926921809,0.4867411013452077
2973,-94.39804504907575,86,0.027808096188991816,0.025451122900927502,0.9095030765135893
2974,-37.12834473123368,30,0.023603790500773745,0.002134692924411733,1.0995019792472722
2975,-74.74489143310535,56,0.062069176930812396,0.3624238200229747,0.7783613986037332
2976,-63.98216734233043,56,0.026431017689835804,0.00192377183136117,0.6607937607116263
2977,-40.306584631236305,34,0.020882730567007863,0.0011371384345500773,0.3597673112963672
2978,-238.88109480121176,232,0.02278508212321758,0.002815820580496397,0.9806769732897793
2979,-33.457219183153455,28,0.020989304550589963,0.0035070437374703873,2.564266272031774
2980,-10.80929898646648,4,0.034046494932332395,0.0022615015264600517,1.0397739201512886
2981,-12.471502627214216,6,0.02142881664640463,0.003970676994017504,0.9455385994445417
2982,-107.02299534905833,100,0.02325495148694838,0.0009379694660792485,0.6863131005613022
2983,-124.18984774795507,116,0.027118701152167933,-0.0029421200434560117,1.1404817819737194
2984,-116.67797549294954,108,0.028735018188574907,0.002424046714074712,1.4825731311590928
2985,-165.68199424584972,148,0.058549649820694,-0.30579763532582277,0.8445952904851651
2986,-40.555624293737914,32,0.028329881767344665,0.00019604878219473638,0.22327274824727777
2987,-72.65555149199717,66,0.022038249973500762,0.006743012846907021,1.0059542647099187
2988,-6.7387672490502055,0,0.022313798837914667,0.002874674021485354,0.5865973272274032
2989,-44.94446843614456,38,0.02299492859650515,-0.0004300432338299143,1.0291717328810297
2990,-33.13714600461935,26,0.0236329337901303,0.0003901052595554105,0.4260368549346689
2991,-124.96917321245192,118,0.023076732491562106,0.002560495528036309,0.4125188473198834
2992,-53.11113135461402,42,0.03858031720352073,-0.09191044442260236,1.5673912401728254
2993,-48.929714839584115,42,0.02294607562776222,0.0014058150455898402,0.9943292553110926
2994,-52.183974656728616,46,0.025138108360685366,0.0036418136729805812,1.4922583724985399
2995,-37.82360524509134,32,0.02274845798863835,0.004003090084370342,1.4141008082669941
2996,-20.82546080023474,14,0.022600863576936223,0.0018285994971516412,0.8936309025292932
2997,-200.69958573314963,194,0.02218405871903838,0.003250685616609153,0.7440406548998023
2998,-95.12130632649237,88,0.02358048452480826,0.0017610743973367163,0.5316402510841727
2999,-143.07094924710316,124,0.06314883856656707,-0.4116459544781219,0.7704016478869075
3000,-39.032935858430186,32,0.023287867080894604,0.0019845272267132457,1.3746402398235973
3001,-86.22189542352916,80,0.02060230272691789,0.0034612087914504307,0.491186234020221
3002,-72.89354604802567,66,0.023447435537502784,0.006630581204754104,1.3138563256721063
3003,-49.67194158696105,42,0.025403780089275015,-0.00032048884386795,0.6489872495721661
3004,-20.039666542463276,14,0.020826436353322,0.005992532012691111,0.6209220407659626
3005,-164.2541780748272,154,0.03715281911169314,0.11478411833505969,2.78779205633378
3006,-58.32864177120153,52,0.02095576745430971,0.0027329485414747073,0.38484012611466306
3007,-87.23410459216775,62,0.08355663772241068,0.36591936417127535,0.8621073856467184
3008,-55.20934539404415,48,0.023872004616039964,0.006061059780748845,0.8588670638173245
3009,-34.63048877250186,28,0.02195526083609865,0.005133933138213312,0.11054305118402244
3010,-24.40519860806328,16,0.027831783470408062,-0.0024200814234136008,1.0541381862082762
3011,-55.23376614707153,48,0.023952868036660885,0.0006493761349316773,0.8881946848388786
3012,-81.79707925540032,74,0.02581814322980159,-0.010105213343855056,0.958650739459839
3013,-131.9234661452755,124,0.026236642865151948,0.010271638536761015,0.37901016270617693
3014,-43.07676663751371,36,0.023433002110971997,0.0005998328784542368,0.44287930274750753
3015,-118.34253305182244,112,0.022651903756508385,0.003702232430888606,1.00290012885068
3016,-70.17042764600306,64,0.023551250557263603,0.002108991389049089,0.6008175426114791
3017,-86.47405827826717,80,0.021437279067110158,-4.64368409196544e-05,0.19901394336761918
3018,-70.19190012338572,62,0.027125497097303563,0.0065980010294349285,1.6839751101455138
3019,-30.72717003605344,24,0.022275397470375526,0.002780867098897714,0.7388602074258421
3020,-44.56363193182808,34,0.03497891368155017,-0.13918816024523895,0.8326243800702443
3021,-206.86883688140088,200,0.023363390753065198,0.0016385982235969634,0.9981685604513258
3022,-40.044215497647976,34,0.020013958601483597,1.0704996206162387e-05,0.6193695768619123
3023,-72.95190380356708,66,0.02301954901843508,0.0026223168750016007,0.922151002631155
3024,-54.832734669714455,48,0.022624949237465053,0.0017530290624250145,0.4509704259982863
3025,-21.19862064860271,14,0.023836492213916368,-0.0009942474975466532,0.34904081838381623
3026,-106.87301152686794,100,0.02275831631413191,0.0007158328420544253,0.9588610141344657
3027,-127.38186370278184,120,0.024443257293980152,0.0020664712966925506,1.1079484532261885
3028,-175.0697905104651,168,0.023409902352534026,0.0015116091614083343,0.22218141359684138
3029,-24.898722650181014,18,0.02284345248404292,0.0015446532259206442,0.26082869760510174
3030,-24.797906089284954,18,0.02250962281220188,0.0019441351144950812,0.5300746816677652
3031,-124.67733218234757,118,0.0221103714647273,-0.001180822228541018,0.4705326754285257
3032,-69.34777158421834,44,0.08393301849079,0.2797653575959794,0.8283223514480976
3033,-22.011016958031142,8,0.04639409588752036,-0.08837961130575062,1.083900642687966
3034,-265.6358177870142,252,0.045151714526538475,-0.20030839372355344,0.8785804288429563
3035,-55.37531124711175,34,0.07077917631493989,-0.5082645311968599,0.5159396229822972
3036,-168.85101444770677,162,0.025003702363892412,0.006956507015572249,0.8612979623120292
3037,-103.2587343508179,96,0.024035544208005605,0.004185610646243201,0.7650412239952689
3038,-107.71456558235286,100,0.025544919146863795,-0.0018351704794265923,0.8962325242294048
3039,-40.934163812751194,34,0.022960807326990764,0.001718358479483386,0.6925926920715878
3040,-75.15867853298386,68,0.02370423355292659,0.0026872894814583344,0.09420016262347236
3041,-95.9546908776004,72,0.07932016846887516,-0.5847569066623306,-0.27400588392594594
3042,-100.73334528304126,94,0.022295845308084122,0.0026728932529885246,0.812234738503528
3043,-52.77883933720386,46,0.022446487871536205,0.0020765562818558358,0.7302502455132508
3044,-67.3038519404023,60,0.024184940200008075,0.0024338579227043845,0.33963666322401304
3045,-26.799040956410703,20,0.022513380650366514,0.0022760272839041857,0.8528326534528119
3046,-162.6180771925776,154,0.028536679445623925,0.00527891994219594,0.4086614999826265
3047,-35.61415594656418,10,0.08481508591577541,-0.6825304342715212,0.5579912668884083
3048,-102.8069664841726,66,0.12187737246414801,-0.19608265250899662,0.5617217483600317
3049,-301.07372226222054,294,0.023422921398081335,0.0015160837421958513,1.3156533871063445
3050,-22.484805032766506,16,0.02147286434690891,-0.0012921638755183297,0.4206446995258556
3051,-49.00763653711507,42,0.023204094493758484,0.004139914738811515,0.5062829214752466
3052,-233.3590217552874,226,0.024367621706249606,0.003663628921298224,1.0048873059788683
3053,-62.291126218662804,54,0.027454060326698095,0.0006915260568131625,0.7123441837598502
3054,-40.675382338838176,34,0.022103915029265786,0.00061408109208939,-0.04380587386414532
3055,-77.00600043819752,70,0.023198676947673164,0.002360531232097735,-0.12383890285176712
3056,-95.72864379863694,88,0.025591535757075436,0.007915243215470371,-0.10082161850157188
3057,-96.8189628465541,90,0.022579347174020173,-0.0010048628389983383,0.7405826635567767
3058,-75.21171882282466,68,0.023879863651737224,0.0033949284700195716,0.8691527556806852
3059,-95.67853982423311,90,0.02253388819140216,0.0006925979277141214,1.1158148834546049
3060,-55.36273270785686,50,0.026548181722063517,0.003326423688662598,1.4854617955209226
3061,-100.1260825014481,70,0.09975524007101962,-0.707583221500209,0.19430439980093095
3062,-67.54548516436131,46,0.07134266610715644,-0.4027337052366721,0.9942153137987125
3063,-160.56751668438147,152,0.028369260544309553,0.019264540574991374,1.011264117407406
3064,-26.908893799204062,20,0.022877131785443993,0.00200943801064809,-0.061140229897170766
3065,-205.23567365338835,198,0.023959184282744555,0.0014926266807149973,0.47754428114844966
3066,-80.41912843668845,62,0.06099049151221431,-0.3877793187273987,0.7648523635763886
3067,-142.73213919985673,136,0.022291851655153672,0.004087452988436335,0.8945974128660037
3068,-79.04329501231452,72,0.023322168914948743,0.0031484036358683954,0.5912732119185523
3069,-136.29821304822048,128,0.027477526649735507,0.030704959774920285,0.7838736167789702
3070,-128.20304072840372,118,0.033784903074185135,-0.0025621278402673093,-0.6602738318357899
3071,-20.159086217604195,14,0.02587851351934533,0.0019172978943542522,1.4633407411423802
3072,-85.05981247180961,78,0.023376862489434925,0.004617170668022078,-0.5730690187408198
3073,-40.70924523440097,34,0.022216043822519627,0.002445311856722854,0.8232670128487346
3074,-38.99173219884131,32,0.02315143112199104,0.0031613660931574883,0.6146158865345365
3075,-75.24049122927754,68,0.023975136520786294,0.0006556489036128616,1.140265611183771
3076,-63.90077303353376,54,0.03278401666732994,-0.10738552635387573,0.6789667757875625
3077,-325.61353888948594,318,0.025210393673791503,-0.0002611873737715234,1.0936603050457028
3078,-159.1945154772186,152,0.023822898931189447,-7.997678310628856e-05,1.3711870186911401
3079,-54.81598231677716,46,0.029191994426414788,-0.051759714338256185,0.9731686583996924
3080,-44.91055183123658,38,0.02288262195773699,0.0033197350028689506,0.20379931949116042
3081,-78.36836754751873,70,0.027709826316287288,-0.02733356351116117,1.0116120225265528
3082,-179.71548923091063,166,0.0454155272546719,-0.2461456213931288,0.6041731007836624
3083,-50.555413538792884,30,0.06806428324103554,-0.4394880940386754,0.12240915758838254
3084,-167.96630164516625,160,0.026378482268762684,0.001572399276049672,0.6645911622375392
3085,-99.15075965974796,74,0.08328066112499437,-0.7254166766308828,0.29695915430768804
3086,-66.47683111578554,60,0.021446460648295806,0.0041849225171261915,0.3764861978568468
3087,-48.99902258928378,24,0.08277822049431702,-0.6824457740597736,0.06658626017376583
3088,-10.48951475293841,4,0.02148845944681587,0.0020839799164689534,0.3171574483688424
3089,-38.486059121179395,32,0.0214770169575484,0.0020240856362321717,0.5649171903967088
3090,-64.18910916765968,32,0.10658645419754866,-0.8352330385613261,-0.12384925359645735
3091,-141.68461209029243,132,0.032068251954608634,-0.059185086983249875,1.7885990753956351
3092,-66.74402510865764,60,0.022331208969065854,0.0024869616126444263,1.0251578138645474
3093,-71.87723033521695,64,0.026083544156347113,0.0006289021712026269,1.0321117940426663
3094,-39.53674351215352,32,0.0249561043448795,0.004142994154398854,0.6157206469274046
3095,-161.58116111444684,154,0.02510318249816696,0.004113426099420334,0.3702174143879582
3096,-70.35278625793107,62,0.027658232642156586,-0.00018048738626707714,0.19282221934933136
3097,-11.48770081238158,4,0.024793711299276693,0.00251908643319216,1.040501093947377
3098,-43.14854412050342,36,0.023670675895706657,0.00014178922372123855,0.3692550399253185
3099,-102.88030374332861,96,0.02278246272625346,0.0004081628316957874,0.08370989558212953
3100,-77.23237263147955,70,0.024433691322566144,0.0035108395720001412,1.3951396610549587
3101,-112.68194703207423,106,0.022125652424085845,0.0019583599217889817,0.7395967797904325
3102,-67.24198346879018,34,0.11007279294301373,-0.5580837465328125,1.065668725481643
3103,-39.74810142254877,10,0.09850364709453249,-0.7293571720683072,0.7056656704702884
3104,-6.128443599486543,0,0.02029285960094886,0.0029572442244886364,0.6254653342340345
3105,-47.53752359806507,38,0.03158120396710306,0.0023141810172453326,0.10867524982502512
3106,-158.74973357519536,152,0.024815196967628413,-0.0018008323530118693,0.6638636456196871
3107,-86.66480527249692,78,0.028691408187076807,0.012309106475278882,0.619425219006814
3108,-26.508361566655584,20,0.02155086611475329,0.0037502542077964603,0.4578986840878923
3109,-38.51536689452402,32,0.02157406256464877,0.0016877167421818669,0.22776671402612764
3110,-52.22434163733233,22,0.10008060144812002,0.10831886887140202,1.4891512350450633
3111,-40.65035265895597,34,0.022021035294556228,0.006038238729707995,0.10676251671979334
3112,-70.67849168950612,54,0.055226793673862275,-0.30834046498277157,0.662414221443114
3113,-243.13654936622638,236,0.023630958166313887,0.0018411955391426898,0.35182390718555867
3114,-42.64190435329983,36,0.02199306077251598,0.000574912020430857,0.621146797791244
3115,-71.22093640479609,64,0.023910385446344815,0.000773566832229347,-0.007881729142734202
3116,-88.9642406399616,80,0.029682916026362766,0.04122324327719305,0.9411461839968449
3117,-137.813917094455,130,0.0258738976637577,-0.0007933194585613265,0.9651358675303413
3118,-46.711763325273495,40,0.02222438187176634,0.003127976652660364,1.2742535466037226
3119,-21.927731950121057,14,0.026250768046758452,-0.0020671775048006547,0.20559800659107438
3120,-60.159636795330144,54,0.0285168370154174,0.006564275914570317,0.9077062606023564
3121,-18.725159625043286,12,0.02226874048027573,0.00033609325386929194,0.9538670849789779
3122,-10.814128625892614,4,0.02256333982083658,0.003091799422546555,0.1985787128858478
3123,-52.15382576260461,38,0.0468669727238562,-0.2513607161554403,1.6921497743167384
3124,-7.854257613766653,2,0.026370529791741707,0.004093735363032367,0.7858416288103153
3125,-32.89705820927454,26,0.02283794109031275,0.0033717783413124303,0.6802488148607165
3126,-118.19280837796349,102,0.053618570787959105,-0.28744530766602566,0.6663427195188388
3127,-60.74473530508601,44,0.05544614339432439,-0.1259260889525149,0.9745464894236165
3128,-62.07054341915575,48,0.046591203374687785,-0.10957980278080687,1.4790754522405107
3129,-74.7498967186897,68,0.022350651386389774,-0.0003946870003382842,0.19661394351359382
3130,-18.268494904811472,12,0.02075660564507116,0.003312578402993127,0.31742590511100527
3131,-32.94221683009968,26,0.022987472947350006,0.004065304980011941,0.4336041517035314
3132,-100.2541272226556,94,0.028688656984659635,0.005413625943858962,1.2641372999076856
3133,-52.83216156820243,46,0.022623051550339404,0.004209251602531861,0.59885061601343
3134,-43.29705949179983,36,0.02416244864834412,0.0009480699626975601,0.11322033814361183
3135,-22.750637113671797,16,0.022353103025403307,0.002510608384842115,0.459373055427144
3136,-51.18319458206139,44,0.023785412523381764,0.003268541025602265,0.05342539604649176
3137,-126.76920538410837,118,0.029037103920888516,0.004332951395402336,0.901329819358876
3138,-53.43229941779319,46,0.024610262972825384,-0.0037583570406210937,0.9030734201879237
3139,-26.84249213618013,20,0.022657258729073346,0.004029750078376876,0.47870822015433534
3140,-176.19380658058571,168,0.027131809869489498,0.005194569833959077,-0.1016978998031677
3141,-19.955834736057664,12,0.026343823629330007,0.030848717209011847,0.7889422570353116
3142,-36.6985598169769,30,0.022180661645618927,0.0024834494926004565,0.570756246494295
3143,-85.66647018612687,78,0.025385662867970015,-0.000517970379534492,0.13188363806844633
3144,-47.19089738463784,40,0.023810918492178153,0.0015161054675306952,1.3876080263897912
3145,-99.04406470539547,92,0.023324717567534792,0.0020598269184890963,-0.036018583380078684
3146,-100.09385197194798,88,0.04004586745678121,-0.01170980328630767,0.5554495260722331
3147,-238.95004520871888,232,0.02301339473085757,0.0017557629425732407,-0.21148917385685762
3148,-50.868273548164545,44,0.022742627642929412,0.002945699629725407,0.8248943723801027
3149,-38.90821790583611,32,0.02287489372793354,-0.0013337429842236299,0.2562588377542707
3150,-67.00435412089294,60,0.02319322556587036,0.006149096158024738,0.6782356761907657
3151,-50.789828505587224,44,0.022482875846314913,0.005689057840700477,0.0010304788932040802
3152,-86.44816159470058,80,0.021351528459273055,0.0025497742405852044,-0.10250135503265242
3153,-97.93252567318812,90,0.026266641301947224,0.003978207674870477,0.8067754312202917
3154,-76.36069022392479,62,0.047551954383856586,-0.2659268721345263,0.49251115940405604
3155,-61.39169585946476,54,0.024475814104187272,0.00317594586202369,1.2439912889197096
3156,-342.7878509268343,332,0.03572136068488422,-0.09634138935481489,1.1622655841880416
3157,-43.086967815400975,36,0.02346678084569839,0.009570878688538977,1.3850207098162215
3158,-157.66715043944666,150,0.025387915362406695,-0.00036197488122181783,-0.49252405678510314
3159,-12.84628651966764,6,0.02266982291280686,0.003119950969117564,0.7546948901965188
3160,-45.946849501962284,38,0.026314071198550705,0.041321844320408134,0.6731521710896454
3161,-65.1198482212697,58,0.023575656361819502,0.002542177344277649,-0.035495130566799926
3162,-113.58200007760324,56,0.19066887442914981,-0.8215901007099826,0.8698356801590765
3163,-69.19485856397316,60,0.030446551536336616,-0.0013585935097761353,0.9228290476767745
3164,-71.217690206884,48,0.07687976889696604,0.12312881387161116,0.8002958929529418
3165,-36.639874568103465,30,0.022896119200356654,0.0008212726139302911,0.7035877795812898
3166,-30.61363049449112,24,0.02189943872348047,-0.0004127607420271892,0.4025626695243062
3167,-48.464569874588136,30,0.06114095984962948,-0.14996373266712545,0.7972371649915284
3168,-36.827011320469396,32,0.028064019305054113,-0.0039848507205999,1.2300355259132123
3169,-51.74782106763409,44,0.027474542793028876,0.0007020276398992443,0.6965413995798849
3170,-92.58677632365085,86,0.021810517627982043,-0.0009689291632681814,0.5874230782772007
3171,-39.2553433972973,32,0.02402431588509015,-0.00110188042051128,1.0172909566664619
3172,-144.0235620562663,134,0.03319060283532037,-0.0187710156423712,1.0788253496873612
3173,-64.66253929973978,58,0.022061388409734366,0.002886192181123735,0.31020584895756614
3174,-64.76451240088295,58,0.026219040313500676,-0.0001038617497786533,1.2257573710971101
3175,-36.922970129232574,30,0.022923742149777045,0.0018621452283792642,0.566258672991766
3176,-85.13287035275111,78,0.023618776002487993,0.003279201527872425,1.0119627931930852
3177,-46.7101132260792,40,0.02221891796714981,0.0012776198300428147,0.5058355217479209
3178,-164.06212094015126,154,0.03331828125877871,0.05046437075723962,0.6903696649051765
3179,-43.23766194832781,36,0.023965768040820373,0.004648053218357709,0.8878816041833874
3180,-82.15777640157896,50,0.10648270331648584,-0.7683548415011868,0.8099391468239344
3181,-58.74659712669565,52,0.022339725585084482,0.0009068551565835018,0.7059188419710328
3182,-95.08854117919957,88,0.023471990659600563,0.0026944314246065914,1.5565744743072119
3183,-27.64911749855703,20,0.025328203637606208,0.0018163070195755036,0.12036338239096395
3184,-101.44274905437668,80,0.07100248031250524,-0.2718353807904591,0.8963258049426288
3185,-210.11084343116073,200,0.03347961401046695,0.011864736122279644,1.076717073932623
3186,-81.1739062713089,74,0.023754656527513577,0.0012082489090200687,0.39190115807030584
3187,-95.28145700402568,88,0.024110784781541147,0.00037763646190110226,0.9984241370046172
3188,-54.99191600576561,48,0.02315203975419084,-0.0016235595780258246,0.5360865297179133
3189,-153.44760860564483,146,0.024660955647829462,0.00013179793068830739,1.3732150438926853
3190,-89.16758845355346,64,0.08333638560779276,-0.3795304428918645,1.390909106621946
3191,-14.18544239307669,8,0.020481597328068396,0.0033983849206806736,0.30287636593482914
3192,-66.54016123250383,58,0.028278679577827443,0.0009020151091286209,1.2323395041305192
3193,-66.74203437751716,60,0.02442766078810535,0.0023004093546541812,0.8956953678652559
3194,-28.72110771103143,22,0.0222553235464617,0.004914815283368113,0.6047481699681024
3195,-127.03540766072352,90,0.12263380020107052,-0.8228368704618164,0.3486606439967202
3196,-90.6518635815572,72,0.061761137687275466,0.12302360882325751,0.45272383125264615
3197,-73.13867922397147,66,0.023638010675403148,0.0034980265718163144,1.1280300635270872
3198,-58.74578052744656,52,0.02233702161406126,0.0018695069564851803,0.28362111524888467
3199,-24.640607863417344,18,0.021988767759660015,-0.0007540518041724795,0.39104625107890106
3200,-41.90499288965336,28,0.046043022813422124,-0.21747547351533164,1.3651199224955266
3201,-36.800731798714544,30,0.022518979465942716,0.003144533423990603,0.20529576999332683
3202,-46.544693321297544,40,0.02167116993807112,0.006372673780925646,0.13565985496465843
3203,-58.64087568372995,52,0.02198965458188784,0.0035881412113763834,0.46058553471677127
3204,-198.30942402306653,192,0.02628926676277692,0.005267071588120112,1.3572722541699962
3205,-83.83240418657697,76,0.025935113200585422,-0.000989727440617041,0.22581126644200528
3206,-24.238423531899244,18,0.020657031562580395,0.0030393313971156907,0.29985030298768883
3207,-85.28581760092734,78,0.02718588657062432,0.004303758218667276,2.0538520961030344
3208,-66.99503371306723,60,0.023162363288302235,0.0022270398029428443,0.8618628923358729
3209,-98.89261169673121,92,0.02282321753884561,-0.0006999802776451982,-0.07451746577739296
3210,-89.13816561067524,80,0.03025882652541433,-0.07936491440836685,1.108062842524664
3211,-174.76414842893584,166,0.029020359036210263,-0.002271198952109522,-0.11960520483306701
3212,-203.42918925614515,186,0.05771254720577806,-0.31134862168722893,0.32234848171536346
3213,-45.02778650800241,38,0.02327081625166343,-8.94838355062221e-05,0.4441457218368729
3214,-54.313482394101314,40,0.047395637066560664,0.22012799235844493,0.708379354000181
3215,-80.48373192217825,72,0.028091827556881183,0.011280359126726128,0.42402887549388163
3216,-176.85954921392755,170,0.022713739118966104,-0.0007643292826100789,1.260222866072856
3217,-110.83277075704132,104,0.022625068731925088,-0.0002039777145825869,0.4150658113675328
3218,-20.798389103070182,14,0.022511222195596776,-0.002535449214501689,0.29250454822788785
3219,-27.15020597857969,20,0.023676178737018768,0.0011631571404814769,0.7167880640380795
3220,-73.4138125002773,66,0.02454904801416274,0.0037393625024999093,0.5005707304654119
3221,-349.53601403001625,340,0.03157620539740608,-0.0019486267387940986,0.4111793806703934
3222,-131.6478882456988,126,0.023338381180573773,0.0021426754187761753,1.0217123600108067
3223,-50.90755400086444,44,0.022872695367101237,0.0037534460557982425,0.5633567031894542
3224,-66.4716300600708,48,0.061164337947254344,-0.3850751822322471,1.2706667033663068
3225,-162.2868757274034,154,0.02743998585232858,0.002173133124751563,0.7740779415549539
3226,-61.21719656678936,54,0.02389800187678635,0.0028183241454199795,0.5888185367415295
3227,-32.64039211275653,26,0.021988053353498044,0.0008136467986573644,1.1595317220793333
3228,-51.195209384192694,44,0.023825196636399423,0.004010236188491794,0.7008736218108382
3229,-111.28613059789241,104,0.024126260257921982,0.001720829013139873,0.31206321819052824
3230,-45.14458319033795,38,0.023657560232906456,0.003625877465997261,1.1210597713502966
3231,-143.22912905038842,126,0.05705009619333888,0.30056265555437817,-0.04776497205614501
3232,-51.82464791184,32,0.06564452950940435,-0.46138653852822664,0.7581189132704159
3233,-63.580783384074415,56,0.02510193173534558,0.004361170883882569,0.6865768141642102
3234,-48.70490512062192,42,0.022201672584840338,0.0029376564340801627,0.6497955210514433
3235,-83.20635723857312,76,0.023862110061500352,0.003318462118703798,0.5350291533862562
3236,-225.74486232647962,218,0.025645239491653208,0.0029937310836629463,0.15319562036608075
3237,-138.7936036358749,130,0.029117892834020945,0.032231112270745516,1.8632833126753519
3238,-68.32039049605443,56,0.04079599502004764,-0.1643859214544919,0.9821055260140835
3239,-68.20452483298821,60,0.027167300771484017,0.006023437169801431,0.59990957745741
3240,-51.3715264463789,44,0.024409027968142042,0.0028982537904976317,0.49457555832129296
3241,-42.86362182721553,36,0.022727224593428946,0.004362982895459659,0.623678690994109
3242,-66.81925095504023,60,0.022580301175630167,-0.0006504283038381215,0.4633680795641641
3243,-108.08415199561371,100,0.02676871521726422,0.033819701253522856,0.9300228326044828
3244,-68.02896065458852,42,0.08618861143903402,-0.5089125288881682,-0.20126332144655976
3245,-99.0179216229863,90,0.0298606676257819,-0.001917245274406568,1.1994461580461804
3246,-38.6225564968617,32,0.02192899502272127,0.0034313242862926987,0.6545780972345187
3247,-25.305434554989017,18,0.02419018064565913,0.0003728643362526011,1.1892113259143509
3248,-46.351145770294366,40,0.02301139771845748,0.005179929381330916,0.8929330522025787
3249,-36.46875430506561,30,0.021419716241938534,0.001438999360516692,1.0324125807841242
3250,-54.53434004471312,48,0.02163688756527489,-0.0012583885153767882,0.6081697086465934
3251,-115.47101378708889,88,0.09096362181155196,0.3702444053044549,0.8384814645690282
3252,-55.42247896315933,48,0.024577744911123852,0.002475378770282529,0.5415300596643405
3253,-107.32560894073099,100,0.02425698324745385,0.001961523198386938,1.71756680229762
3254,-94.6131298703758,86,0.02852029758402599,0.031194072794045832,1.4046541910113564
3255,-21.69361286326437,14,0.02547553928233218,0.019408459610009678,1.2143006463152732
3256,-86.18515236033296,54,0.10657335218653219,-0.9065515897917139,0.4573455475928379
3257,-68.39252720142848,56,0.04103485828287549,-0.17716875023768278,0.454816669484447
3258,-67.95680199654313,54,0.046214576147493656,-0.23034197544622764,0.2970031461157275
3259,-26.936164932164175,20,0.022967433550212527,0.0006168494468812356,0.457186636516812
3260,-39.62761252236457,32,0.029336971239864017,0.01476346365802993,1.3892064890840294
3261,-36.85610860491727,30,0.022702346373898567,0.0023615337535122173,0.9906618311232386
3262,-52.57935243070196,46,0.021785935200999907,0.00017030388132255797,0.7225091919726584
3263,-155.18029254223944,148,0.02377580311999533,-0.0037874209669893546,0.16557146670279055
3264,-152.69105400591397,144,0.02877832452289242,-0.03318271519460512,0.8179151164241164
3265,-96.69992198944573,86,0.03543020526306484,0.0033320017448867,1.0849941218158472
3266,-34.166218895660215,28,0.020417943363113505,0.003020299171769856,0.9087566970574626
3267,-57.02359719678651,50,0.023256944360220612,0.003002047042797215,0.2887777310920978
3268,-44.25147050420667,38,0.02170649480627283,0.0029188912219574883,0.7680614034250943
3269,-106.8266296607652,100,0.022604733976043654,0.0040291557018722205,0.4015735414235341
3270,-78.52738198888778,70,0.028236364201614777,-0.0025903197898936537,0.3213389259861071
3271,-122.67899490589018,114,0.028738393728112648,-0.0014542337034409557,0.5984851161963214
3272,-76.71364096901911,70,0.02223059923516241,0.00293841504750909,0.34344503257380465
3273,-162.54796916146663,154,0.028304533647241902,0.0011555562703253466,-0.18887732079690508
3274,-148.5694493984045,142,0.02175314370332621,0.002107899171756642,0.1779186999311575
3275,-126.35325107220551,118,0.027659771762269386,-0.00346527679064712,0.7913696040054367
3276,-35.044853531831585,28,0.023327329575601186,0.002905298089716485,1.0350055660031712
3277,-78.75417503704222,72,0.02236481800345114,0.0008113604011199134,0.09183659459057955
3278,-68.37645370699546,60,0.027736601678792678,0.02240061699374215,1.0249915371305889
3279,-26.70246207563565,20,0.022193583031906064,0.0008924613943838496,0.49135533690785826
3280,-56.847560527560844,48,0.029296558038280785,0.02761511242245355,0.9528270577359637
3281,-106.61225801502772,100,0.022800889706991463,0.004401561165226479,1.3159057628165867
3282,-43.136814277027625,36,0.023631835354396512,0.0009725972274565045,0.6471643294456002
3283,-92.41622786494071,86,0.02943223791257166,0.020312794575087487,2.7511955811932616
3284,-239.00812647438562,232,0.023205716802603044,0.0032826704016288384,1.1703268118785148
3285,-77.00351443784461,70,0.023190445158425794,-0.0019187783814707635,-0.14966375248457323
3286,-77.34377764030182,70,0.024317144504310162,-0.002776032063488645,0.14922979186878413
3287,-18.517727469043496,12,0.021581879036567726,0.00022374774585323816,0.0659452724037692
3288,-43.69981260980552,36,0.02549606824438885,0.0008982024663621375,1.1830707257527866
3289,-54.84152103330891,48,0.02265404315665192,-0.0009497172327169421,0.7117199444108132
3290,-43.11227573515069,36,0.02355058190447212,0.003155013846521827,0.5149320128961276
3291,-69.29806063633517,62,0.024165763696474284,-0.0004053369946222728,0.6638089043933328
3292,-62.62669276620116,42,0.06830030717285177,-0.4684212966970498,0.2995778260005496
3293,-75.3609053851748,68,0.024373858891308272,0.002809552561001396,1.1150814594745648
3294,-80.82604606141388,74,0.02260280152785995,0.0025050022559154114,-0.0562313013096781
3295,-139.2569267024565,132,0.02402955861740652,0.00040981162983973494,0.37925264617275534
3296,-63.04181519951662,56,0.02331726887257092,0.0021624710242763557,0.5115649013987109
3297,-21.920310920563615,10,0.03947122821378673,-0.03434118968966596,0.45313160513565853
3298,-99.10691898061368,92,0.023532844306666474,0.00352823206929749,0.6309346587303101
3299,-161.49725678845957,154,0.02567553694678048,0.01742429151726019,1.6940049875437517
3300,-36.96462808146978,30,0.023061682388972132,0.003985048258917666,0.03159789620320057
3301,-20.312011199783775,6,0.047390765562197845,-0.2709876411781794,0.3248076472409063
3302,-31.24993771295817,24,0.024006416268073427,0.00011695395913807712,0.45547281859266425
3303,-126.19921383865467,120,0.023661121521581722,0.002246645982163951,1.2754024435466949
3304,-61.26826797844064,54,0.024067112511392257,0.0014843598199932718,0.5987118371644474
3305,-136.93448915258466,128,0.029584401167500354,0.0027639790391857854,0.6288234372446522
3306,-116.80750214231153,110,0.022541397822223846,-0.0008035627521022488,0.46343160025048413
3307,-82.04409759034063,74,0.03296761307516652,0.0005531231832660002,0.07283588217783216
3308,-48.009559673782036,42,0.022592329600684177,0.003255308988150489,1.1441241274895917
3309,-33.04471110817028,26,0.023326857974073738,0.003033797432350871,1.0827185645069626
3310,-6.6485905445702285,0,0.022015200478709356,0.0012613479526010372,0.39211364271521243
3311,-47.08551358195757,40,0.02346196550317055,0.0027542302038810456,-0.3104190866840658
3312,-131.355988459208,124,0.024357577679495774,0.0009903750117152732,0.3020699252021755
3313,-231.27522084208795,218,0.043957684907576795,-0.20829354937570724,1.2415580855697912
3314,-149.56769352591556,138,0.03830362094674137,-0.11963246564029266,0.7830281918544618
3315,-75.17653838743412,68,0.02376337214382228,0.00222984638654115,0.41938577121193443
3316,-103.49365099843484,96,0.024813413902101396,0.0058802055808660015,2.1794885236543253
3317,-23.35024770053787,16,0.0243385685448274,0.0018433850859168497,0.615505008270042
3318,-58.58234999359224,52,0.021795860905934637,0.002150833987035721,0.6254535664720244
3319,-69.33766837434528,62,0.024296915146838943,-0.0005876389288170794,0.9553361790495253
3320,-47.268716429240904,40,0.024068597447817537,0.004337773829797246,0.46233558074281067
3321,-6.643964594031422,0,0.021999882761693474,0.000672514844047436,0.7030088753634154
3322,-19.121385501115395,12,0.023580746692435043,0.003432086958790457,0.07239566734214838
3323,-33.321661487050115,26,0.024243912208775194,0.002310925808315788,1.290431683683623
3324,-127.42104020446757,120,0.02457298080949522,-0.002947005243904099,0.7182505290812099
3325,-87.76194174048048,60,0.09192695940556497,0.3741399422508436,0.6748650617169722
3326,-110.60113224536997,84,0.08808321935552992,-0.6497261150857273,0.5675533957254382
3327,-63.20352089865926,56,0.02385271820748125,0.00012978678939259606,0.8483265530610565
3328,-35.65675214395424,28,0.025353483920378173,0.0021537461552448224,1.1657899272283967
3329,-41.718889599086985,34,0.02607732972664508,0.0027988471465210454,0.27276138737473393
3330,-71.1829918803742,32,0.12974500622640509,-0.763168228505621,0.16355798416000034
3331,-22.730115614513192,16,0.022285151041434487,0.0031737318728119134,0.5335275731972031
3332,-36.52724534819672,30,0.021613395192704193,0.003027951287333884,0.6782743908324979
3333,-59.736361172373485,48,0.03886212308732963,-0.15796226208828335,0.6565715003276047
3334,-159.3179040910925,152,0.024231470500308345,-0.0005419632334366984,-0.4074879442123829
3335,-8.917107522371902,2,0.02290432954427782,0.0031584583595240896,0.34833496307355927
3336,-40.89535415492068,34,0.02283229852622727,0.001878867427269552,0.7029151938132389
3337,-28.07849472760584,22,0.021708909741449393,0.006157047167985833,1.0083810697495106
3338,-38.91166638800153,32,0.022886312543051214,0.004924980692553106,0.5104795395018878
3339,-49.455675466556166,42,0.024687667107802194,0.0025454734115929203,0.8139930978167604
3340,-159.07471890654014,152,0.023426221544834303,0.0030365099168277736,1.1774175499092527
3341,-92.26256633560706,84,0.027359491177505867,0.0019984409018012615,0.5363089726675018
3342,-30.727893957213247,24,0.022277794560308865,0.002507851929681388,0.9033028002966362
3343,-93.4499849090973,78,0.05115889042747505,-0.22748822652756404,-0.3458255058388559
3344,-79.99967756240144,72,0.026665591874671365,-4.677518488218387e-05,3.300448839702954
3345,-75.127988048516,62,0.04347015910104614,-0.20035700779685764,-0.24955514356222572
3346,-23.44653890811114,8,0.054008877301087874,0.14718643066724046,0.7917466671762693
3347,-20.3727418860176,14,0.021101794324561756,0.003843465162863622,0.6894431408480833
3348,-118.17216508397011,80,0.12639789762903927,-0.6494937082787279,0.17735575464483203
3349,-69.14986157948672,62,0.023675038342670766,0.003980500856028956,0.518616841032805
3350,-63.32138732310165,56,0.024243004381131205,0.0020522532941440476,0.5321156999193416
3351,-93.47475884142843,76,0.05786343987228054,-0.18243418545712753,0.42391203514050496
3352,-45.63384899036599,24,0.0716352615575029,0.09362571987767537,0.6375603555726344
3353,-149.80457708816732,140,0.032465487046913,0.031166829650879326,1.7023351234581634
3354,-32.239673088903345,24,0.02728368572484524,-0.0017284200235350145,0.058499791258167386
3355,-24.47111812116708,18,0.02157039373722369,0.002465137198024119,0.2698757937490785
3356,-167.69694604949274,158,0.03210909287911516,0.006805500034350803,1.4261263972281675
3357,-121.98272672129048,114,0.02643286993804753,0.015620543698229771,0.6549561897084236
3358,-67.16183639371019,60,0.023714690045397082,0.0008001003762867474,0.4102481129780853
3359,-104.5572569581203,76,0.09456045350370941,-0.5857212026511004,0.6263444188720314
3360,-107.73402060500602,92,0.05209940597684135,-0.29509341988098864,0.6640636883082411
3361,-46.20224390813609,34,0.040404781152768965,-0.10760610973376114,0.5455107087493004
3362,-22.985320258696337,16,0.02313019953210731,-0.00306385284241918,0.2877237787387343
3363,-54.759584765044266,48,0.022382731010080165,0.001015490954525966,0.7852634550574921
3364,-51.64922297447565,44,0.025328552895615013,0.0011014399182807735,1.2266102842352924
3365,-34.985783449939866,28,0.02313173327794677,-0.00020719731414678278,0.5903664891522482
3366,-16.93784676307445,10,0.02297300252673655,0.004875200270175539,0.6273651210994796
3367,-65.35338834991404,58,0.024348968046073192,0.004674462504285566,1.7833592546624224
3368,-32.95862539167305,26,0.023041805932692436,0.0016373006997025565,0.28499100985905984
3369,-96.7314339573077,90,0.02228951641492633,0.0015318502718274364,0.31801825802737
3370,-59.777991609112,52,0.02575493910301993,-0.0011739619028452316,0.8092545546648912
3371,-124.71469647198062,114,0.035479127390665104,-0.0038744292746217836,-0.08982057857970145
3372,-80.84311147829422,74,0.02265930953077634,0.0015372150054892267,0.6957474870201346
3373,-76.96319783643357,70,0.023056946478257116,0.00047241859126447494,0.6491363594681665
3374,-47.949018306258,30,0.05943383545118567,-0.44500286963055935,0.9653266813009491
3375,-73.57831778534641,50,0.07807389995147845,-0.2738240734956209,1.473543030602587
3376,-65.20623300270876,58,0.023861698684465728,0.003405734294692412,0.47361064015526094
3377,-64.86147376601566,58,0.022720111807998915,0.0019308299940258315,0.6554956184353198
3378,-71.13972238614983,64,0.02364146485480046,0.004967478519869931,0.4943931314469753
3379,-68.98533655020607,62,0.023130253477503415,0.0023465891769587598,0.03611135579227772
3380,-66.00519794283758,50,0.05299734418158104,-0.09542010061308705,0.7478825946975289
3381,-46.88220328566156,40,0.022788752601528014,-0.0003821304168194434,0.8500151945213673
3382,-24.26644576787097,18,0.02287024002872588,-0.0008960434297663941,1.041568793761748
3383,-113.67363095800134,106,0.029066783931823516,-0.0002842684297568419,0.1510294468277028
3384,-46.6567123085888,40,0.022042093737049014,0.00032519235812275614,0.7390116170031945
3385,-18.722754744228343,12,0.02226077729876948,0.0024679978812939874,0.18838957523944824
3386,-61.45280193598227,54,0.024678152105902,0.000825529946754409,0.8356572845389462
3387,-44.82733650180035,38,0.022607074509273226,0.0010921105280648053,1.0652946901056084
3388,-21.135322435019777,14,0.023626895480197967,0.0036255271337072162,0.2823991260409397
3389,-43.5051032644884,36,0.024851335312875315,0.0020638804966028757,0.5665940563428826
3390,-67.23830841766154,60,0.023967908667753727,-0.001547407821153864,0.08463358175684467
3391,-62.679382923819446,56,0.022117161999402488,0.004917827647931824,0.7215274832387407
3392,-93.41036422374586,86,0.024537629879953574,-0.0025513967179958495,1.3759409631905648
3393,-124.74649759330606,118,0.02233939600432454,0.0020660195846591662,0.5799624810346853
3394,-222.02641997610635,148,0.2451205959473721,-1.2161979476563534,0.576247684557657
3395,-79.41371048819192,72,0.024548710225801008,-0.0005236045674834129,0.6264817879877469
3396,-9.16830756229588,2,0.023736117755946574,0.003840612634994854,0.8596409962604875
3397,-74.97160598986719,68,0.023084788045917768,0.003510229982626902,0.4269993811309768
3398,-124.81083300103482,118,0.02255242715574485,0.0007944893975439944,0.6664849377158815
3399,-103.51467618732855,96,0.024883033732876546,0.002143527229512357,0.630829162094611
3400,-53.21441506235209,46,0.0238887915971924,0.0005344928567612309,0.8889240591340607
3401,-64.5031262449351,56,0.028156047168658653,0.008029553491625293,0.8249070865119459
3402,-73.31948671894102,66,0.024236710989871724,-0.0005303385047649114,0.6334718700918517
3403,-86.85445157591859,80,0.022696859522908775,0.0012894233767350284,0.04274356547875688
3404,-53.16821957363012,46,0.023735826402748617,0.0020574028179703267,0.4272001871014236
3405,-6.725257156170365,0,0.022269063431027757,0.0014081200419783296,0.15675798211067865
3406,-50.39654583484703,44,0.02118061534717587,0.001453826563981738,0.6107860196042584
3407,-98.42010463796802,90,0.027881141185325517,-0.0012539582531313283,0.0674957458248257
3408,-43.33415199889096,36,0.024285271519506654,-0.0017028408287715982,0.18503044013285527
3409,-106.8693416827491,72,0.11546139630049355,-0.9339579128937808,0.22056336234779897
3410,-52.808148312707765,46,0.022543537459297353,0.006262180647837455,1.1316525700618127
3411,-100.08451309878978,96,0.02585134872651588,0.006682085468657786,2.0593676019047353
3412,-41.28701436686879,34,0.02412918664526042,0.002940058382613498,0.8447458309566227
3413,-27.120419484660513,20,0.02357754796245213,0.0035405081389965304,0.7252885568666501
3414,-125.98070480868101,86,0.13238643976384437,-1.1403512660525,-1.3537909961135948
3415,-85.28725450089532,58,0.09035514735395814,-0.168553915838418,0.5111239692806853
3416,-48.9660429825999,42,0.02306636749205275,0.0021070614410872686,1.022471394157066
3417,-66.79362914480436,58,0.029117977300676404,0.00837424603963135,0.5196379583093819
3418,-41.08145783712527,34,0.023448535884520685,0.0006861406066979201,0.0005233173980223422
3419,-35.394725995945144,28,0.02448584766869277,0.001407463858304977,-0.18785950246672548
3420,-47.101725676435265,36,0.036760681047798845,-0.14014370259258355,0.4503808191214574
3421,-37.467512420060224,30,0.024726862318080002,0.00040952046741022177,1.4644701434570728
3422,-103.4680989497743,96,0.024728804469449507,0.0018663729855556363,1.6490577719834751
3423,-17.84719042755899,12,0.02134011104948545,0.0006090604186900993,0.8715837492790229
3424,-77.70887918637455,60,0.06759114193272676,0.12789656107246392,0.36025944926906184
3425,-37.29383000465266,30,0.024151754982293275,0.0032724359606250823,1.2545814107562299
3426,-64.93625360715083,58,0.022967727175995736,0.0018386478094069522,0.547326575719716
3427,-87.80956773043944,78,0.032482012352448936,-0.014316542394804638,0.7053837816859287
3428,-24.246580399686888,18,0.02068404105856573,0.0014574115330334876,0.611769348884191
3429,-25.29018389296815,18,0.0241396817647952,0.004749149640263459,0.9083584265315455
3430,-13.650443806393813,6,0.025332595385409894,0.002836155269868573,0.39419352530551127
3431,-50.95628187746702,44,0.023034045951877677,0.003125376779499729,0.2707662189275062
3432,-34.354634011709976,28,0.02104183447586068,0.004138142449028839,0.417834894267348
3433,-67.8211245691083,62,0.024665782072493207,0.000989154669835027,1.022540172030439
3434,-75.35644843971768,68,0.02435910079376737,0.0040013749884836225,0.5762808231268362
3435,-70.83972278603673,64,0.022648088695485846,-0.002388496876429051,0.5134278254006991
3436,-26.41852275805466,20,0.02125338661607527,0.002938805335811925,1.1301475408922617
3437,-77.71518506918991,70,0.025546970427781028,0.0027738476502061483,0.47331671672853926
3438,-74.27766185752168,66,0.02740947634940895,0.002928338736212436,-0.13948768156754865
3439,-121.25941382466722,86,0.11675302590949516,-0.4337562364814433,0.9940595936907505
3440,-70.66946199936149,64,0.022084311256164023,-0.0002523483375445107,0.59105139298851
3441,-114.91860342293181,108,0.022909282857389593,0.0009358667987105837,0.2813529586225181
3442,-32.910373693951406,24,0.029504548655467946,0.012550810968583535,0.7098351265319209
3443,-37.28588976258696,30,0.024125462790022825,0.0022097145332122185,-0.47441482608058544
3444,-105.3082328254715,98,0.02419944644195828,0.004681157637834672,0.8916478897990745
3445,-32.44786270360923,8,0.08095318776029539,0.24637459110043056,1.1219086821071513
3446,-62.78376277337616,56,0.022462790640319044,0.0026791160819059027,0.5088427107930739
3447,-73.3841227262528,66,0.024450737504148314,-0.0009534893612938606,0.984406338906396
3448,-75.143299439445,68,0.03501617372276964,0.005755254602306249,1.1662457723948905
3449,-78.580061105781,72,0.024191401124195704,0.0004925288015168489,0.8129661438190584
3450,-43.015557732170215,36,0.023230323616458257,0.0003964262503347304,0.7510245705165265
3451,-55.13744379462896,30,0.08323656885638703,-0.6664317187584863,-1.1085970557455531
3452,-29.5852885867675,22,0.027683534988202196,0.001758678046898087,1.4513070609940584
3453,-63.342588897593714,56,0.024313208270177758,0.0034002530174206524,0.4084976816514433
3454,-39.82163066311768,32,0.02589943928184645,-0.0002956895780632433,0.01940154847365169
3455,-375.65233899828627,362,0.0643978254636201,-0.45200129724107685,0.74820596441464
3456,-188.6981516617041,160,0.09502699225729822,-0.7686858742203354,0.7324473892530543
3457,-30.59015336109106,24,0.021821699871162684,0.002807074785271092,0.661132392942264
3458,-25.151629749524357,18,0.02368089321034529,0.003457062101124212,0.18711270454315784
3459,-47.10829455452048,40,0.02353739918715405,0.00311636227408165,0.7907603186679235
3460,-14.827175247502716,8,0.022606540554644707,0.0019652746415030928,0.07548362277667901
3461,-24.98261971902407,18,0.023121257347761815,0.0016240085959696637,0.9133999694834944
3462,-81.83827481980782,42,0.13191481728413176,-0.4504201667771878,0.9736823833471978
3463,-162.83514108290902,156,0.022632917493075645,0.0014653944453557595,0.81559799607359
3464,-30.834916868628195,24,0.022632175061682865,0.0022358551526608698,0.5695023992117275
3465,-59.41182025146827,52,0.024542451163802267,0.00024892111202479887,0.7492724716377334
3466,-58.92649446510302,52,0.023720871455833008,0.01194799140028732,0.9403981455446829
3467,-71.65965444352994,64,0.025363094183875372,-0.0023100670110989385,0.8948907946521688
3468,-32.21063422113774,26,0.020565013977277363,-0.000143615617910215,0.7616577120668977
3469,-73.99959249879669,50,0.07946884933376436,-0.5910843022506906,1.0101367296361123
3470,-124.33894987561533,112,0.040857449919256994,-0.1366192772401657,0.5675132263363662
3471,-21.62982930535262,14,0.02526433544818751,0.0025792844187998713,0.4825032522984
3472,-57.52639886104354,50,0.024921850533257274,0.00036989877028205734,0.8761377004533389
3473,-36.694464600736396,30,0.02216710132694166,-0.0006007248201925579,0.2060725807321288
3474,-141.74650560472946,136,0.026120480021497073,0.00010936754903840748,1.264250366665444
3475,-38.19831713033565,30,0.027146745464687337,0.013987141017900743,0.2995128624667013
3476,-250.1659478323607,244,0.02635020441179739,0.0013515234713912265,1.8834242094930014
3477,-20.965437500409884,14,0.023064362584138586,0.0013982339749815842,1.6023499386324755
3478,-131.59482435346584,124,0.025148425011476044,0.0013182483880244047,0.6633003822948771
3479,-60.98426275810141,54,0.02312669787450741,0.001973122875483719,-0.20713358266608303
3480,-32.81205706462075,26,0.022556480346426728,0.0013034352825319283,1.126841025522082
3481,-62.7232422871744,56,0.022262391679385554,0.0017915090410322544,0.17442056985309082
3482,-92.42393032688969,78,0.04776135869831021,-0.2837993214907593,0.5059378668251686
3483,-55.522549384709635,44,0.03815413703546232,-0.0702499367866437,0.7943892507910771
3484,-28.24609690166336,22,0.020682440071733046,0.0002994569041612034,0.8126937989055315
3485,-37.5445174348891,0,0.12431959415526203,-0.8314556769053729,0.35614384194856835
3486,-67.38258971589684,60,0.024445661310918135,0.0001694951860221806,0.6859790297105619
3487,-21.080138469673916,14,0.02344416711812522,0.001021568862634976,0.3944694501815814
3488,-51.3322279243539,44,0.02427890041176761,0.00457992267899758,0.6733855770274824
3489,-54.86979963643311,48,0.022747680915341035,0.0020255601686573533,-0.24909132705174158
3490,-121.11614001926914,116,0.02558070009634752,0.007910460534039885,0.7713915363863635
3491,-102.9326146010209,96,0.022955677486823377,0.0047784761517980934,0.8767682534643939
3492,-35.29811495184118,28,0.024165943549142536,0.004487612353643982,0.2604887982527417
3493,-30.580863409290924,24,0.021790938441360885,0.0010529911099888371,0.5457539645031739
3494,-20.760152589978812,14,0.02238461122509547,-0.0015650817946321178,0.5706694545410882
3495,-204.2075998881467,192,0.04042251618591673,-0.19804724395388448,0.9181076805853202
3496,-113.48095674687667,92,0.07112899585058492,-0.5409316734689911,1.0183215303324156
3497,-63.92803362314216,58,0.022285840688504574,0.0008452425891169368,1.4150054728392711
3498,-84.7156552524269,78,0.022237269047771457,0.0019123744054555596,0.525151897450818
3499,-76.66853159295047,70,0.02208123044023362,0.003582123112833954,0.6810610434578005
3500,-47.32656544033675,40,0.02426015046469123,0.0025490694362839796,0.3681234437110371
3501,-102.38883092891199,94,0.027777585857324743,0.002847301866705005,0.37457378873303193
3502,-34.53353203861392,28,0.021634212048390413,0.001115781013832261,0.491958014364894
3503,-159.24341194619228,152,0.02398480776884862,0.0034634318714653026,0.8806619518296176
3504,-82.63683606594803,76,0.021976278364065963,0.0044224778580362134,0.5035069795677728
3505,-21.884884912490577,14,0.026108890438710307,0.0024200714819305976,0.9568643438067389
3506,-107.89526973700147,100,0.02614327727483829,-0.0023742454478036094,1.1515574296507738
3507,-114.19016011062035,84,0.09996741758483656,-0.5660402836574131,0.48502382524912896
3508,-37.1266634747186,30,0.02359822342622055,0.0018286087201362388,1.2259664398733687
3509,-51.99324434301624,46,0.01984517994376239,0.0035925138014714104,0.5225844195291449
3510,-30.801882283576354,24,0.02252278901846496,0.002940941198759046,1.5883647443462219
3511,-36.53804467577262,30,0.022087988769502038,0.00047920643575363666,1.0523153399037157
3512,-92.68821999950922,86,0.022146423839435145,-0.0005252325773202129,0.46976114765243465
3513,-26.918844338833363,18,0.029532597148454662,0.0012238714925710433,0.6183265113399753
3514,-109.35328445483174,102,0.024348624022621713,0.000882859475716381,0.21921798605379333
3515,-430.3275900913862,424,0.020952285070813977,0.0018074358096662353,0.36047793830396446
3516,-26.602181807199546,20,0.021861529162912476,0.0020628527583961454,0.3281442493588867
3517,-93.57430269443786,86,0.025080472498137833,0.0027478143643735855,2.2240604146593403
3518,-155.91838484656196,126,0.09906749949192718,-0.8720688264486257,0.16282581016648753
3519,-43.7661752737615,36,0.025715812164773193,-7.05981244709318e-05,0.5775833795914143
3520,-52.63020375973018,46,0.021954317085199692,0.0008773905684591721,0.5278111200127442
3521,-33.44433309493445,26,0.024650109585875473,0.0013213023478597008,0.8453542589712641
3522,-92.41582678772643,84,0.02786697611829797,0.0008102073696509793,1.1135806269260642
3523,-81.26955652554275,74,0.02407137922365155,0.0008385655208065218,0.5818812322469786
3524,-52.7775618734956,46,0.022442257859257127,0.00011210331249217324,0.16324135215905
3525,-16.457043174608195,10,0.02138093766426541,0.0018921724952362625,0.2816357163040489
3526,-64.56191149912155,58,0.021728183771924935,0.0018636207322941612,-0.4965971375130956
3527,-144.76192078115105,136,0.02901298271904387,0.04393347153865689,1.1034118696682762
3528,-69.74215683891961,62,0.025636280923575054,0.0031038657306085974,0.014952570359555648
3529,-107.95819157762007,78,0.09919930985966867,-0.511986475882879,-0.24544375368603275
3530,-71.08505464087098,64,0.023460445830698652,0.002163331779814788,0.8510161182838523
3531,-79.9590475161725,64,0.05284452819924621,-0.20729888728152904,0.0867403219102817
3532,-71.71431637919402,52,0.06527919330858917,-0.39511744357824374,0.32601632081868054
3533,-100.72360519608894,94,0.022263593364533322,0.0030469824953177414,0.5914358201245018
3534,-54.03335063643086,20,0.11269321402791688,-0.9971125610552062,-0.27521099813991007
3535,-72.89957292486021,66,0.02284626796311293,0.0020218570843116928,0.8012617898236079
3536,-311.1531673035091,304,0.02368598444870968,-0.003530334082697302,1.622525656983119
3537,-79.00113676477986,58,0.0695401879628464,-0.3302877506919649,1.301556208626435
3538,-31.013794195861394,24,0.023224484092256328,0.00569119811087341,1.0655391839268888
3539,-56.65210667572431,46,0.03527187640968328,-0.08013797582216585,0.5923102151450627
3540,-60.80379657865854,52,0.0291516443001942,0.008959954061132196,0.13161429911248604
3541,-59.81376899456516,52,0.025873407266771977,-0.0008923339223048175,0.5924081944949179
3542,-142.66726308590597,136,0.022077030085782448,0.0007340890183483577,0.817243034607077
3543,-110.59879236571696,92,0.06158540518449316,-0.43214504369071977,0.9078995594610622
3544,-216.72506097799112,208,0.028890930390699544,0.00038138011791157407,0.06701179890136315
3545,-57.98458258430898,44,0.046306564848705045,-0.24871726212583617,0.8971097874420075
3546,-63.161592276327696,44,0.0634489810474426,0.2183211891395379,0.4048833658921437
3547,-142.38030485256422,136,0.02112683726014595,0.0006391510075969708,0.749106347381152
3548,-159.32311343026234,152,0.024248719967755482,0.0008641021461873654,0.4583234989442801
3549,-77.50634374988623,70,0.02485544288041813,-0.001443094059528894,-0.34476060459393365
3550,-61.115048257614816,50,0.03680479555501596,-0.09487267996952406,0.9050018247498341
3551,-118.99897125190348,112,0.023175401496369114,0.0003234290891012411,0.5812637819750898
3552,-89.30063971985173,82,0.024174303708117895,-0.00034448775549154013,0.30642942912099475
3553,-158.30834812007836,150,0.02751108649032522,-0.0017111694552806138,0.48539778901786784
3554,-34.43619313355217,28,0.021311897793219486,0.0005658919704054167,0.2615317409545097
3555,-104.89030483708346,98,0.023924669573206617,0.012671128068500872,0.5635224231172793
3556,-71.86901378824179,64,0.02605633704715849,0.0010268420021863815,0.6798211565077774
3557,-92.47727335312881,86,0.021447925010359775,0.012406497664860641,2.7868601702533
3558,-126.27102007650372,92,0.11578047323143131,-0.17375360571738407,0.815182661936332
3559,-86.98359478826744,80,0.023124486053866373,0.0016100321631163162,0.9867347475938076
3560,-39.00073674824896,32,0.023181247510757966,0.0004414902134206368,0.43785984195346345
3561,-32.84473559443524,24,0.029287203955083472,0.025502106060724186,0.9702234282268563
3562,-20.73699413539915,14,0.022307927600659416,0.0019933799303303293,0.4026591771077951
3563,-42.40925248901193,36,0.021222690360966752,0.001280599393317513,1.233450298085549
3564,-131.7221673646558,124,0.025570090611442813,0.0034609066551421703,0.4194335527885366
3565,-18.634083146850156,12,0.021967162737914155,0.001971302385093484,0.6720233038231184
3566,-45.96148101059551,38,0.026362519902634163,-0.0053803658494509955,0.8161038504744224
3567,-101.17528727326638,94,0.023759229381675608,0.0007754841591971649,0.47924737070559137
3568,-44.90372006245551,38,0.02286000020680646,0.00107970304212021,0.6492886351538661
3569,-76.9562908984938,70,0.023034075822827165,-0.0008704983852094422,0.984632348175321
3570,-52.57154687051086,46,0.02176008897520132,0.0041594191102792095,-0.15685116025805781
3571,-106.994512923319,100,0.023160638818936968,0.0005278641758147405,1.1682483523507796
3572,-168.84232489268615,154,0.049146771167835876,0.2055367079111655,0.9605867254097147
3573,-72.28302344769712,50,0.07378484585330125,0.22363738238029737,0.06000594033505798
3574,-60.94523643653802,54,0.02823266844121124,0.005458194764171977,0.7811324247359714
3575,-57.19577180228604,30,0.0900522245108812,-0.23363177450080802,0.5241830391810115
3576,-168.33171106140014,160,0.027588447223178686,0.0018902076395931624,1.1103610754895814
3577,-194.35816546673485,182,0.040921077704418454,-0.1782626175848977,1.40541697713309
3578,-35.388262113201165,28,0.024464444083447452,0.0023602710076953155,0.7779937217717864
3579,-46.70689580538201,40,0.022208264256232183,0.0012747799951447457,0.4623502944101377
3580,-27.00280603179086,20,0.023188099443016027,0.0008994860798182176,0.40235004438024125
3581,-52.32822601247544,46,0.020954390769786384,0.0035070377093622622,0.462547512685638
3582,-34.81454833127895,28,0.022564729573771126,0.0016717396854247207,0.24864703323275764
3583,-28.34770244101262,20,0.0276413988113,-0.001716654625758282,1.466289794986639
3584,-77.54233897462264,70,0.02497463236629947,0.0029159374317479633,0.20520634745573368
3585,-22.79770892879134,16,0.02250896996288524,0.0022946117849810825,0.4908191253289284
3586,-70.91836280917,64,0.022908486123079875,0.0011858450756130727,1.0283006950187117
3587,-56.31491143605769,42,0.04740036899356881,-0.19640942952550935,0.42706444148650385
3588,-58.784336105806574,52,0.0224646890920752,0.0023190683066160326,0.6012064305459078
3589,-35.17327404971054,28,0.023752563078511823,0.0033275012478898493,0.4658914550657797
3590,-74.1255697793748,64,0.033528376752896334,-0.0955304832562391,0.3657184747973263
3591,-55.02110009546195,48,0.023248675812787847,-0.000995795555499117,1.1584572514292433
3592,-171.86980185261856,150,0.07241656242588897,-0.5757154511856779,0.952041801135287
3593,-77.42996121604789,64,0.0444700702518136,-0.20693184191901515,1.3432635226492025
3594,-36.96718408198422,30,0.023070145966835025,0.00038296254182123386,0.755966265024043
3595,-28.451365569091053,22,0.02136213764599677,0.0012299797941764065,0.14631925117502145
3596,-72.71671247259354,66,0.024876712861458154,0.0036843823049976317,1.3706965645496234
3597,-56.31982947461171,48,0.027549104220568384,0.036322876444820386,0.823320602712149
3598,-70.12394172983473,48,0.07325808519812836,-0.25791657932938405,1.2901056194207663
3599,-79.66786462092551,54,0.08499292920836203,-0.6402917730396872,0.20942200593918636
3600,-33.87463586027031,30,0.022791975648648308,0.006132552112617037,1.0393712538102835
3601,-80.89497637298109,74,0.02283104759265313,-0.0005094160065239924,0.9800863196661228
3602,-59.63874339906219,50,0.03191636887106692,-0.06717955963435546,1.4730389826471566
3603,-24.882493158640248,18,0.022789712445828773,0.0030824916326249673,0.4902668106934115
3604,-18.905931219478557,12,0.022867321918803238,0.0003368144424706204,0.5652039603886541
3605,-44.88575793353478,38,0.022800522958724697,0.003136935815930564,0.08102218641224741
3606,-79.65020764376203,60,0.06506691272768823,-0.39231334033897086,1.6431539363214294
3607,-66.82980756057086,56,0.03586028993566551,-0.009918984026950321,0.6143914071608656
3608,-130.40453642999364,124,0.02120707427150083,-0.00016188350265586613,0.6707557426505747
3609,-63.14757772750286,56,0.023667475918883643,0.0026784898480593186,-0.06326051330826933
3610,-51.274269685710905,44,0.024086985714274464,0.0014856523004613373,0.7490300236502855
3611,-37.9976304502729,32,0.022891719275850708,0.0032700105738659026,0.6148031710843219
3612,-26.8931539174263,20,0.02282501297161021,-0.0008421441122260414,0.5278216026357178
3613,-155.13307637020617,138,0.05673204096094636,0.18043459047663984,0.6406390480674026
3614,-90.73287521010475,84,0.022294288775181866,-0.0016670369072848104,0.658021567451817
3615,-22.628172566779817,16,0.02194759128072803,-0.00011752655799809029,0.6271507400399963
3616,-63.629825936222396,56,0.025264324292127105,0.00017704958595730216,0.38883240778825634
3617,-92.52264716446413,52,0.13418095087570936,-0.612623136535916,1.0259780705792927
3618,-456.3204072518652,448,0.027551017390286495,0.002486112313067528,-0.7332571691950237
3619,-69.97216634211189,58,0.03964293490765476,-0.12741674420470833,0.9954312528328606
3620,-39.43055472687531,32,0.024604485850581108,0.0012382102041622464,0.31310763259818053
3621,-49.07448553351772,42,0.023425448786481957,0.0011463943356956473,0.5742554873950465
3622,-161.43352109853973,154,0.024614308273309723,0.004394977767828432,0.6001333708851945
3623,-15.451843321012806,8,0.02467497788414842,0.0003870261930405711,0.3637001561104252
3624,-51.323434987604095,46,0.021124742014302086,0.00366128350659791,0.62889525579466
3625,-194.7074682468148,188,0.02221015975766585,0.003491968271902312,0.21162261090138063
3626,-116.9954834327231,110,0.023163852426235754,0.004548226535051987,1.3239008117955955
3627,-54.72323280275171,44,0.035507393386594636,-0.061065483340894844,1.0539209370605227
3628,-81.4203230266531,62,0.0643057053862694,0.23975910184217233,0.6112906112621649
3629,-320.3112115256998,314,0.02089805140960038,0.003372507341921527,0.10252664398867636
3630,-46.7324817749512,40,0.022292986009772177,0.0026204077716583743,0.16079299266258137
3631,-170.00031114367786,146,0.07947122895257373,-0.6292996408379273,0.8435347259937808
3632,-38.86250624557367,30,0.029346047170773562,-0.001188873511042125,-0.008285816360823194
3633,-85.41001847472486,56,0.09738416713485042,0.6085748155824902,-0.0217798759520905
3634,-34.675631136345146,28,0.0221047388620699,0.005574379828974407,0.3200644017796615
3635,-75.83645111084016,66,0.03257103016834568,0.028834429409490613,0.356273045372958
3636,-67.02894230012322,60,0.023274643377891445,0.0007552909370302068,0.23949815267311494
3637,-70.15161460410928,64,0.021814236184785153,0.003457421647691901,0.7600041046360482
3638,-33.51618854678326,24,0.03151055810193104,0.003314490222668164,0.3798291136123647
3639,-50.275950329949474,44,0.020781292483276332,0.0030681741595058546,0.1709015119130051
3640,-35.044780600501305,28,0.02332708808113055,0.0034455581091726753,0.2446115025443284
3641,-16.699983861157257,10,0.02218537702369962,0.0013524391664699374,0.4573146363786408
3642,-167.8171842210758,160,0.025884715963827642,-0.0011013483994066814,-0.2057252580168139
3643,-150.51995282618128,126,0.08119189677543538,-0.6147422473897713,0.35855767863959886
3644,-28.06479847324008,16,0.03994966381867602,-0.10692894470651282,0.8350619721810013
3645,-40.98320807731854,34,0.023123205554034805,0.0012094138378265086,0.36566015594848583
3646,-28.131098480397906,20,0.02692416715363536,0.0007555769051391237,0.4697397033491986
3647,-61.32535370093209,50,0.03826133007071622,-0.008379889722768772,0.42363041691911546
3648,-72.91252186596161,66,0.022889145251528957,-0.0015018535860419422,0.5212195719368116
3649,-6.363834653269775,0,0.021072300176389978,0.0017156569689623271,0.8248953794065781
3650,-29.406118048465483,22,0.024523569696905473,0.01944178892384339,0.895337326469714
3651,-134.552666155252,118,0.05481015283196033,-0.30861069234442706,0.6950508278945695
3652,-66.70238881597615,60,0.022193340450251276,0.0016186154858418894,0.5738470154862992
3653,-10.820168653165588,4,0.02258333991114429,0.004860486721215979,0.457650972669019
3654,-119.86448101064745,112,0.026041327849826247,0.013134466436158076,1.2190718265500502
3655,-24.77612500340664,18,0.022437500011280018,0.0017019166332817581,0.6269221314791681
3656,-48.853615404056804,40,0.029316607298201285,0.02297227154532139,1.1235764616577646
3657,-77.69459725747859,64,0.05391573723416703,-0.3264959378338485,0.898899019356839
3658,-24.557617710086237,18,0.021713965927437785,0.005177698516909847,0.39839259062512833
3659,-10.662773835077354,4,0.022062165016812497,0.0015918445791540334,0.5885575898391497
3660,-68.75853173955332,62,0.022379244170707073,0.005365935617453413,0.48860021885655996
3661,-66.4107762394083,58,0.02785025244837207,0.011742366324425582,0.6909086739090087
3662,-34.82512191896082,28,0.022599741453512925,0.005357749630166649,0.6195006330001063
3663,-128.5011641376179,122,0.021527033568270147,-0.00424674862027415,-0.027176980173603836
3664,-92.07846982244176,66,0.0863525490809325,0.330953859764657,0.5228308489365775
3665,-51.143529338965706,44,0.02365407065882698,0.0018567811864249359,0.5576107850489485
3666,-68.69255682417993,56,0.04202833385490055,-0.21273887558024537,0.5504743447960571
3667,-52.314977881086506,46,0.020910522785054585,0.0023825653861060934,0.43694083811017526
3668,-154.80638982725563,136,0.06227281399753685,-0.38878906566760696,0.7372861260932945
3669,-29.218998241248674,22,0.023903967686253802,0.005572158525488185,0.1588861109821098
3670,-79.60419112198372,72,0.025179440801269774,0.006345771724937965,0.42066268029542553
3671,-95.0974876732841,88,0.023501614812198243,0.001640608984690209,0.7561703243703984
3672,-107.00282284610155,100,0.023188155119542135,-0.0015630546971131733,0.8815349708413798
3673,-46.54673012070028,40,0.02167791430695489,0.0026423856201242433,0.6346135240347496
3674,-87.58475953097927,64,0.07809523023503036,0.10698392952928036,0.8354130339833722
3675,-118.43333444922021,112,0.021302431951060824,0.000783766652376465,0.5114045090226315
3676,-33.77985230478587,26,0.02576110034697275,0.0011465358251045823,0.37853851060639654
3677,-10.852741644875554,4,0.02269119749958797,0.001768565085710378,1.020960511140362
3678,-31.206904200968715,24,0.02386392119526056,0.0009940335709780505,0.6637222272807282
3679,-96.68836645421742,90,0.02214690878880021,0.00022962789844555029,0.10101031310384513
3680,-29.301020339766087,22,0.024175564038960522,0.001134257562403006,0.17558729182080743
3681,-28.301034856182756,22,0.02086435382841985,0.0013116367156648181,0.28701876660466613
3682,-15.000369459585901,0,0.04967009754829768,-0.24554998778139814,0.24082089681548394
3683,-80.01134511931485,68,0.03977266595799651,-0.18935676775317614,0.48131604618115337
3684,-22.935735390401096,16,0.022966011226493513,-0.00012648322130707617,0.5524708831503938
3685,-43.07220677782112,36,0.023417903237818467,0.0010616267411445348,0.7907937676123102
3686,-96.82123835226182,90,0.022586881961132038,0.00300415938824958,0.2578947001106001
3687,-131.4579383412795,118,0.044562709739337555,-0.12983667718690653,0.7371739961379994
3688,-46.84574926581642,38,0.029290560482836247,0.030154588478555695,1.6550325670273396
3689,-64.87794800887849,60,0.021208469603819335,0.005117035229973819,0.6772813369192654
3690,-113.86940785719698,94,0.06579274124899671,0.034369768575836124,0.953197020415824
3691,-76.76948341152725,52,0.08201815699181218,-0.5767456687482642,0.8433203057467703
3692,-73.11804352898628,66,0.02356968055955764,0.001121639424244201,0.20572084494201862
3693,-72.86697546448609,62,0.035983362465185124,0.00031596916582780763,1.0412843726095835
3694,-58.63090927999486,30,0.0948043353642214,-0.7006948789120621,0.7202784958704038
3695,-33.91321597292269,16,0.05931528467855209,-0.3647691876618253,1.827472043765203
3696,-55.97521474642435,48,0.026407995849087273,-0.0007592404613561238,1.0948872644506666
3697,-60.84741546805384,54,0.022673561152496947,0.0005206190137537998,0.14003527570166624
3698,-70.18340972114704,48,0.07345499907664554,-0.1375567075861957,0.15584219552731504
3699,-32.560639856671784,26,0.02172397303533726,0.0033497068267747364,0.48208818948305454
3700,-36.57241715885932,30,0.021762970724699897,0.004866415897572401,-0.031535254539255
3701,-73.13440129083841,64,0.030448004302794592,-0.05891458078396196,0.9967718245583237
3702,-111.41122022701533,72,0.13050072922852768,-0.7566070687765524,1.1521453647212425
3703,-75.51978087483558,66,0.03152245322793283,-0.029558105667087786,0.30238201014700633
3704,-84.80954190768739,78,0.022548152012209735,-0.001036885660604284,0.16555798460787435
3705,-31.02192810327439,24,0.023251417560511044,0.002786265685075018,0.24932994788839474
3706,-120.78855265595725,114,0.022478651178666213,0.0018366407696311887,1.0034208263141806
3707,-34.563784203549574,28,0.021734384779965452,0.0014835506133328111,1.0377169897854992
3708,-10.98256533800291,4,0.023121077278155315,0.0015060049205685392,0.2091399668925596
3709,-71.01552956062962,64,0.023230230333210575,0.0025710505875142058,1.223867966986141
3710,-62.81981803577114,56,0.022582178926394733,0.0021528401566262277,0.29537207138048494
3711,-101.1327638498507,94,0.023618423343876406,0.011159682636737472,1.0214256749045398
3712,-39.022748402235514,32,0.02325413378223654,-0.0030947560594040925,0.5469062574054862
3713,-56.37236104051934,50,0.02360133718710853,-0.0005241685431381618,0.6540130345032527
3714,-121.0703347841361,114,0.0234117045832324,0.0022087983304437324,1.0125236043951944
3715,-46.81711070386691,40,0.022573214251215057,0.0027709185717849443,0.1994425521452683
3716,-8.120832331471918,0,0.026890173283019615,-0.03152440085125137,1.8066558468496328
3717,-60.91470345444517,54,0.022896369054453684,-0.0005374809314415093,0.7629405285765275
3718,-150.16965038921222,138,0.04029685559341808,-6.958398282210286e-05,0.2547600793783011
3719,-7.089529699122306,0,0.023475263904378506,0.0006329716765514532,-0.15586308887304887
3720,-42.771089561609834,36,0.02242082636294647,0.001364725637280487,0.9578838774897598
3721,-161.46441294912046,132,0.09756428128847808,-0.7853517463214893,0.3497347406410598
3722,-75.03751865696776,66,0.029925558466780557,-0.03973796563469712,1.3908410988423403
3723,-93.6428656147464,86,0.025307502035583882,0.002519367338737954,0.39317068839530517
3724,-28.651680816564777,22,0.022025433167432995,0.0013398777610246118,-0.19995638570927132
3725,-40.48865707169697,34,0.021485619442705148,0.0005658717989452825,0.4388571602207553
3726,-49.79065775834662,42,0.02579687999452499,0.0009840622405515404,1.3864505384086527
3727,-7.092732757820796,0,0.023485870059009276,0.0017320851854739452,0.5706782536237309
3728,-60.75875260209176,52,0.029002492059905734,0.003770003617056553,0.7228880090296688
3729,-46.708780326989846,40,0.022214504394005744,0.0025383774315266075,1.3313804269669614
3730,-41.89500583141077,28,0.0460099530841413,0.01935463357876388,0.519064175654727
3731,-66.05455238878015,52,0.046538252942979856,-0.23253131686950362,0.9829063264748686
3732,-45.98472927013673,28,0.06516206257295937,0.03861560753641137,0.36249300857910555
3733,-226.0299735479078,206,0.06632441572155078,-0.48774894884945935,0.11351944495760373
3734,-34.81081146975753,28,0.022552355860124246,-8.232124737272693e-05,-0.14386951494422304
3735,-44.633400345972575,38,0.02196490180785622,-0.0010434706231258464,-0.040161879879205845
3736,-65.10722786135882,58,0.027547394811468392,0.019479974077440537,1.1076712630335386
3737,-110.37624699120333,104,0.02111340063312358,0.0027637052911777815,0.7452119933661199
3738,-62.588043912156834,54,0.028437231497208663,0.01853162954177473,1.378906366613517
3739,-86.76370961505711,80,0.022396389453832478,0.0027326606014367216,0.6512473820731821
3740,-412.63762760719413,406,0.021978899361574215,0.0019755920138524613,0.2763900104695037
3741,-85.10783767706707,78,0.023535886347905505,0.0021014348924505394,1.4758710979581549
3742,-221.3212959621203,202,0.0639778011990751,-0.3878711526726206,0.2906298510716389
3743,-44.19038710289873,34,0.033743003651982344,-0.06706480340043773,0.374806869964251
3744,-51.20716342388221,44,0.023864779549278962,0.0027089910637217245,0.5590333484066958
3745,-70.96105018470831,64,0.023049835048703473,0.002208958604043066,0.8820701844955946
3746,-75.73965432364145,48,0.09185316001205815,0.2937578621594118,0.29057628107511607
3747,-81.57404037238658,74,0.02507960388207364,0.0017638472757696957,0.8959758809343249
3748,-64.79639365805326,58,0.022504614761766364,0.0030359840344341585,1.6637015088802876
3749,-188.08487468635556,180,0.026771108232966603,-0.0006563267005231257,1.2929852540021152
3750,-113.86562012687534,96,0.05915768253932238,-0.37965440908516296,0.687343324524187
3751,-119.34111640983767,88,0.10377853115840285,0.15704729673653126,0.07351241713769067
3752,-35.072637797676315,28,0.023419330455881907,0.0009825909763130525,0.926415917016134
3753,-48.42259029111965,42,0.02126685526860797,0.0027430456300537465,0.7170468496228877
3754,-18.82683740896791,12,0.022605421883999846,0.00220043323671951,0.8019520623617133
3755,-48.49150654979823,42,0.021495054800656287,0.004308329065621751,0.1835510393694357
3756,-21.75198253240083,14,0.025668816332453177,-0.0005853045190567311,1.5365231502098833
3757,-85.43878199190073,72,0.044499278118876794,-0.026848240811316086,1.5059781275833386
3758,-68.76511679721244,62,0.022401048997393144,8.896007503241004e-05,1.017958294773715
3759,-36.75553002513986,28,0.02899182127529704,-0.027089168143686868,0.5785031241645793
3760,-116.88114134552526,108,0.02940775279975197,0.0253408022575691,1.2503103074372517
3761,-36.51007323855001,30,0.021556533902483646,0.004342004117349299,0.48321670246143233
3762,-14.801826557542325,8,0.022522604495173373,0.0017630057232084356,0.2309385680744659
3763,-202.33097251937613,196,0.020963485163496498,0.001226180476723979,-0.37281228762774554
3764,-61.41897645038495,54,0.024566147186705665,0.00030232984557229756,1.3423342668377936
3765,-45.672779429932,30,0.051896620628913495,-0.3155541093446413,0.29333160792697927
3766,-72.41839752088926,58,0.04774303814864007,-0.21970558545562988,0.8343693827923436
3767,-82.75305310106577,76,0.022361102983661937,0.0020554057229927045,0.7378882308087361
3768,-94.84089947802522,88,0.022651985026573167,0.004688101911698376,0.725373514134295
3769,-57.903928992870284,52,0.023806165293831172,0.0019922119952107387,0.7683052953461282
3770,-207.1590433374357,200,0.024023635360521566,-0.0026105168573995865,1.1124463198704555
3771,-66.69670990485186,60,0.022174536108780844,-0.0006298233024060528,-0.21842659732509198
3772,-74.42980478399278,62,0.04115829398673178,-0.2058029119066419,1.1371461539790235
3773,-75.46967364397163,68,0.024734018688648014,-0.0036463213759159903,-0.13524439899246624
3774,-58.47027250861017,46,0.04129229307486819,-0.15668411095787013,-0.6338840941932448
3775,-91.48294285328919,84,0.02477795646784495,0.0020038168181955125,1.1344505422403235
3776,-45.21989780276615,38,0.023906946366775025,0.0018677328750629915,0.16181863995626666
3777,-28.936231192231016,10,0.06270275229215558,0.13964155274566684,0.4680995934854095
3778,-82.58882344920865,76,0.021817296189433105,-0.00042114557533768553,0.5830685396494486
3779,-71.38289132068533,58,0.04552003850573213,-0.19092726511120492,0.22505276811777988
3780,-56.541867423504705,50,0.021661812660611398,0.0036355561350120713,0.667518761948781
3781,-47.75410928412075,30,0.058788441338148714,-0.2006400790022353,0.545608901511473
3782,-8.723414142799088,2,0.022262960737745315,0.002814081165822383,0.09852915175316164
3783,-23.127056039150336,16,0.023599523308444847,0.0032023776336480548,0.6178182760281303
3784,-257.1412879717752,250,0.023646648913163437,0.003292535099552463,0.46449420003780156
3785,-124.56370378413025,118,0.021734118490497657,0.003061038950559936,-0.099604650398189
3786,-82.3258853009852,74,0.027569156625778992,-0.0011789080273631393,0.8461775373294332
3787,-80.90975946729739,74,0.023032531557658095,0.0017044898037953922,0.9061475687948987
3788,-62.098658765064265,54,0.02681675087769569,0.011230908184071743,0.5319348544851085
3789,-36.62447986294032,30,0.02193536378457043,0.0009329117291039535,0.6258375380768568
3790,-18.79453515736998,12,0.022498460785993064,0.004386274377076844,1.078928089882355
3791,-45.27333414249658,38,0.029093336569986684,0.003909679026342929,0.9947174381217919
3792,-36.97752789854311,30,0.02310439701504355,0.0015137472874962954,0.4841682155235726
3793,-126.90861134085254,120,0.0228761964928887,0.00159370675960568,0.44745734244167173
3794,-64.87548551985216,34,0.1022367070193774,-0.8827882021452788,0.4148864226656968
3795,-80.46903065213817,74,0.02142063129846966,0.0031621113165886147,0.858002086403617
3796,-162.4258604238808,148,0.047767749747949804,-0.24462015518590202,1.009935452592685
3797,-105.17391888518175,98,0.023754698295305056,0.0031098043856007474,1.4655373769791904
3798,-37.1653906075536,30,0.023726458965409435,0.0043180973091724,0.5458339820473126
3799,-161.40808315036128,154,0.02453007665682466,0.002701638535664275,0.5574770059441957
3800,-103.39704390587819,96,0.024493522867146452,0.0015142120640657052,0.5610993182872166
3801,-298.8546378023825,284,0.049187542391995374,-0.2450214708834541,0.7039731835581968
3802,-29.414482733800693,22,0.02455126733046563,0.003332631203765358,0.892493658277533
3803,-53.86923245336782,38,0.05548682676002737,-0.1110700518840442,0.9151454833614289
3804,-47.38418436617617,40,0.02445094160985465,0.00491024002508763,0.859557577038769
3805,-43.520912581304025,18,0.08740038555241099,-0.7312176371897469,0.6536362119438246
3806,-77.99774322925514,70,0.026482593474355536,0.02436400036040743,2.136071036178125
3807,-66.94100878882313,60,0.022983472810672947,0.0019758046944687354,0.5143644007103246
3808,-59.2779057398958,52,0.02409902562879409,0.005790212423623916,1.5954326462620463
3809,-48.8161527761358,42,0.022570042305085157,0.0046172362357526035,0.9361078725979334
3810,-50.95059333605626,44,0.023015209722040426,0.0015153850725580574,0.16222948021832115
3811,-92.75245197266302,84,0.028981629048554426,0.0033740296435622583,0.5574895085905684
3812,-121.2259533009124,98,0.07690713013547147,-0.34583607798801513,1.0147693249185736
3813,-142.02218192530484,134,0.02656351630895592,-0.00020315380642091892,0.7783461465854938
3814,-37.19167119104183,30,0.023813480765039037,0.005803385717387231,0.6029056804620473
3815,-27.113261304583826,20,0.023553845379416655,0.004772177326341856,1.3711933191806318
3816,-102.6920065664089,94,0.028781478696718158,0.0016096653584822618,0.5570319327598265
3817,-142.68741810829286,100,0.14134906658375027,-1.0196644932270629,0.12306696089928652
3818,-347.21000642751574,324,0.07685432591892831,-0.5962535716641065,0.9412144394195513
3819,-89.79715732895613,84,0.02588016664712439,0.00459037129808816,1.0843569708904917
3820,-42.354225511921555,36,0.022063283027505095,0.0030928767231267152,1.3008612913008821
3821,-33.346459041849116,6,0.09055118888029508,-0.2790126979634758,0.15575589488914995
3822,-89.86341297483781,82,0.026037791307409446,-0.0014008012251768088,-0.06009257896211606
3823,-14.785335751886263,8,0.022467999178431435,0.003924401996607911,0.44101965078862
3824,-41.16399598687555,34,0.023721841016144628,0.0009502316544461527,-0.15156478653052846
3825,-97.70096284081713,90,0.025499876956348647,0.0020660784363820657,1.1631112126886014
3826,-18.521740913829312,6,0.04146271825771304,0.018689551634832737,1.2171672285390849
3827,-47.85081084003613,40,0.025996062384225745,0.0024259976823721697,0.3448440065326798
3828,-47.597470574732874,32,0.0516472535587177,-0.3032664703532887,0.6228863586261498
3829,-133.07467225691823,82,0.16912143131429905,0.045567929939311365,0.6857527545314638
3830,-66.8071755843879,60,0.022540316504596036,0.0004243500306755181,0.8661257994913906
3831,-15.280699284161187,8,0.02410827577536816,0.0020180443441341106,0.8845004683560137
3832,-106.2455027293539,100,0.028388648769790133,0.002479339755478908,1.8907968339735155
3833,-60.481872221761606,54,0.022351283523315862,0.0012255365432015267,0.908257317509189
3834,-143.94870193204187,130,0.04946348202851706,-0.12817942825631495,0.7966067072704223
3835,-10.598286776000723,4,0.02184863170861165,-0.00037939083162658163,0.8409850019489766
3836,-50.09787162149367,42,0.026814144442032232,-0.019392038268169747,1.09372683872017
3837,-20.481384271993544,14,0.02146153732448204,0.0034572225344669544,1.1903055066630224
3838,-79.20170308663363,72,0.02384669896236204,-0.000538077587200119,0.5574955630366342
3839,-56.82591062109168,50,0.022602353049972535,0.0008610726266309915,0.8761477218734621
3840,-46.57978651808613,40,0.021787372576443895,0.004681011984612028,-0.019756936029718404
3841,-22.95340054752729,16,0.023024505124262584,0.0024782150703951075,0.11745182248757573
3842,-65.1980770884405,58,0.02383469234582943,0.003282562565460912,0.7066453908789064
3843,-69.23307219880581,60,0.03057308675101264,-0.002646051606376168,0.26792983690574335
3844,-85.27296354680465,76,0.030705177307299016,-0.00167568499054328,0.9829370628971459
3845,-57.12137558543629,50,0.023580713859060774,0.0012928089343584976,1.7348335159091366
3846,-52.994235955876476,46,0.02315972170819999,0.0014054311877301593,0.7667939329778911
3847,-35.796335885608556,28,0.025815681740425693,0.0015481121019330739,-0.27911594989971683
3848,-132.83923879550625,124,0.030691801373285418,-0.0014929085363595126,0.5626754717129694
3849,-48.99467002583656,42,0.023161159025948615,0.0005749420147228814,0.8114070659827145
3850,-79.89579873195542,72,0.026145028913759954,-0.002067631299743145,0.7675341634642616
3851,-53.780981633596724,30,0.07874497229667794,-0.56799551871064,1.0644879437094117
3852,-24.902790561305093,18,0.022856922388427545,-0.0005065439650187553,0.8379557979019476
3853,-78.85347936948632,72,0.02269364029631275,0.001774856027382247,0.1935306477192743
3854,-46.71118344448926,20,0.08844762729963332,0.06838215564975873,0.8340201889560057
3855,-35.07970432576175,28,0.023442729555502043,0.0021092561774406064,0.8605064471916832
3856,-66.87436255689876,60,0.02276278992350553,0.0025808793673020424,0.588203074982689
3857,-35.79624527400896,28,0.025815381702015968,0.0018828178800654827,0.9338520299782822
3858,-36.93361034370166,30,0.02295897464801935,0.0033456392256259325,0.5746344043272092
3859,-51.70136687422137,44,0.025501214815303132,0.0014902401772953742,1.2455346532361828
3860,-68.40708234870412,62,0.0212155044659077,0.0019390131087067062,0.5421662066566267
3861,-24.608791787120413,18,0.021883416513643852,0.0015177643557991957,0.273159218790042
3862,-120.65056510857578,114,0.02202173877011886,0.00249081429445635,0.2647539768588501
3863,-36.12893942645111,30,0.023392898574240945,0.004532726239884016,-0.019506389900503452
3864,-16.670464321394853,10,0.0220876302032942,0.00011066022099285627,0.22297541230299436
3865,-83.7933017239185,72,0.03905066795999462,-0.13410594592191624,0.7032320995779634
3866,-76.52193160472889,46,0.101065998691155,-0.5550819353273737,0.005979897693225139
3867,-31.452193632330705,24,0.024676137855400033,0.00316885664067632,0.43003447247979026
3868,-54.875478523807395,24,0.10223668385366691,-0.8098588918081319,0.8944849784992711
3869,-80.8811899716176,74,0.022785397257012105,0.0018828085012308365,0.3644376418024867
3870,-275.38241656039526,268,0.02444508794832702,0.003834128189239873,0.6191050590420704
3871,-50.664124680703736,44,0.02206663801557508,0.002701023529555081,0.6999217120136172
3872,-71.34321507856147,64,0.02431528171708981,-0.0030674362740177193,0.6600906642519295
3873,-39.04903166014165,32,0.023341164437554993,0.003742829382817403,-0.16278417945480197
3874,-83.23802862506477,76,0.023966982202201385,-0.0003144053325969849,0.695621092123402
3875,-104.50551110897925,96,0.02816394406946819,0.015700207639482513,0.6838934872089731
3876,-60.78349312340867,54,0.022461897759631567,0.002089339016727789,0.4135087953963693
3877,-84.25321422601994,60,0.08030865637754901,-0.4407801965959309,0.2967833886040214
3878,-97.83088548580248,76,0.0722877002841144,-0.4985004736932414,0.3878811987302735
3879,-36.5769149105565,30,0.02177786394224053,3.2295266533307484e-05,0.4509534964531071
3880,-169.40208806307206,154,0.051000291599577544,-0.2594828627759202,1.0740911658154801
3881,-111.13580809594909,104,0.023628503628970395,0.0009409512319164166,-0.3415857706946168
3882,-93.06239382300959,66,0.08961057557287912,-0.7515784421342807,0.5545249702008009
3883,-48.53725242916989,42,0.021646531222417092,0.000978520339885295,0.42760171107361894
3884,-57.238692314528926,50,0.023969179849433708,0.002610030044209434,0.9842812243617365
3885,-42.00687336913454,28,0.0463803753944851,-0.1481324714580736,-0.8280400953897613
3886,-67.6174053640436,60,0.025223196569681045,0.0006927314172776428,-0.024993459013154244
3887,-33.93429943571243,24,0.03289503124408118,-0.08644349363725787,1.5744275905666811
3888,-88.23919523875155,74,0.04714965310844868,-0.16022356252327857,0.3130824468139442
3889,-38.151479749614204,18,0.06672675413779518,-0.45647248871514995,1.0909145976877803
3890,-80.18901619156712,72,0.027115947654195387,0.021949117353327868,0.9074681687560426
3891,-206.84338083024102,200,0.022660201424639016,0.0030876557473000755,0.470731901711112
3892,-26.75088034782679,18,0.028976424992804027,-0.0005661459181716802,-0.1582351192198262
3893,-43.31570834104371,36,0.024224199804780397,-0.004419839490992973,1.180814069432381
3894,-47.53338889577073,40,0.024944996343611924,0.015613863638575984,0.8099332628102853
3895,-36.84696185778154,30,0.022672059131726697,0.0001998024590202416,1.061323424942702
3896,-120.28789338928006,80,0.13340362049430513,-0.6634498165345238,0.44172733882430554
3897,-74.58057469203789,46,0.1050756422501387,-0.8352845300343795,0.39383096070515045
3898,-42.62314714701343,36,0.021930950817925076,0.0013856643288926722,0.9624386078164611
3899,-50.68948028916101,44,0.02215059698397645,0.005760567514565064,0.7858594982537891
3900,-79.04645482936107,72,0.023332631885301776,0.00028135990392453723,1.1561042166892614
3901,-61.29824995841783,48,0.04403394025966159,-0.18391025475918668,0.3965465476689783
3902,-121.54618018790313,112,0.03160986817186419,-0.0018722883849682298,1.328571036283778
3903,-139.89673440658808,130,0.0380643631022624,-0.10326670229072289,1.1095223862856465
3904,-50.58459875476985,40,0.0350483402475824,-0.09044444443987966,0.5811616687209342
3905,-79.91333625367461,72,0.026203100177731163,-5.998409134243301e-05,0.7439466580210233
3906,-19.073440598740582,12,0.023421988737551587,-0.0004216882331599019,0.6793603095551336
3907,-42.04990120913645,36,0.022743989508031477,0.001363231840760524,1.2409922242364344
3908,-21.40440275021834,12,0.0311404064576769,-0.002423486648287797,0.5465180564406544
3909,-68.81036480591061,54,0.04904094306592982,-0.30601579809826585,0.8228671556535926
3910,-126.51062772902043,120,0.021558369963644422,-0.0007697723657879608,0.7738169838728527
3911,-51.512501330218456,42,0.03149834877555782,-0.00537058010077511,-0.20399073071867252
3912,-32.80377475365977,26,0.02252905547569475,0.004271780547149331,0.5296263345573065
3913,-24.85615244568057,18,0.024312597325108484,-0.0009176721604019139,1.0553763289083
3914,-47.8379563979315,40,0.02595349800639558,-0.0025185858857793278,0.501953532394879
3915,-17.162809357867328,10,0.023717911781017568,0.0027142023231328423,0.2071764448655608
3916,-124.95986678163032,116,0.029668433051756024,0.008681298642949701,0.08210361481831943
3917,-38.95950802493185,32,0.02304472855937639,0.00027737308984363316,1.0646382657540439
3918,-66.625204541329,60,0.021937763381884128,0.0008155083572892904,1.0977573901915225
3919,-286.9736853681761,280,0.023091673404556437,-7.95498766338095e-05,0.3320799378134674
3920,-82.73515793119483,76,0.022301847454287437,-0.0004008143300665481,0.9146117101776158
3921,-163.4370240358261,152,0.03787094051598024,-0.10840248256996551,0.5999691818537043
3922,-108.19363398453429,82,0.08673388736600784,-0.39709085235133185,0.6664764664863662
3923,-161.2240158013171,154,0.023920582123566514,-0.00011934895532526422,0.39255807333755377
3924,-106.89148869079938,90,0.05593208175761485,-0.31982972888061656,0.3037598282315411
3925,-54.95713004564674,48,0.02303685445578409,0.00223461508269835,-0.3398667712392908
3926,-61.83516246285446,54,0.025944246565743085,0.002052119285922917,0.8392989842971287
3927,-33.13879194680012,26,0.02363838392980123,0.006536845589482182,1.1253271125990971
3928,-149.8842431632174,142,0.026106765441116446,0.0023247374217827735,0.39164387503860904
3929,-91.52637330462377,84,0.024921765909349983,0.0021832111232223247,0.287207347289131
3930,-107.04997522582002,98,0.029966805383508217,-0.00031800548999342106,0.9391315354378154
3931,-65.16445445765041,58,0.023723359131292494,0.0020619993975820846,0.035227813245762345
3932,-54.80051995362008,48,0.022518277992119317,0.0035133479177313458,0.3536491874361793
3933,-741.2261030345028,732,0.030550010048020926,-0.0012061185383897843,-0.10962856025839786
3934,-61.65637983824925,36,0.08495490012665316,-0.4770953160657436,0.14664926741863732
3935,-72.42894800358522,60,0.041155456965514,-0.16991519725230825,1.5330542355884538
3936,-100.99722444189698,90,0.03641465046985789,-0.0008172912701050017,0.34850463049921104
3937,-112.52296350673731,106,0.021599216909725667,0.000772059815496342,0.1667382868076212
3938,-55.28056098060872,46,0.03073033437287649,-0.00015522712611883187,1.0579596141681968
3939,-111.99413921965375,86,0.08607330867435067,0.475181432567469,0.5717036215007916
3940,-127.1236353104971,120,0.02358819639237418,0.0013567485040923372,0.20447944853460995
3941,-170.2777656467702,164,0.020787303466124216,0.001740706500763826,0.4931974734234799
3942,-24.855938208492493,18,0.02270178214732646,0.0018723230977814077,0.5223011531239307
3943,-66.52843562266484,58,0.028239853055181122,0.004824049229385171,0.5714616530898663
3944,-39.62681728513614,32,0.025254361871312084,0.0013991336942656546,0.8516504216040173
3945,-69.42036096570352,40,0.09741841379372002,-0.3359625311867513,0.6676987819502599
3946,-344.1491457754643,300,0.14618922442206553,-1.1490845179244635,-1.023371316237215
3947,-141.87738419068467,134,0.026084053611538337,-0.003870734299412799,0.28469366594217715
3948,-83.21277172731341,76,0.02388335009044121,0.0027310093941894788,1.0353927964899714
3949,-234.65545891028856,222,0.0419054930804267,-0.003704109247342147,1.2661542770091216
3950,-77.08031741301961,70,0.02344475964576032,0.001832164714069704,0.6219345126949622
3951,-124.77262984033331,118,0.022425926623619315,0.0028830682310284983,0.5444102338146702
3952,-67.67899217063841,60,0.025427126392842194,-0.001846557919904343,0.8793227434786659
3953,-22.934369933960095,16,0.02296148984755009,0.0022097729459491294,0.5577940668566121
3954,-30.835985918824278,24,0.022635714962993967,0.0009178067329308845,0.5127419393228129
3955,-54.99841690280029,48,0.023173565903311842,0.0006064891989423049,0.4913224767107942
3956,-53.58914641420292,34,0.06486472322583732,-0.11576206984402403,2.2416906476338836
3957,-49.25496432213296,42,0.02402306066931435,0.0034472844043795933,0.2972043492064953
3958,-46.98601698765774,40,0.02313250658164724,0.0013258627294377727,0.1988123760051757
3959,-313.0961000406346,292,0.07376258755466744,-0.49520584822362096,1.263125197141931
3960,-74.55353590710571,68,0.022914461213656246,0.0005352809010855072,0.8236806479544815
3961,-94.15890575928843,60,0.11310895946784198,-0.7861018876683904,0.8884744032892083
3962,-72.65274822991886,68,0.023738511377138116,0.0017827202675849846,1.4677469119197648
3963,-106.59206716202662,100,0.021828036960351863,-0.00019624991992346646,0.8239325147837212
3964,-26.346474019665937,20,0.02101481463465539,0.002441087811846064,0.23119984789156287
3965,-46.697944264888235,36,0.03542365650625245,-0.08493494033884405,0.2960849230821069
3966,-88.58818472430035,80,0.03328753769108703,-0.001544946668869924,0.2550870588465996
3967,-58.45239687452314,52,0.023044274551868693,-0.00036461895697617103,1.1170618349776487
3968,-47.141055652849914,40,0.023645879645198674,0.0022810999689537367,0.9659476882192176
3969,-75.1896418029623,66,0.030429277493252915,0.05143072913518015,0.311344166481189
3970,-49.03188236495988,42,0.023284378691920668,0.0014642885837176606,0.8002834368497134
3971,-71.17449702152017,64,0.023756612654039975,0.003998014811655377,0.9029030295024126
3972,-33.40527644277262,26,0.024520782923088087,0.004061123517662632,0.5451984480246578
3973,-125.15087338077167,118,0.023678388678052626,0.003230623750861068,1.039715529347763
3974,-50.16302233038378,42,0.027029875266171562,0.0072856634987875915,0.23467865193891801
3975,-82.98430905848578,76,0.023126851187038867,0.003139433960737938,0.785363414897568
3976,-124.69992934928655,116,0.028807713077108024,0.02586541631527319,0.8845116150550026
3977,-95.55849394692456,60,0.11774335744014762,-0.9729752792474129,0.2323960394898448
3978,-67.39117932810906,44,0.07745423618579203,-0.409263070976818,0.7203825848976564
3979,-215.1220833759661,208,0.023583057536311205,0.0016444436060141353,0.5039558073406305
3980,-23.215664606184486,16,0.023892929159551178,0.0023503765369771628,0.6180959251686153
3981,-76.84248766054006,72,0.024706569696632725,-8.279486673370916e-06,1.8262549081332602
3982,-42.446894294727,36,0.021347332101745265,-0.0010123985240525807,0.021625163023220723
3983,-66.72394763142701,58,0.02888724381267297,-0.018135538710541837,0.26449433766058356
3984,-99.72223273677001,92,0.02557030707539702,0.00586745548277896,0.6480611425314087
3985,-37.35285116062043,30,0.025354659174553325,0.000784626913353287,0.8342569271065616
3986,-285.1447958109101,278,0.023658264274535868,0.0023328242071022263,1.1385473340111383
3987,-48.75221722247477,42,0.022358335173757175,0.0012064176047257833,0.32051638042701125
3988,-75.50299056284217,60,0.051334405837226156,-0.33141775410915325,0.0874965056683714
3989,-43.84462277743948,34,0.032598088667018695,-0.005226834465453512,1.0229146052617966
3990,-34.80617980651107,26,0.029159535783149525,0.012851321598089343,0.32323709768420456
3991,-49.57404606729004,36,0.044947172408245126,-0.16210981041188383,0.7768316356094388
3992,-94.44568456383334,74,0.06770094226434828,0.05058236685612344,0.22631122194610642
3993,-37.330500987219075,26,0.03751821518946719,-0.1304140982787057,1.0552622641266758
3994,-38.36097058664004,34,0.022025103972929727,0.003074961047233882,1.473208719097168
3995,-22.71225934983734,16,0.02222602433721004,0.00024403052642364795,0.9123906820803566
3996,-39.73473074764053,12,0.09183685678026664,-0.6871244732882605,0.09845180555468615
3997,-58.50500605105324,52,0.021539755135937824,0.0012825344285206093,0.22989720850336806
3998,-20.740861602117846,14,0.02232073378184724,0.0035908428138732565,0.694858132978712
3999,-54.234476384083855,46,0.027266478092993176,0.032800436663265584,1.1665754405536461
4000,-36.82092702982655,30,0.02258585109214138,0.001718222311642391,0.7351014110663696
4001,-21.858079529763263,16,0.019397614336964592,0.0004949802330799943,0.5496628152847209
4002,-36.38374359223481,30,0.02113822381534725,0.0008029026012491459,-0.06854181777653501
4003,-36.63322561410659,30,0.02196432322551903,0.001876560260274984,0.1468906626833868
4004,-74.98158705102259,54,0.06947545381133322,-0.5091429103272836,0.33204351214087563
4005,-60.56822883200166,54,0.021749102092721163,0.0009020669768959135,1.124914943328569
4006,-37.64320829948269,26,0.03855366986583658,-0.1380658964998095,1.1679105960918184
4007,-62.700318702156544,56,0.022186485768730356,0.0027027702929655595,0.0024272359596158298
4008,-20.698641235521272,14,0.022180931243448016,-0.0017530635748650657,0.4846725088078914
4009,-245.29470985131567,238,0.0241546683818408,-0.005059112431323434,0.37149050895310476
4010,-69.6209498415247,40,0.09808261536928667,-0.7842733346845566,0.11351705414269256
4011,-67.24476097131927,60,0.023989274739467176,0.0009505720299495914,1.5328908242666106
4012,-67.55293705995672,60,0.025009725364094657,0.0040846847948334515,1.61988433369201
4013,-45.2861558136342,34,0.05478716414385524,-0.26558412996638403,1.1316081541275336
4014,-44.893890141771365,38,0.022827450800567153,0.0020298892064313004,0.19059958790168446
4015,-99.74804826222065,92,0.025655788947748875,-0.00016153571616074947,0.07816427257334095
4016,-30.55043992604585,24,0.02169019843061531,0.0037347480790405874,0.2796743193298612
4017,-41.943068822089835,34,0.026301552391025863,-0.0008426358415830004,0.5155312900313497
4018,-85.28096617011319,78,0.024109159503683853,0.0019284550971752465,1.033522160945221
4019,-114.81642190571414,108,0.02257093346262974,0.0038695646675044534,0.5117765232245284
4020,-48.84524747641048,26,0.07564651482255118,0.1971479876757914,0.18797735896891304
4021,-65.7872788555284,42,0.07876582402492917,0.2999799246016261,1.0990994056005228
4022,-138.81344355592813,132,0.02256107137724542,0.0015965089275939575,0.9488375476693321
4023,-117.53297585627482,110,0.024943628663162225,-0.0029728694043325765,1.2670188516114733
4024,-41.769157471025814,34,0.025725686990151507,0.00028150093892823585,1.3887626678315308
4025,-94.72622380289393,86,0.028894780804285387,0.02736494056202027,1.2952993097366605
4026,-38.82948759877749,32,0.02261419734694528,0.0011338836558175502,-0.28206133460263655
4027,-88.19873167115992,64,0.0801282505667541,-0.3378126468722221,0.20457068132911432
4028,-16.7541783626942,10,0.022364829015543607,0.0008895066599916691,0.9114566852682847
4029,-51.46250744971586,44,0.024710289568595868,-0.00021234219138269986,0.509850532424078
4030,-66.39478923475697,38,0.09402248090979129,-0.2549772442935269,0.3038229936587359
4031,-33.15166710356589,26,0.023681016899224756,0.0033529248694574693,1.3084717461717121
4032,-41.76854547888227,24,0.0588362433075573,-0.3149627131579555,1.172379207436832
4033,-33.11645438719754,26,0.0235644185006538,0.0025967923293679657,0.5420327019775627
4034,-91.11986807590911,84,0.023575722105659842,0.003050965983081387,0.47455774645462445
4035,-291.3402360476384,284,0.024305417376283986,-0.001077166605056171,0.5828176890324147
4036,-58.24939776583956,50,0.02731588664185252,-0.0006663077261101529,1.5090292328866877
4037,-35.95397802832635,28,0.026337675590484645,0.004066502739943638,1.0085402076918977
4038,-118.8561648882965,112,0.02270253274270478,-0.0015282558106095685,0.5478917933413789
4039,-44.74882146492752,38,0.022347090943468918,0.0029988817665540916,0.6924860026000842
4040,-146.61222912938007,128,0.06162989777940569,-0.4046219426564971,0.9525694532273645
4041,-122.576506246074,110,0.04837117786951578,-0.22239323869866964,0.2554839254069912
4042,-64.73269454485957,58,0.022293690545892808,0.0009689546450787526,-0.012845915905970907
4043,-183.61032114574652,166,0.05831232167465829,-0.2793622622654206,0.5429814662658285
4044,-111.44143298834265,104,0.02464050658391601,-0.0018443350753799353,1.1211312585090139
4045,-24.73160726169095,18,0.02229009027049995,0.002571860755121471,0.21279944473523774
4046,-38.825066974149465,32,0.022599559517051317,-0.0003820172668317493,0.6060073585158896
4047,-52.587549509145624,44,0.028435594401144623,-0.0009323197044200875,-0.12706685856000877
4048,-111.79269248869004,104,0.025803617512219004,0.002749110848121715,0.2613838919183426
4049,-102.81077050802466,96,0.02255222022524817,0.001448778520856324,1.0323651835852803
4050,-33.25473370177376,26,0.024022297025740727,0.0011611816743913026,1.7725610960725466
4051,-64.06486468070354,58,0.025918225131211503,-8.313559308154588e-05,1.225251971633456
4052,-34.38416686842339,26,0.02776214194842172,-0.012115979951571994,0.6113264008158423
4053,-80.84807027611218,74,0.022675729391100005,0.0014662811665222147,1.4331642401382707
4054,-35.56192642479802,28,0.028643660699992392,0.0010230210455395563,0.5041253051568922
4055,-75.64361589498205,52,0.07829011885755698,-0.6238780591553632,0.42167183145574627
4056,-56.26761240871296,20,0.12009143181693016,-0.5632272786702899,0.9563817140931342
4057,-79.3612664849474,72,0.02437505458591807,0.0009660223263796936,0.6234339057062737
4058,-119.51891922284766,102,0.0580096663008205,-0.41549321045456855,0.7864392461174242
4059,-28.70653859649724,22,0.022207081445355183,0.001334345052543016,0.2141271173850701
4060,-114.562829646607,106,0.028353740551678223,-0.0023544906260020144,-0.2268145055730599
4061,-60.217401603289034,52,0.02720993908373854,-0.004499158433897556,0.16558470196215536
4062,-12.559911846266159,6,0.02172156240485492,0.0029275979980863385,0.2996923918078734
4063,-49.8048836948856,42,0.02584398574465466,0.0011414661574862058,0.32832295563263164
4064,-29.0740072341543,22,0.023423865013756043,-0.0009209751998789805,0.3377624093103901
4065,-40.01703209783315,32,0.02654646390010956,0.002853623113675129,0.9323016114292022
4066,-50.030297684395094,30,0.06632548902117599,-0.5090907269126631,0.5353297448085832
4067,-48.24259179863834,30,0.06040593310807441,0.09810288548184287,0.4892778116964507
4068,-76.52826524358058,70,0.021616772329737063,0.001172711163302822,0.4328203878537767
4069,-46.260262961231,40,0.02072934755374497,-1.5567372929280167e-06,0.3817020507111131
4070,-19.376355652030732,12,0.024425018715333553,0.0019570008877029532,0.09667658403296862
4071,-58.68701978599493,52,0.022142449622499626,0.0025633105752212518,0.4625512046109583
4072,-184.3281667409051,176,0.02757671106259999,0.001599599102925238,-0.11039251876248676
4073,-218.4800878905148,212,0.021457244670579217,0.0003580529407739935,0.5826368194632965
4074,-54.99641344001566,48,0.023166931920581533,0.0035351569986353253,0.15644126909797307
4075,-58.51528937270303,52,0.02157380586987801,0.004651976741360044,0.6107025701445465
4076,-67.32008347579222,60,0.024238687005934477,0.0008849775802578457,0.5831835201227905
4077,-87.41840086553384,78,0.031186757832894076,-0.0022169094198130515,1.0611931075252954
4078,-112.89304109031421,106,0.02282463937190138,0.0027070057008354554,0.5610166580313725
4079,-13.146986334271238,6,0.02366551766314962,0.0015415711058550422,0.5134132767653435
4080,-91.20981512253418,84,0.023873560008391373,0.002548393911361349,0.6209765034278281
4081,-53.26139214880791,46,0.024044344863602216,0.004209392486234189,0.24917567499014334
4082,-183.2579262735125,176,0.024032868455339723,0.0022154737367997847,0.9463219022621949
4083,-83.26639068027951,76,0.02406089629231656,0.0039245387912027856,1.0869092003645882
4084,-33.1510332085091,26,0.023678917908970514,-0.0006526191304869556,0.9719457401630364
4085,-104.4563458178813,98,0.021378628536030436,0.0003075106950655629,-0.045313500270666864
4086,-80.01208252132734,66,0.04639762424280632,-0.20894836134289618,0.3546119031812826
4087,-17.998116125938306,10,0.02648382823158393,-0.016267595703664255,0.34790673667383043
4088,-65.56079943934748,58,0.02503575973293876,0.003986218899630307,0.42947663843835276
4089,-111.43312415682557,104,0.027327662341268828,-0.0010215632603777682,1.0786159199637255
4090,-33.21601234117204,26,0.02389408059990724,0.0020562731124312674,0.9005205073859542
4091,-221.88736841180662,214,0.026117113946379195,0.0016434756836958772,0.6712320877779938
4092,-115.91855314427198,108,0.026220374649906963,0.0001254311206886261,0.1972092380529354
4093,-32.88547366314408,26,0.02279958166603997,-0.00014680818599087513,1.053009405318996
4094,-51.61452101331075,44,0.025213645739439294,-0.005347243284140497,0.7555961141922505
4095,-40.79243904476145,34,0.022491520015766667,0.0010137391258154484,0.21925972563327162
4096,-68.3935011631744,60,0.027793050209186817,0.0018840120467149178,0.06426772430411151
4097,-34.42883829444304,26,0.027910060577625892,-0.002348448701252211,-0.5602098595047221
4098,-44.7453494975476,38,0.022335594362740116,0.0022755363793420724,0.42046537562065284
4099,-53.28527816090708,46,0.024123437618897146,0.0006551929838883703,1.0033204302618077
4100,-73.0617900126659,66,0.023383410637966964,-0.0020593993873828835,0.40750250699690893
4101,-64.570625397748,54,0.035002070853469965,0.11293317342473083,1.1029925292900753
4102,-27.0326271684692,20,0.02328684492870585,-0.0007643579342325421,-0.0011881424935183038
4103,-222.73356184944944,216,0.022296562415396348,0.0026104829369042694,0.5819765916005909
4104,-48.58079834741976,22,0.08801588856761534,-0.7195627007634989,0.6222928169370006
4105,-21.45705352965386,14,0.024692230230641404,-0.0004948426714931793,0.2752434812631787
4106,-47.49142533533058,40,0.024806044156723692,0.00210927270772244,-0.16224593267602028
4107,-92.71581113449355,86,0.022237785213555673,0.0016266004335048873,1.171311028764139
4108,-28.932265373234216,12,0.05606710388488127,-0.20266093230769286,0.22676741143743298
4109,-109.13134010690332,102,0.023613708963255844,0.0018140266316369275,0.704380160083359
4110,-75.21307611957458,62,0.0437519076807102,-0.1280272611317422,0.2990082330560768
4111,-141.457476027127,130,0.03793866234148102,0.0008773176263191349,0.5753621771193066
4112,-75.1034562319631,68,0.02352137825153379,-0.0019922490112964583,-0.3803015235785259
4113,-71.28689159712962,60,0.0373738132355286,-0.12041247506604363,0.28395227957929375
4114,-16.07097310466065,10,0.022823207160378344,-0.00025109718212353667,1.3837027632217616
4115,-60.188625291878736,54,0.020492136728075695,0.0008314611152391141,0.8118504341256909
4116,-182.87844993483523,176,0.022776324287534472,0.003021778801721305,1.1264103784706576
4117,-36.82426764380136,30,0.022596912727818923,0.004352296702795052,0.5487490846810936
4118,-93.72266920368727,86,0.025571752330090475,0.002165747141089315,0.2839747793437059
4119,-16.560254904450403,10,0.021722698359107284,0.0028909056544780347,0.6406822314088091
4120,-22.651233837339447,10,0.04189150277264712,-0.2107867602006045,-0.21778735123183085
4121,-213.07071906842052,206,0.030216748155641987,0.0049135775665024245,1.36032341388094
4122,-78.48957221237103,72,0.02797229401883959,0.012054531267996684,1.0501970270670677
4123,-126.63550142935878,120,0.021971859037611577,-0.0011286012489897575,0.48529472926682454
4124,-53.28237617545857,46,0.024113828395558354,0.002171273065641498,1.078034989188914
4125,-82.64027678262391,44,0.1279479363663046,0.06442724627693992,0.6931435399793535
4126,-16.865081558412037,10,0.02273205814043728,0.0035475367289314057,0.4650858172176973
4127,-47.04256683881697,40,0.023319757744426642,0.003167561655601992,0.7929765052427322
4128,-12.296154462641468,4,0.027470710141196793,-0.029075357455155805,0.3631404145589925
4129,-25.257726727886766,18,0.02403220770823443,0.0007432754504623891,0.056334812451706774
4130,-66.81412034892593,60,0.022563312413661944,0.0018730335987623263,0.5566730650293715
4131,-110.34325897852575,104,0.021004168803066003,0.0010727052885224882,0.507571821468995
4132,-92.18651814973063,86,0.024166086522386148,0.0007688756186325918,0.8845394854733513
4133,-55.118929698089715,48,0.023572614894336957,-0.000507209238300211,0.7720716612684905
4134,-61.720788143276614,48,0.04543307332210804,-0.022381421566951637,1.6300710888636538
4135,-52.325986561113986,46,0.020946975367927466,0.0033976723404527203,0.8518942616056552
4136,-55.99383932577599,30,0.08607231564826506,-0.6153356731637991,0.4925464085435852
4137,-276.721924358496,270,0.023179049512055912,-0.0006296390362469287,0.7286263041903971
4138,-55.389865164316966,44,0.03771478531230765,-0.1542166645077384,0.880536216843275
4139,-68.55648443843279,62,0.02171021337229454,0.0053377235951272166,0.9317252714956328
4140,-81.71581556675723,74,0.025549058168070585,0.00040521346809749574,0.6289094857871532
4141,-41.22284309004822,28,0.043784248642544106,-0.10193887569676369,0.598050975766332
4142,-31.764788023877724,24,0.025711218622111662,0.031987833500907614,0.7970255968133173
4143,-70.35421864336266,48,0.07402059153431347,-0.6293539753108168,-0.2669664955052658
4144,-82.85476592691683,76,0.022697900420254977,-0.0009032596811646016,0.18181270993891363
4145,-29.17377649439589,22,0.02375422680263523,0.00843905022164301,1.336890123084354
4146,-12.716989841477579,6,0.022241688216813143,0.0009470912416632109,0.5157527315963849
4147,-43.181424715161434,36,0.023779552036958442,0.00067572646438212,0.8888779643679806
4148,-50.9021863376486,44,0.022854921647843616,0.004438742095857415,0.6206738285470942
4149,-46.926285725967695,40,0.0229347209469129,0.006685408588656107,0.9299307360240592
4150,-44.925420853885356,38,0.02293185713207097,0.0009445993709285429,0.050253532413221336
4151,-42.51096122087945,36,0.021559474241322617,0.004870979095861587,0.5956397394556133
4152,-117.81952769829742,102,0.05238254204734196,-0.283299851184017,0.26582463729370304
4153,-97.40056432275294,90,0.024505179876665614,0.0034395975771973784,-0.010993717270186294
4154,-82.30197788879605,76,0.020867476452966452,0.0016700789564545882,0.8510301351072328
4155,-24.45916446027734,18,0.021387961788997854,0.0010724781802701239,0.5113073668589327
4156,-15.217038186192188,8,0.023897477437722518,-0.0003398514225530062,0.25218638530978627
4157,-49.373770167230575,42,0.02441645750738598,5.971691386145077e-06,0.07517560707900167
4158,-64.04283098835512,56,0.026631890689917722,0.010317430322464025,0.9471970458134134
4159,-86.59210596289543,80,0.0218281654400517,0.0058844151122600385,0.3745817043170925
4160,-95.99494037185667,88,0.026473312489590863,-0.005931953264694099,0.43390323211822895
4161,-80.80921882844187,74,0.022547082213383956,-0.009470540955115344,0.4881332073002955
4162,-54.40882977928103,46,0.02784380721616221,0.0003777290428433543,1.66205901164432
4163,-118.11911617303602,112,0.020261974082901625,0.0017868614863505623,0.6035257032187347
4164,-10.796012450219061,4,0.022503352484168963,0.0010117876728910286,0.2609660732481125
4165,-48.59100218182403,42,0.021824510535841224,0.002866571080494697,0.6605711063686974
4166,-69.02945336148166,62,0.023276335634045624,-0.0008230812096311433,0.5898500037722063
4167,-182.54604050482567,176,0.02167563081067939,0.001590828744336864,0.8009326244783834
4168,-17.782960694653163,10,0.025771393028652955,-0.00011436734024731331,0.05425123252255599
4169,-57.154764848191704,50,0.023691274331760038,-0.0014500362160214722,1.09860767280033
4170,-12.826801807751389,6,0.02260530399917676,0.005227837487762264,0.41237543753929595
4171,-19.506328672919505,12,0.02485539295668716,-0.0016591483320029367,0.8173790911046421
4172,-39.31856856852804,32,0.024233670756715227,0.0009915639171438502,1.4597685332497927
4173,-28.851814056941645,22,0.02268812601636309,0.002465966948237122,0.8008316357221087
4174,-56.29426242818111,50,0.02084192857013633,0.004614657515487233,0.21034603300192148
4175,-62.9168583442844,56,0.02290350445127269,-0.00029126843786412936,0.18066935112109309
4176,-85.89232706855067,62,0.0791136657899028,-0.5563410038984263,0.41214598835799043
4177,-20.397585802589408,14,0.021184058948971626,0.0005742370016835876,0.46831189662114786
4178,-64.78132308857035,58,0.022454712213808355,0.0002925522768074363,0.6574383259328223
4179,-81.08831561065988,74,0.023471243743906852,0.00021284089777587808,1.15134677714541
4180,-67.5091013781976,60,0.0248645740999922,-0.0006392440230536293,1.143627810626004
4181,-36.56377242807623,28,0.02835686234462293,0.0014832357476258786,0.7368863843244848
4182,-10.687687979845757,4,0.022144662184919593,0.00356353711400841,0.5406935438259627
4183,-70.96245391902738,64,0.023054483175587503,0.0024525862948857986,0.5206624191856499
4184,-94.82388058408559,88,0.022595631073130732,0.0019389880276038404,0.22651000831330917
4185,-64.77686276129292,58,0.02243994291818833,0.00014267986268730256,0.43779896950515307
4186,-56.959188279189604,50,0.023043669798640913,0.005176853507661588,0.9603856036677766
4187,-81.03105023546645,74,0.023281623296247434,0.0010135646575648609,0.6779193887322574
4188,-265.75499575212007,258,0.02567879388119341,-0.007099976395071786,0.09465821443568138
4189,-40.889038327916985,34,0.022811385191778034,0.002641537569357053,1.4323038795717764
4190,-95.46363730298981,88,0.02471403080460297,-0.0007027006523825524,0.7100815547552131
4191,-198.2061140684733,186,0.040417596253225614,-0.0018065431070458514,1.2725249318639587
4192,-100.55690964358693,94,0.021711621336381003,0.004034824955927837,1.0413623576304398
4193,-98.23345196727115,66,0.10673328465983847,0.20829950158302332,0.48553266974230797
4194,-88.91734448703242,76,0.04277266386434657,-0.008003007304401365,0.6366992015234697
4195,-87.36614338997751,58,0.09723888539727564,-0.2237105949516624,0.21868781714653135
4196,-39.87144624439007,32,0.0260643915377151,-0.003558681190741674,0.794755449915825
4197,-34.84685623843446,28,0.022671709398789635,0.0025278188921942914,0.1783317600543408
4198,-46.63058982315225,28,0.0616906947786502,-0.2046901539597577,0.6730150584781593
4199,-173.97761793766352,168,0.02930204871403761,0.005796303995428425,2.635050981749801
4200,-35.15796632954474,14,0.07556416546265952,0.2153765252935201,0.7542426603304089
4201,-114.65539323929792,108,0.022037725957941044,0.0026053860754280396,0.7071953874042054
4202,-108.46452931442079,102,0.023942701164520738,0.0002424192249223038,1.232704942153715
4203,-22.297144052502567,16,0.020851470372524945,0.0033724511097746575,0.07672506608203862
4204,-178.15659186194398,170,0.027008582324316938,-0.0040749159434175005,0.3446405358671131
4205,-12.655975182179507,6,0.02203965292112404,0.001566029753881377,-0.30325333221317485
4206,-57.252790630049205,46,0.037260896125991184,-0.16457536404775858,0.46472722547983025
4207,-59.84468100981527,52,0.025975764933163496,0.002192486996919731,0.1837068934426088
4208,-87.40433179443247,80,0.02451765494845191,0.002809040473052455,0.4693503969108427
4209,-208.76411690067076,202,0.022397738081690797,0.00296470248687778,0.483066474779398
4210,-131.6037069554354,124,0.025177837600778883,0.0010968372352584727,0.9986505322963739
4211,-22.74727236831855,16,0.02234196148449865,0.0027104279406473582,1.1111688294956794
4212,-67.99066517469615,30,0.12579690455197368,-0.721184555344925,1.2465718966799275
4213,-126.43426589570969,110,0.054418098992415356,0.22193178448360412,0.8191598332615412
4214,-56.15085681802823,50,0.02036707555638533,0.0002609931388931559,0.3832974624130813
4215,-72.59086859611175,66,0.021824068199045154,0.002633193525985278,0.2961110717461241
4216,-20.228899665291415,8,0.04049304524930909,-0.1553320986355982,0.572300883729145
4217,-59.18871448382761,54,0.024708164208702903,0.004582675125538593,1.7844481191417159
4218,-42.64825556681581,28,0.04850415750601185,-0.22075236378860544,1.4842724139532322
4219,-117.85840510619332,98,0.0657563082986535,-0.379487852787673,0.29922839182194644
4220,-65.03080740779475,58,0.02328081923110775,0.0004937353206255677,0.013559498101307965
4221,-85.2952200243681,78,0.024156357696582476,0.0016595106754630853,1.0615424123379888
4222,-146.28516519554665,140,0.02081180528326753,0.00175361477365927,0.3115395559318709
4223,-47.17883371456193,40,0.023770972564774995,-0.00011709864568952101,0.9683554310875865
4224,-211.8159177004106,190,0.07223813808082982,-0.5440445884409213,0.7484431970202471
4225,-72.47905938194644,50,0.07443397146339926,-0.4941007559688836,0.09077208857514606
4226,-183.24589645459616,178,0.023211931215027168,0.0012150760987295513,1.8282572833755244
4227,-92.98541412421424,86,0.023130510345080305,0.001561300041360645,0.7602873436862793
4228,-36.498761165833365,30,0.021519076708057555,0.0019066955541901982,0.33096454125714936
4229,-71.08957230029512,66,0.023134419546795865,0.004580339385746894,1.0143960984318454
4230,-58.67186835442142,52,0.02209227931927584,-0.0001371142267872462,-0.009960661458263223
4231,-24.742824005507057,10,0.04881729803148026,-0.300744895271445,1.02120573632103
4232,-85.41923148204134,76,0.03118950821867996,0.021062923718200663,1.0421967720124092
4233,-83.73792379489159,76,0.025622264221496015,-0.00039175831981077294,0.2929408606706921
4234,-86.15679648203339,80,0.026768680356667438,0.0006502430669396468,0.8632307198974962
4235,-48.17805899613515,38,0.03370218210640753,-0.010493383513507587,0.14739430693759958
4236,-44.1641752335395,32,0.040278725938872224,-0.1396610274557055,1.0241794207816546
4237,-51.22337936919211,44,0.023918474732424887,0.0009623103317132355,0.7851150633269206
4238,-100.25921089652182,94,0.02072586389576735,0.0017155656481581117,0.8320773707877186
4239,-30.522460326209174,24,0.023632102631192836,0.0027070571890731843,1.0673576651025476
4240,-106.6829861835368,88,0.061864192660717764,-0.405237078697487,0.4355786386063162
4241,-86.58756068523005,80,0.021813114851754068,0.0039910926247657035,0.2646232193306209
4242,-98.99492587002558,90,0.029784522748429052,0.012854965073106631,1.6016124458259606
4243,-117.43111655929097,110,0.024606346222817058,0.0006483759254214064,-0.04491064563248652
4244,-70.26189371858747,44,0.08695991297545491,-0.3693791167189164,0.11347867067076808
4245,-91.48182722932992,66,0.08437691135539617,-0.3925828324444284,1.1511303836181035
4246,-12.86099365063261,6,0.022718522021962315,0.00329667055662891,0.8959759251943894
4247,-21.00387999545762,14,0.02319165561409813,0.002660273935025965,0.270711993723676
4248,-334.40708337134237,328,0.021215507852125254,0.0028365890485071116,0.555408005932437
4249,-43.12796571966763,36,0.02360253549558872,0.0034622153308896337,0.8464096472267099
4250,-25.238231225211333,18,0.023967653063613547,-0.0008128690715672584,0.8857591592444612
4251,-47.03307136506907,36,0.03653334889095722,-0.1271878607294253,1.1165895054730146
4252,-24.74983947092132,18,0.022350461824242798,0.003219977766969272,0.6507247380609557
4253,-49.17708552639008,42,0.0237651838622184,0.004247691749058516,0.20701692861287826
4254,-43.14633824654295,36,0.02366337167729427,0.002654778704259989,0.4252077400958434
4255,-82.89254519560845,76,0.022822997336452138,-0.0006155168964328639,0.4601812857729753
4256,-57.665160098993645,24,0.11147404006289312,-0.9078375269229437,1.1669406129688715
4257,-98.12195342818755,90,0.02689388552380023,0.025280715631427465,1.1759703873945513
4258,-81.75717416406616,74,0.02568600716578082,0.00129738336734301,2.02041666337584
4259,-44.93567320750667,38,0.022965805322869366,0.002133086906662766,0.6170468031521077
4260,-94.7761470515652,88,0.022437573018428362,0.0012962924880869932,0.24562827962518527
4261,-42.24467634539914,36,0.02691670838534103,0.0038607457067600676,1.671400605942936
4262,-196.9760445275372,188,0.029722001746811614,0.03269465893201703,1.5035838334767968
4263,-32.316831114552194,26,0.02091665931970903,0.0023648233788969943,0.31639244111473763
4264,-35.20592883707454,28,0.0238606915134924,-0.001342441019947511,1.8834670302350174
4265,-32.87532043654171,26,0.022765961710403192,7.024359139953031e-05,1.2679090866855067
4266,-90.45473198023342,84,0.021373284702758212,0.004768030584438253,0.482429068280956
4267,-92.54411785805955,86,0.02272263145159655,0.0024595162600841527,0.5956031405670931
4268,-41.422748536875176,34,0.02457863753932186,0.000355446002282671,0.6376507572724487
4269,-39.035728409383715,32,0.023297113938356453,0.004228474194606433,0.3560470121685224
4270,-36.65206226258483,30,0.022026696233724507,0.0010785097466004606,0.44193197437080195
4271,-75.12463974510138,68,0.02359152233477277,0.0028780151170906642,0.8493803330787707
4272,-30.349303127833153,14,0.05413676532395077,-0.29175674748500585,0.2848151147457857
4273,-47.25589339870662,40,0.02402613708181055,0.0017788408101699778,0.554846437332326
4274,-55.385660142821685,48,0.02445582828748943,0.00417888853445515,0.4750042228826799
4275,-76.77365627916393,70,0.022429325427693683,-0.000257952053667299,0.679866600092246
4276,-84.17360421195725,68,0.053554980834295364,-0.11732044474110748,0.23137085528692325
4277,-224.98214178279434,218,0.02343000598253185,0.0014741182542912313,1.0551380215125978
4278,-45.20242106386545,38,0.023849076370415664,0.0005463065095369193,0.39875621100410047
4279,-38.99996049082222,32,0.023178677121928015,9.986431914572881e-05,-0.11314251878073699
4280,-102.7681830086925,76,0.08863636757845245,0.48397114490334636,0.9685993432492905
4281,-32.49563577913199,26,0.021508727745470274,0.0046901840763629125,0.39936582016047795
4282,-74.45192100196898,66,0.027986493384004038,0.03314718254163417,1.232273048259833
4283,-44.79459977483162,38,0.022498674751098027,0.0030033169503922,0.8120172253099042
4284,-78.69488515512958,72,0.022168493891157992,0.0023096052398758676,-0.21602487513560448
4285,-52.95533989430594,46,0.02303092680233707,0.005599650476491757,-0.9041566122631659
4286,-54.82999542308307,48,0.022615878884381442,-1.3020408450817035e-05,0.28569728611846645
4287,-87.64017410006461,80,0.02529858973531351,0.006825704264473047,1.073478878470753
4288,-58.98597598144179,46,0.042999920468349925,-0.1373399252580812,0.40458183419221505
4289,-64.58498367260901,48,0.05491716447883775,-0.12211115221548456,0.6502468611090405
4290,-44.56588290253323,38,0.021741334114347685,0.003878602438254763,0.19150240173401845
4291,-38.428323771123644,32,0.021285840301733517,0.0036022001081793906,1.1172268777616579
4292,-89.49272640047117,82,0.024810352319440895,-0.0007344444583799221,1.2794219534656335
4293,-113.66532614204648,106,0.025381874642537876,0.0003819172415536958,0.5688473841607947
4294,-53.10685936593758,46,0.023532646907078222,-0.0009312945876011489,0.9407275893489541
4295,-50.93110073229714,44,0.02295066467648051,0.0031747620302986427,0.9342094505650596
4296,-39.06120114921435,26,0.04324901042786237,-0.1666668087750556,0.36317273592173555
4297,-19.50611811452346,12,0.02485469574345516,0.0035021610778528233,1.642973760749053
4298,-44.91959600473665,38,0.022912569552108193,0.00012138358788373602,1.1785333058483811
4299,-76.34950785298533,60,0.0541374432218052,-0.33385910345673164,0.732257751034363
4300,-78.81533874068968,58,0.06892496271751604,-0.4789666455727848,-0.328171022966969
4301,-36.997998366442964,30,0.02317218002133426,0.0005780098191925034,0.39598371548565037
4302,-106.87902163403109,100,0.022778217331229072,0.0023291001259811866,-0.3631898240175866
4303,-81.21881916876822,52,0.09675105685022663,-0.3244544508351963,0.14513339089986788
4304,-60.76029519396505,54,0.022385083423724538,0.005312896432472233,0.31412210413977576
4305,-48.458756972749924,42,0.02138661249254957,0.0004448531968796638,0.22660851223303302
4306,-59.44326563992434,52,0.024646574966636893,0.0020520279372098628,0.49567761484314593
4307,-177.8605514613247,170,0.02602831609710177,0.017544915385826473,0.9170949045965751
4308,-94.10205009022262,86,0.02682798043119979,0.0005829481579153644,0.23107417330673174
4309,-48.83867860537941,42,0.022644631143640466,0.002793625229738332,0.5466537571207877
4310,-51.5564007530882,44,0.025021194546649257,0.002168310325922728,0.9609980010147675
4311,-38.873635185112526,32,0.022760381407657293,0.004348314172566702,0.2947846623931299
4312,-94.82918244090169,88,0.022613186890403186,0.0033334293638645914,-0.22583910197529666
4313,-65.05669030949367,58,0.023366524203620988,0.006183632454196521,0.8547175609354016
4314,-119.13194592314285,108,0.03686074808987722,-0.09642848920578982,0.8917044997411433
4315,-20.78142656953405,14,0.02245505486600669,0.0038855546143288346,1.009906889567235
4316,-137.7072677669842,126,0.04151513392547555,-0.08318371624282911,0.25218847426767493
4317,-130.78179034328826,116,0.04894632564002719,-0.26498385562826665,0.4114647960725136
4318,-46.73312365091939,40,0.022295111426885336,0.0014220113617010317,-0.043944326038888676
4319,-56.86320687096713,50,0.02272585056611654,0.0006679935930512649,0.34464058918386564
4320,-54.2296474371383,48,0.020627971646153563,0.0002606798940961132,0.3354133508789557
4321,-98.3517351747443,80,0.06076733501570978,-0.4082891614756097,1.0569221946207301
4322,-67.2113356847751,58,0.03050111153899071,-0.043627380338861356,0.04244444776243154
4323,-54.76099521497352,48,0.022387401374084206,0.0027172178636761446,0.3607318804959384
4324,-21.317436396468995,14,0.024229921842612606,-0.0034070349473426034,0.8560220258459619
4325,-241.74874449009596,234,0.02565809433806766,0.003938781089050733,0.9382590114599249
4326,-56.992975332695124,50,0.023155547459254917,-0.0012477557574219953,0.821308458710262
4327,-16.782922939232833,10,0.022460009732559055,0.00602135100873767,0.6923695022613426
4328,-62.27400087122705,56,0.020774837321944132,-0.00047707668419261245,0.6856641967243913
4329,-111.67176195024429,104,0.025403185265709068,-0.0007303596954539863,0.6267231382586828
4330,-65.75368878508621,58,0.02567446617578209,0.0007711359012921322,1.2521155541953908
4331,-55.476942310009974,32,0.07773821956956907,-0.13816889310070615,0.7798620558778265
4332,-70.92191326594893,64,0.022920242602480528,0.0002837264707191718,0.12648871412411308
4333,-14.80101469429556,8,0.022519916206276833,-0.0022930374873234636,0.4500609799585997
4334,-40.06244404105324,34,0.024249776164212748,0.0035970275088213384,0.8326543667626102
4335,-69.35360031097744,48,0.07070728579793836,0.31080077375001613,0.7749987706707772
4336,-16.986752508902878,10,0.02313494208245964,-0.0007963099630259668,0.6833623634321524
4337,-46.887851790817464,40,0.02280745626098485,0.0031135155356779003,1.174162783376666
4338,-270.3878906880131,262,0.02777447247686509,-0.00023279034307871062,0.6033340899893269
4339,-290.330989735574,282,0.027586058727069544,-0.0027536909944001608,0.6372635558336998
4340,-168.83311253861226,140,0.09547388257818631,0.4736667069138509,0.31248628731207173
4341,-25.193610088556035,18,0.02381990095548346,0.0017109347191263016,1.2909694148228537
4342,-12.972944564189511,6,0.023089220411223466,0.004249273480489752,0.4631177042428996
4343,-108.20912015340515,100,0.027182517064256218,-0.000869003590504756,1.4326539177452182
4344,-57.27015064315047,50,0.02559912198292387,0.0007991233144552303,1.2527487395996963
4345,-58.98892846349923,50,0.02976466378642149,-0.050513557380370624,0.18786628063242353
4346,-24.999249929570706,18,0.023176324270101682,-0.000575917046162491,-0.010212415830939176
4347,-27.009961373236877,20,0.02321179262661233,0.0030867687028690877,0.7976626889886412
4348,-32.64358173144617,24,0.02862113156107996,-0.03249811177521278,1.2821773275002508
4349,-116.06746302039653,106,0.03333597026621406,-0.07389962183117299,0.310408001064033
4350,-69.59782057456884,62,0.02515834627340626,-0.0010643460085485994,1.0539524397426532
4351,-6.136886599790018,0,0.020320816555596075,0.0021561097473966956,0.31424620551874766
4352,-71.33967547575551,64,0.02430356117799898,0.00022428024156228793,0.6870174100150273
4353,-40.80203013842231,34,0.022523278604047427,0.0014430963206459578,1.0285022953917606
4354,-76.98082006431036,70,0.023115298226193928,0.0014155535644925638,1.3852709011285178
4355,-87.07739371305381,80,0.02343507852004608,-0.0006813640838268441,0.08323962624679745
4356,-32.902241113101155,26,0.02285510302351418,0.0029417376297630913,1.0507571031553022
4357,-44.26447876454254,38,0.020743307167359695,0.002536222015489016,0.18331630021378603
4358,-157.1044390651402,150,0.02352463266602824,-0.00011921524723979417,0.08371892089497557
4359,-38.805870718856426,32,0.02253599575780295,0.0037990155891940887,1.2147470857530973
4360,-41.35313562312009,34,0.024348131202384594,-0.0005756553026172179,0.4839446495436687
4361,-30.844748531956284,24,0.022664730238265804,0.0015968923890247743,0.7796540954901948
4362,-37.37036854481193,30,0.02440519385699273,0.0037073456975230514,0.21251847842208646
4363,-52.704876662871264,36,0.05531416113533574,-0.2574364125751736,0.5636963867491407
4364,-57.354505267993105,50,0.02435266645030833,-0.0005634324618966769,1.0233050716166818
4365,-102.65450786324867,94,0.02865731080545945,-0.0022425994076550205,1.0703290517353214
4366,-59.74460649959592,52,0.02564439238276792,0.0004939886809184851,0.977251523786798
4367,-80.55355363785705,66,0.048190574959790775,-0.2063549575193119,0.6581172549634531
4368,-103.20331544730237,70,0.10994475313676307,-0.678874505837818,0.44856147406389935
4369,-67.02999660793891,60,0.02327813446337403,0.0037939971562672334,-0.003913546595506567
4370,-119.63304878402457,114,0.025147539214397004,0.0010660897540219593,1.2457437452932936
4371,-59.83691680493134,50,0.032572572201758784,-0.0026067847495479203,0.22062554689091846
4372,-135.09880083511635,106,0.09897551304461394,-0.7293724873637761,0.48493836898258474
4373,-40.60169933295161,34,0.02185993156606454,0.003757118138281123,0.20143404598448067
4374,-99.02454622640445,92,0.023260086842399143,-0.0009313451410702966,1.3009743792376487
4375,-38.78257495979074,32,0.022458857482750293,0.0014899306076375262,0.5957020625484404
4376,-138.74374972664998,132,0.022330297108114,0.0014607609200309839,0.2698692080153874
4377,-48.90810406358077,42,0.02287451676682332,0.004685463856470876,0.35929488239174595
4378,-73.178708133099,64,0.030393073288407214,-0.09203106882359019,0.8288281604598294
4379,-51.06147156374587,44,0.023382356171343956,0.003073149062122607,0.6900668043080627
4380,-69.96415469598746,64,0.022421634195441267,0.0010320965324955662,0.290707328761849
4381,-77.01867673045142,70,0.023240651425335,0.0008227788712150904,0.40004836352991513
4382,-76.66500722561747,70,0.02206956034972698,0.0022108709559905413,0.6595421720936814
4383,-40.84619549325385,34,0.022669521500840426,-0.00024794894594403096,0.9927925007993321
4384,-67.19569644927967,60,0.023826809434700797,0.0024071414770700334,0.7516203665489
4385,-65.21634176905245,52,0.043762721089577974,-0.19610187317243166,0.9751393533188045
4386,-56.61433406384535,48,0.030986813179300354,0.019399641371472813,0.9587774949086321
4387,-120.67699822368044,110,0.03535429875390908,-0.07713886330479336,0.6508772408755719
4388,-51.86390443885358,36,0.07931952219426794,-0.27957740224490407,1.025950775318779
4389,-47.826193295266854,40,0.026619705085941768,-0.0011514918006747504,0.9633834249108355
4390,-54.50053725578484,48,0.021524957800611606,0.004655771673848199,0.492888272676805
4391,-56.596650423002124,50,0.021843213321199196,-0.00012008632981952354,0.44812552575962555
4392,-59.17774259074997,52,0.023767359572020245,0.004724911336836387,2.063147128481782
4393,-50.56265784369314,44,0.02173065511156641,0.0034540953040616404,0.417902234727856
4394,-45.15837130781087,38,0.023703216251029457,-0.002111191924781668,0.21322924345485028
4395,-69.20257489050123,62,0.023849585730136423,0.0010557972163035972,0.7137782949318613
4396,-87.8034374382149,80,0.025839196815281698,-0.001148097418689644,0.26479412969128563
4397,-68.65587530829163,60,0.02866183876917872,-0.0017428612330734163,1.4291044119928982
4398,-66.10624678386158,58,0.02684187676775344,0.011209706619107442,-0.5408039790945165
4399,-204.7681441595629,198,0.022411073376035855,0.002886156189958534,1.0018608566332725
4400,-59.96821583259872,52,0.026384820637743743,0.028152768209959003,1.404139392632399
4401,-89.34268086494177,82,0.024313512797820794,0.0006115341976914087,0.6324416401478407
4402,-48.25827853525415,42,0.020722776606802096,-0.001294110288815758,0.43634369628155445
4403,-55.901935734470385,26,0.09901303223334536,-0.437825445458823,-0.21498073564024353
4404,-132.30812440220245,112,0.0672454450404059,-0.4288453417339837,1.3311092099897248
4405,-92.36094959079657,68,0.08066539599601522,-0.19053073883170743,0.8032126612937778
4406,-38.351726706191414,32,0.021032207636395423,0.002898970936711828,0.7794604094435356
4407,-47.81575408330388,40,0.025879980408290953,0.0016655059212923593,0.10527816705670923
4408,-99.65136901619411,92,0.02533565899402012,0.0037517742777708916,1.072040263593385
4409,-141.57820948813168,134,0.025093408901097167,-0.0016970128687530362,0.5645527762348536
4410,-165.9003957525363,160,0.027066035562090963,0.0019902793168295346,1.6278847863889137
4411,-81.46319291933965,74,0.024712559335562104,0.001477981802224126,0.9360617603630981
4412,-90.26744137386645,82,0.027375633688299376,0.002378665756924534,1.7513428883201583
4413,-38.46035927504861,32,0.021391918129300032,0.001999877213071785,1.0249353633160836
4414,-90.99105258200457,84,0.023149180735112938,0.0005065094007314831,-0.2429414402738515
4415,-35.95079029838572,30,0.02833709665897919,0.006742630776993576,1.6796505613442112
4416,-37.123527612470276,30,0.023587839776391544,0.002444213473689835,1.6009996371006268
4417,-50.71749472226319,30,0.06860097590153338,-0.2383540309072836,1.053013806802102
4418,-62.40449209280062,54,0.027829444015896352,0.0003593133139541212,-0.17022185016207403
4419,-28.905175062061037,22,0.022864818086295056,0.004142957653800975,0.5536240284556264
4420,-110.85713487508694,96,0.049195810844658315,-0.2487315918076845,0.395224363433154
4421,-48.579983640807015,42,0.021788025300685396,0.004318828949036342,0.3829500669607313
4422,-45.23399588729955,38,0.02395362876589294,0.0015302059489660064,0.34033084172429845
4423,-91.18268874601075,84,0.02378373756957147,-0.0005209251062941448,0.860632453370679
4424,-53.28785701151944,46,0.02413197685933603,-0.003415036648481048,0.18495290265780942
4425,-134.61243886582798,128,0.021895492933205807,0.002032244238664785,0.5995119604414205
4426,-77.8715002139452,52,0.08566721925147384,-0.7049108283669805,0.7636426543953674
4427,-26.86327849229588,20,0.022726087722834125,0.00254051617326659,0.5339929809562927
4428,-26.79004897170397,18,0.02910612242286084,-0.004912044059516806,0.4204576786272906
4429,-68.43768468896268,62,0.021316836718419906,0.0002971221934942319,0.37956008356278886
4430,-145.17860224299122,138,0.02377020610262104,-0.000628778115161602,0.1092614814339958
4431,-41.84100031505593,34,0.02596357720217236,-0.0009102995805010594,1.2319819977236965
4432,-23.013407759806597,14,0.029845721058962132,0.002121232433779634,0.2570486077399491
4433,-45.07237782857664,38,0.023418469631048523,0.003492964767783091,0.07379942057748319
4434,-96.71850890817169,90,0.022246718238979373,0.0011706540453562278,0.72395438122708
4435,-12.804957744180765,6,0.022532972662850325,0.002590281703580319,0.6084284777234198
4436,-54.23466973947212,48,0.03056210656603954,0.012369979550895353,1.8529456066117194
4437,-16.581253862186056,10,0.02179223133174194,0.002771002648645759,-0.4492950329209357
4438,-30.12475953468642,24,0.022684294572912832,0.0019434960921191507,0.7575605778589293
4439,-40.485828363560785,34,0.02147625285947335,0.006790940446967247,0.7509787628367013
4440,-40.98837338245056,34,0.02314030921341236,0.0017017240224356783,0.7325406224803193
4441,-70.7576132584442,58,0.06253731989433446,-0.1033949309161079,1.4931889675161574
4442,-73.11703813561368,66,0.023566351442429433,0.003836083785778787,0.20341816099614232
4443,-93.65612149391696,76,0.06130597740943361,0.3703550757541153,1.2721421605072667
4444,-81.25639634586308,74,0.02402780246974492,0.004455238417645189,1.4351421272143141
4445,-51.366797707958035,44,0.02439336989390112,-0.00037714961256264456,-0.22634416826405496
4446,-55.21168089398343,48,0.023879738059548114,0.0023012678418771076,1.5348874320009667
4447,-111.49570054179038,102,0.03229830116255265,-0.055789813461640636,0.1969414950388034
4448,-24.88469134331144,10,0.0492870574281836,0.1889534847473183,0.7207906075082534
4449,-229.35128396285842,222,0.024341999877014645,0.0017067451319512325,1.0797823917154616
4450,-84.55895025569897,66,0.06145347766787733,-0.45261019696173144,0.2800209895491219
4451,-73.6595215343399,66,0.025362654087218283,0.0042307109267077725,1.0142603850323284
4452,-98.15453365389344,76,0.07335938295991244,0.1547503895026058,0.3297733167201413
4453,-126.34053650622626,116,0.03424018710670857,0.0024626040727899266,0.5951514757390208
4454,-70.30034231254045,62,0.02748457719384234,-0.00022841126423649836,0.5045578466589894
4455,-172.9047436481497,166,0.022863389563410372,0.00042216413280855717,1.0025776189522948
4456,-46.95969603969202,24,0.07602548357513951,-0.2664937946880668,0.356607950324831
4457,-125.62459439329658,114,0.038492034414888535,-0.14023621447256376,0.21735177091608096
4458,-32.74429914511529,26,0.022332116374553707,0.0020733348241180724,0.2340943020964288
4459,-131.62577709801343,82,0.1643237652252114,-0.3210468196047976,0.5819621499132871
4460,-38.73130592435752,32,0.022289092464760324,0.00429399341024113,0.6050576558268
4461,-147.42062941467097,138,0.03119413713467167,-0.003149364136054569,0.24493304132946478
4462,-44.90734757826078,36,0.029494528404837194,0.0041604501762294785,0.29436348283251695
4463,-155.70326806049496,144,0.03875254324667156,-0.10315395295442643,0.5634311062567529
4464,-192.84020822727285,184,0.029272212673090308,0.03533744949165929,0.7510109628537216
4465,-137.78904439568885,110,0.09201670329698226,-0.6954538790649419,0.6319727611756731
4466,-31.752756372739665,24,0.025671378717681388,0.001825407344080039,0.8132387763948569
4467,-106.36209811096691,100,0.028402223709673446,0.001626353837179652,0.9476958054865983
4468,-26.576232124929188,20,0.021775603062679488,0.00276898881258591,0.6138840077434888
4469,-15.900909704588237,8,0.02616195266419953,-0.0015395123001175704,-0.10570351608145354
4470,-12.653752126902448,6,0.02203229181093529,0.0031609461700623943,0.6915307362407499
4471,-31.48706139704568,26,0.022487956545269482,0.0010856120480743589,1.287466957620593
4472,-70.61651215570471,62,0.028531497204320876,1.301309857085742e-05,0.519912953658261
4473,-47.14849136968215,26,0.07002811711815297,-0.46925736808583113,0.22876222235850668
4474,-55.09594766975018,48,0.02349651546274912,0.001810427663989661,0.9185528889902103
4475,-159.5431171727711,152,0.02497720918136028,0.00014124633917825556,0.18969870485282128
4476,-191.39127149744152,184,0.024474408931925325,-0.0015014297503897834,0.8216917186313223
4477,-73.72357700204127,46,0.10422397369188445,-0.05093292964874466,1.9084803883179202
4478,-58.83685782247511,50,0.029261118617467493,-0.023768102407103885,1.2391806549516766
4479,-55.100885714917254,36,0.06324796594343533,-0.41573139357481564,0.6836489241264162
4480,-36.59839790755837,30,0.02184899969390255,0.00204737471819035,0.8741899557151663
4481,-60.76168490418482,32,0.0952373672324006,-0.1591851157330544,0.9158485735232312
4482,-53.44634138965286,44,0.031279276124678464,-0.01470691168691195,1.139539091550014
4483,-52.657877410667,46,0.022045951690950794,0.004192406849724407,0.5783725529744148
4484,-180.2725452997341,172,0.027392534105080454,0.0008598655416007271,0.4880640973840626
4485,-197.54459815049069,192,0.024752670314690778,0.007545142923169936,2.634578341868213
4486,-144.68746777216077,122,0.07512406547073097,0.32880361156771537,0.017357593636639072
4487,-66.75202653255472,60,0.022357703750181042,0.0028214322243291356,0.27153077100242473
4488,-164.7623654998688,160,0.025065081578256557,0.006353713400710962,1.1355060382954483
4489,-49.2392642383247,42,0.023971073636836933,0.00010292146028025655,0.8379178125248213
4490,-65.6938364528057,58,0.0263487549753611,0.0008023501953511971,0.7870983461277282
4491,-317.3929009382474,282,0.1171950362193609,-0.4049448359797752,0.2243277246579073
4492,-68.61895571245653,62,0.021917071895551865,0.0008028700146731606,0.11584453154386126
4493,-73.08338573862883,66,0.0234549196643346,0.005456481837638228,1.1883670767409755
4494,-48.70299748553843,42,0.02219535591237885,0.004762633023814403,0.3507143920673742
4495,-120.49597691493832,114,0.021509857334231625,0.0031383734483222494,1.2703393047158946
4496,-110.34375768857626,100,0.034250853273431074,0.003012516750454508,0.52586568700443
4497,-49.74879546960718,42,0.025658263144394605,0.00244519324165257,1.2760140682843557
4498,-10.542564442869132,4,0.021664120671752034,0.0009786741084123142,0.5863698718166179
4499,-67.33127490480435,60,0.024275744717894784,-0.002651360037502222,0.21937279073767818
4500,-45.53419364868454,32,0.04481521075723336,-0.22286720227948173,0.17538465027316144
4501,-6.608747848256139,0,0.02188327102071567,0.0024132463492033693,0.005105918137100679
4502,-38.681979818389486,30,0.028748277544336183,0.004943137735880862,-0.5949148207523691
4503,-81.24404145483616,46,0.11670212402263598,0.37164601310501677,0.27606410084481947
4504,-57.52766374617688,48,0.031548555450916976,-0.07535591236383513,0.5933027235582927
4505,-217.92918208983764,210,0.033885393546313,0.03606781979971048,1.2746486516175872
4506,-94.89754799001008,88,0.022839562880827436,0.0004898260915744433,0.13694827539217197
4507,-75.08821256120346,56,0.06320600185829048,-0.41345089813555586,0.7312881032921627
4508,-79.20061889759191,58,0.07020072482646277,-0.41832322568986535,1.0612737420760558
4509,-57.25309330212333,50,0.024016865238819015,0.002847644564270085,0.57454070282309
4510,-126.30539931503147,118,0.027501322235203702,-0.03684317720414059,0.8139039657936379
4511,-159.6892962196608,152,0.02546124576046707,0.003602766501254692,-0.3617558574261582
4512,-110.54094956992375,104,0.021658773410343495,0.002423240424755233,1.3310284706165656
4513,-46.9410353961027,40,0.02298356091424717,0.005220254563721859,0.5096348051384973
4514,-110.49681369790837,84,0.08773779370168351,0.18384997493938993,0.975192046988777
4515,-43.78540364355465,36,0.025779482263425763,0.001012309112690932,0.2065108477871939
4516,-216.25847215792564,198,0.07870031102554326,-0.06898176126083728,1.597895216819999
4517,-34.49188070606138,28,0.02149629372868031,0.0005956301425540486,0.6001844565147597
4518,-49.02528324226035,42,0.023262527292252824,0.0006158367875618058,0.811313830883418
4519,-92.77958930936948,86,0.022448971223077943,-0.0005818054510206477,0.42310147134310394
4520,-93.25926457763222,86,0.024037299925934463,0.002397159670189714,1.0560075926556274
4521,-140.07802627864467,134,0.026198389132089685,0.010507043389250235,1.2487093036735164
4522,-88.07207559225954,76,0.03997376023926998,-0.1864237486343177,0.8978619200284462
4523,-191.9969300648335,178,0.046347450545805635,-0.16719980401646914,0.2906028622084271
4524,-69.11172806877032,62,0.023548768439636006,4.6498398296535016e-05,0.9298997025966138
4525,-26.191355384941215,20,0.02050117677132845,0.0008152568399048848,0.44133691572659767
4526,-87.17464279036608,68,0.06349219467008715,-0.3688403362370503,0.07445140866491795
4527,-91.72478432395756,84,0.02557875603959323,-0.0008904979544975455,0.7713142476838687
4528,-84.04434958523123,76,0.02663691915639496,0.0013894715969333586,-0.34290345935921945
4529,-149.7060700223033,128,0.07187440404736026,0.26899626194522563,0.5849553118423091
4530,-83.8298102991798,62,0.07228414006350951,-0.5328566134236568,1.1734270298107226
4531,-76.64231508705002,70,0.021994420818046166,0.00034907729317131914,1.0628520152974217
4532,-20.4158774312374,14,0.02341561106291002,0.005094510099568479,1.054017748243692
4533,-94.89573846737174,88,0.022833571084011975,0.0001750549412523674,0.31222996900042377
4534,-36.550822790549304,30,0.021691466193871634,0.005905260218549073,0.6713419406960058
4535,-82.73771788045643,76,0.022310324107470636,-0.0010656372521809666,0.28745963851996814
4536,-71.39473713799666,64,0.028010367946956636,-0.0009277243796863001,1.366723968102385
4537,-34.52479893025262,28,0.02160529447103527,0.0019856056913545366,0.12443725545987963
4538,-65.50622277052051,28,0.12419279063086286,-0.7152839702858963,0.3861998793537981
4539,-70.07795586888646,62,0.026748198241346312,0.011751776127705955,1.4792498386368642
4540,-110.36056657124372,104,0.02106147871272722,0.0011443789797027084,-0.07293156360033962
4541,-20.49359741896158,14,0.021501978208482073,0.0018187583952260185,0.8135770504404514
4542,-38.67782504657912,32,0.022112003465494186,0.0031423791348687466,0.24027935452096238
4543,-138.35012418684053,110,0.09387458340013317,-0.22341373852864277,0.6005264617224372
4544,-49.08596500129189,42,0.023463460269177908,-0.0004957437883778814,0.30110167378485697
4545,-50.221046731746846,22,0.09344717460843326,-0.7300214615881764,0.5450436165165433
4546,-15.545174844966098,8,0.02498402266545074,0.0018701601421170627,1.1496919661820513
4547,-60.672823880531666,54,0.022095443313018468,-0.0007159962715883277,0.5373361522669515
4548,-37.20781494558899,30,0.02386693690592359,0.004001208166638081,0.35286668906148694
4549,-25.13761678843434,18,0.023634492676935223,0.002575066890810394,0.44669590690250305
4550,-60.74324195990849,54,0.022328615761287154,0.0017207436186465008,0.298031660276681
4551,-30.531355084068572,24,0.021627003589631,0.0045430633137681035,0.24096540496615224
4552,-55.02653887901832,48,0.023266685029861595,-0.0010963520439131963,2.1357212829215078
4553,-116.89577542057636,110,0.023615669248549152,-0.0005787834309819729,1.0707537223159156
4554,-47.172372470690455,40,0.023749577717518042,-0.0014873176866322016,0.7764014275919566
4555,-30.627894832825376,24,0.021946671631872125,-0.00014612237261361536,0.5099899997939324
4556,-51.165319922471156,44,0.023726224908844615,0.00021897712614485956,0.6190095560302933
4557,-52.42949792760648,46,0.021289728237107303,0.0011726568190886682,0.5576175090270918
4558,-58.69034838881833,52,0.022153471486153483,0.0024410649148796666,0.8340003288918814
4559,-62.3472458715235,56,0.022668735255440522,-0.0004151589600119873,0.8367357745405752
4560,-37.48147130254577,30,0.024773083783264222,0.0036235920359405215,0.6359614882540322
4561,-34.968747937612875,28,0.023075324296731044,-0.00025242829282108126,0.45203934494209
4562,-39.113525137339074,32,0.02355471899781144,0.0012376932941904502,0.6475409109395195
4563,-68.59276553977251,62,0.021830349469445037,0.004488890725480923,0.9610552171397096
4564,-50.126927644587624,44,0.022361049797765382,0.004105673801412221,0.8877867728000997
4565,-24.52230823895407,18,0.021597047148854454,6.148695085345712e-05,1.0346610095067257
4566,-146.76580921427083,140,0.022403341769107254,0.0023343438675028846,0.9317634478911823
4567,-57.26886607237107,48,0.030691609511162694,0.0018281697809067092,0.9754287386683914
4568,-33.63415265695849,26,0.025278651181981773,0.0014857890089011647,0.6310648868574348
4569,-58.344071977675604,52,0.021006860853230655,0.0007793394575012687,0.5800816853760067
4570,-34.38308505669138,28,0.02113604323407709,0.0020305982032260356,0.4286721394344122
4571,-28.68346912602932,22,0.022130692470295723,0.001328104344699285,0.7490967800640285
4572,-114.37395516105634,106,0.027728328347869678,0.0014602907624909815,1.1820396112839364
4573,-6.372126214960112,0,0.021099755678675877,0.0032314957375483996,0.5168694464849278
4574,-52.34264429842803,40,0.040869683107377985,-0.15828053501884867,1.3061865112496793
4575,-42.34063678570564,36,0.020995486045383205,0.0007568845687286052,0.5121455662835633
4576,-199.00870411947443,180,0.06294272887243137,-0.39625565513956135,-0.154124241889052
4577,-89.09814998828732,82,0.023503807908236085,0.003686188695958464,0.21433462529576774
4578,-36.557781113373274,30,0.021714506997925064,0.0010253204278715745,0.06672180335527743
4579,-121.96635411549474,114,0.02637865601157235,0.004404184380885435,0.7028631261730295
4580,-80.7683008408423,74,0.022411592188219528,0.0011601354397944366,0.8808236402700754
4581,-72.65202710074628,56,0.05513916258525273,-0.33591546995589583,0.3846045917897664
4582,-120.06107152843735,96,0.07967242227959291,0.11410013076661167,1.0971330150865506
4583,-75.0549693192248,68,0.023360825560346257,-0.0002936368172877277,0.003925374798462819
4584,-42.37773379856319,38,0.020267286104459138,0.0025893814061958066,0.6178604878426456
4585,-34.69016678884776,28,0.022152870161747554,0.003604600223980918,0.28327104410531295
4586,-23.90180081492233,16,0.026164903360669827,0.00409625222789284,0.38413569504712763
4587,-46.5746100280686,40,0.021770231881021312,0.002654990567270642,0.7975065670029082
4588,-58.78291711494579,52,0.0224599904468403,0.0020219006520134724,-0.18242412845681627
4589,-39.77662102378864,32,0.02575040074102211,0.002100777575732301,0.8148991011933112
4590,-40.592202363654884,34,0.021828484647863626,0.003963853438794983,0.18140219142675917
4591,-50.61260284855773,42,0.028518552478668316,-0.00043505403700451185,0.8773680895203817
4592,-129.6456117916645,122,0.025316595336637916,0.0004665339232225045,0.3235604644675172
4593,-95.038775717569,88,0.023307204362811064,0.00034334321540243777,0.8736313583437255
4594,-56.67539117973041,50,0.022103944303741994,-0.0016234227123096683,-0.18926819643084367
4595,-55.38211369540503,48,0.024444085084122578,0.0003853217625392243,0.6697674397388219
4596,-46.57909873508914,40,0.021785095149301565,-0.002178365596730435,0.7137196481068285
4597,-89.70922117847033,80,0.03348007302920772,-0.1136971787770343,0.7964795214557571
4598,-154.79430865151687,148,0.02249771076661283,0.0024006402000109513,0.6100294654158142
4599,-87.65513538346218,74,0.04521568007768938,-0.005543691777417572,0.8054726085814474
4600,-97.3495396408354,72,0.08393887298289875,-0.5786296074363458,0.865383339077558
4601,-24.92618476494647,18,0.022934386638895625,0.000982672166362997,0.4381051356045357
4602,-35.82241736566643,26,0.032524560813465074,-0.10740295735770676,1.2032333170817795
4603,-70.2378718311225,64,0.02345064598166325,-0.0002060648307722426,1.0250571693311257
4604,-153.25464731961816,134,0.06375711032986067,0.3490861464083651,0.514933206700868
4605,-60.02266798408956,54,0.01994260921883947,0.003556388506584104,0.05359519687839722
4606,-50.66386573413395,44,0.02206578057660314,0.0004228621448347012,0.7021212344246743
4607,-46.003576170113654,38,0.026501907848058014,-0.00038204252633531363,-0.26216984498214335
4608,-105.11763848901313,98,0.023568339367593123,0.001530484692925982,0.33234830235716245
4609,-47.77355926868977,40,0.025740262479105516,0.0006002734820759356,1.1013338463344697
4610,-107.31669370848891,98,0.03084997916718281,-0.02645264985594923,1.0691464774884956
4611,-58.17355635947557,34,0.08004488860753538,-0.3888656957706418,0.5523242122260758
4612,-22.937201279757698,16,0.02297086516476046,0.0043139695015270265,0.6648688488832631
4613,-78.10430260013723,56,0.07319305496734183,-0.5123734431566411,0.2380128375293505
4614,-60.68442098807742,54,0.022133844331382015,-0.00014391081864075945,0.5238820758908802
4615,-33.86200135589005,24,0.03265563362877508,-0.03860024282718787,0.3861536975669469
4616,-22.543576886963557,16,0.021667473135640988,0.007031683715381073,0.477385493805817
4617,-52.62637154558383,46,0.021941627634383367,0.0007507849372121574,0.8968073949977965
4618,-102.55980568520815,78,0.08132385988479474,0.20651833985177398,-0.21198110525359073
4619,-81.97968533652805,74,0.02999881705461691,0.01655438832358345,1.1116691197776887
4620,-75.52233032787358,68,0.02490837856911781,0.011537328695212274,1.0810933803131075
4621,-106.9549609447518,100,0.023029672002489558,-0.0017007574164586154,0.11064675313233925
4622,-37.74549457482355,30,0.02564733302921717,0.0017405184448406792,0.6413859519365842
4623,-116.42906816954797,92,0.08089095420380131,0.3949173627827557,0.5439235863609267
4624,-57.28469594779857,14,0.14332680777416737,-1.1746514865415423,0.7860674449000762
4625,-104.7444984758113,98,0.02233277640997158,0.0010470892415252446,0.7131515765733807
4626,-72.8524157874683,66,0.02269011850155121,0.000668143222319727,0.21415828020675787
4627,-77.42238327952049,48,0.09742511019708745,0.032244889132465725,0.5936766143735585
4628,-67.01961966091805,54,0.04311132338052322,-0.17240692598086824,1.2027290292980461
4629,-79.5606703521899,72,0.02503533229201978,-0.0021233779794555033,0.460004076131177
4630,-40.62645532738878,34,0.021941905057578797,0.002802510570352342,0.5801138354025916
4631,-50.88156925338058,44,0.022786653156889287,0.00022976162977553658,-0.16064959713238575
4632,-22.16729263093257,16,0.020421498777922643,0.002208919434662483,0.35797379838097654
4633,-26.84206174616802,20,0.022655833596582856,0.0004263971130431488,0.6007973196432118
4634,-52.68115643399408,46,0.023692044092177428,-0.0002776427107371046,0.7565151272592604
4635,-63.43664425307275,56,0.02462464984461146,0.0026628022967214813,1.3201862536249327
4636,-116.04263223690681,94,0.07298884846657859,-0.31018289371003516,0.12537180812218357
4637,-79.9576525861396,70,0.03297235955675462,-0.00030777232589613375,0.22449277293165246
4638,-98.49716844282423,90,0.02813631934710028,-0.0013072945129755415,0.7444652213294457
4639,-58.434354722479135,52,0.021305810339334413,0.004225723880315385,0.3920690971473694
4640,-99.61078377396082,80,0.0649363701124537,0.19231351450384773,0.7078923721702165
4641,-52.94427350223301,46,0.02299428311997686,0.0014972671073096625,0.6277325456163272
4642,-65.23662596271285,50,0.0504524038500429,-0.11610426892532616,-0.15963021114604264
4643,-26.670894342491263,20,0.02208905411420954,-0.0018115273898849818,0.5701675845493581
4644,-79.04800617380106,72,0.023337768787420717,0.0003782159038522552,0.6989597271807146
4645,-117.69854510215691,110,0.02549187119919419,-0.0037146811647994432,1.4981264615731333
4646,-28.87878635889505,22,0.022777438274486916,0.0032175104846154023,0.5487469911011744
4647,-72.48612469356472,60,0.041344783753525315,-0.18286405397958388,1.4916470508538695
4648,-105.152351883517,98,0.023683284382507237,0.0020299131284307517,0.0030260222556920636
4649,-50.76168989130942,44,0.022389701626852276,0.004574183068070129,0.5288885532370275
4650,-46.80709186406876,40,0.022540039284996184,0.0009456248852171448,0.8039315134533974
4651,-157.45507672043294,146,0.03793071761732874,-0.06025134685891834,0.9823346290634082
4652,-60.7486591378744,54,0.022346553436669928,0.0029822562300038853,0.9757917575146895
4653,-30.762595800643666,26,0.023812979003218514,0.002952555202995427,1.588194794295152
4654,-23.188019096592313,16,0.02380138773706097,-0.0006834358043216218,0.06475294778155878
4655,-98.51712989264632,86,0.057418027030488,0.04523945866019674,1.4124750260747498
4656,-35.06112559803609,28,0.023381210589523277,0.0024111018951717047,0.12820321510132288
4657,-51.59036921682613,44,0.025133672903397665,0.0027137576800151204,0.25215769870274557
4658,-78.80409766739449,32,0.15498045585229972,-0.15690121556819084,0.32791280328135763
4659,-50.16697917287092,8,0.1396257588505659,-0.4106576960290233,0.06407400709962385
4660,-25.715067312190182,18,0.02554658050394076,-0.01275451802401896,0.541379728643586
4661,-69.7560515353123,64,0.02524584006715961,0.03234139696915487,1.3925571914209796
4662,-196.8751761095619,188,0.029388000362788293,-0.0004689659716697126,0.6657996549941785
4663,-96.80024143934449,88,0.029139872315709466,0.008466362891277755,0.5375897136263029
4664,-95.2571070266593,88,0.024030155717415035,0.0002625572274667242,1.3452121092257898
4665,-164.03634987497477,156,0.02661043004958573,-0.000737881211684215,1.5004751047720848
4666,-70.99357145482274,64,0.023157521373585704,0.003157833378529947,0.8464621083830007
4667,-101.19878490411202,94,0.023837036106330842,0.0015758057143415837,0.4682643912684416
4668,-97.70903479255038,90,0.025526605273345857,0.00038626442296393464,0.3543666665971168
4669,-95.69717796864545,70,0.08508999327366025,-0.6173157082747682,1.196068551242259
4670,-49.195932121931286,42,0.023827589807719343,0.003583057827373276,1.0260216463960103
4671,-77.79996453708003,70,0.025827697142648803,-0.0015288008660670148,0.6585069593523601
4672,-86.72466199725606,80,0.022267092706145446,0.005225312259874695,0.20400057713445646
4673,-88.85983564469606,82,0.022714687565219268,0.0006171382825655111,0.8008011293538926
4674,-118.74261922464059,112,0.02232655372397458,0.0024705274789964178,0.6577619221652796
4675,-140.59430759567533,134,0.02183545561481931,0.0009757369562608825,0.559843273247
4676,-36.425406296891765,20,0.05438876257248948,-0.3663175160273068,1.0504312837898842
4677,-36.66094732557633,30,0.022056116972107066,0.00038996761763431377,0.7183948552762528
4678,-89.87562125738957,72,0.05919079886552938,0.15283102854972225,1.7822601056403313
4679,-42.60728458523507,36,0.02187842577892418,0.0025192045679914192,0.5706752310247956
4680,-118.39544396441981,96,0.07415709921993303,-0.43316796510634537,0.4758068835086017
4681,-79.28541104174795,58,0.07095137013915997,-0.17339790172331657,0.9871546161179431
4682,-34.863293300331954,28,0.02272613675606648,0.0024662531172973874,0.18507631632178675
4683,-58.59800503168281,50,0.02847021533669792,0.015304288942064622,0.3504906026109134
4684,-89.58027600414002,82,0.02510025166933789,0.0015814967722738384,0.8440410816971065
4685,-134.5466268652014,102,0.10777028763311877,-0.6841856112153214,0.3863639282693297
4686,-92.07808557671729,72,0.06648372707522204,-0.40391016295179727,1.3105614101050198
4687,-89.15845705434035,80,0.030326016736226192,0.00038428618449298357,0.21148260254890885
4688,-175.47499041039546,166,0.031374140431772224,-0.06657980497192517,0.9240369029985894
4689,-66.41500443109653,60,0.021241736526810016,0.0011203295650694593,0.7823180676140323
4690,-69.1040920577599,62,0.02352348363496706,0.0029537195191774147,0.5330955250653792
4691,-83.5437134168824,66,0.05809176628106865,-0.3408762610702473,0.5112412128168458
4692,-151.3343796629163,144,0.02428602537389361,0.005596261184442085,0.8887518001578066
4693,-51.42790261073451,44,0.02459570400905476,0.000123597847741862,1.0066952684340653
4694,-58.030960868149094,50,0.026592585656123144,0.001204812916964046,1.457204461347779
4695,-102.84122180675972,96,0.022653052340264376,0.002227764532266074,0.37212388230249094
4696,-127.25754359477622,120,0.024031601307207426,0.0024484397336957814,-0.08740329343477875
4697,-160.6282132428529,138,0.07492785842004283,-0.033816032033314965,0.737415481806927
4698,-59.63808744779416,34,0.08489432929733186,-0.7651413474268964,0.719949864035022
4699,-93.6608024472568,86,0.025366895520717303,0.0014212025760245873,0.2147920667187855
4700,-74.98505202763667,68,0.023129311349790165,-0.0003306626178792968,0.038478418537538916
4701,-156.7715736075543,150,0.022422429164089756,0.0024073189727935804,1.0019981397696716
4702,-59.08938076355608,52,0.02347477074025203,0.003693422978352262,-0.04551233582199391
4703,-51.16257886074317,44,0.023717148545507865,0.00215627226842851,0.8081651713258883
4704,-66.95688097782754,60,0.023036029727905815,-0.0006879093512485655,0.2585550634489766
4705,-159.19986268276494,150,0.03650739159827337,-0.09632092846053032,1.3666082681366427
4706,-98.94776388851487,90,0.029628357246738297,-0.08571719586423641,0.37199987174425775
4707,-28.832495461636796,22,0.02262415715773755,0.0021044283556375678,0.5057467272680943
4708,-79.31657728608191,72,0.024227077106231388,0.0019072973497816367,1.2406547462589275
4709,-80.86601746006183,74,0.022735157152521605,0.0009903085503622346,0.4016256950998221
4710,-158.07000913016395,152,0.02009936798067371,0.0029861142074023156,0.7411100060967358
4711,-71.80347883906047,56,0.0523294001293397,-0.3164203357298408,0.45062639072826244
4712,-24.813795408030927,18,0.02256223645043345,0.0012016309085240379,0.6122115055863538
4713,-40.940279252945246,34,0.022981057128957844,0.0013920027847071825,0.34914347584527416
4714,-7.02710719515825,0,0.023268566871385028,0.0025594210815739304,0.2986342642356454
4715,-52.74601732704938,46,0.022337805718706766,0.0010599288589857668,0.9791961145149359
4716,-29.362168342276966,22,0.02437804086846664,0.002035595001020648,0.32215993136903026
4717,-44.5421028072726,24,0.06802020797110171,-0.41124131944013564,0.3843440438241818
4718,-57.778055993413645,30,0.09198031785898547,-0.6679309713294567,0.24874794401724928
4719,-47.310645187688074,32,0.05547335212930531,0.29661880684358516,0.3599371750815434
4720,-43.2334294378759,36,0.023951753105549707,0.00038315252206652173,0.8002487106370548
4721,-97.57072399128052,90,0.025068622487684506,0.002030209055870451,1.4768216585168104
4722,-172.72493652690773,166,0.0222680017447288,0.002055502076870731,0.6388416094955254
4723,-15.228614304544061,8,0.02393580895544378,0.0010809886397251131,0.3498314188362996
4724,-30.617336471042332,24,0.021911710169014338,0.001364826978591351,0.6912172566492586
4725,-20.97448203621404,14,0.023094311378192248,0.0007640559292577256,0.8679348365612642
4726,-29.229315576623915,22,0.0239381310484236,-0.00018655926171098127,0.7798104250937737
4727,-68.84430181412148,62,0.02266325104013672,0.0022396328288519026,0.5349237260740743
4728,-112.61899787706525,106,0.021917211513460336,0.003453942281363643,0.5808130940766844
4729,-94.08314857244483,86,0.02676539262398927,0.002909631443299378,1.1571287213509365
4730,-101.7659922643774,56,0.15154302074297163,-0.4272427769788751,1.322253872792542
4731,-61.096892802169734,54,0.023499645040297362,0.003651966871146347,0.072651214794208
4732,-50.75502824910764,44,0.022367643208966063,0.004055107865769366,0.581357656861347
4733,-84.92931855213945,78,0.022944763417680314,0.003943820547047287,1.0163074888884158
4734,-36.70109844491602,30,0.02218906769839749,0.0006608179489779748,0.09078370199632439
4735,-93.18282778345247,86,0.023784197958451138,0.0008884589378999559,0.5211677480551945
4736,-47.74670922426772,32,0.0696757045321579,-0.40893045763476893,1.4860843482159956
4737,-20.514070931022207,14,0.02156977129477539,0.0009132782994948377,0.6108180559261869
4738,-59.3672078722092,38,0.07075234394771275,-0.46588736793306956,0.32829834071584724
4739,-232.65371935744864,226,0.02203218330280868,0.00018213592471234155,1.1687061084546468
4740,-60.880129943448296,54,0.022781887229960985,-0.0009028672868237886,0.5232686021894877
4741,-12.836747503706901,6,0.022638236767241363,0.004551471164912627,0.43042200365296907
4742,-353.55651616474887,346,0.025021576704467273,0.0010156029578612883,1.2439061473257105
4743,-126.28025601150459,120,0.020795549706968473,0.0027912727981922987,-0.025405383445106643
4744,-90.05283653145962,82,0.026665021627348323,0.0012620130596244523,1.1575979740518478
4745,-32.98609184695621,26,0.023132754460120107,0.0008291042812279617,0.9418710743112323
4746,-70.29679918567477,58,0.040717878098260954,-0.008633498923154547,1.6065594295645749
4747,-55.33079776385858,42,0.044141714449862646,-0.009951684280647126,1.4961158631788876
4748,-87.95328233533911,80,0.02633537197132267,0.000573908664218292,0.845701889635601
4749,-50.8222926836928,44,0.02259037312481084,0.0011551721046203808,0.1745914426542023
4750,-55.861147435237605,48,0.026030289520655055,0.0021253716179003186,0.49392440524769465
4751,-52.61142417018956,46,0.021892133013872616,0.0023374580608569824,-0.19923422836377871
4752,-60.69365149817348,54,0.02216440893434936,0.00102909871435644,0.04988267663473091
4753,-360.1581162825105,324,0.11972886186261601,-0.6833349805314476,0.8419928939528115
4754,-176.48439007775968,166,0.034716523436290794,0.004696055589126584,0.5313101153617026
4755,-81.72026042685889,64,0.05867635902933425,-0.367746840911572,1.6938050703602745
4756,-156.98016285032725,148,0.029735638577240892,0.03619672713881445,1.7037119924578823
4757,-29.03457776952842,22,0.023293303872610728,0.0034572612076368653,1.1459655904276635
4758,-86.58466742371924,80,0.021803534515626694,0.0026181535318105277,0.849369241861127
4759,-91.64345052062879,84,0.025309438810028985,4.150796595294744e-05,0.6241202168331623
4760,-70.54801085070135,60,0.034927188247356564,0.05644940760446133,0.6527927524392456
4761,-312.319797405066,306,0.02092648147372615,0.0022074591300592123,0.6866021061955453
4762,-91.27482405592433,60,0.10355902005272957,-0.4313085765491505,0.9027820686793047
4763,-193.47614461770425,186,0.024755445753988137,-0.002179718530807792,0.8427501550781547
4764,-25.179115136462553,18,0.023771904425372904,0.0056620411311942365,0.7141981200505486
4765,-53.002859114813354,46,0.02318827521461375,0.003825388537775355,0.6588789881486908
4766,-30.413897603841342,24,0.02123807153589851,0.0018312976522130632,1.4656782607283498
4767,-80.9081325804129,74,0.022874611193420855,0.0006920290213858474,0.19598984818191295
4768,-30.47129241774012,24,0.021428120588543532,0.002938190329587087,0.8693407817197877
4769,-35.135373522513916,26,0.030249581200377205,-0.06501878729384603,0.42571759665711967
4770,-71.38879142357834,26,0.15029401133635176,-0.14466061063607327,0.4743284649311623
4771,-47.01945179028563,40,0.02324321784862825,0.003391206922589351,0.10481228394702151
4772,-25.892847468907746,18,0.026135256519562097,0.002476458513757695,0.8405400060630273
4773,-97.6161827048201,76,0.07157676392324505,-0.23300953127231006,0.3820655124266987
4774,-274.51568697766163,268,0.02157512244258667,0.0002550340787236215,0.7487030310263544
4775,-49.14388664846517,42,0.023655253802864602,0.00024437481932194026,0.8994240918420316
4776,-218.36902902167125,212,0.021089500071758333,-0.00010389289541157666,0.6696965087968424
4777,-269.53495688140845,262,0.024950188349038328,-0.002309038240419368,1.076825708234089
4778,-157.37134492375563,150,0.02440842689985299,0.004835442517073023,0.8255224287291157
4779,-69.26855268473503,60,0.030690571803757935,0.0017886613603582643,-0.014011233133037993
4780,-20.654414306425465,14,0.022034484458362442,0.003863791499552101,-0.14561741871174136
4781,-40.55441240664671,34,0.02170335233988984,0.0004914843015502275,0.8316947201488826
4782,-47.17522053314437,36,0.03700404150047826,-0.006370628299037401,-0.18986481581614137
4783,-57.223371964503045,50,0.023918450213586278,0.0016320813043252719,0.3512905989185327
4784,-32.84282016548762,26,0.022658344918833263,0.0011645905651916928,0.19097959252725052
4785,-52.69091419869174,46,0.022155345028780683,0.00028075078850772403,1.0663590834243224
4786,-38.691500856097726,32,0.02215728760297235,0.0004749869106688987,0.6681473494222695
4787,-28.580233270557468,20,0.028411368445554565,-0.03500077080148093,1.2047737525884734
4788,-57.799253335947604,50,0.02582534217201142,-0.0007842678047827636,1.12600006235159
4789,-54.85983887214109,48,0.02271469825212284,0.0006005821835915774,0.5516165522166947
4790,-61.10610057426503,52,0.030152650908162524,-0.044117027673726154,1.0409156749186503
4791,-89.34697043364754,82,0.02432771666770714,0.002480398113947263,0.6026089308125203
4792,-125.84164986539578,112,0.04583327769998621,-0.2846257810495155,0.8090952997022449
4793,-42.6362254744822,36,0.0219742565380207,0.003024399011636412,0.4446747495472086
4794,-89.92291746485773,82,0.02623482604257549,0.000629879081766707,0.45020914119475564
4795,-170.71942302179158,164,0.022249745105270627,0.001439075785787739,0.19895419753773372
4796,-74.16216776687239,64,0.03364956214196178,-0.03894504844291993,0.7026115183377737
4797,-76.81377032906734,38,0.12852241830816977,-0.3876997992465741,1.2620851997336964
4798,-117.39022821618842,110,0.024470954358240267,0.0028702278022456986,1.0772754868432348
4799,-125.4718611421576,118,0.0247412620601247,0.006475202243933948,1.535285068264336
4800,-23.231956195364614,16,0.02394687481908792,0.003077434481426901,0.4584017832451253
4801,-72.25424866066676,66,0.020709432651214166,0.0019657216356320935,0.3864283567423229
4802,-77.13964114448284,62,0.05013126206782361,-0.3279130398418403,0.9478736868738783
4803,-151.86340123683922,144,0.02603775243986605,0.0018656234788887252,1.2598242638286878
4804,-147.32706787425022,138,0.0308843307094382,-0.003460608526990311,0.6668275264226708
4805,-87.3068208594439,80,0.024194771057761192,-0.0004001001651639378,0.30316137642482455
4806,-24.829064572581878,16,0.02923531315424452,0.0018145268762928266,0.3513459155015302
4807,-32.60952434746677,26,0.023272973054460876,-0.0021450403435024578,0.7948663697340264
4808,-93.0590962469267,86,0.024174987147009285,0.0030494820013202166,0.11319517822996378
4809,-119.70023996401964,90,0.0983451654437734,-0.8190203608277262,0.47092778872057106
4810,-321.6687715865517,314,0.025393283399177333,0.005906474825599237,0.595080178448181
4811,-95.1486013454773,88,0.02367086538237542,0.0010939970948280063,0.8796452152350029
4812,-22.01453125741337,10,0.03978321608415037,-0.022220170030074305,0.45943856491118057
4813,-17.15319961754132,10,0.02368609144881239,0.0037032481871193757,0.029927524575764707
4814,-43.49261809666275,36,0.024809993697558985,0.00022705568043848143,0.7112358280789456
4815,-74.02960111167911,66,0.026588083151256228,0.010462057670356323,0.9470150680402841
4816,-117.58971933165243,94,0.07811165341606745,-0.6616452441567753,0.1574566924374008
4817,-89.06469745167475,54,0.11610826970753255,-0.5303190019876012,1.1827486825312814
4818,-85.56981216839468,78,0.025065603206605096,-0.0029694123875152393,0.7703989503024739
4819,-34.024648569642466,28,0.01994916744914713,0.0005712331895599302,0.5355212772011816
4820,-30.539220240269078,24,0.021653047153209183,0.0013914553921157802,0.6134374074178396
4821,-55.21110264393623,48,0.02387782332429142,0.0030901558839080746,0.8604548077044673
4822,-97.52988024447811,90,0.02493337829297364,5.23631440148695e-05,0.08017729808968053
4823,-17.436762038869684,10,0.024625039863806885,0.001905157618588515,0.07281103782966387
4824,-400.94734297457524,394,0.023004446935680656,8.737759885149978e-05,0.9455141792864853
4825,-85.220461600394,78,0.023908813246336855,0.005128545204404162,0.36482733526037364
4826,-234.26977860235516,222,0.04062840596806283,-0.16194729900592014,0.5965719899336935
4827,-111.01996157562137,104,0.023244905879541054,0.0021096685478796825,0.6249179846801431
4828,-66.04188177664267,46,0.0663638469425254,-0.4099207076916335,0.7133067726295222
4829,-60.270541890721155,52,0.02738590030040084,0.0009567347897558985,-0.1777261457724392
4830,-95.3636621689413,82,0.04514750732750397,-0.24484779456350322,1.1000925555474808
4831,-51.01569764254379,44,0.02323078689584066,0.001599658769324101,0.6962245767539836
4832,-74.1211378989163,38,0.11960641688382898,0.04526663624738583,0.7054512359233132
4833,-100.38505933503603,94,0.021142580579590228,-0.0016322866910205081,0.7871927791189507
4834,-73.12717138389407,66,0.023599905244684163,0.0005224869225716946,0.8422099933258739
4835,-27.596312446053602,20,0.025153352470376207,0.0016542706872947168,0.48371276558717613
4836,-64.7934367395834,58,0.02249482364100515,0.003647887717810265,0.5630103326012498
4837,-48.94674648972675,42,0.023002471820287845,0.0025827095691971975,1.3806745489559287
4838,-10.886766146200591,4,0.022803861411260236,0.003088063931644629,0.24647863526097716
4839,-31.12684637018754,24,0.023598829040355963,0.0016061179887269014,0.9474687507258117
4840,-56.46577639276606,50,0.02184383916475022,-0.0021744649443536292,0.641873046992397
4841,-82.94661153269038,76,0.023002024942684357,0.003631214884152969,0.7774700756030178
4842,-243.3513486686371,236,0.02434221413456036,-0.0014867986390515175,-0.3683759812416936
4843,-123.02555623996284,106,0.05637601403961225,-0.39694437723589865,0.3732617137094787
4844,-61.229683604767004,54,0.023939349684658974,0.0008586576553863406,0.33502865417791833
4845,-123.26035497192706,116,0.024040910503070743,0.004619455936253811,1.7663356481037498
4846,-54.78466627019889,48,0.022465782351652013,-0.0005952517587586695,0.6647780711587599
4847,-58.00680516168721,50,0.026512599873136714,0.0022288588769209653,0.21177727678722844
4848,-64.97122954075385,58,0.023083541525675464,0.000727293403150008,0.49021971963530264
4849,-183.30532367617,174,0.03081233005354155,-0.050920235765026266,0.5009100830759113
4850,-129.3691736713884,122,0.024401237322478973,0.00020238692727285308,0.7454796484657655
4851,-115.8062969267299,108,0.025848665320298062,-0.0011432003030948192,0.48774867550352746
4852,-62.52103590086837,52,0.03483786722141774,-0.00035755129134751215,1.8153356775026022
4853,-21.42947436831435,14,0.024600908504352127,0.001468720740564661,0.7299221717746348
4854,-42.98094205361495,28,0.04960576838945343,-0.2297514510973178,1.293375875024263
4855,-163.0591772074704,156,0.027150681567193195,0.009227601003546554,0.5219075412751633
4856,-484.1559721229435,464,0.06674162954617195,-0.4630880297565623,-0.6432447413555408
4857,-5.842845975009754,0,0.021017431564783244,0.004253097463117765,0.8851944907341845
4858,-64.28784142080745,58,0.02082066695631606,0.002867527575299933,0.06708245311203777
4859,-33.2991317439577,26,0.024169310410456116,0.002359707340665951,1.0983536129103455
4860,-18.715585897793748,12,0.022237039396667765,0.0033221637554133668,0.18207822858162429
4861,-50.966129922298634,44,0.023066655371849727,-0.0009318436244626018,0.9140330115367893
4862,-60.57337875935654,52,0.028388671388597565,0.0003344966760151927,-0.2993623792184193
4863,-170.60864519202414,164,0.021882931099416653,-0.0009303602321375631,0.5588643222618986
4864,-54.41280455770337,48,0.02123445217782538,0.003482533054617511,1.093234879464884
4865,-106.9293119345522,100,0.022944741505140854,0.0018022028135678528,0.7295973368921542
4866,-31.608243697901795,24,0.02519285992682711,-0.0006481313461974411,0.09415392630297185
4867,-126.49994502874786,120,0.021522996783933403,0.00463917135632603,0.4260148214583751
4868,-62.924572516648645,36,0.08915421363128705,0.6234402078048122,0.5714672899543654
4869,-159.9862943646311,146,0.04631223299546828,0.15793359301127,0.8609634782267821
4870,-96.98699325034836,90,0.024430046329888787,0.0022687534785380105,1.0107548832779398
4871,-41.373608827459506,34,0.024415923269733183,-0.0008345471415977111,1.0613544420383882
4872,-66.7992054631482,60,0.02251392537466309,-0.0014462067403318668,0.5167696837389021
4873,-30.76019596918805,24,0.02238475486486144,0.004210561557807065,1.165619835970208
4874,-62.86132217909115,56,0.022719609864539844,0.0041857973621566074,1.066420010813444
4875,-86.07566661532731,78,0.026740617931547094,-0.0005520403368201181,0.5507909489218886
4876,-54.98277520515913,48,0.023121772202513224,-0.004458542119916713,1.394143149155209
4877,-85.37177532703984,78,0.024409852076290033,0.0035960373846468646,0.08421937377445149
4878,-25.0137508645416,18,0.023224340611064948,0.002821642827914892,0.7859120728551342
4879,-162.47111947731872,154,0.028050064494435353,0.026824138953276472,0.45676989008675234
4880,-72.96760018107852,66,0.023071523778406055,0.004508307658672481,0.12175289696892562
4881,-182.43674306026296,172,0.03455875185517589,0.0038428865695396895,-0.034423697906232516
4882,-20.976269164389517,12,0.029722745577448674,-0.022545945636977423,0.5196853119639614
4883,-62.474346738351876,54,0.02806075078924412,-0.005434185337770224,0.718117934159182
4884,-46.60754335009226,40,0.02187928261619951,-0.0007935769573803868,0.6802394813687783
4885,-66.9042700883414,60,0.022861821484574628,0.0023260061816074915,1.0247373213249376
4886,-23.820399949554073,16,0.025895364071371215,-0.003211405191459502,0.482099132942705
4887,-80.52831948772523,70,0.03486198505869265,-0.05679093418713807,0.388169638641157
4888,-31.31850584347346,24,0.02423346305785907,-0.0021396863633544733,0.8728050469162192
4889,-89.06127808643377,82,0.02802094478743548,0.0447187126511597,1.6869564278080822
4890,-64.49885077806766,58,0.021519373437310498,0.0010954475730336857,0.3814590562577899
4891,-48.47061167229458,42,0.0214258664645512,0.002849294137925107,0.549653970740276
4892,-144.61193754303878,132,0.04176138259284348,-0.18435792078769808,1.1570018780243503
4893,-28.74483344184035,22,0.022333885569007825,0.0026330971364839704,0.6620987816567268
4894,-99.13669471182024,92,0.023631439443113356,-0.0025221376797023988,0.482564651348477
4895,-106.55349563826066,68,0.12766058158364446,-0.8041118486807527,0.7657812406799281
4896,-53.244020341651215,46,0.02398682232334858,-0.0019871441994343472,0.4679001117286092
4897,-52.42792585272158,40,0.04115207236000527,-0.10858042558473195,0.06635113317692508
4898,-88.5074449077101,82,0.021547830820232705,0.001525421518468551,0.6146168020713476
4899,-185.0106375424915,178,0.02321403159765494,0.0013253665311009136,0.6105218532695073
4900,-94.55148714638345,88,0.02169366604762643,0.005044648235521914,0.4308571460542358
4901,-52.59120785023774,44,0.028447708113370686,-0.001421930189922896,0.9277566840613897
4902,-108.35891549431258,56,0.17337389236527237,-0.5883026359590473,0.6906127314581513
4903,-70.46314851292685,44,0.0876263195792282,0.6192253847674325,0.7088637811827183
4904,-77.33991541737058,70,0.024304355686657425,-0.0012466594732088185,0.8064925344507456
4905,-30.720550821248096,24,0.022253479540556526,0.003976818250873071,0.5858885904418656
4906,-102.60137855088001,96,0.021858869373775677,0.005311775283382231,0.7837530828958812
4907,-60.23692628731316,52,0.03268621542584518,-0.005217791634375259,1.0238514971493426
4908,-190.27109406870125,168,0.07374534459834836,-0.5036309724582655,0.2878511879770455
4909,-84.6522398176605,70,0.04851735038960439,-0.02053591940258645,0.16422401020389715
4910,-32.49743915625262,26,0.0215146991928893,0.0008621432065145754,0.5732790099723659
4911,-117.18000955224198,108,0.030397382623316423,-0.00016966735734450108,0.9081424406143707
4912,-167.8741842750692,152,0.05256352408963176,-0.3006614106250865,1.1223602716095549
4913,-48.90074899746756,42,0.022850162243269738,0.00080351265770266,0.7098005980140756
4914,-182.6377477570685,134,0.16105214489095546,-0.6250410948449819,0.13293345456955252
4915,-112.31341911908662,74,0.12686562622214057,-0.2874009775808883,0.7345327160092971
4916,-20.48367854695019,14,0.021469134261424487,0.00024896854887845995,0.823862334244055
4917,-22.763227861394544,16,0.02239479424302822,0.0037064177864570393,0.394137029381105
4918,-42.446851141490065,36,0.02134718921023229,0.003294865541169358,0.8026694159560728
4919,-24.67907284096456,18,0.022116135234982195,0.0021533863987875422,0.24654763801561497
4920,-92.67028917253933,84,0.028709566796487465,-0.004211769979878865,0.07303380533125381
4921,-150.04862400085278,138,0.039896105963088624,0.038304345668077666,0.9790990718756802
4922,-127.05112011415815,98,0.09619576196741127,-0.09786186523979147,-0.3689704552264491
4923,-87.71802430632601,68,0.06529147121300016,-0.4426073211735571,0.08756093288646913
4924,-66.73492488101886,60,0.022301075764962982,0.0010799558790067568,-0.22256364964799868
4925,-84.8172071510392,78,0.02257353361271283,-0.0007271655723036248,0.9978533067021192
4926,-85.42742571958212,78,0.024594124899278817,0.000700296658235417,1.0268996704459215
4927,-124.53686932345386,108,0.05475784544190069,-0.24421443401879034,-0.12261652554191081
4928,-188.36884611491422,182,0.021088894420245807,1.3690224435451804e-05,0.39856362460082434
4929,-39.13384099459944,32,0.02362199004834229,0.0028195612316038337,0.5266435735609089
4930,-146.24279398398934,138,0.027294019814533724,0.0006990706932034023,0.4063709790576118
4931,-57.71710397486076,42,0.05204339064523412,-0.3031206810203942,0.5367385575732315
4932,-119.38405651939107,96,0.07743065072645991,-0.36533729825276784,0.46360734131446246
4933,-29.411932363568695,22,0.024542822395922936,0.0011628168676702294,1.0045367835416452
4934,-39.68486780116574,34,0.021864876158329116,-0.001196420394206563,1.0584073935906726
4935,-56.99386524590879,50,0.023158494191750777,0.001741251818656872,0.35673382039758567
4936,-20.366235244283953,14,0.021080249153258217,0.001716545995306347,0.34943297111848676
4937,-29.33872801391262,22,0.024300423887127793,0.0003802291221302989,0.6951516570699161
4938,-40.224692860194615,34,0.02061156576223368,-0.00120866940193347,0.9635227086962299
4939,-134.96656782842692,128,0.02619010461814596,0.014984660453418676,0.1716119948862982
4940,-14.298254461379324,8,0.020855147223110333,0.00327078949471948,0.4242567275790343
4941,-143.72101721324904,130,0.04543383183194979,-0.22289898828194718,0.19861987411516366
4942,-16.981772148676324,10,0.02311845082343136,0.0004600158471626458,0.6865337080435152
4943,-56.2719812815506,50,0.020768149938909422,0.003779724188012515,0.6061577668138286
4944,-114.87289672950175,104,0.036002969302985674,-0.0768915723792635,0.17956723247828973
4945,-11.147409061097777,4,0.023666917420853566,0.00325380955593019,0.6102910662085529
4946,-58.69517961103273,52,0.02216946891070428,0.0019398276661738555,0.5162945287435513
4947,-70.93291473264475,62,0.02957918785643963,-0.033493784892169254,0.9189561469236578
4948,-16.610103310725858,10,0.021887759307039324,0.0007937424672792191,0.2481807864934132
4949,-73.14700763797777,66,0.02366558820522355,0.00515234968933394,0.39818203881828557
4950,-82.04718046255428,76,0.020023776366074934,-0.00032223606866087445,0.45856188252647995
4951,-274.78119997564755,240,0.1151695363432022,-0.916073845057372,-0.21198145842132626
4952,-65.00083617041791,58,0.023181576723238978,0.003978340750998071,0.8786855639439402
4953,-13.212429502346504,6,0.02388221689518705,0.0013346177016983166,1.00072288837487
4954,-47.11266235897359,40,0.023551862115807162,0.0035113042248227934,1.115792925604804
4955,-165.05148860286323,158,0.023349300009481756,0.002714526094766087,1.0029618285486124
4956,-37.79928105739117,30,0.025825433964871688,0.0018103967405337569,0.5242815454459162
4957,-53.479863026136655,46,0.024767758364690928,0.0038791686780627397,1.3273555049455696
4958,-77.95516467424683,64,0.04620915455048622,-0.19563589575669624,1.2358370534975824
4959,-108.26494824606148,100,0.02736737829821734,0.001213554499920655,-0.08274279274239162
4960,-29.847818945093103,22,0.025986155447328196,0.0029404212465503603,1.084951024786384
4961,-81.15297893587027,74,0.023685360714802234,0.0007618185808875949,0.9398853879034926
4962,-87.42453095289503,80,0.024584539579123054,0.016895355331242725,0.913648886172826
4963,-73.10538978562477,56,0.056640363528558925,-0.3205443213466171,0.024311574455659023
4964,-160.84591239539066,154,0.022668584090697007,0.0013582830332352206,0.3417738858628124
4965,-67.17205080768686,60,0.02374851260823449,0.0019635361344831075,-0.6441530600751423
4966,-65.58844647987443,46,0.06486240556249794,-0.45212063018096893,0.8537224769781171
4967,-35.873508422292204,28,0.026071219941365187,0.004100462713969613,1.0490628324538493
4968,-12.874068357733734,6,0.02276181575408538,0.0034975615880507606,0.6700206150350914
4969,-47.88227013494804,40,0.026100232234927297,-0.0016941340024959272,-0.030912432487165888
4970,-66.85017550181347,60,0.022682700337130667,0.0012332982861086887,0.03382828913487198
4971,-143.9575970457142,136,0.026349659091767907,-0.0019603389541970086,0.5802766586274575
4972,-46.9724403949018,40,0.02308755097649619,0.0027135317591604905,0.9518271934560235
4973,-105.38054402312808,98,0.024438887493801284,0.0023946732636124807,1.4305056824311861
4974,-73.1006638940394,66,0.023512132099467942,0.00045823794851289286,0.4433898715655449
4975,-58.256507204903315,36,0.07369704372484565,-0.6266133284880101,1.0754622613591764
4976,-77.63657573703301,68,0.03190919118222837,-0.027771770710662155,0.475490169581207
4977,-39.05584402514888,32,0.02336372193757864,-0.0022392092920247688,0.8859616761589237
4978,-30.85242184405853,24,0.02330755729271611,-0.00045916531551756014,1.371137850687421
4979,-75.1847898870572,68,0.02661033291502725,0.014192642213569747,1.2293026080836718
4980,-64.16870470350477,56,0.027048691071208022,0.007148897934655677,0.8867669372493633
4981,-30.795610048818943,24,0.02250202002920178,0.0015956220685023296,1.4115980686803078
4982,-14.382643977627811,8,0.021134582707376923,0.004769765321105188,1.1228279656964966
4983,-64.20565209589223,50,0.047038583098980805,-0.14278868911340709,0.36409882144675404
4984,-78.40837258539086,72,0.021219776772816664,0.001876553217340754,0.6724757298629034
4985,-224.84135712119647,218,0.02496845664670204,0.005127672881379139,1.4022127703185716
4986,-189.84702239909421,182,0.025983517877795896,0.007972343987476895,1.9663760990881984
4987,-78.11631230236043,70,0.026875206299206582,0.0017384810553592266,-0.01552102460155097
4988,-22.404706426768136,16,0.021207637174729017,0.0012545163846121399,0.538146163206293
4989,-20.523108558716675,14,0.021599697214293823,0.0027144822259649436,0.3423669620841762
4990,-30.690830197753115,24,0.02215506687997717,0.00428398021709618,1.0241447806562642
4991,-42.73538198535782,36,0.022302589355490125,0.0030011014602322823,0.4751511383689331
4992,-28.05608314413248,14,0.04654332166931291,-0.2577765444117839,1.01062993859496
4993,-108.94495049222638,102,0.022996524808696035,-0.001196077895706939,0.8162486433175844
4994,-49.000443451445264,42,0.023180276329288835,0.002411434724957787,0.7318404712896973
4995,-63.16794962213971,56,0.023734932523640857,0.0014213879640516363,0.31913129537480434
4996,-22.50008541185013,16,0.021523461628642413,0.0005745079177154216,1.064754649289708
4997,-109.1799923671507,102,0.023774809162749853,-0.0023356911317685878,1.580724800723167
4998,-111.36542068451594,104,0.024388810213628712,-0.00073232599171742,0.5994731210645547
4999,-117.44597463674279,110,0.024655545154776585,0.0002628139769103353,1.3641225646873851
