episode,tot_reward,tot_intrusions,tot_drift
0,-41.74048984774449,40,0.014504082064537342
1,-40.306068895625046,38,0.014974473348214874
2,-60.38596767151619,56,0.02284358162248079
3,-54.421604046476126,40,0.04775365578303334
4,-20.54654738955492,18,0.010790455040487014
5,-58.487562189543944,56,0.014296334422666245
6,-111.71613767254769,104,0.03819870134924616
7,-367.6771036747881,334,0.12756478664692197
8,-19.588920174564784,14,0.030047957927767873
9,-34.98042095784803,32,0.011827067293047878
10,-32.414029512153775,28,0.017943209398999294
11,-53.51429667892394,48,0.038833075203690004
12,-35.156940047291314,30,0.028334835424677622
13,-25.701468258155295,22,0.015818240419467382
14,-19.38039276084175,16,0.01673461762792976
15,-92.57721427317288,88,0.029722170605019433
16,-35.39221863000233,34,0.007734547944457392
17,-43.28455828143981,18,0.11492981037018098
18,-84.77430297990007,82,0.015077733586413974
19,-45.043769249539594,40,0.03113437808357733
20,-47.25519720171697,44,0.025039978474746434
21,-92.79111437311317,90,0.011629643221304858
22,-349.05507286075095,346,0.010251922351511171
23,-90.250283732858,84,0.030941998677515296
24,-18.03510077894364,16,0.010383167239509095
25,-58.76762847566982,56,0.012932843344251056
26,-84.72311456412609,70,0.054129097662228544
27,-41.07325059412494,38,0.022269931841485135
28,-17.371425105698446,14,0.018730139476102383
29,-22.237117211606545,12,0.050181947115718495
30,-46.15835269955965,44,0.015870240437938325
31,-19.638071828733743,18,0.010367543219834454
32,-109.44279322115246,108,0.009017457632202597
33,-23.193998116768373,18,0.021113813482798133
34,-25.957540125129025,22,0.01902663521696614
35,-8.16765765498051,6,0.013217424725491063
36,-52.86011575231484,48,0.0222941089555732
37,-34.720345220717306,32,0.015815960585565458
38,-39.85308665995787,32,0.027267662013742016
39,-89.16702506262804,86,0.015081071726800281
40,-5.057614234385703,0,0.02455152540963932
41,-101.718598044915,98,0.02383716695458312
42,-115.47871819660003,98,0.08484814658543689
43,-90.98371923380645,86,0.022051855016841797
44,-363.0592976486142,352,0.04726195576331063
45,-69.47934002971525,10,0.19695145705203726
46,-129.85115608985402,128,0.0098465749460333
47,-111.53353130887994,94,0.05805805069165579
48,-12.494960073324695,10,0.010309752369110413
49,-92.10940090487057,46,0.15268013544659137
50,-19.789853360656448,18,0.009039663437658885
51,-16.447262501853697,10,0.022862632985296782
52,-22.903673008981954,18,0.036594574693894606
53,-12.60189444999895,10,0.010007286346149781
54,-154.69685406943407,152,0.01087441157029772
55,-113.23294570064114,106,0.03888680484215682
56,-92.22197658722203,50,0.1398078694941118
57,-43.008903514213934,40,0.021492167958670934
58,-47.6933685623222,18,0.1150905758229541
59,-14.331791551121157,10,0.019689961596005313
60,-29.42718480994091,26,0.02169104310089143
61,-36.53631062425427,28,0.03414524249701765
62,-4.243698110302848,2,0.011218490551514177
63,-73.95099589526448,70,0.015555101949859654
64,-33.78891826136317,30,0.01288747707946741
65,-55.372692618359885,54,0.006663556399804788
66,-47.587839391629,46,0.006561319800119858
67,-59.826929141585865,54,0.03348809851486168
68,-98.40870993732567,60,0.17947995297815886
69,-138.6072556020964,136,0.02247634139738367
70,-54.21282168416861,46,0.027194773788637706
71,-32.262320099398195,28,0.022915699459129524
72,-125.33490526707496,120,0.03213798353659786
73,-81.26948810618897,36,0.14989896723903598
74,-43.38987597069429,40,0.012648790935426708
75,-96.83129735834049,94,0.017695608489628506
76,-75.413368732861,70,0.02879451453649495
77,-50.126839416876905,44,0.020287547738002645
78,-100.01798218460634,92,0.041760323878157854
79,-36.3628606889465,30,0.02288798808973594
80,-61.297444127605374,32,0.1592252398239421
81,-44.26630971703566,42,0.010895719793440277
82,-111.98702940199632,94,0.08647610289421409
83,-100.50687969318527,86,0.06908037949135867
84,-20.76390927788554,16,0.02247127017870536
85,-33.25861038623939,26,0.042201223175810515
86,-16.35215581185471,14,0.007788595403492293
87,-32.1726369048945,30,0.009529109231993559
88,-82.6896365115428,36,0.19454015213142803
89,-8.660552909613854,6,0.01683894246591028
90,-93.79029972114652,54,0.18421435056086444
91,-66.81396630328605,62,0.020930288275156878
92,-16.097383394763085,14,0.00819290388579323
93,-57.87612222237898,54,0.02392668038505585
94,-36.970356532716515,34,0.010459001875762283
95,-18.219298777909724,14,0.018505696394340996
96,-21.877025622314015,18,0.014149728548591095
97,-32.59727773382066,30,0.01038911093528289
98,-235.01467866693315,230,0.025585095239455083
99,-75.75411648306297,26,0.171565918907114
100,-77.45090743158602,74,0.012237260395694663
101,-71.61697189695404,58,0.046316230942020406
102,-31.307979701399546,28,0.026677255656448042
103,-10.965285224512407,8,0.0170418691063931
104,-48.29304256092145,44,0.01899576354389971
105,-39.50497499575453,32,0.035069976615675076
106,-55.110733485738294,32,0.10136286616551868
107,-27.301890209543426,22,0.019636630405716442
108,-50.758632796834796,48,0.01585421147606148
109,-40.71496105892938,38,0.01385184213739389
110,-89.04305138710038,80,0.04265590276934027
111,-12.914117820610011,10,0.01618954344783341
112,-67.48730272090394,66,0.008852992386332413
113,-54.11727763908831,52,0.017943030839731665
114,-2.4068001319964405,0,0.014157647835273157
115,-138.5622322041543,98,0.13431202716607255
116,-73.45025054856916,58,0.06897433280611241
117,-43.177724607947674,40,0.015277522153594117
118,-301.58584612134547,250,0.2080074440376823
119,-4.676250418614906,2,0.018330482319280157
120,-88.62880282508034,84,0.01714371416696302
121,-43.85950086560478,24,0.0894572111063279
122,-24.831331703153992,22,0.016853164899726193
123,-58.16279037320702,56,0.01544850266576412
124,-57.45056279410519,54,0.017971681219297778
125,-96.64406989249281,94,0.014689277180515284
126,-24.775916465645732,22,0.010281172094984204
127,-12.245760997692978,10,0.011342227261075529
128,-101.6652551606442,98,0.022907844754026165
129,-50.126836856085106,44,0.022525135500312272
130,-38.62653283899347,36,0.016623625563250165
131,-11.195309655433952,8,0.01288431312674989
132,-140.80750568879944,116,0.12160542004313458
133,-6.7601337723524155,4,0.009139515802491435
134,-44.82956335040635,42,0.019926502467650258
135,-36.98725745829159,16,0.0754937318643585
136,-27.065002603630994,24,0.016478508621671873
137,-58.43097136982499,54,0.023568996648005294
138,-51.079633943697296,46,0.024658417202414018
139,-29.37781768164435,26,0.018160310116367696
140,-80.68323214757606,78,0.013025398774640923
141,-22.095415096801666,20,0.011388125526096114
142,-228.8546248734822,226,0.023021168334533392
143,-37.006961043165155,30,0.03981227865434776
144,-15.703216786110245,14,0.009256612967990392
145,-115.50315698971177,112,0.01990430107790799
146,-104.90268515628675,102,0.01451342578143361
147,-86.21043818046138,64,0.10378709430122016
148,-252.69477973709982,248,0.02698149274195137
149,-83.78309360173168,70,0.07331432766878586
150,-19.69856006587938,18,0.007791559935226422
151,-25.542282983642774,20,0.023286903292616432
152,-39.9134833719791,34,0.029567416859895026
153,-4.842389635289582,2,0.017989807818288524
154,-68.81984096543397,64,0.021517147167115645
155,-23.64439157290888,20,0.018041542440142472
156,-67.14592135479178,64,0.01918244728531532
157,-71.35540630898272,66,0.03719032159015742
158,-114.74376209593824,96,0.06891089005859584
159,-39.65527066156267,32,0.04252928145312587
160,-47.39860013821618,42,0.032134524632239085
161,-46.33105995714384,36,0.07486275331263664
162,-31.106216270995212,30,0.006507154535265972
163,-51.19890512770486,44,0.03528875062600432
164,-32.91649134606608,24,0.05436884967113418
165,-33.46288496549337,30,0.0230858997699559
166,-20.90434983829153,18,0.0198928071115861
167,-16.243194221784766,14,0.01579714240693514
168,-61.11058058337023,58,0.010299935706523858
169,-140.67817821054769,134,0.04336479357498502
170,-72.07470033750612,32,0.19453738027915546
171,-6.393173756319686,4,0.014416709375419818
172,-33.09260779084831,30,0.017773607993381423
173,-51.03004093753662,46,0.018909928336604123
174,-43.572248404515086,28,0.051563736438791634
175,-132.99127746858184,126,0.023149925392654057
176,-237.22229597771025,234,0.017139872221862307
177,-22.42056707587297,20,0.01613711383915285
178,-62.047968626537546,32,0.1854812878181337
179,-61.79929278212989,60,0.012852091300927928
180,-61.47138826350277,56,0.024645893078841477
181,-39.14722084609506,28,0.04683706237855107
182,-17.422563156078724,14,0.01922788289931849
183,-32.71267153437153,30,0.01541290644529374
184,-91.25488137644027,68,0.07700291846503389
185,-43.71354147037559,40,0.022104413514140345
186,-26.738961026998073,24,0.01711850641873732
187,-76.61187771301731,66,0.06029475973305306
188,-202.81213648753356,186,0.10007224099722255
189,-55.9689486156841,54,0.011187208043659112
190,-3.943526532105896,0,0.013058034874522827
191,-103.3847687448252,102,0.0070651466572703246
192,-47.734985448526075,42,0.02389577270219189
193,-35.162835238427746,30,0.04231832162645689
194,-115.97540875599404,112,0.01728438589562615
195,-70.3830257354389,10,0.19994379382595667
196,-95.95463319116332,78,0.07543963525698763
197,-16.780091619240952,14,0.012870794533522767
198,-26.567272828464883,18,0.05867995087989674
199,-8.474022921859587,6,0.011669919442733974
200,-30.193709902256327,20,0.06215676769668501
201,-91.36985945005462,88,0.014041081041896216
202,-39.56079219778474,36,0.01401886692041277
203,-26.717809102474853,24,0.014456431396142945
204,-187.9592692657781,180,0.035218005600786625
205,-19.684791871877884,16,0.012883887663908826
206,-60.91509030777475,56,0.02433213023650831
207,-77.63651144552456,70,0.02746946563138308
208,-67.81402551778208,62,0.02822342484360189
209,-9.937976205273555,8,0.011674555453455254
210,-79.86345089740658,54,0.1086699617538087
211,-203.8789314991398,200,0.0182968466940563
212,-25.77669366627618,24,0.010329614338814944
213,-42.18006539338817,40,0.012386735189705242
214,-91.55301191180621,88,0.014804216299192555
215,-36.41387881099911,34,0.016763047298604835
216,-54.50933199261944,50,0.023006795880710872
217,-39.97397039456165,38,0.013520345168230108
218,-101.15753783993107,98,0.017738976628826092
219,-32.034075938926826,28,0.014511064528513971
220,-73.04438242164646,64,0.04710615844607601
221,-32.70937240937578,30,0.0141113146321656
222,-99.69586777000511,92,0.035961998925257685
223,-28.677702329853737,24,0.027515896057963316
224,-54.58934037370854,50,0.031009056579111124
225,-100.82562628512704,94,0.023216415935805153
226,-122.36605948116937,120,0.009540562424070736
227,-39.67262461935905,24,0.09441340132143998
228,-3.702755318211932,0,0.021038382489840513
229,-132.79238809944104,120,0.055619078693222426
230,-80.17121570315564,72,0.04806597472444461
231,-24.37391712220114,20,0.01792588984508673
232,-77.48495689228078,58,0.14327174185500566
233,-40.7488673613041,30,0.047561360005769895
234,-128.97707357650322,54,0.24992357858834385
235,-55.61243401271431,52,0.011961702028854562
236,-97.96535401531257,64,0.1392022705545608
237,-55.09274760135803,46,0.030108435766085958
238,-21.09195856817353,10,0.07494566600117261
239,-103.71118785864775,98,0.024406785720715595
240,-90.42335863126935,86,0.01504543752132497
241,-29.353205299836578,26,0.015381675687323876
242,-22.576461044761746,18,0.015153844519078835
243,-58.23166535302526,54,0.02612139106805683
244,-103.15592253390301,100,0.013372553109758304
245,-30.455980265680147,28,0.011062974169730523
246,-38.89002387518789,32,0.030759035157088385
247,-166.96054161127793,162,0.02455713668949482
248,-38.712877726440794,36,0.014278303823372477
249,-82.82631732186097,80,0.016058621146936843
250,-81.87487405208626,78,0.025161519818742057
251,-45.302370697965344,40,0.017557518867435118
252,-215.781314159018,190,0.08829217177745774
253,-61.17538676920429,58,0.016890355155342165
254,-65.97244845375923,60,0.039816323025060926
255,-80.86920841026436,58,0.14116795314977948
256,-52.34491604673765,50,0.016992145266213794
257,-112.7491945905026,110,0.013609874210408629
258,-20.096518723086554,18,0.009889239259842149
259,-111.67184485581805,108,0.021599087387164543
260,-75.41112808850092,54,0.1138889791941539
261,-28.749954291209907,22,0.02909463056556001
262,-38.317349396250236,34,0.03083820997321611
263,-31.90666408267788,28,0.0291542095722231
264,-42.03233210570869,24,0.10733531015302791
265,-107.45082356571335,98,0.04335240167758352
266,-57.92033916825,22,0.14843115358781
267,-51.77824579033258,16,0.19876803216851438
268,-141.25438404676888,124,0.07914855067325234
269,-74.70354944915216,68,0.029926560040858113
270,-25.146242090910256,10,0.05916500816761831
271,-24.52132289370501,22,0.012606614468525113
272,-104.30253160488618,90,0.08315425351677967
273,-13.105387657627286,10,0.014648054988808123
274,-53.8634714227448,52,0.01901501451780444
275,-158.9694561409276,156,0.013256500629142343
276,-321.0290975671932,318,0.01121887987849268
277,-31.8924455736442,30,0.010285030291544624
278,-178.99619692500042,176,0.011889670337303896
279,-67.75706521399746,66,0.006757943130759431
280,-62.16607881972658,32,0.12465321826333259
281,-66.45505987091721,34,0.12020392544784106
282,-186.59155543969405,146,0.2070997726514991
283,-70.73432892283093,66,0.02171710515059915
284,-43.87963046629277,42,0.014684613017911689
285,-40.48900597238967,36,0.014864258186720058
286,-53.23359330032589,50,0.01336195578647075
287,-18.76554761779319,16,0.0162679271634895
288,-16.54773160676541,14,0.019012922438547387
289,-20.979652484697514,16,0.019918609938790365
290,-10.056286051254288,6,0.027407338184150587
291,-61.48230078744366,56,0.021583861367888542
292,-26.479325176932687,22,0.01722817375743354
293,-97.27857085985562,94,0.018628243521906722
294,-114.68586435993235,110,0.025746507472155955
295,-38.67162482226131,36,0.01272202296314869
296,-143.21107417486414,130,0.04718240776737422
297,-154.50763420791085,72,0.30333689047026025
298,-86.22815385974377,82,0.022253441367072153
299,-52.019804326771435,44,0.046626769341694504
300,-74.46754180695706,64,0.048913746761481344
301,-43.75483603264397,42,0.010322564897905617
302,-31.106430610218794,28,0.013389787113012143
303,-81.438573059428,78,0.013754292237711447
304,-152.1501242995654,104,0.20231144663682937
305,-29.822100823408814,28,0.011680133483390016
306,-44.06946845762938,20,0.1028609763146552
307,-122.26570046576091,76,0.350497730801219
308,-70.71084647385292,48,0.07520147839024163
309,-107.03953620959086,102,0.02153647952816623
310,-42.08727159205755,38,0.01984112423328883
311,-2.765511670622304,0,0.013556429757952482
312,-65.2568853989829,30,0.11911109932088823
313,-43.81145296046583,38,0.023061321271689538
314,-41.32553653531841,38,0.017689024124034315
315,-45.023706971946666,42,0.01412947183152724
316,-55.43345144290306,52,0.019961926993622776
317,-57.39993521070147,52,0.0333329333993922
318,-34.87238060625467,32,0.012068826076699787
319,-34.863295384268774,20,0.08166645815532264
320,-88.46220149159078,78,0.04982000710281276
321,-55.56295506159394,52,0.011797864442363835
322,-4.147474108516172,2,0.009673306795117936
323,-173.2884146645111,150,0.11881844216587274
324,-69.76817017698693,68,0.008500818158590691
325,-74.30308407465905,70,0.02010786950775165
326,-42.27406609070887,38,0.015713478274664464
327,-164.70958753248982,152,0.06291875016083917
328,-15.876693406329718,14,0.009774444824633818
329,-138.56011953877112,126,0.08051358678699357
330,-33.388462333719445,28,0.03454142521615065
331,-31.39479258445728,6,0.0969266892536538
332,-90.67164990580059,86,0.016566134417733577
333,-30.976814548759833,28,0.02221503394596929
334,-154.67443722840318,152,0.012615269945300616
335,-48.56620895986496,42,0.04263772051860395
336,-87.5309818433394,84,0.016499915155791245
337,-56.35474004961008,54,0.009977712074618875
338,-52.19513713979584,50,0.014634247598639098
339,-38.43766515100605,34,0.024117745385902837
340,-73.94149854170763,70,0.0237439671187221
341,-63.26663323927441,60,0.016012908035659534
342,-413.2692411501639,408,0.02773284815875968
343,-26.342248885390326,22,0.02554264050229573
344,-176.501141745523,174,0.01389523191957102
345,-62.000914454201556,18,0.1456983922324557
346,-36.540472755438635,26,0.046639259979816904
347,-42.97189013316334,40,0.015807926240230783
348,-18.018801372008046,12,0.01992980586757639
349,-53.11774399863871,34,0.12254964101691404
350,-3.4227545639404067,2,0.010162532599574375
351,-77.69392258550468,74,0.012650419813371904
352,-23.104002590873755,16,0.02449656065818519
353,-59.85273819436646,56,0.020066344762325126
354,-10.399285721557288,8,0.01121161552129568
355,-44.41325830729782,40,0.016345401138140567
356,-16.58116005725987,12,0.021815047891713905
357,-200.39099963855764,198,0.01271808318381951
358,-45.50883093498122,32,0.07504906074989552
359,-52.23639095686128,50,0.01007383313901468
360,-113.70031211386124,94,0.07350862729052644
361,-104.22532557951563,102,0.012789227468479806
362,-49.12378358484234,34,0.08402101991579064
363,-34.530795081453405,16,0.12353863387635601
364,-64.7330859490452,62,0.01209330065949185
365,-25.981813254338004,24,0.011389731346770255
366,-21.655689459724606,20,0.007136592498813188
367,-54.15534212550332,50,0.017459420695392046
368,-32.1063357084701,28,0.014878027929240093
369,-31.324349278326437,28,0.020520674557570496
370,-145.5728160872437,106,0.13103581485842236
371,-30.871363673204204,24,0.02507796961023435
372,-166.95726723265741,162,0.033048448217717616
373,-57.363641984279575,54,0.01733836074370908
374,-21.48710785098335,18,0.026417483719570395
375,-37.272298753863176,26,0.06060375674119977
376,-104.0450983391567,102,0.014202071799699212
377,-40.99290219310931,38,0.016090872005964343
378,-103.24831202907065,74,0.162490622383726
379,-99.48488050477863,96,0.01778000257540011
380,-36.124222944174846,32,0.027494819627832404
381,-55.76805112425387,54,0.009505651205665742
382,-99.83682849509967,96,0.017600130711465822
383,-112.05810735499887,110,0.018375958526775087
384,-43.00758489539326,40,0.011657305796097951
385,-91.75406701423144,86,0.02301626805692526
386,-92.83744272749936,78,0.05415125083028981
387,-56.86450080403662,32,0.08457313198651908
388,-119.98372387030136,118,0.010121040154599015
389,-18.853083634781736,16,0.010262890772596064
390,-89.8691120903736,76,0.08561180302699799
391,-25.951155165621348,24,0.010604104160985612
392,-81.95288011405464,78,0.02533897509009303
393,-99.21852330899259,86,0.05697639357324483
394,-173.33526502676705,170,0.01755402645666845
395,-55.57511136283486,32,0.08796683344341424
396,-80.57178083232756,38,0.14096616169644915
397,-28.762079753568948,24,0.029037071668103546
398,-312.08295265094006,260,0.2503988108218274
399,-75.20721379033131,58,0.056977529107057466
400,-79.57639271496444,70,0.03627421482941057
401,-17.016666521346618,16,0.006434598236370979
402,-128.8554082470417,126,0.017201254500251752
403,-454.9736992437696,430,0.10858130105986886
404,-38.45639172074706,34,0.020256326003395306
405,-6.089977117704199,2,0.01662592324270002
406,-179.8263950318348,176,0.01739270469015952
407,-2.2088293959875065,0,0.00777756829573066
408,-34.53113588081017,32,0.014546757935689882
409,-23.57188946182918,22,0.006092594813291798
410,-9.96138022788546,8,0.0150875402145032
411,-62.297309525391775,56,0.026238789689133128
412,-23.25230478307516,20,0.01676445764471775
413,-45.439891065824334,42,0.012835414424717237
414,-33.03009401831096,30,0.019177810242474
415,-109.3278845233748,102,0.052342032309819125
416,-67.12041008184622,64,0.016084588050753156
417,-30.717450460042443,28,0.015799130581642427
418,-64.75051257113826,60,0.023060740636593358
419,-279.60208224021585,268,0.03841749086164137
420,-48.17906871413729,46,0.015132421625953092
421,-45.46647183348314,42,0.01863694534130759
422,-43.40807360739121,40,0.021300460046196013
423,-2.2107598430453215,0,0.007320396831275884
424,-122.87127094977022,112,0.03697711207404895
425,-28.101764283199092,26,0.011179597251058625
426,-43.7200265656917,40,0.01937513836297704
427,-42.849242079289986,40,0.01295110036040919
428,-70.77839567244007,64,0.02848065408588263
429,-25.116103888711983,22,0.022580462961680783
430,-63.102004435798605,54,0.04293398318772986
431,-46.87794271683283,42,0.04355305997172264
432,-14.363114602828913,10,0.02345760539155322
433,-107.2997873706835,18,0.43349411344992
434,-145.0226048835822,138,0.025261168645978466
435,-68.1460081020345,64,0.015470179485203467
436,-36.789856901246004,34,0.014530504693989237
437,-23.18654680667738,18,0.022949322153440335
438,-18.910374871536916,12,0.031992476257115154
439,-60.20612103543679,56,0.021030605177184174
440,-44.690508562165704,42,0.014622329142204665
441,-22.91318424869698,20,0.010555015393829676
442,-78.29200886638262,74,0.02466671762288795
443,-64.4503330654476,62,0.010295517081712034
444,-26.50225848515985,24,0.016040118494614404
445,-21.49521793540325,20,0.009117182532946444
446,-18.254750583257174,10,0.040071604773093225
447,-23.947801327969763,22,0.009101875364344834
448,-16.892690949519217,14,0.01491077809030508
449,-9.498297006159488,6,0.015209986983302113
450,-79.14231278228478,74,0.01962714802398812
451,-2.820565707310647,0,0.010369726865112687
452,-172.90990951846902,170,0.022044769079311043
453,-34.82770496110723,28,0.023543810210714482
454,-10.4095595879372,8,0.012681892568090597
455,-85.05591605716228,82,0.027284964796091885
456,-64.4747175140936,62,0.009373929977628048
457,-13.555842120245808,12,0.009045593722359442
458,-185.52251502306112,180,0.022820310012648642
459,-136.1238180152561,74,0.22029722700445464
460,-85.10552207874652,82,0.011251891589660834
461,-24.40483989825121,22,0.011673980088598077
462,-52.379935211626986,50,0.01367778857256899
463,-58.43111287988148,44,0.05726632095191064
464,-48.205944107490765,44,0.022858391888535827
465,-54.0603864742539,42,0.07537741546408766
466,-125.18329724147172,120,0.025408319811135657
467,-24.708019178444616,22,0.011877277098440825
468,-9.601798669768373,8,0.008520205690257339
469,-16.842506844419052,14,0.020303620317278996
470,-7.532660063674337,4,0.019625889242635197
471,-44.774164764171765,42,0.009185976040304066
472,-113.17964151148068,110,0.013473057252037358
473,-17.02366591759587,12,0.01744328443609671
474,-68.11136906943561,34,0.13119757334398313
475,-49.57498763060667,28,0.08989578179419454
476,-75.05488829743523,66,0.041920779154793676
477,-62.96537804965465,48,0.07408602994878533
478,-321.1970139318761,316,0.01720865540356348
479,-86.10508271639063,60,0.13456228204325016
480,-37.195774346561436,16,0.10492957597307648
481,-33.10918446325056,30,0.01284786968285306
482,-140.09745343880743,136,0.02048726719403747
483,-205.37217321523474,202,0.018734295640192442
484,-9.076485654820756,4,0.03430057874878884
485,-27.845256755167796,6,0.10922628377583866
486,-40.884261008313274,26,0.08966422294164611
487,-86.6101543248309,84,0.025589748282655606
488,-64.94308345869864,62,0.010820159774626668
489,-24.47694324135328,22,0.016512954942355624
490,-31.608912486368084,30,0.009246623484873722
491,-10.021398246261306,6,0.019149515458387015
492,-94.11693845816725,90,0.01821654185029698
493,-52.125653851798454,48,0.027876039539179075
494,-67.78585573100476,66,0.011447793147466474
495,-21.88266857676105,20,0.006537043669308994
496,-61.9709993092755,60,0.010373680575134266
497,-407.6892931749581,340,0.2751597283534884
498,-1.8450631604702497,0,0.010982518812322912
499,-111.8274489517095,104,0.033739004102198156
500,-53.77758931878826,50,0.019078733933274177
501,-45.23505817279515,30,0.11039897226663113
502,-22.635103544538467,18,0.02726531496787372
503,-22.615108936201544,20,0.014368730418689685
504,-106.7070506302734,104,0.02148452881169403
505,-55.23397207274358,40,0.06623466118584088
506,-81.47285642506911,74,0.04501720737993603
507,-28.8371800437135,26,0.017299878315326374
508,-89.76258715653225,88,0.014214412552678603
509,-15.94112385627788,14,0.014485998927446923
510,-56.86010090708814,4,0.17503344671221244
511,-92.52827827714185,88,0.020036629544875628
512,-30.312079307881177,28,0.012565648412397616
513,-64.36577982200963,62,0.0091696892325965
514,-30.59648128253205,22,0.033844414498157845
515,-35.81092044889036,30,0.02362162784101792
516,-50.00016214345632,46,0.01960863795811921
517,-6.846543309881588,4,0.01735697140171697
518,-28.754058260376546,22,0.02429517359847686
519,-93.06079679199787,90,0.013080328170929965
520,-65.49300002588417,62,0.018779570031635013
521,-13.750858146281482,12,0.009215042875165605
522,-80.30700141856661,76,0.01872609312420284
523,-36.058455206994616,34,0.007680803011174858
524,-45.09947656000568,40,0.020899494098383955
525,-48.55158562950379,46,0.01962758176541306
526,-72.5297608803916,62,0.06343229446019123
527,-38.906014440632354,32,0.03352434194481686
528,-43.957454901689864,14,0.13494349054815255
529,-167.21256287984053,164,0.010708542932803107
530,-23.965064035544447,20,0.020025575937093212
531,-43.78224185082384,40,0.016026448520440273
532,-18.880374931557075,14,0.016160181892572904
533,-58.81723427580817,54,0.018109903292511813
534,-28.74546798969125,16,0.06372733994845657
535,-25.541775160267026,20,0.025896145608724705
536,-29.547307063013275,22,0.030680110012249177
537,-97.76615513378322,60,0.12505349382047443
538,-60.667973002596675,56,0.020839165190163524
539,-41.09640380262863,38,0.014074562739221464
540,-32.95548604260319,28,0.027530478014461707
541,-27.619087745382412,24,0.013813312005276674
542,-34.51161599229282,32,0.014434574668349425
543,-100.86040507203849,88,0.04560427330510115
544,-85.59110107776692,82,0.021633139022691723
545,-87.83797533224408,68,0.12096326422099948
546,-12.632229477160688,10,0.008715991646227403
547,-28.488336165362266,26,0.014811524793823024
548,-33.715114534077884,30,0.025445989959437317
549,-257.1450549678787,254,0.02457074193655488
550,-10.662052268161473,8,0.014467675370442626
551,-149.3802426208626,146,0.02347390708932308
552,-48.45349673853927,46,0.01179565739682363
553,-43.27620501478022,38,0.027769500077789774
554,-74.76481479041415,72,0.013553013678501343
555,-72.37791433881605,70,0.011656442837333556
556,-73.44286646499017,52,0.09242614855599199
557,-9.712398226267362,6,0.016282448360821808
558,-15.303081447142855,12,0.014487199329574015
559,-33.007498131710086,30,0.01769116548064731
560,-242.00144390127912,240,0.008626913367583243
561,-81.36536747870352,80,0.009893967236981308
562,-14.556239469255445,12,0.0102249578770219
563,-30.71000468997035,28,0.011885985482325922
564,-31.196520022482908,26,0.019390000083891395
565,-91.2837627784704,58,0.16477110286371474
566,-98.96432497805475,54,0.15944796091508737
567,-37.1404588726772,32,0.024020835853630768
568,-30.06760694025371,24,0.028620787454027175
569,-454.46021415120043,452,0.013667856395559307
570,-46.01493265981675,42,0.015442048691602494
571,-12.07690927506727,8,0.014665141277220472
572,-83.49512850050462,80,0.017475642502521406
573,-42.090246922432414,36,0.032743263023830106
574,-114.13655834680048,108,0.03008116836666907
575,-36.51436244674171,24,0.06384878799357972
576,-69.92746897721086,58,0.05521976378338455
577,-41.323582175428285,32,0.04615634740311014
578,-91.33099465177139,88,0.016169876950346412
579,-35.38629275108684,24,0.08250936776149896
580,-38.21714320288042,36,0.010659342321540286
581,-88.6383975622872,86,0.013599987434469213
582,-34.751899196974115,30,0.020135166088872933
583,-194.0298100462904,170,0.13203192333126354
584,-93.67789037181096,88,0.019992571731728102
585,-73.42462448955423,64,0.06929870948201705
586,-48.96937720884853,46,0.015465506296085322
587,-34.33778919001512,30,0.01885995300006578
588,-24.216604832190885,22,0.012739108230982137
589,-165.63858657734022,140,0.13215766276979266
590,-91.41566203253127,88,0.022771080216873987
591,-63.26767222639797,58,0.04248122763224224
592,-181.85422951284878,178,0.022150744326719693
593,-6.775834643623392,4,0.013474925454482456
594,-36.4058523288889,32,0.01835771803703741
595,-17.546527434451736,16,0.0077326371722588865
596,-3.763531579565119,2,0.010497211783125729
597,-94.14168488346529,92,0.01092696369114874
598,-114.68520272652833,110,0.022525013108309223
599,-46.63790514185271,44,0.012682236258907612
600,-46.46509739223855,34,0.04127515692794224
601,-16.271676299116777,10,0.03135838149558375
602,-108.89411580456411,100,0.04941175446979992
603,-31.770760152240936,28,0.025827124330417197
604,-12.89886919320849,10,0.01725517376909813
605,-239.6531283696483,236,0.024354189130989093
606,-41.059063039462885,38,0.013072918972063818
607,-22.863193099042924,20,0.010845428405465441
608,-15.504636603076154,14,0.009898925020237745
609,-37.41035294089007,32,0.023523273656043862
610,-73.48116819219202,56,0.08093133422311115
611,-76.25801917641127,74,0.018816826470094253
612,-32.21054481273532,30,0.013003204780796074
613,-63.000558295394505,60,0.014288372835212318
614,-39.854690613571655,26,0.060237785276398545
615,-26.274087862452106,14,0.05071937133244664
616,-34.65280621316407,12,0.14521029623823117
617,-233.52499852261664,172,0.28222476386521306
618,-62.6971677499954,60,0.01774452467102178
619,-50.09001427358409,44,0.026250061524069453
620,-76.4193888863999,72,0.023259941507368227
621,-3.2036477270451895,0,0.011778116643548497
622,-49.5439574865716,36,0.09029304991047667
623,-86.68144410966599,84,0.010313246575637827
624,-69.629904074684,62,0.06153148447325707
625,-11.616219500735419,8,0.022887465194528115
626,-51.70051257682804,48,0.022564101078220003
627,-90.03175546072565,86,0.016257078470668075
628,-34.3852308315408,32,0.012046620361316438
629,-18.864465243233493,14,0.020101096046419256
630,-121.16743255321924,118,0.011997850580376668
631,-35.500228450429674,18,0.09308632154483862
632,-160.20748060484482,154,0.02630288391883358
633,-66.74216881105886,62,0.02302023694688788
634,-89.67505784893056,78,0.06210137153686352
635,-11.488284127247372,10,0.00966418264446349
636,-104.83293033584195,100,0.01917829498350037
637,-41.79608751753112,40,0.009761345203973482
638,-5.74215354736359,4,0.010888459671022345
639,-62.233583601643936,60,0.011880763838531259
640,-21.358111733667428,6,0.06243134851084331
641,-102.05242651158267,100,0.009867435151839764
642,-49.568881209651245,44,0.02602280939089369
643,-12.003524623961676,8,0.021997388043745642
644,-96.47446541653241,92,0.02215081889372608
645,-92.5321364212719,88,0.02266068210635994
646,-13.98277784888002,10,0.01580467400349204
647,-44.176527080181174,40,0.015820178334019285
648,-58.992936478361656,32,0.16459107608757134
649,-36.96520862776455,34,0.013356795620561194
650,-5.898665409994566,4,0.007655908911268326
651,-32.24611131386947,26,0.02199334969672352
652,-55.91800697855434,52,0.01703481295023643
653,-42.40513707165748,36,0.038125815902722716
654,-21.93587079053898,20,0.011387475238464242
655,-35.94276102429513,32,0.018955581847573056
656,-18.68825899642257,16,0.012445643501956028
657,-130.00449614840633,128,0.012686684483584822
658,-28.031971793929134,22,0.024925503280698955
659,-29.927150927798504,26,0.013003811019200319
660,-28.764023199357677,22,0.042275144995985524
661,-41.4971046228949,34,0.03825053379027941
662,-125.5552576001576,60,0.26433571612966855
663,-75.28242477225605,52,0.1419660047088776
664,-42.56759972682121,38,0.02039107020902265
665,-134.6575544385153,132,0.01165594051980401
666,-181.73861984222407,180,0.008124391786093102
667,-304.56123923326936,302,0.008480924613475677
668,-127.19163022249798,124,0.011733934641536986
669,-13.717870410446466,10,0.021367071324404935
670,-11.351040841683758,8,0.01565906935366246
671,-68.49549701712812,64,0.014885751712345066
672,-157.7823656045808,156,0.011726089503819393
673,-17.217001965948633,14,0.01351681498297746
674,-13.149307924095117,10,0.015746539620475484
675,-85.5367867286989,82,0.013196965405592636
676,-28.66328237126237,26,0.018755509656777036
677,-19.278550223605542,18,0.006948642519595705
678,-218.9920188148749,200,0.09689805517793496
679,-26.458730472019827,22,0.02622782630599886
680,-54.1409819055473,50,0.027979607469914958
681,-107.73012581290894,100,0.03513693551322117
682,-367.5813625347216,364,0.018460631622272922
683,-76.64643492512374,72,0.024715079388957437
684,-67.34801959598065,62,0.017708674158875483
685,-46.953684397762295,40,0.024313581810357525
686,-86.82310413093468,84,0.01370438898511979
687,-38.12482834494219,34,0.018749219749737017
688,-10.067205553649627,6,0.023109122463918334
689,-171.45372865454218,166,0.018058704154113148
690,-5.168650559945721,4,0.009738754666214317
691,-57.920714002087585,54,0.013245655412457705
692,-18.052865146951998,16,0.009504005309962898
693,-63.33138746440282,62,0.010086268669718117
694,-111.67625489808741,108,0.01934870998993371
695,-31.37595012727068,28,0.015924293053163667
696,-8.592454712153879,6,0.008584287126337275
697,-49.134565589691526,36,0.05383018684299775
698,-77.16263815344615,74,0.010472311766378178
699,-130.8025568367886,124,0.04305415719486445
700,-134.00075700034054,126,0.03419126923222373
701,-27.492006140064028,24,0.014672294706151404
702,-27.641551509493365,24,0.022759696934333443
703,-141.53076577209046,138,0.022927050468121015
704,-61.690436760590075,58,0.012219989273476797
705,-46.159596912962535,38,0.05368155863791151
706,-13.701491440295909,10,0.016673384866197728
707,-16.129152775203448,14,0.011447057931201468
708,-60.45656984188184,28,0.13193727578000766
709,-1.5436489390723578,0,0.007566906564080191
710,-30.178285653588325,26,0.022224923689299802
711,-24.66128659570953,22,0.014784925531719874
712,-59.17597661715338,48,0.03700654508991185
713,-34.391764726135854,28,0.024583710485137498
714,-31.31517341353461,30,0.013151734135346146
715,-26.046060105163075,24,0.014408873980021723
716,-38.63416637970243,32,0.02439031757243489
717,-50.720375766173916,18,0.10834561511978114
718,-44.90741629302395,42,0.01162966517209549
719,-25.69547476016137,24,0.013897334099683708
720,-61.80944872579059,52,0.04583854544761973
721,-190.36350061558093,184,0.0349642890966003
722,-72.57492458537753,70,0.017166163902515165
723,-63.63036355787485,58,0.020399867963314697
724,-105.10883651864604,96,0.056930228241537595
725,-116.07555471684441,110,0.020117730850477467
726,-17.164192208493102,14,0.013294925245769213
727,-37.54319725925517,32,0.032607042701500825
728,-70.55917495479419,38,0.16783079873605258
729,-28.556720191336392,26,0.015039530537272847
730,-40.19542004104332,16,0.11201583352334885
731,-20.338248867004385,18,0.014433634981508535
732,-125.47515576145202,122,0.019972159548571986
733,-28.526585620849737,26,0.015991048233226123
734,-38.23463453398513,36,0.009389220731029877
735,-66.2973457611279,2,0.21290511841433096
736,-29.925579539286897,28,0.010697664107149186
737,-156.5744323336135,154,0.021817223166215587
738,-27.427759176146022,26,0.011702944066771177
739,-155.69738840355666,152,0.01650619823016374
740,-6.40857693977464,4,0.013090092063992684
741,-29.76339442326046,26,0.020018055442874706
742,-95.35244248556502,78,0.06940976994226036
743,-47.223633584511155,42,0.035294821516967216
744,-18.482034211897425,16,0.012793990782976467
745,-68.75354761546096,66,0.013906806138693807
746,-52.693686253847325,42,0.037130855048081175
747,-63.861825513505764,58,0.02990727302809072
748,-41.08773143789987,38,0.017951926964534317
749,-45.823845708236625,36,0.041982246616395935
750,-162.50582183008007,156,0.03696489676182095
751,-9.764471248707498,6,0.012465136585124229
752,-47.48123898675189,24,0.08894408707102971
753,-43.6540156448361,16,0.11717803239337356
754,-141.32898552222298,140,0.007551054103538684
755,-45.72126338517011,40,0.03365449050100049
756,-34.2836335174844,32,0.018416399334552434
757,-10.328010798786572,8,0.009948764097378689
758,-40.12014824450226,26,0.06360427137163178
759,-103.02711756596885,98,0.016983505290435436
760,-48.328488547744946,22,0.11859679526011216
761,-42.51055065855198,22,0.10795026662395756
762,-34.96345679055975,32,0.02002335669297052
763,-89.48102388254243,88,0.012341865687852976
764,-38.00234770842921,34,0.02128908355547412
765,-48.54929534968987,20,0.12860042950310768
766,-246.40865199665302,222,0.13560362220363076
767,-27.532237041900473,24,0.01591097766621839
768,-58.5902283067111,56,0.011164777184099545
769,-129.7771739950284,124,0.030089447890772638
770,-183.34500312680078,174,0.05840626954250598
771,-33.61878594947484,32,0.015565249514180408
772,-18.370804576405398,16,0.008716193295607976
773,-154.3830668985944,106,0.18466819426944492
774,-6.444342378398077,4,0.010184759909992002
775,-45.74152808872,34,0.05755651023882382
776,-26.179630080829586,24,0.010684461180537041
777,-23.912107439792283,22,0.011659191706050412
778,-52.63330268859957,48,0.02125368205779643
779,-29.319209505429257,26,0.016934742374639117
780,-72.88313367982805,70,0.018019585498925305
781,-267.17735627348776,196,0.28700546884470773
782,-60.34154010114546,44,0.054111059937568005
783,-81.31019977037822,72,0.04702121096150653
784,-64.07177287093243,54,0.03702857673136907
785,-17.517670092696335,12,0.03448543807935203
786,-135.7934716893192,132,0.024317126213583944
787,-17.46820658353242,16,0.012235054862770068
788,-57.44893815088023,54,0.016268576183397325
789,-26.648228089191466,22,0.03140694654859088
790,-9.395614626792293,8,0.007753414593290575
791,-50.55827113918438,42,0.03820656758564435
792,-13.576075845360446,12,0.010368920035265928
793,-21.716809071984624,18,0.02160935506967828
794,-15.580674419849446,14,0.010680232566550277
795,-54.9884145279534,10,0.20265051589168154
796,-145.37367249371067,140,0.02634153183191424
797,-21.54787948434707,18,0.01583874769797794
798,-82.59539776228672,80,0.009612584304765064
799,-67.90902796656202,34,0.1614715617455339
800,-87.32430290463027,82,0.0350283085830942
801,-17.070039561592562,12,0.03017880691424152
802,-42.328781024844716,40,0.010213951863353964
803,-41.830519041467056,40,0.009339382864627353
804,-73.37777400075642,70,0.014559370692916605
805,-6.096447602560922,4,0.012629202425065864
806,-47.95780142959118,44,0.016770345040640164
807,-38.72623137709381,34,0.025139528601562582
808,-74.53108554475801,44,0.10109630975085386
809,-190.11855092620067,188,0.0137568241961074
810,-101.81979895241307,96,0.01927085745832213
811,-104.9206125951616,102,0.014750568662430939
812,-167.03553187696548,156,0.05062170585763924
813,-80.9006614629729,78,0.020143482381756814
814,-72.72794623796355,48,0.101344041958868
815,-96.07560096294273,86,0.0365058005903724
816,-27.58609553713933,24,0.028461075691581666
817,-104.27583940796664,94,0.05974325237189864
818,-46.50683662798145,40,0.05422363856651264
819,-51.768932824775035,30,0.09146610430577717
820,-26.01112025482288,22,0.020055601274114418
821,-118.12643500738854,114,0.0162458071157026
822,-14.715989262515453,12,0.01385708807405831
823,-123.30873471732092,80,0.1483175846483595
824,-21.719732364194055,18,0.019373606063511
825,-189.4319594689098,150,0.13056940221493324
826,-121.11579497770963,114,0.023562235025528705
827,-15.301139628186469,14,0.007309773192058724
828,-33.393311242414406,30,0.01542414201097479
829,-99.22639004791904,98,0.006968125272268414
830,-36.645041392346165,32,0.020736791930117036
831,-12.890126762815118,10,0.013894840205842057
832,-107.17834485940762,100,0.028944938949224057
833,-2.6237671768141424,0,0.013665454045906973
834,-26.34510070826006,20,0.036890120396860994
835,-58.392420029520636,22,0.17166235862981413
836,-44.71270040018937,42,0.016540856098716313
837,-49.048046574602324,46,0.018143134372632774
838,-6.923237144541746,4,0.015716328734095387
839,-34.570074696059756,28,0.025465405798681423
840,-71.95918268468448,66,0.020836303093302457
841,-71.85065470563542,66,0.021830801140431576
842,-56.76123730766252,52,0.02868215245579893
843,-16.30532490625053,14,0.01011107415022166
844,-99.09114202623122,96,0.012364568104924688
845,-168.8910309399676,164,0.02911327940456938
846,-60.1539272703129,56,0.024725757561386143
847,-136.2055387724122,120,0.08440384777298074
848,-82.29573620097113,52,0.1377078918225954
849,-14.489200903552451,12,0.009428791301334949
850,-19.431229018795214,10,0.03297632524054283
851,-186.05436725222233,184,0.01116503941425329
852,-46.811966441799775,44,0.017357817541973967
853,-163.76747053397023,160,0.026531482633592233
854,-27.594976385349458,24,0.01975261750192014
855,-49.317115641248996,28,0.1076622002083284
856,-73.80279074707545,70,0.015090439472521356
857,-132.81074334264028,128,0.026726351903558307
858,-29.254453992446095,14,0.09080032138360779
859,-75.4338457365764,66,0.04764568553826439
860,-62.31866283183395,60,0.010636068035935767
861,-33.80153049304721,26,0.030714686980500512
862,-70.8230832271514,70,0.009145369190571028
863,-37.56481653133376,10,0.13002271948742322
864,-77.74513381857149,74,0.013768874332983162
865,-75.59584390317053,72,0.022196567303521805
866,-56.28290807688061,50,0.0221229157636642
867,-114.38090477606062,96,0.06086392309953904
868,-18.51677454887869,16,0.009321387218069214
869,-4.111796185464033,2,0.011114716765600136
870,-37.09469156877709,34,0.014597601739514162
871,-53.63651121368211,50,0.02886120010858742
872,-171.7277656778278,168,0.02420627063524448
873,-94.18578489569059,76,0.11088893229079622
874,-116.59185396480437,90,0.16619908728002666
875,-70.60757109264736,32,0.22980697078956766
876,-105.00718040113948,102,0.012742289835337095
877,-38.86040877246336,34,0.016094068782991414
878,-20.92843181787465,12,0.040583780990339366
879,-44.81285625198566,42,0.019266138712229857
880,-19.32275289802777,16,0.01786426289262299
881,-19.851732717615892,14,0.01937659840270168
882,-61.3358047193532,38,0.14057713686357354
883,-70.27524373902581,68,0.016022843232575284
884,-93.59604668102753,92,0.007673301351094524
885,-64.704761308694,62,0.01454172746609656
886,-66.24354566511151,44,0.08489902925615023
887,-69.33737050647667,2,0.2229714255181345
888,-3.6564660358607344,2,0.012941140905162
889,-30.22303140351122,26,0.024270295422478338
890,-28.384720593617164,26,0.01611297698389968
891,-14.151184531533632,12,0.008889192279064494
892,-42.29930272443541,38,0.019542285111070083
893,-73.70812321628607,70,0.018357045625178925
894,-41.46350803801204,26,0.07809852544450524
895,-36.58998843742344,34,0.010791618489264429
896,-54.862537746712086,52,0.02385448122260165
897,-87.01723178708248,84,0.019592414201833903
898,-84.44193353488174,80,0.018982621943940337
899,-156.32289654185934,152,0.023241379257308993
900,-1.5242683497356868,0,0.008107810370934502
901,-22.584072136597282,20,0.01435595631442903
902,-99.93763696923604,84,0.08049311600624152
903,-287.8847096874257,284,0.012863277110679862
904,-1.0337314643222257,0,0.0074908077124798975
905,-30.59280160259941,28,0.019064717666172105
906,-12.56034539551714,10,0.01075775376267694
907,-211.9998252470393,190,0.12359452385977213
908,-13.196063081494506,12,0.008925843891749791
909,-74.99107402097293,72,0.013595791004423086
910,-111.49146286142387,86,0.11180466167291238
911,-30.522215388714987,24,0.04180907300458328
912,-70.07652674238095,66,0.013498432921791379
913,-83.97113560867281,54,0.148371958458776
914,-12.381672478586804,10,0.01215139019687136
915,-46.321094347411076,44,0.01785457190316192
916,-41.18495883910652,36,0.03988429876235739
917,-33.902843636124764,30,0.0219260878433979
918,-28.343553635961054,8,0.07113130641944401
919,-164.1422011214936,162,0.01231150069823782
920,-86.285792955591,82,0.02021600450750408
921,-410.0705473502648,402,0.039953204704280335
922,-69.5036040016706,68,0.007831270842033304
923,-107.54898894963041,104,0.017924186614295876
924,-10.542784730244946,8,0.010866601411303262
925,-23.593090699103094,20,0.0249520187437716
926,-14.472731299085579,12,0.010303047079523245
927,-30.474835766163984,28,0.012756885392598151
928,-106.10659236597574,102,0.027017055039313016
929,-78.4446784987778,64,0.04913155951965262
930,-109.01475164498375,52,0.2415879306990827
931,-46.20784000756028,24,0.12069478264978438
932,-63.026399476629834,52,0.03651125654513175
933,-52.27895452475224,50,0.011747188271919022
934,-127.48218775618017,124,0.017949421423610046
935,-45.595154309136426,40,0.029141428693419836
936,-102.48912273726341,98,0.02521979065878304
937,-15.877593736720089,14,0.009579559881225018
938,-118.04784398156721,112,0.0332299119866343
939,-28.325341135695588,24,0.03932128305177773
940,-148.55855325264628,146,0.018275380376044155
941,-120.15522204210816,100,0.0775200847773396
942,-40.728209408601515,34,0.028509361900852973
943,-47.00982929379442,44,0.013806556393552901
944,-102.5759201809165,100,0.019514546825125108
945,-127.90342924920563,54,0.2677660480043682
946,-101.81317815124643,86,0.07187808250566613
947,-29.220938996862245,26,0.016104694984311066
948,-25.02784445147264,22,0.010813730183830556
949,-55.90786014400373,18,0.18766267398021627
950,-63.70904095942077,62,0.008061513959532083
951,-33.786630291496124,30,0.016045043608034607
952,-83.7828370995228,76,0.04229802771479749
953,-20.330116735337295,14,0.03197028654210749
954,-195.17611332339567,190,0.029079288333681983
955,-98.51002136113583,96,0.01719192713106784
956,-52.93466409963168,50,0.01686588563006692
957,-74.77140595479639,72,0.014586347130507547
958,-79.54640286561542,40,0.13094835385965334
959,-96.50958211889912,86,0.0633107356560173
960,-69.77862203518262,66,0.014876464705442547
961,-44.117086343843255,42,0.010585431719215882
962,-103.55714052076344,46,0.19058655801577312
963,-30.667328717836348,28,0.014187918711895677
964,-77.48058435090466,52,0.09165677824066427
965,-121.52521418746444,118,0.017985786670736015
966,-31.534051039900977,26,0.02739629227673715
967,-52.3965702243867,44,0.03204797795567426
968,-432.12308252388067,414,0.062493388013380315
969,-16.949659776517315,14,0.014602276121372593
970,-55.25891500532684,50,0.03414879873588925
971,-73.39637837061453,70,0.018065842396885603
972,-73.69919717668125,70,0.018495985883406712
973,-61.12286340514927,58,0.015614317025746505
974,-25.31369494106749,20,0.026047524220919036
975,-91.72863366427622,68,0.1289599655667189
976,-23.058872467394984,20,0.010621084956232606
977,-47.31534515170897,26,0.1171172810533463
978,-106.07474631886575,100,0.02372947780806822
979,-81.02436347523013,78,0.011543372042862881
980,-34.13418891909238,30,0.020879742015617646
981,-11.40215480845118,8,0.015897919665659867
982,-38.67914736556976,26,0.08566991463222748
983,-397.754618272012,390,0.03029147762504798
984,-90.9943210233282,32,0.27827509916664217
985,-43.91556520049691,42,0.013682608574978689
986,-12.735033942734262,10,0.015718585877783024
987,-115.5669802993175,76,0.1557755129894391
988,-47.30125742047807,16,0.13728621675648295
989,-141.4561286427415,132,0.04775822546839299
990,-22.637844407827483,18,0.019007559048473194
991,-123.9875493948516,112,0.072214152981033
992,-49.13353676095324,46,0.012336758901390825
993,-53.25534834936359,50,0.019149107937433664
994,-60.098879003992565,58,0.01060039901006401
995,-37.59726400407867,34,0.013523548887513837
996,-69.4514891705121,66,0.013073822615576616
997,-94.43627884070378,76,0.0823048162531425
998,-261.9532838699782,258,0.02470802418736408
999,-104.4449637872639,100,0.02389765477023548
1000,-68.9599853413923,64,0.02234227631257748
1001,-30.543886318809403,26,0.020467956391033243
1002,-148.2248607492875,142,0.026601969014050198
1003,-32.56039807909729,30,0.013335406661965461
1004,-36.811087478528634,34,0.014952592970897016
1005,-8.115096252828742,6,0.009527460598327625
1006,-63.27958255468447,56,0.026375299111176198
1007,-9.822577069066659,8,0.014019823608205088
1008,-21.04262309249043,18,0.01568362418809498
1009,-63.28936794003949,54,0.031596489591971096
1010,-281.8871212454099,276,0.024735803552142083
1011,-64.77494361371609,32,0.10852630335667578
1012,-42.125524687291275,38,0.016115330809731883
1013,-28.74176278478371,26,0.015757257383814404
1014,-71.28886645459053,68,0.023491903247076094
1015,-41.83475226770066,12,0.09879057042285007
1016,-17.800196908810392,14,0.01792545711702994
1017,-7.467495883108349,4,0.01824997833214917
1018,-164.94238838215136,162,0.015486254642901655
1019,-43.248092321918634,40,0.02255619667999103
1020,-54.08041698506343,50,0.031387822962025996
1021,-90.21709641400105,84,0.030180079679616337
1022,-90.22588501653215,52,0.19909315112777154
1023,-60.090389008791114,58,0.011613272271061403
1024,-20.192889139553994,10,0.04110035943368558
1025,-33.827254505274105,28,0.023496993972879646
1026,-78.32013004340895,64,0.04741764915036055
1027,-125.11519743442359,56,0.3260150822378486
1028,-188.70644674721834,186,0.0157351555070835
1029,-28.281479688353652,26,0.011640202491600119
1030,-68.05674222057564,64,0.018273613606197055
1031,-26.84321633111559,20,0.029496622116877667
1032,-20.216947821886585,18,0.009986251449939604
1033,-64.1420779676618,62,0.014473499781498733
1034,-35.39317465923774,24,0.04827616381032947
1035,-38.13568672470855,36,0.012712420980408026
1036,-192.1344107539548,174,0.07816556359463156
1037,-22.776965307681955,20,0.015092202759140708
1038,-26.435425873329265,20,0.03535948282049056
1039,-67.51424555157733,44,0.1433795460462038
1040,-27.76365643470738,22,0.0400253919076903
1041,-32.72480896147143,30,0.01335690667387991
1042,-36.902618657651885,32,0.025534472175270283
1043,-232.900512816641,228,0.02378889716815962
1044,-59.226956985784156,52,0.03649978275648561
1045,-101.96927703752908,76,0.08599098356797841
1046,-14.888141188881882,12,0.011934467722652324
1047,-6.326329635855066,4,0.012924053532528127
1048,-79.84582546470584,78,0.012642640169217866
1049,-102.37143330765016,96,0.025084383100984167
1050,-41.13930974282042,38,0.013531507512157096
1051,-93.4291359498603,86,0.04319265087127987
1052,-215.5125641064374,212,0.02066214180257166
1053,-73.80531003405615,68,0.025461886114281514
1054,-68.81314314785902,44,0.09398917859037524
1055,-6.284212170860638,4,0.012280710596024903
1056,-107.2267984230252,104,0.027345749347671214
1057,-13.791521161614197,12,0.010296098629966664
1058,-90.49801676898626,84,0.031240465235510086
1059,-11.141551526675842,8,0.016890061971375322
1060,-99.55426966320043,94,0.026703219534617125
1061,-98.01090511043581,78,0.0813451427253474
1062,-166.52368370607155,154,0.05590930225924823
1063,-10.298398006524094,8,0.01249129351371778
1064,-55.97175944127741,52,0.020059391117562678
1065,-29.327523671453346,26,0.014342774445919216
1066,-303.42153084854766,298,0.020381694919349172
1067,-39.467976949931895,36,0.016999887009470048
1068,-72.45374743943464,52,0.10330175474461982
1069,-24.83737873476153,22,0.018188325222830527
1070,-29.925383664775442,26,0.020659914025133733
1071,-94.77766410327295,58,0.12178034471282284
1072,-89.44507572562716,86,0.013670935419154583
1073,-195.9019320293419,194,0.009232679754086783
1074,-142.75200057196918,110,0.11216438552044154
1075,-57.24078822412712,54,0.015731981670519396
1076,-5.6187068424104325,2,0.020329813721407016
1077,-45.08292878562661,12,0.14902220173705671
1078,-24.20283327980805,20,0.015338807590540217
1079,-30.793083141388987,26,0.019020171195987975
1080,-112.17404694438444,106,0.025512590679274902
1081,-42.40325039203372,28,0.05001128608345085
1082,-26.85208926020278,24,0.01718126060363138
1083,-48.24444191306713,42,0.02214341103924552
1084,-36.10261536880792,32,0.015083144738264566
1085,-41.52521239722522,26,0.0583654601399447
1086,-18.306132433828367,14,0.017942218474284993
1087,-101.05673895848099,74,0.0895918508558968
1088,-46.69407105960049,16,0.12789196274833559
1089,-54.839852651954736,46,0.03249945827924534
1090,-29.401921493846324,26,0.012984433182619536
1091,-48.42429971406255,38,0.0386085174594909
1092,-53.239225346466135,50,0.01687096534617792
1093,-17.307856585550333,14,0.014258002523923927
1094,-24.542072940543193,8,0.07588106853460183
1095,-149.16471220496857,132,0.0746291834998617
1096,-101.62159966160897,88,0.07323440678284314
1097,-45.12960577965622,38,0.03046840076776149
1098,-41.090483760376884,34,0.03692960291862911
1099,-20.348249829019075,18,0.009545731012272735
1100,-57.93653548333547,54,0.017115371666675053
1101,-49.396718717721456,14,0.12463633351310344
1102,-56.057689088713005,38,0.09028844544356492
1103,-57.982629369175775,56,0.010326194631123931
1104,-74.55570026254274,68,0.026867624026813898
1105,-69.66225788094846,66,0.016349365539949007
1106,-31.694365744003502,28,0.012232999152329333
1107,-27.437102179007187,24,0.03124638344551967
1108,-10.423546947264036,8,0.012365035445224886
1109,-34.56633279431193,32,0.012338138434191822
1110,-26.09150259768795,24,0.013943350651253203
1111,-42.00936779413336,40,0.006653535742163362
1112,-52.90343474106796,26,0.15286042466515903
1113,-48.90026441270373,38,0.04866189469957065
1114,-35.98711784967713,32,0.01365451318382614
1115,-17.126718094468657,14,0.01663147922589732
1116,-31.94241205604809,20,0.08179734284964443
1117,-49.665608924771234,48,0.01081564236864431
1118,-2.560285486823704,0,0.014067502674855554
1119,-31.157226280185675,24,0.03508444254992962
1120,-300.44725726979806,260,0.23792504276351778
1121,-59.7755307296998,58,0.010322853079650075
1122,-2.5046201717541408,0,0.011703832578290392
1123,-43.79420303817665,22,0.0721662352257504
1124,-33.57654465913932,30,0.033116154251290164
1125,-102.02678287034117,100,0.009838751797771236
1126,-17.65928115259904,4,0.052134660887782604
1127,-50.62878803405851,34,0.07106319672674583
1128,-117.60094343790568,114,0.01593337804382934
1129,-46.03524311059274,34,0.04932476684669178
1130,-51.475736126016734,44,0.07052581250959189
1131,-18.09771451266821,16,0.012948855016470083
1132,-31.56656990838919,28,0.015241751745252767
1133,-8.873070343214748,6,0.012383923893166927
1134,-28.712632338761114,24,0.03060150869325362
1135,-54.75265237083437,38,0.06026133946343291
1136,-79.66697673140503,66,0.055556815981321554
1137,-41.06412148372858,38,0.021278621414781835
1138,-59.52975662002937,56,0.01604434827286069
1139,-46.78510230070317,44,0.012775698627078525
1140,-47.75550756433359,44,0.02209122096666807
1141,-59.139576258489605,56,0.018253350340056117
1142,-32.3269613937574,28,0.02809715190751504
1143,-151.8036804988948,148,0.02237459116996772
1144,-117.97963181595426,116,0.008047283804692698
1145,-122.38891292416044,120,0.01551242158545765
1146,-12.142386884096755,10,0.013224610395658977
1147,-19.06095031955016,16,0.02096541314760384
1148,-17.05223699602056,14,0.010174123320068616
1149,-96.11077092700792,94,0.012564112660762959
1150,-328.3915964145658,284,0.1520260151183749
1151,-219.34264347646976,216,0.0165477399825237
1152,-52.35516597280197,44,0.04262839782041808
1153,-25.226373100362967,22,0.031022818272720024
1154,-42.208826273848366,38,0.017834009634950476
1155,-6.809397303578981,4,0.013907907443460321
1156,-82.47428864302226,80,0.008193008751729309
1157,-84.31379561579001,76,0.03522794752453437
1158,-209.3107588620375,206,0.01839310478909645
1159,-76.9515633471928,56,0.06937603757348616
1160,-69.4242083780794,62,0.026899305717678523
1161,-31.72063190622817,28,0.026961100769769587
1162,-65.93374425580457,62,0.013025643231140931
1163,-56.672614985709835,52,0.01730598142855468
1164,-80.36278122904424,66,0.07639777249491521
1165,-31.984882886140195,30,0.013411370852298692
1166,-2.187484408655273,0,0.008349177132272042
1167,-35.43382098852209,4,0.11817225935534632
1168,-52.56880267671876,50,0.015856806646412234
1169,-35.10765860059964,28,0.037806694684040736
1170,-167.92032348456095,166,0.007806193026670013
1171,-6.773701932984969,2,0.017048935474946295
1172,-171.32876427569474,32,0.46135352409170477
1173,-165.11522140031263,126,0.17155798859786472
1174,-148.88892493341422,144,0.01955569973365622
1175,-34.42652682932172,32,0.012255186006675555
1176,-33.482839045659034,30,0.015410792237429341
1177,-20.375679203494425,18,0.009279996888650156
1178,-351.55514441706674,348,0.01506417125875716
1179,-38.05182955915048,26,0.07725531768686236
1180,-37.81977983000259,34,0.01436007454888234
1181,-25.73142633359501,24,0.006925705334380112
1182,-100.91660014759988,98,0.013378899759632776
1183,-26.06266318216477,22,0.026728047251083967
1184,-14.352514031634598,12,0.008648948645715682
1185,-242.3273547048326,162,0.34623859786565736
1186,-50.29145324682717,46,0.01865849237750954
1187,-6.391350101837722,4,0.011174533186157562
1188,-227.31805683827736,222,0.025567580953257917
1189,-89.32597401490042,86,0.031377113348115465
1190,-19.320519270620665,14,0.027425357065055157
1191,-48.091188294512364,42,0.02476092802647289
1192,-25.24810636837702,22,0.01075531910058623
1193,-336.49463408424873,286,0.17905898611435575
1194,-40.52753602234782,22,0.10293075567971005
1195,-15.753242122214012,14,0.008429048664490495
1196,-14.401120485800654,12,0.014464581239762802
1197,-28.41726731690845,24,0.022537078147492458
1198,-25.7739755077337,22,0.015594940114601859
1199,-116.80705854261778,74,0.1550980381978911
1200,-239.9540452289461,236,0.015567107200574434
1201,-79.22384558886372,76,0.020149034930398275
1202,-81.7419029203367,76,0.0318994606685372
1203,-53.59912948883689,50,0.01681836209736842
1204,-207.57042833408124,204,0.022039681074575487
1205,-30.44456254096605,28,0.014212572912593492
1206,-112.49590223370845,108,0.016056793691815875
1207,-84.4203539586398,82,0.013154097601302348
1208,-121.49706230712617,106,0.07174565882928778
1209,-68.60993174205761,64,0.027440069893199442
1210,-183.12567957708208,180,0.011005914003810253
1211,-120.31725248606676,118,0.015047094065368685
1212,-88.82256566696678,86,0.014549307561683752
1213,-94.84521099087416,92,0.012055978774890326
1214,-48.87951900849209,46,0.012201351730898632
1215,-52.66097544002594,50,0.011180569075738896
1216,-157.80624194485458,148,0.04714539396564714
1217,-73.01705961977942,66,0.023235296754236048
1218,-21.040332430209446,18,0.014477773477187933
1219,-67.6821400138345,64,0.017702596220357917
1220,-42.713968962640216,38,0.022883344478836484
1221,-64.96871553458399,62,0.01133097532283931
1222,-18.339531174718907,12,0.048026751323628075
1223,-19.84324046912774,18,0.010017611245259357
1224,-37.448390964274644,34,0.016578802712858626
1225,-15.666519497474084,14,0.010161704252890697
1226,-23.664955247411374,22,0.006937313530880903
1227,-113.14570810869344,38,0.24882684804203198
1228,-95.27439608099931,90,0.020603109691403727
1229,-30.440680329777344,28,0.017187889646319357
1230,-39.82853792492262,16,0.11796305903427003
1231,-86.98372883409448,66,0.06948254580825992
1232,-73.13640970648437,68,0.024459093840403272
1233,-15.540960087881446,12,0.01788363680748211
1234,-56.39358728527806,42,0.06725975366952334
1235,-131.99737828462233,128,0.013236351935835085
1236,-2.189831380037873,0,0.011901257500205847
1237,-41.555125856244615,38,0.020912505036733618
1238,-43.94573322153996,40,0.01617103779319653
1239,-127.65353904784246,100,0.13168351927544053
1240,-27.68528155638189,24,0.01788971629311613
1241,-117.61816881770454,48,0.2784726752708182
1242,-36.78045148313447,32,0.025160270963866332
1243,-24.4183677470472,20,0.020083489759305476
1244,-93.50975659054836,80,0.055825440456811995
1245,-47.09224473638593,18,0.129876092573152
1246,-243.41030954400446,240,0.016882720514874203
1247,-27.28874177174953,24,0.010962472572498652
1248,-48.679103766256205,32,0.1244709236287787
1249,-148.76154483961798,144,0.02616233428361532
1250,-103.50526519226122,90,0.04858009061964453
1251,-82.35229091235445,78,0.022906794275548786
1252,-57.67824563664848,38,0.11180821384459294
1253,-54.060905127900945,52,0.008310101322181376
1254,-81.85073188996017,76,0.04007350609561699
1255,-31.201770522133703,26,0.017224405702429443
1256,-18.94087555620251,16,0.013872054510389227
1257,-66.39423361744166,60,0.03330330009084252
1258,-184.2125785248863,182,0.014556437663725537
1259,-25.404097129358103,22,0.011271844799199324
1260,-65.23932839558913,44,0.07175448782293695
1261,-57.37970787631203,54,0.01836797758865134
1262,-31.249610487434264,28,0.013428142510058676
1263,-40.179547913939125,24,0.07704546625685288
1264,-65.47406755730746,56,0.03158022519102477
1265,-59.8427365933205,56,0.01272429335536592
1266,-58.32390493806313,50,0.03082927754838221
1267,-38.75107837460394,36,0.009895965376273064
1268,-28.36819203562639,26,0.015787946904175773
1269,-31.297076532181055,24,0.028728647764492375
1270,-62.07078053503401,58,0.01867330520657826
1271,-110.14933427185021,92,0.10933333898704806
1272,-28.2631015909997,12,0.06207290683587675
1273,-116.25595577144942,84,0.10680780056771286
1274,-72.67107312373663,66,0.03790382456668455
1275,-72.48352232208167,70,0.014273116793573114
1276,-76.86382049558715,74,0.010451899618929734
1277,-77.43744861010046,76,0.007985825611670022
1278,-98.67162951459915,70,0.13918266754659778
1279,-68.63772257031745,62,0.03191212774191077
1280,-110.25998295475809,102,0.04257723172555691
1281,-68.98782177285652,64,0.022879916389249823
1282,-65.44352442067895,56,0.043318919360912644
1283,-11.529214966600726,8,0.011686142273512409
1284,-194.22543228853806,188,0.03750260414782316
1285,-26.429401757066092,24,0.010845543558330582
1286,-64.20386948227078,62,0.013774184264192494
1287,-41.49178468486521,32,0.033899231017375485
1288,-68.1025596018044,64,0.02136749792606477
1289,-33.31986792964506,30,0.014954360043446377
1290,-96.79994790292855,92,0.02790667385423661
1291,-189.0385961607987,184,0.028957449199990187
1292,-129.24759823513213,98,0.2111324205076494
1293,-48.228394290405895,44,0.017618309543357292
1294,-42.714253860643566,40,0.011309391086014137
1295,-84.27599914694763,82,0.01497367859834088
1296,-29.670720567466212,26,0.014801292610750385
1297,-63.40215358864811,60,0.011651210920028155
1298,-89.42941298183979,84,0.027986664854845206
1299,-53.59136248059654,22,0.1628420746422499
1300,-326.7235660885245,322,0.0185967168839538
1301,-45.49442664893567,18,0.09104114784415844
1302,-54.75658892076079,50,0.01617887388013872
1303,-75.20401784398521,56,0.11568685448183849
1304,-22.96299670958441,20,0.014383479172739973
1305,-24.694243937610583,22,0.013078854066070743
1306,-336.9419066108796,332,0.021866843410971767
1307,-38.586673219835646,36,0.01043013395095013
1308,-17.328962221327007,14,0.019582130713688067
1309,-27.64896010539961,24,0.017713398569900923
1310,-76.79782584972696,70,0.05073004365467914
1311,-80.19374110585153,26,0.26828584705867087
1312,-44.28095206350922,38,0.02617063359795502
1313,-131.6230840861085,130,0.007879048961692807
1314,-237.40276660879925,228,0.03287680632447302
1315,-19.90945459479484,18,0.007577200772995489
1316,-252.83051367649077,250,0.009966597452431033
1317,-47.10985530264268,44,0.014265391296525605
1318,-28.296953372171142,24,0.02441450779642704
1319,-160.6627225641964,136,0.0856344533479066
1320,-36.86777186583864,34,0.012917891287561553
1321,-62.06229045048546,58,0.018806900233728885
1322,-17.12530795816456,12,0.020834585195790567
1323,-34.92176746419001,32,0.012703336800826638
1324,-83.39396886758648,80,0.020202195640396426
1325,-121.21913389581601,54,0.23339977047158272
1326,-23.754400921540128,20,0.01422121561189446
1327,-22.882395351420705,20,0.01736382741819676
1328,-129.74182208757287,124,0.022605598769972722
1329,-105.90893628381414,100,0.02051713987435522
1330,-49.251427592442546,44,0.024312164779826558
1331,-25.132970406047196,22,0.013986475026996147
1332,-56.18956964202378,48,0.027117780271601718
1333,-44.31084592836647,40,0.02113159768807083
1334,-38.08021204122993,30,0.044890066895721836
1335,-440.3899030831863,418,0.10868884991838153
1336,-98.91775031779058,78,0.0716361312253103
1337,-67.5493547650561,62,0.018497849216853563
1338,-23.35368625792951,18,0.048669875072086595
1339,-139.00407831382032,134,0.02405806881644442
1340,-78.83135293230403,60,0.062355473285774676
1341,-190.31279496868078,184,0.026524348607900882
1342,-21.366132291002902,14,0.031750570219839944
1343,-99.25774727605302,96,0.025059594431177546
1344,-14.222594689165904,12,0.010195388482412387
1345,-22.835783415794136,20,0.01417891707897046
1346,-75.64799601740111,72,0.014950803350005515
1347,-45.81041509795224,44,0.01077628034495428
1348,-191.09737459098824,184,0.03899656368674792
1349,-43.002001464631704,40,0.015316334003223075
1350,-65.28027639756587,64,0.007034485700910804
1351,-19.05197605026541,16,0.028259037502457365
1352,-41.379535734388575,38,0.012801271721168572
1353,-57.250197222161304,52,0.03500131481440866
1354,-701.7785475886345,684,0.05886936287626938
1355,-80.98613219620844,66,0.07645985814392006
1356,-10.137979916783612,8,0.010480293709723407
1357,-33.32710621015856,30,0.012054732645501852
1358,-129.51261953189132,124,0.026250569199483105
1359,-27.947391513498637,26,0.01069995337087175
1360,-79.82808822899052,78,0.011870702785652186
1361,-38.55137826033045,36,0.01594611412706446
1362,-281.1576386675649,274,0.024345709753622127
1363,-211.26797965014333,208,0.016673365561957507
1364,-87.78028537376863,50,0.1251002826945976
1365,-6.588203289096386,4,0.016176270556852418
1366,-51.37378027032986,14,0.22514325464054072
1367,-9.418633809612034,6,0.013048220647374199
1368,-62.17017243693378,20,0.24805983786431685
1369,-20.238092403102588,12,0.06336994156232738
1370,-13.54832298591898,6,0.040582381644725996
1371,-23.229477960399194,20,0.018143134608984316
1372,-67.28644893778,64,0.012262869170820522
1373,-80.58737192985437,78,0.01902479360186952
1374,-69.29847372437108,68,0.00889365564637938
1375,-44.020143702234456,42,0.011099690671618338
1376,-17.788790089678486,10,0.05563421492627504
1377,-89.63577811871579,82,0.025284033505681716
1378,-75.54008948255417,70,0.02715730138506943
1379,-13.61080034665092,10,0.01289571552375323
1380,-203.16156544783178,200,0.016639818146482622
1381,-93.73740610438513,84,0.032458020347950506
1382,-211.14351263027456,206,0.023812558473495407
1383,-34.620533993858125,32,0.01023646091350861
1384,-24.530450178660182,16,0.03741425516956221
1385,-31.469601966329666,30,0.010805896811248161
1386,-9.13782065455511,8,0.0065391991641097795
1387,-22.990099861611768,20,0.02135785615436969
1388,-169.0438160532212,166,0.01007886110338255
1389,-98.63868499069963,94,0.03313346421928335
1390,-55.45634935995875,48,0.049708995733058356
1391,-29.20149547436094,26,0.010600978391923638
1392,-200.2733296254477,160,0.23145591738762974
1393,-101.99339242769224,94,0.052588108076922366
1394,-103.59169308000887,42,0.21093045575345534
1395,-52.32017730544179,48,0.022268955182689402
1396,-330.4127895534601,326,0.01587334371748054
1397,-15.744682173114688,14,0.007209430467416081
1398,-28.167185011078068,14,0.05133038047492088
1399,-30.931928352108834,26,0.030824552200680717
1400,-34.02704245879038,20,0.06262072526245695
1401,-23.795635037748298,22,0.011222718985926443
1402,-203.61211811800973,184,0.10895621176672131
1403,-46.790680424929086,44,0.01744175265580641
1404,-117.6375871891335,114,0.018559118311906504
1405,-13.902079245047199,12,0.009804532190964981
1406,-52.86993119729307,50,0.01630642725734761
1407,-83.36273443019536,44,0.13034018023243438
1408,-37.31254255979454,36,0.008413734357656882
1409,-49.228128292197844,46,0.02989007677960996
1410,-115.18949246040772,48,0.302655371443277
1411,-108.18027383469592,86,0.12054496649291235
1412,-63.467861148968964,60,0.027966622169104872
1413,-58.44450471818591,10,0.17552356781951411
1414,-26.462216583756888,24,0.012189191008697513
1415,-18.80270006067488,14,0.02017941201964241
1416,-69.28917322769395,46,0.15951488512118983
1417,-92.61375528474925,44,0.16097269961837463
1418,-66.67557281735219,64,0.017602452745738243
1419,-44.12777089126919,42,0.011439628447683993
1420,-56.01601902897078,48,0.046069074879143364
1421,-30.698545843434744,28,0.012728989827522245
1422,-169.43740512069212,166,0.02070725976320521
1423,-19.967919682936447,16,0.031999352281745115
1424,-45.22855661396395,36,0.050706355021779836
1425,-161.32775532850553,112,0.1633369381738594
1426,-163.19717008160475,144,0.08725986400729324
1427,-110.3593740181939,108,0.015320610507751844
1428,-16.633616606043446,14,0.008720584788223384
1429,-95.76458109831557,90,0.035149884745825304
1430,-59.715323893006676,52,0.03639303723116335
1431,-33.33113684647835,30,0.02379383461770286
1432,-71.93034217176137,54,0.0830108433877838
1433,-73.87826845999923,48,0.16173917787499426
1434,-162.3182367896014,86,0.32614631106667397
1435,-66.74905430965299,58,0.054006508084278156
1436,-40.08030111318292,36,0.021032479964861024
1437,-6.715798638365936,4,0.013183488535756951
1438,-91.39725583265842,88,0.01124919149886946
1439,-33.59477425583781,30,0.015232094304396947
1440,-39.91314896106314,38,0.00784077443058682
1441,-168.49586139967363,164,0.025838283906171336
1442,-150.0670486745303,146,0.025740814395759384
1443,-35.74441523883721,32,0.012398725956414537
1444,-153.92260313740098,130,0.1259084375652674
1445,-26.542920394328743,20,0.039895856062980316
1446,-29.512284269004233,26,0.013405665148871369
1447,-112.20534014686193,108,0.03003814390615679
1448,-48.8024627516315,42,0.033345405645252284
1449,-45.231364261819955,40,0.022166797719575432
1450,-92.0726957140382,68,0.07971091296039265
1451,-54.567273517562924,50,0.021342399614780426
1452,-77.42080202092652,24,0.1768900729169751
1453,-130.12525149840994,126,0.014733041065750215
1454,-76.57986392617109,74,0.013578231190374091
1455,-36.185690403038485,20,0.06039436717551637
1456,-66.6906007613701,64,0.019497106966450906
1457,-98.62866702969042,94,0.028223579449330956
1458,-56.060290700890185,48,0.0523395500057811
1459,-19.331266326937012,14,0.022030026144367984
1460,-84.21279671143672,78,0.033402132857186816
1461,-33.75419786946554,30,0.019553113903466857
1462,-26.097182016569437,24,0.01092282300296572
1463,-12.81537007091623,10,0.013034120698686364
1464,-55.10214779705329,46,0.030959686384535126
1465,-17.41830850456853,16,0.007387023461294573
1466,-35.40925330511841,34,0.00791715339954203
1467,-18.56842891904938,10,0.036306902199361654
1468,-49.16077050673052,44,0.03000447969029347
1469,-80.78778407060095,64,0.0723611382353496
1470,-33.79194017678533,30,0.014149030510392752
1471,-138.15354509099663,134,0.02016284024755488
1472,-132.79090898416467,26,0.44870129825279376
1473,-26.44066127991441,20,0.05194081677350367
1474,-5.749446296749608,2,0.022318132718747708
1475,-16.716366076186397,14,0.012935076553268386
1476,-183.90060540825252,178,0.02731761763079919
1477,-50.6626594182784,26,0.11972164766154612
1478,-35.093366777658915,32,0.01546683388829442
1479,-6.143301650078712,0,0.027672529955309506
1480,-26.42173498628109,24,0.013161603186310373
1481,-33.74678233729619,30,0.017841820653791533
1482,-74.10862898225955,72,0.012403699895643756
1483,-91.80457009119932,88,0.03019500072380477
1484,-66.83665664774463,64,0.013770177901672901
1485,-66.72915616611314,52,0.07438967760663176
1486,-15.569017684234717,12,0.0217623029526508
1487,-88.7047579558939,60,0.14497352502976704
1488,-18.753016076386494,16,0.015126461958167843
1489,-81.71655516705702,80,0.012621729169536073
1490,-42.288680801008255,40,0.0165846434855674
1491,-30.48131708778325,28,0.011815795656110479
1492,-244.1181783705379,242,0.011148307213358941
1493,-25.65901309672614,10,0.05437157325252157
1494,-38.98850207068574,34,0.017816078823877594
1495,-25.959073655338337,24,0.011131100314422436
1496,-48.63317847037906,26,0.1077770403351384
1497,-49.20087967393572,30,0.08421438453480547
1498,-41.28848516429054,26,0.12329423519589154
1499,-24.93278291487515,22,0.012641305667565524
1500,-35.19639928092967,34,0.006955809772846539
1501,-37.4781804478371,32,0.039696959766935665
1502,-79.53901583611336,78,0.008844918598353329
1503,-58.15689397380824,56,0.008912785015736493
1504,-24.30352975579547,16,0.041517648778977616
1505,-11.569221749157636,8,0.01637257683099829
1506,-98.97328730537193,98,0.006488582035813417
1507,-47.56387434535204,44,0.025825176415595195
1508,-25.687404004081255,24,0.010546275025507921
1509,-79.83218782046276,78,0.011171876954041217
1510,-3.1741474736241733,0,0.016031047846586714
1511,-71.56348932709312,66,0.02809843094491504
1512,-35.506232080560636,34,0.006606281055089989
1513,-128.38545098191696,124,0.024917335124528955
1514,-50.600424005673695,48,0.011713621647178728
1515,-14.388693873827359,10,0.026123177820401054
1516,-14.929799471940854,12,0.014648997359704225
1517,-34.58515902745872,32,0.014204170480542094
1518,-60.47031309429691,58,0.01247632875907538
1519,-86.76723306004484,40,0.15693702369142626
1520,-16.62104429868128,14,0.014561357214896136
1521,-12.81632449512385,10,0.010204074257695022
1522,-103.79573097338532,102,0.00760902954824296
1523,-56.74464579787704,54,0.014445504199352695
1524,-95.19799887687513,92,0.016484530293172036
1525,-44.23067682034823,40,0.01566917340869777
1526,-134.85070767280718,132,0.009439429380156421
1527,-62.445105885408935,10,0.2979835561670962
1528,-12.640503440801716,10,0.01535176419070783
1529,-60.752541027382925,56,0.02640300570768344
1530,-21.755223638518803,18,0.018590216032271074
1531,-29.53220528766705,26,0.02102503147420873
1532,-45.73056863827789,26,0.10840971779273599
1533,-45.052905773666375,18,0.10247312793055435
1534,-139.05895809812927,112,0.10823583239251806
1535,-105.97855088732899,102,0.01894548041585209
1536,-15.368225391417798,10,0.03627179318525553
1537,-59.49460996287072,56,0.016030320930599654
1538,-19.10086916861056,16,0.013600303371098863
1539,-44.01852968204422,40,0.015946546357318132
1540,-179.8319012090983,178,0.011170129323770095
1541,-85.83120811807487,50,0.15182715304269023
1542,-61.47269831882617,58,0.014469576328442414
1543,-29.18842203980775,22,0.04179315139423113
1544,-47.328485975390024,44,0.01828838448016527
1545,-29.691341005773744,26,0.01922573440507136
1546,-60.30528721736385,58,0.009605363405682823
1547,-134.2341812098859,80,0.26848604559349426
1548,-140.4270750134777,138,0.0136352528847067
1549,-11.740451540332714,8,0.016405489211985407
1550,-20.564309513320655,14,0.04207890713667094
1551,-145.7463561839765,140,0.02789493293192277
1552,-47.167646243976854,42,0.01899869942638589
1553,-90.3564144343042,86,0.02135497271717746
1554,-20.959156819681596,16,0.026662133439148375
1555,-43.78952159614899,40,0.018947607980744827
1556,-73.28897355689173,70,0.01890214687868839
1557,-123.72551284128704,122,0.01760727389068466
1558,-53.55316359983993,50,0.015584050876491203
1559,-60.74732844221557,48,0.04220969682852776
1560,-74.36813165184883,62,0.040954078317380065
1561,-23.830253032679348,20,0.01934471228625938
1562,-38.95877929938993,36,0.010418236969683196
1563,-67.77310552717276,64,0.020506008299851927
1564,-31.097242365155584,20,0.03674583564621066
1565,-24.384280065360144,22,0.015686053061579847
1566,-103.35116842441737,102,0.008139568821791255
1567,-134.0615921696166,102,0.15414227004623265
1568,-54.55493494844898,40,0.06930921404023259
1569,-269.649371589678,268,0.008963976030860186
1570,-50.69230362706956,44,0.03559735971845553
1571,-20.893402709276515,18,0.014762258720798633
1572,-45.75604694962177,4,0.14702833432965418
1573,-85.16187802721426,80,0.03186344461243224
1574,-84.89787862533949,46,0.23153499181749643
1575,-69.47460944509787,14,0.1836907597519797
1576,-54.38873029011421,34,0.1199337075889072
1577,-22.162013530733393,18,0.013781501757395436
1578,-17.802365781802948,12,0.021978658264405145
1579,-29.82970669249349,24,0.027760508059492744
1580,-30.675716351938924,22,0.06196940251384959
1581,-54.99354550259516,50,0.035165813398557656
1582,-20.56614610368656,16,0.019681664240028374
1583,-15.013601407577967,10,0.019432563595263457
1584,-50.30180638756168,48,0.013228772342308341
1585,-139.3325820482363,134,0.022219091867649587
1586,-109.36655305703786,102,0.03474789177847977
1587,-60.926000704689905,58,0.019506671364599167
1588,-47.94195300480584,44,0.015767812019223292
1589,-32.367879193364786,28,0.016671294631163503
1590,-78.85073997574318,66,0.04724536755787934
1591,-73.9242351457967,70,0.01691480666291679
1592,-67.83622286357654,64,0.01899120229493429
1593,-24.688847860109217,22,0.01415183084268042
1594,-61.495276836035806,58,0.017833045081815352
1595,-10.707827272627906,8,0.011377425515243133
1596,-98.81894563938981,96,0.013818360977401467
1597,-76.50276052525301,64,0.05253260724896369
1598,-45.85349101322004,42,0.02408431883262545
1599,-70.12516128946903,60,0.046445693988389845
1600,-33.003454786519,18,0.04968031386264582
1601,-79.03095913909252,60,0.06845668755069317
1602,-55.40626484483746,50,0.04431364626916019
1603,-75.93651837812695,72,0.014366855394625448
1604,-27.02830833829112,24,0.014150973543416684
1605,-177.1193927000664,174,0.017723822159467755
1606,-47.91952507366305,44,0.019997576906444364
1607,-40.85869240848384,38,0.010137207122282757
1608,-78.79024198243158,76,0.018601613216210566
1609,-33.42089669320974,30,0.01295794201973433
1610,-50.83385835165134,44,0.028713690553156663
1611,-60.767200473015635,56,0.023600002341661916
1612,-100.5321507625908,92,0.03584937295206359
1613,-56.80394106078741,16,0.22923562393700797
1614,-15.121699111955477,12,0.012387694888712135
1615,-3.4325949706175587,2,0.0077858422316172135
1616,-135.6550541377602,80,0.18428825873430532
1617,-48.89838237719325,42,0.025933768335313027
1618,-130.52003911881667,124,0.03227742138028079
1619,-92.39803827700162,88,0.028192553057702064
1620,-23.30998586792109,20,0.011335568040825254
1621,-136.70803049369817,126,0.06777234489682347
1622,-102.21145051402115,98,0.02537018381940415
1623,-65.81195299261356,48,0.10995032711489822
1624,-34.847591393341894,16,0.09518985552192905
1625,-47.425719384302916,46,0.009379732791466098
1626,-18.30372173980205,16,0.010016181477400242
1627,-60.850035344388175,54,0.05351590112803232
1628,-111.58686391677044,110,0.008264916233178066
1629,-32.96296737434819,30,0.018993380604796162
1630,-35.69523504917683,32,0.017765553121042683
1631,-17.470567811167715,16,0.00680818431096175
1632,-52.575704669185924,44,0.054972465828114846
1633,-60.61783084980589,56,0.017760887883868526
1634,-2.2024700666353394,0,0.011012350333176683
1635,-53.309168639733706,20,0.1460928449111127
1636,-16.260615396084255,6,0.03976982711660572
1637,-136.1517685944967,128,0.03544247214998779
1638,-41.64519636026281,30,0.046580785441051334
1639,-40.36899247448006,38,0.012468381444631365
1640,-19.65932681145881,16,0.012362590579252684
1641,-1.9843428601543749,0,0.010124198266093707
1642,-35.72809073357573,26,0.04421859424352639
1643,-84.9952803055434,56,0.13423740882196025
1644,-24.31505313304443,22,0.007821125449474732
1645,-42.01498564228349,34,0.04502800922631193
1646,-32.14944644459928,28,0.024699085979758003
1647,-25.42926759573258,22,0.015173750423595499
1648,-19.719413023402748,18,0.007224424468078798
1649,-165.10224561238607,134,0.13406140350166446
1650,-39.56127989925265,36,0.021715121336906982
1651,-10.235589292589717,6,0.01592326801725454
1652,-7.5061979467758855,2,0.025028172485344932
1653,-41.93025866225049,40,0.011915176927472279
1654,-91.60021091892543,86,0.0266676710425024
1655,-105.16807294304154,102,0.018857577041913754
1656,-113.7288437743525,108,0.030472573267831725
1657,-161.4894556773595,136,0.09956818623968369
1658,-23.525834223050293,22,0.009536463894064057
1659,-11.76174969481444,8,0.02541722766766499
1660,-57.76344484785641,56,0.007053779391425401
1661,-224.9630018223959,222,0.015930117324709902
1662,-15.46982065173615,12,0.018654949740517072
1663,-82.44909669521797,62,0.06771224071264267
1664,-33.803924696141216,26,0.06967789907268918
1665,-22.237873736754562,18,0.017957092104892082
1666,-61.60908211838301,44,0.10358283599048895
1667,-43.32568282758669,40,0.01696776952850371
1668,-40.96176400926344,36,0.0302546585930696
1669,-17.79874591180332,16,0.01058085830472521
1670,-143.09419313990188,138,0.016868189204974685
1671,-35.74152854800303,20,0.08944050311365336
1672,-82.96376494891656,62,0.09194633749524667
1673,-15.665226221456367,2,0.060465602749807
1674,-39.54472297975192,36,0.01363354992212301
1675,-54.23908983022961,48,0.03249525953244519
1676,-18.583936374703537,14,0.019930158150885294
1677,-95.13086234407945,70,0.08321477597377314
1678,-30.68575930383826,28,0.012207996835628716
1679,-33.11946730634134,30,0.023279606763741533
1680,-40.45090928759477,38,0.010473971314508135
1681,-74.86088277792106,22,0.2517184894186708
1682,-58.67053000982192,56,0.011412521409495594
1683,-37.62593986724625,36,0.008836629713294566
1684,-64.34394990116922,60,0.029351012845738243
1685,-47.456101287573645,44,0.024000703385928412
1686,-72.52434151318754,66,0.047277837052084
1687,-41.52434540998228,30,0.03816008413901393
1688,-37.50268229788139,36,0.006010729191525935
1689,-69.66511501003387,44,0.13507955268438876
1690,-10.212298438958543,6,0.024778226111520713
1691,-5.2915645762925525,4,0.00838678296293867
1692,-115.29183258800285,110,0.03187850956628224
1693,-38.14134795519386,36,0.01647190734764473
1694,-49.476044466150505,44,0.018132597570035117
1695,-110.95021471438737,102,0.03857851169994542
1696,-26.798902035752565,24,0.010601901650578177
1697,-142.9704608419713,140,0.013880658140051936
1698,-143.64154484285083,130,0.04736647514878783
1699,-43.94812677910847,42,0.011878821823832172
1700,-66.3338671715099,32,0.1208938984912326
1701,-19.180721112345488,14,0.027853339313685135
1702,-29.466371443375134,26,0.014206440341701182
1703,-43.24565111425614,38,0.02521947651084729
1704,-404.16563792140977,382,0.07339615205765054
1705,-498.7838245377291,458,0.17579234714538217
1706,-52.883981512462675,50,0.016202143328441776
1707,-69.2556061477786,54,0.07863714509164188
1708,-46.971300295991,42,0.031463925923994183
1709,-40.960608644253,34,0.03782939480572299
1710,-41.399306524834856,40,0.009717406422464067
1711,-234.34901882793466,232,0.01067735830879531
1712,-294.42663155777626,266,0.1366664978739238
1713,-46.09371945899222,44,0.017447662158269026
1714,-67.60418541132954,42,0.11745039179508966
1715,-23.687854640030892,20,0.01562650271199531
1716,-35.464895451891344,28,0.043911149717008394
1717,-57.90140408742337,50,0.04248066713668533
1718,-149.71022122228203,134,0.08182406886605088
1719,-33.099670750107336,20,0.05598149893208278
1720,-100.3771120152258,98,0.012511115869609775
1721,-33.902062992338145,28,0.019673543307793414
1722,-8.025916907308785,6,0.014068867411866567
1723,-59.20671601906466,54,0.024793885805069478
1724,-42.34176841472771,28,0.048126739646736964
1725,-35.079548633969786,16,0.08833124367578639
1726,-59.28976406765098,56,0.011114067796117894
1727,-19.03800379096884,16,0.015039622727568376
1728,-447.45841714224326,428,0.07542022148156115
1729,-150.84530328777106,126,0.09134302679327433
1730,-51.759157739649545,50,0.00977309855360924
1731,-72.72398157001037,42,0.1037972350338194
1732,-66.99824391437468,38,0.09666081304791609
1733,-51.821174572399194,50,0.008927326335290187
1734,-29.781564563184862,28,0.009376655595709523
1735,-24.747642181454747,22,0.010487183898682228
1736,-194.29323311512888,192,0.009884625496246727
1737,-86.73749526006205,84,0.015208307000345605
1738,-3.7587772591096202,2,0.006979274837736634
1739,-111.35841487445968,82,0.11743365949783904
1740,-121.35627708075934,116,0.02328816122069329
1741,-19.255326735774158,16,0.014031580757646813
1742,-275.6850296057956,252,0.12335952919685059
1743,-39.440866004732854,32,0.04180261800411726
1744,-66.5394126901327,64,0.012327246068606574
1745,-153.2390889310176,148,0.028473309407702915
1746,-9.97911965653605,8,0.007671006420682415
1747,-19.496368979968885,10,0.059352306124805736
1748,-50.553490097233386,48,0.01038004104566449
1749,-26.50528230483011,24,0.014234558550171165
1750,-12.412466951072503,10,0.01048898674379358
1751,-65.63773713613335,60,0.033557959143649674
1752,-59.54385873670473,58,0.006486801414725373
1753,-24.89086195327408,22,0.02258485900995415
1754,-18.385149779053823,14,0.021925748895268753
1755,-49.90453010766809,48,0.011473072937759924
1756,-99.2152792035451,42,0.2698833924695526
1757,-48.568743029184496,46,0.02140619190987062
1758,-58.9165944262733,56,0.019443962841822683
1759,-17.340105890386553,14,0.014273956796523659
1760,-3.9533823813184417,2,0.008799019735668637
1761,-12.038773887370319,10,0.009708447082715873
1762,-152.81891584529183,148,0.031703393719023275
1763,-124.85722803475986,122,0.014006019778234409
1764,-101.85746412300836,100,0.011189542909687815
1765,-27.92096377111692,22,0.03566845645251168
1766,-53.48543226734726,20,0.16255064207450173
1767,-244.8850880211618,172,0.2413413510634506
1768,-72.84456699121456,70,0.017559055501323934
1769,-97.63558812827262,94,0.014542352513090225
1770,-127.47358339150439,106,0.08072775711091862
1771,-39.92138632577032,24,0.10905059127239926
1772,-150.75491136693287,148,0.019963125847339076
1773,-174.99064546150993,140,0.11586306444208597
1774,-103.622452955013,98,0.026029874791727733
1775,-17.68991096174178,16,0.010695638998365679
1776,-26.33551406276424,22,0.018687560615362957
1777,-146.49798528165772,144,0.013725193855261006
1778,-6.044524571787244,2,0.02379132101051321
1779,-106.94635730601014,102,0.038048902353924476
1780,-28.208099210367042,26,0.010415562313052061
1781,-23.850181223471093,20,0.01964378175240349
1782,-40.896727044366884,38,0.01217112203515472
1783,-116.77763597179,52,0.3339053400607737
1784,-20.86870647328682,18,0.015259076985568203
1785,-7.212162243656202,6,0.0066602321080011006
1786,-64.9536081843971,60,0.01965717533490879
1787,-76.63394557691852,74,0.013862871457464409
1788,-65.88236109167421,56,0.05313097361115183
1789,-86.44534931700332,52,0.18720298541849809
1790,-80.79327344320946,78,0.016239961879125048
1791,-199.21753466010503,184,0.08094433329843073
1792,-58.91763349708504,54,0.027320186094916727
1793,-2.929225946879426,0,0.009699423665163668
1794,-136.94017461834596,132,0.026000919043924126
1795,-67.63819600489627,64,0.02302655699301444
1796,-23.598156571393783,16,0.04577202753851672
1797,-35.115979250272865,30,0.03935368654056065
1798,-49.194228880916306,38,0.06150675209294675
1799,-57.661639178895385,52,0.034106260113827024
1800,-44.91256852367557,42,0.012341392049472674
1801,-72.71781913038306,70,0.01070007531646823
1802,-82.85114656719459,74,0.03718969145880027
1803,-26.14156076629227,24,0.011271372454169929
1804,-250.28229112372316,192,0.1929877189527264
1805,-66.47362183351986,64,0.011558980530466762
1806,-16.400784951624967,12,0.018336603965104278
1807,-96.68404830657757,14,0.2737882394257533
1808,-32.917414072108,8,0.08250799361625138
1809,-52.545684960609016,44,0.03338158187737922
1810,-70.87285361934653,64,0.04462891960614681
1811,-217.90086095979575,188,0.18688038099872376
1812,-64.65237935639462,28,0.194959464661674
1813,-96.86755584457929,94,0.010861953956740169
1814,-50.588917316581366,46,0.0254939850921188
1815,-25.59005701993879,24,0.007571700094946531
1816,-79.20188655911008,76,0.014823548884768526
1817,-206.19257723958788,156,0.17189238780680757
1818,-112.06704972906897,100,0.07735288287864658
1819,-17.501672878777846,14,0.015093417580938634
1820,-19.562826754780843,14,0.019867238409931553
1821,-89.7728158912985,14,0.33527794642167347
1822,-41.748016741410495,38,0.02154032610005989
1823,-28.21033529493564,26,0.010729782985124808
1824,-52.360241410244555,32,0.13394895664634554
1825,-81.42090064289188,74,0.030920419345383768
1826,-119.04236809199114,114,0.02154858158970469
1827,-106.60992222643809,102,0.016006674397354353
1828,-27.54101905175618,24,0.018066423733450302
1829,-29.286451253200493,26,0.013808618710926287
1830,-320.97962329232723,316,0.029640614835279973
1831,-46.94034380831974,40,0.02916110843831777
1832,-137.6680275802849,134,0.012915590071425042
1833,-29.325991833898115,26,0.01911489559711526
1834,-18.901378855790657,16,0.018133617848691844
1835,-65.75814085291682,62,0.012782792016723409
1836,-6.317770520413111,4,0.00927108208165248
1837,-143.48539122787025,108,0.14663384804905022
1838,-114.289107811623,104,0.03839219332695046
1839,-21.416446286315427,14,0.029430342406013454
1840,-47.33804251744137,44,0.01940722393861269
1841,-57.712928425744785,44,0.0515523625027998
1842,-46.262172405335434,34,0.04827626931234453
1843,-201.37703899480002,192,0.04935283681473802
1844,-41.12873533023695,38,0.010360050762374428
1845,-43.50102765099296,16,0.1026157748171376
1846,-31.27288072277945,28,0.01995658977304492
1847,-106.05815355974602,102,0.019510353652626142
1848,-54.53308548403299,52,0.01563633014835118
1849,-96.46754971398994,78,0.06115082686751734
1850,-70.23636434657664,42,0.17647727716610387
1851,-28.377038889019634,26,0.013982581700115801
1852,-28.548861216911988,26,0.01287303644905019
1853,-102.98843394894423,82,0.11046544183654859
1854,-25.473693610642062,22,0.01240604860943584
1855,-78.30086634239541,36,0.1510745226514127
1856,-31.039811471179835,16,0.07915690247989403
1857,-38.10311936462482,32,0.025429664019270423
1858,-28.65305007709829,26,0.011241737614823343
1859,-70.0895588700985,62,0.034570764402130645
1860,-126.26738832905696,120,0.030424215189596607
1861,-18.623501209642047,16,0.012735442765252892
1862,-26.174260959575843,22,0.01546022577620635
1863,-75.46775644781603,64,0.07078862004824639
1864,-47.994110036944505,46,0.010071262812851431
1865,-68.66965172838788,42,0.11595500751472915
1866,-33.76126481986999,30,0.01825856708674683
1867,-25.386017582031585,22,0.011211978748448915
1868,-73.77027843423123,62,0.04670745410409199
1869,-51.96859234892631,42,0.06922633575643215
1870,-12.667621812489756,10,0.012125553693135319
1871,-3.987782958769256,2,0.013614951772392189
1872,-12.48395177915134,0,0.05944738942453029
1873,-92.48874098060813,90,0.015362598645729374
1874,-163.91018888214754,160,0.02102252087176094
1875,-65.7707905603223,64,0.00983772533512403
1876,-79.56695096975103,76,0.01765817311757967
1877,-11.644621772166321,6,0.02239929274669166
1878,-84.06191900896975,82,0.012128935346883057
1879,-120.00961456676575,116,0.020250578620029946
1880,-21.85856130025444,8,0.07070694540946136
1881,-26.563075068816204,22,0.021728928899124873
1882,-19.882660384024554,16,0.01565588864526044
1883,-69.1449144686541,64,0.03340853551074158
1884,-24.823714681274758,22,0.016807825483778457
1885,-63.62948244011042,62,0.007614403925749758
1886,-109.02276162178904,96,0.04429510755710623
1887,-113.49658226213337,110,0.01986694467121205
1888,-30.842467900410895,12,0.11083804647300513
1889,-102.40676932023402,100,0.012406027423887444
1890,-70.58786589729148,52,0.08449029953314321
1891,-187.89687647951922,184,0.01290356450171937
1892,-113.84762990256903,112,0.015144507398106176
1893,-137.29962489117378,134,0.010925910235675665
1894,-68.33766975645806,66,0.011572622556722994
1895,-9.96155429934384,8,0.0087569388363565
1896,-148.4730041047175,100,0.2955670981994961
1897,-2.3431080996220865,0,0.014287244509890775
1898,-77.21967692827972,74,0.01066118188172082
1899,-88.25447702895372,74,0.0758216863242228
1900,-32.460027467262414,10,0.10798090128491554
1901,-43.83410603406823,40,0.014633992496443059
1902,-131.27455713870785,86,0.149915752114927
1903,-28.646944276217376,24,0.023953321011429808
1904,-136.62424030860768,134,0.015436707697692738
1905,-86.83608293954036,82,0.01831849598310768
1906,-27.326107958043927,22,0.030609815850827324
1907,-148.15331670777513,142,0.03752022382790024
1908,-30.95068939814765,24,0.03658257577972454
1909,-4.674978394891005,2,0.013509991893388886
1910,-56.60038735520345,52,0.01523307071259399
1911,-43.993761287715905,42,0.012461008048223594
1912,-1.7604569090074669,0,0.010478910172663494
1913,-14.88938735619399,8,0.03827437420107791
1914,-18.561018172798356,12,0.02603578639999351
1915,-17.550352777180485,16,0.012919606476504057
1916,-55.6498044413953,52,0.025345864176356394
1917,-55.28956532142483,52,0.01596876369623576
1918,-111.45435864624532,108,0.01629414455776192
1919,-98.94326517018281,94,0.01901255834685739
1920,-75.91433841482618,72,0.02386791716357442
1921,-77.15951860381767,74,0.01089489173730217
1922,-23.889721212883373,20,0.01906726084746739
1923,-5.976868534835419,4,0.010515258164018156
1924,-78.91124555727414,68,0.051958312177495414
1925,-53.614740286300076,48,0.03845712524863109
1926,-29.38010800341435,28,0.008519185206261637
1927,-140.93106156845624,138,0.012525904138702403
1928,-51.50134733186509,44,0.045188839348585384
1929,-172.6371167490943,138,0.18622105779082854
1930,-131.74295812981373,106,0.08524158321130446
1931,-45.66927211044529,42,0.02620908650318109
1932,-37.35256126179133,14,0.11336194787277358
1933,-3.6689878177878916,2,0.011753435336534489
1934,-11.748836587262142,8,0.018744182936310697
1935,-80.62001651259729,78,0.009160896897193252
1936,-73.18382365018759,68,0.017164978974131818
1937,-32.393913576013354,28,0.02780957959502147
1938,-48.17724233960708,46,0.0073555484446186994
1939,-55.52394552508301,50,0.030688586250460746
1940,-24.237881292694293,20,0.02162184333007275
1941,-4.097401987605725,2,0.011783157233739947
1942,-45.59006446320734,40,0.019276084355887638
1943,-69.60309725496295,52,0.08463027526424487
1944,-65.7391995882145,62,0.019274224681518057
1945,-76.14770729521364,72,0.039129314105789896
1946,-45.83554002591088,44,0.007584876140127875
1947,-33.841843821999085,32,0.00787112744444023
1948,-41.254042562316556,36,0.03598659289257941
1949,-13.978900746067,8,0.02989450373033491
1950,-39.200835520174145,36,0.014162989027318506
1951,-54.28919168729398,52,0.012577976303812442
1952,-74.02357667719902,72,0.011764980681389196
1953,-37.04475692889582,36,0.00574042268624079
1954,-165.38064347961614,158,0.03416964573896361
1955,-60.32480151949875,58,0.012365965529248452
1956,-76.8381636544162,50,0.10165971081218236
1957,-50.23354611513555,18,0.10673359640773362
1958,-58.10203928163507,56,0.010510196408174778
1959,-14.404674701558605,12,0.01541458142024753
1960,-27.675437985979674,12,0.07916887871706935
1961,-13.214272463393215,8,0.02247531234221212
1962,-18.198799585210235,12,0.02052582644109355
1963,-122.33477207876143,94,0.1221326382705216
1964,-224.7897977834194,220,0.031511827522494436
1965,-48.97834872960895,46,0.01711694672189045
1966,-257.67363372528854,252,0.030178902794090082
1967,-66.12709055809556,64,0.01399401682957643
1968,-19.5606609489813,14,0.028663200767945155
1969,-9.851848822062236,0,0.07578345247740183
1970,-22.250205677059935,20,0.016545629978381878
1971,-132.17344590100743,124,0.03715202682276113
1972,-73.23366561341192,72,0.0069307056933255356
1973,-100.19844016522005,18,0.28344289712144805
1974,-64.98923845434705,46,0.06503163854228489
1975,-87.92415858306005,84,0.01299390259291464
1976,-84.64537609920552,80,0.0346669858149681
1977,-18.607463673599238,16,0.010774643279335588
1978,-8.74393747736612,2,0.044368009719514
1979,-77.06763155889841,32,0.20864644240230795
1980,-86.60409424863208,48,0.14734387117798575
1981,-7.691061076410102,6,0.00929154437587957
1982,-18.791929605054335,16,0.01203417933213039
1983,-51.53678723044721,8,0.15774198271901185
1984,-13.19791714068904,10,0.017193102906930425
1985,-24.606964349210553,14,0.05411716504699254
1986,-53.53414030471844,50,0.013698218235343507
1987,-23.023155825280085,20,0.014126896379813342
1988,-70.39157098533518,66,0.023113531501764092
1989,-28.34150414854605,18,0.05069364778699108
1990,-77.52817745105229,62,0.0946840088478791
1991,-30.196819258048333,28,0.009895582243460902
1992,-86.28934714720195,56,0.1628459524043125
1993,-91.00534184307514,88,0.013181323873136303
1994,-62.36245711310383,60,0.011143665627848959
1995,-70.99969990665689,16,0.21317713142115052
1996,-61.054945420467064,36,0.12914920319828405
1997,-41.30657883474158,38,0.01413067878094623
1998,-49.235304733891866,46,0.012737420212173323
1999,-31.713251905168597,28,0.012377506350561819
2000,-41.1867712522342,38,0.01448532387379189
2001,-297.35782925718644,292,0.035248876692018524
2002,-29.438405588179343,28,0.007120819743461818
2003,-86.24841584890758,84,0.009608614738921472
2004,-18.28525018146495,16,0.011541667583156046
2005,-3.3681655845537706,0,0.018712031025298708
2006,-86.50912805292704,84,0.0190085458555079
2007,-27.856710188137072,18,0.04605939340250976
2008,-24.500965008484936,22,0.017129897318389688
2009,-152.04548297128167,148,0.028093631745012143
2010,-81.11432176314219,78,0.015417434471001268
2011,-296.518682186952,260,0.1601696587147029
2012,-37.713941632742156,32,0.022855766530968862
2013,-59.17960117919214,28,0.10324371251388152
2014,-171.22649490321066,160,0.03981026561422232
2015,-11.791035964818565,10,0.008955179824092965
2016,-63.72373110232197,40,0.11981682374910063
2017,-142.18644994130779,136,0.03965673039299973
2018,-150.048192288151,148,0.00867878088199557
2019,-44.749980823397216,40,0.0329859779402581
2020,-88.2982697710338,84,0.018213007504380638
2021,-19.876913787891795,16,0.012837462873813932
2022,-7.356760142664042,4,0.01629495214885454
2023,-56.956122878716904,32,0.10574628338439389
2024,-55.2726949098505,32,0.11408183779338457
2025,-52.88175104282097,50,0.020012160019590115
2026,-42.362672888201764,40,0.01687623491572717
2027,-25.272199019052348,24,0.005629199199346777
2028,-44.14166459448207,42,0.011514325776785189
2029,-26.497043642414955,24,0.014688492014205553
2030,-69.0124213452266,36,0.1422949195914936
2031,-40.81855126132317,38,0.015153501404962882
2032,-24.922666126339077,20,0.019080101264880425
2033,-52.07160501921039,26,0.1715237172316474
2034,-32.470610246752,22,0.05132652081741204
2035,-72.35713934757013,66,0.02522674344273858
2036,-68.44695062748549,60,0.03378780250994254
2037,-19.782775116067768,18,0.011004784667084886
2038,-33.9120772197368,30,0.01811146860989248
2039,-33.913740464984194,32,0.014721080499878405
2040,-24.862749249301256,22,0.017040174102983408
2041,-135.07391401235964,132,0.013482079001576679
2042,-80.41264334126608,76,0.024514685229257205
2043,-301.4037254685409,294,0.03739255287142038
2044,-6.411614279632181,4,0.014185966350777646
2045,-114.63143985431913,112,0.011441042844865652
2046,-30.418536528389563,10,0.09631385154900773
2047,-13.7460874805661,2,0.03889432940584808
2048,-48.23079759368976,32,0.06597885200686936
2049,-99.33197219974525,94,0.022032942974154614
2050,-14.24764306884377,12,0.00899057227537484
2051,-12.663166543063255,10,0.02560737060637751
2052,-126.79534504252092,60,0.24739016682415013
2053,-111.91018663007023,110,0.009550933150351878
2054,-58.913773515163626,26,0.20317144145162683
2055,-66.45288420668051,58,0.04448886424568729
2056,-145.71714208120554,128,0.07261123803772729
2057,-89.49483359547477,86,0.016179785164235905
2058,-36.84607227888896,4,0.13800870705415516
2059,-108.74847660404964,106,0.011949898278477221
2060,-7.930826805412583,6,0.012067667533828628
2061,-62.27374352301467,60,0.02145041059447787
2062,-70.40321623677461,62,0.04201608118387429
2063,-64.616139497992,62,0.009618159919087302
2064,-41.21923220511853,40,0.009098747799392687
2065,-35.52097658463262,18,0.07552145079583007
2066,-51.05354584054969,48,0.015421948689644896
2067,-46.46252260575507,36,0.05449230523830792
2068,-96.84996134906568,92,0.02127176030291841
2069,-54.219416850065514,50,0.0202856579330073
2070,-67.90926518253589,64,0.014807822661120922
2071,-18.900132552108122,18,0.007628241967018498
2072,-7.285694016538572,4,0.01676374498233969
2073,-51.542229442045226,46,0.024308023868619726
2074,-38.69829998381299,30,0.029586054366710628
2075,-6.405553189036306,4,0.010934332677437814
2076,-18.867993705929553,16,0.01648272244787099
2077,-52.862095846000734,46,0.022722171675498726
2078,-88.66195566161721,86,0.013048802262828557
2079,-116.45092939997085,86,0.16549418152157888
2080,-97.6935237180316,86,0.039773890197386086
2081,-151.10325408621458,148,0.018471750513182547
2082,-52.471127360871165,50,0.012607792657506422
2083,-57.2257006784315,52,0.02252457188979078
2084,-62.92300288751776,52,0.04300394837605449
2085,-12.924620039437881,10,0.017408452615701692
2086,-268.1297590929227,264,0.017648543132150134
2087,-44.17846115128618,40,0.026115382195539015
2088,-28.37750117499655,24,0.02045561296727364
2089,-99.12736745740914,96,0.018396279161230863
2090,-38.64165577153084,20,0.09138066554672
2091,-27.97038315722153,24,0.016967449389835864
2092,-65.110264558282,30,0.15674225249233073
2093,-27.053795137724304,22,0.020215180550896973
2094,-32.1461465591657,26,0.02649201103088675
2095,-13.8709682562283,12,0.00899503969340529
2096,-28.677382238234877,26,0.01394469915747318
2097,-35.72561448927771,34,0.007190060371990256
2098,-120.60871566860028,92,0.09473084658476957
2099,-134.7243740233391,128,0.03362187011669475
2100,-31.379397306505048,28,0.019647658758750405
2101,-13.580960649401263,12,0.006127754455043606
2102,-119.19290003936148,106,0.04518116451836117
2103,-77.12388514527387,68,0.04472492718271525
2104,-42.34765798791606,40,0.011286817249595784
2105,-246.6358435687411,234,0.048599398341311294
2106,-95.57404917684639,94,0.007424760268143437
2107,-32.91402755701622,30,0.016747284810437742
2108,-14.185715463958223,8,0.022741600970434633
2109,-110.3254952660413,96,0.0688725733944282
2110,-15.471822198839105,10,0.021542607082043627
2111,-70.6354134763266,62,0.042330458217285656
2112,-96.44647709021207,94,0.013153102635547326
2113,-63.42610382322119,32,0.1806097920874777
2114,-31.9325126728595,30,0.009662563364297966
2115,-43.105257573157346,40,0.011852128141821702
2116,-18.326071140738602,16,0.013523669422898678
2117,-41.86821077107316,38,0.01726879808514772
2118,-16.431026265379312,14,0.018700202041379413
2119,-78.895391229096,28,0.2292585190499822
2120,-7.691239502639119,4,0.019225205742911998
2121,-44.631347750968715,40,0.023872926551384798
2122,-58.21791241728389,56,0.01655158520361095
2123,-351.5020298729658,342,0.039924495264556464
2124,-38.33991365631159,36,0.015599424375410922
2125,-141.93707064629157,118,0.07926182333209116
2126,-74.30398758751818,72,0.013395276671617358
2127,-18.88383528162408,16,0.016573765986345534
2128,-34.25483372165781,30,0.018826697883441903
2129,-107.47861786862404,102,0.03261082064657125
2130,-130.24791424293417,124,0.029751972585402773
2131,-100.19042953726536,96,0.023024338116842128
2132,-37.8120436560344,36,0.010535137535084081
2133,-23.04242844616565,20,0.016357142183686474
2134,-147.1367597951815,118,0.10405985641136378
2135,-38.86242052731213,18,0.0778448527138509
2136,-84.09880528921582,58,0.08641988506362965
2137,-34.04626601986232,28,0.03396778662844006
2138,-60.05656604812209,54,0.023294484800469847
2139,-66.8824398188581,64,0.010755372458426199
2140,-79.20169164504767,56,0.0800058332587851
2141,-133.13847118297772,130,0.015850864560491847
2142,-15.633149280324567,12,0.0191218383174977
2143,-47.01084273244765,36,0.03645974414717747
2144,-34.9983967644652,32,0.012813661386603746
2145,-32.972833707590084,30,0.01564649319784261
2146,-140.49268633472508,136,0.020608652911581957
2147,-39.46997639247997,36,0.024436453468168945
2148,-15.178580056322952,12,0.016907340725122125
2149,-43.80538769657526,42,0.01769987937818959
2150,-8.672264702478396,6,0.010438533994056282
2151,-15.377302337015475,12,0.023783819274757048
2152,-124.2325565505059,110,0.09123433686221825
2153,-75.70059946918607,72,0.01608956290950433
2154,-124.18573006017438,100,0.10797200919720681
2155,-46.87417646105942,44,0.018424208083715043
2156,-41.50286995419892,38,0.023045197067098466
2157,-54.593436532140984,52,0.012233191189344473
2158,-63.583820984368785,62,0.00899898286573168
2159,-12.10733742790258,10,0.013684009272094755
2160,-78.42697101650003,76,0.01575955205519534
2161,-52.206017787871346,22,0.11024094083164705
2162,-11.59820618688112,10,0.006146946872619562
2163,-299.741199913876,268,0.11932781922509716
2164,-111.27559317645012,100,0.06062146869059127
2165,-155.68187079057103,148,0.04861943538336056
2166,-30.532549073553756,26,0.017299805624251076
2167,-7.27082969837568,6,0.006229557344978808
2168,-55.83421768901091,50,0.023910728233651306
2169,-19.14615701262877,16,0.013219147111885465
2170,-267.6054049094429,206,0.2905915325917094
2171,-55.875831315113125,34,0.10318788356185438
2172,-29.29586962353723,26,0.011210440896384663
2173,-265.88418532484815,264,0.01070559843664045
2174,-41.34914135321451,32,0.04409972336421955
2175,-1.5415405181681334,0,0.01014171393531665
2176,-16.792828072430467,14,0.010421000270262788
2177,-44.311207490080896,36,0.04468391123699449
2178,-52.27898848213472,36,0.06511595392853842
2179,-89.7019200733241,86,0.01797048579283445
2180,-1.9086720071188015,0,0.009639757611711125
2181,-158.78660708035045,130,0.14838457257912685
2182,-71.2870127452845,10,0.2471250513922753
2183,-33.57920554631733,24,0.045615264506273685
2184,-27.552080055113752,16,0.10696370421401609
2185,-92.7669223802405,88,0.028716399880966626
2186,-59.446549338630156,46,0.05132270739935212
2187,-77.84427744144648,72,0.04297262824593038
2188,-173.1761541997061,166,0.05695360475957141
2189,-46.455471193026085,42,0.022966346355805016
2190,-274.47752980107737,270,0.014826257619462643
2191,-50.92853207557802,48,0.015577298274351661
2192,-92.70452925831846,90,0.012878710753896919
2193,-309.74163568197224,304,0.01901203868202787
2194,-43.197893330715814,28,0.06030910051871374
2195,-73.74625879139319,70,0.023710498679703384
2196,-59.804169680054855,58,0.008352637407661467
2197,-22.26683371538965,20,0.011448655128230983
2198,-133.35340066597834,126,0.04483780893889326
2199,-89.5312202235339,16,0.24348086166733116
2200,-22.590729982846995,20,0.010885420095996006
2201,-72.89611419621049,68,0.02846578021052665
2202,-257.7184139989677,208,0.16463050993035805
2203,-35.59950781688462,32,0.02092737102839861
2204,-131.3526301838539,128,0.016763150919268804
2205,-57.59247295844822,56,0.009048141809365036
2206,-29.696272521031506,24,0.0258921478228707
2207,-21.724438366153414,20,0.007767740388078312
2208,-96.38344084855663,90,0.033597057097665646
2209,-84.3747319781338,82,0.013192955434076357
2210,-15.054510113107966,10,0.01858275776877927
2211,-46.553871293725415,44,0.014677421228306703
2212,-57.397886844707855,54,0.014773421063946768
2213,-107.17105049459386,96,0.04654604372747473
2214,-88.16460226983477,82,0.03852876418646691
2215,-105.09107695126907,92,0.05741700417223334
2216,-12.006380570115265,10,0.009288798935718774
2217,-441.3805413429518,434,0.03653733338094771
2218,-16.40128913291056,14,0.015008057080691226
2219,-203.69913537526617,178,0.10362554586800743
2220,-29.181063992373804,26,0.01472714811284167
2221,-26.895126495004718,22,0.02109968316812373
2222,-39.08782936244895,24,0.06985106186318965
2223,-253.01016913361696,250,0.012438715428167648
2224,-27.916824867412274,26,0.01183225226797707
2225,-63.890399768863986,60,0.020916127789591135
2226,-23.321437064122772,20,0.012122033080740195
2227,-23.49264357549429,22,0.00785601881839098
2228,-65.71561139917621,46,0.08572004956163559
2229,-198.90582814891292,182,0.05597956340699653
2230,-33.086536013938456,28,0.02230936848218631
2231,-68.38755352364907,64,0.020502586559107874
2232,-3.025233708640247,0,0.016441487546957848
2233,-57.068429668133774,52,0.024604027515211825
2234,-48.85889970160455,46,0.017017260128598295
2235,-65.8152179712099,64,0.013751651297045326
2236,-14.44934519240276,12,0.016549629678397196
2237,-231.68776591705964,228,0.02026245009373434
2238,-223.1734579599819,208,0.06218630311468058
2239,-66.72099041805069,54,0.051711343162808183
2240,-11.700969771621061,10,0.012693804265828883
2241,-90.16717247147432,78,0.04254256108906981
2242,-33.24632333110708,30,0.01352634721294617
2243,-215.57928420043822,204,0.06094360105493712
2244,-34.728020051778195,30,0.025978132152627686
2245,-83.2028546853379,78,0.03335163259831958
2246,-101.59870214839253,100,0.009516084216623753
2247,-268.0042764340765,252,0.08604449695740134
2248,-262.1605342600342,258,0.018573813660865655
2249,-52.63763706274308,48,0.02466828224863337
2250,-48.793632250767146,46,0.01662876339742304
2251,-15.704636502559765,10,0.023769318760665736
2252,-26.50695010767442,24,0.016493092813647206
2253,-22.59984262906032,20,0.010483236407501293
2254,-124.09093695213927,120,0.0240643350125835
2255,-37.3267569719765,32,0.02165348362592075
2256,-70.0085392832688,66,0.013273308884995973
2257,-27.9384386466552,24,0.02939133318399404
2258,-94.79904916257524,84,0.06584786074740945
2259,-115.48651100287924,108,0.03312615487999575
2260,-31.484762394840846,28,0.01489214698649937
2261,-50.548595083928646,46,0.02251779744519123
2262,-122.0721426144029,54,0.2985620290105404
2263,-45.30235898985529,32,0.0665117949492767
2264,-15.51477979184077,0,0.06464491579933657
2265,-51.67749606005709,48,0.021889857500339716
2266,-105.09663944337363,102,0.015962058986461646
2267,-356.58239838241764,310,0.15952876158362225
2268,-76.47376275191867,68,0.04459875132588727
2269,-169.69306078463657,164,0.04666443266095616
2270,-73.46824693022302,68,0.03505286493732708
2271,-17.733213938782498,6,0.05808521751872529
2272,-106.78368325921019,104,0.014498350308386575
2273,-46.509290977522205,44,0.011949004654867675
2274,-14.200259643927229,12,0.007285627960023976
2275,-57.964694741241,38,0.11883746869786335
2276,-44.84888838831891,42,0.012279691328960382
2277,-40.57596252862887,38,0.025759625286288453
2278,-27.23550146930247,26,0.00823667646201617
2279,-45.34756984781174,42,0.011386291999359303
2280,-190.41507111208705,188,0.02118483431655583
2281,-70.82456283838302,68,0.014122814191915564
2282,-32.684119024536905,30,0.0149117723585383
2283,-79.13343744921714,74,0.02037078352863972
2284,-36.46717604168388,34,0.015419850260524228
2285,-21.998717503513827,18,0.022215097241743795
2286,-71.44426900993892,68,0.018924554999663598
2287,-88.74313214478917,48,0.13491103359201706
2288,-18.758767576529696,14,0.029742297353310868
2289,-91.47861137352767,46,0.18792814617160178
2290,-46.36224583339963,44,0.014764036458748287
2291,-18.007313222886893,14,0.013269249082406986
2292,-63.09778305568637,58,0.030343946760037637
2293,-99.63078230430146,64,0.11798272286192514
2294,-16.918600156463004,14,0.015524468917356746
2295,-27.533746995358708,24,0.017493797006726177
2296,-30.36892089575503,14,0.10492898010099395
2297,-48.48382240016741,46,0.01254455757660283
2298,-190.46947670291337,134,0.19207305000990973
2299,-61.684160242626994,46,0.12253250189552305
2300,-28.17168352650874,26,0.009442102289168567
2301,-65.10081605436913,62,0.016493702416858845
2302,-50.854781573479386,44,0.0357019873618721
2303,-21.725051470503075,16,0.02327256695326477
2304,-46.409556985249715,42,0.014897151977195225
2305,-49.64308516208838,44,0.04030775115777363
2306,-36.93649379002839,34,0.014254824223438718
2307,-31.448759037851367,30,0.008623565701496212
2308,-50.26860886210647,38,0.06970800489833064
2309,-67.70833827173433,54,0.08461937204774338
2310,-29.091081097713506,26,0.013677349989882518
2311,-21.761431826432958,20,0.011008948915206061
2312,-104.81872046541874,100,0.018677211106274856
2313,-150.3970226190618,144,0.039006235482085067
2314,-50.84054723334647,48,0.011835613472276876
2315,-10.051483588904482,6,0.0250091579562007
2316,-28.27905636160049,26,0.011282457235645778
2317,-174.0309607292339,146,0.1491008549427333
2318,-28.22067190345611,26,0.008882687613824582
2319,-32.0321571280399,30,0.006728997112715012
2320,-70.60361771541402,58,0.04173383349474789
2321,-83.31995633172812,74,0.036983953697334336
2322,-20.623091695907448,18,0.013115458479537457
2323,-43.582768008897304,34,0.06142800005703369
2324,-92.82607214142776,90,0.012181345437189304
2325,-40.70412457368131,38,0.01408398215459076
2326,-56.39725136491309,50,0.02989369796688383
2327,-33.05916909736367,30,0.019361829730149334
2328,-25.966139234679826,22,0.022034106859332526
2329,-26.163412651856625,24,0.015235300365187426
2330,-144.45317057671502,130,0.047858180717601
2331,-41.71694754749764,36,0.02382061478124012
2332,-159.70579455393982,158,0.009692014511020855
2333,-61.93346995150366,26,0.17443432015293062
2334,-24.99272315889506,22,0.017199558384454302
2335,-72.81749783952394,66,0.022574496157364846
2336,-56.99166904442813,30,0.10147244001664688
2337,-23.988240883401502,22,0.006903614178477469
2338,-124.47117792152852,122,0.011335678539122639
2339,-18.251912169207532,16,0.009706517970722339
2340,-45.53019059196668,42,0.013898388157349235
2341,-41.31042844592381,38,0.018809252533657225
2342,-73.90026577649897,60,0.08373654082228305
2343,-36.69062225673838,28,0.04775067174032068
2344,-43.193773663779474,34,0.0553841786974665
2345,-35.524214289160305,32,0.013659745306822514
2346,-22.42099249790847,18,0.02009542044503842
2347,-59.488150699257204,56,0.015572101335968822
2348,-103.31477011219444,56,0.1566714242125638
2349,-96.50350823316728,90,0.05080865807162023
2350,-8.994557169963494,6,0.01100940136015984
2351,-92.81205988485367,88,0.019721556905137428
2352,-3.225032575525816,0,0.019427907081480816
2353,-41.46967401488267,24,0.06239169291029526
2354,-100.42515639066166,98,0.009778856413959052
2355,-17.817805065993394,16,0.014427024333281187
2356,-29.46599405912552,26,0.017865948758378946
2357,-4.4456309184065095,2,0.00867245006527131
2358,-21.498940386152743,18,0.014223334903059907
2359,-103.73625836750142,48,0.2679627806129874
2360,-12.781357304674561,10,0.014190598493237658
2361,-12.511448936751426,10,0.011846457248827378
2362,-52.984962625004876,40,0.060677395443947506
2363,-13.061604840300053,10,0.01205356236338606
2364,-85.2307680748191,64,0.08846153364507935
2365,-33.1233386353368,30,0.019279868119363438
2366,-106.86144611934346,104,0.010292971652314756
2367,-30.18688802244893,28,0.013017190609814745
2368,-31.07528036654864,28,0.011648789267229663
2369,-326.61629514350943,322,0.015285745508307169
2370,-30.87371271274682,28,0.011777511117815153
2371,-58.18535302547733,54,0.018684611720880987
2372,-9.120791213571875,4,0.02032060005385648
2373,-15.93936085907404,14,0.00979475181350518
2374,-78.73623419387907,60,0.08516470088126782
2375,-21.570032628032653,18,0.02288482453867078
2376,-29.85482293013127,26,0.0157984546316853
2377,-35.952507109794425,32,0.022457426760196297
2378,-61.35807436005339,56,0.026010069708996667
2379,-9.888589262418026,8,0.008002496874652657
2380,-107.21804487179362,80,0.09012597639666739
2381,-26.332135425588866,24,0.009557932072085596
2382,-36.73274022325923,34,0.01313817415028473
2383,-13.708413805558264,12,0.008628352553324751
2384,-34.01957162410503,26,0.03157311663033486
2385,-7.581504309115394,4,0.02325652148776219
2386,-79.2028623381231,76,0.019294351434476626
2387,-53.27356576423154,50,0.01573829694342071
2388,-67.55844974616306,54,0.06712103834734204
2389,-120.51738733442107,116,0.01624959472813272
2390,-40.87267006435243,26,0.04924725186871674
2391,-74.97653794282493,72,0.01617683664578693
2392,-41.75619533928567,38,0.016474540961779156
2393,-343.50304568546187,310,0.16585666180921393
2394,-24.739774678652275,22,0.010619281700202732
2395,-85.52108793673041,76,0.0689933908458733
2396,-74.41169321910839,70,0.02397659358211143
2397,-47.00072110166203,44,0.021744355809144723
2398,-208.31305804210282,206,0.011682111323750726
2399,-35.98560107669421,34,0.012410006729338603
2400,-21.38170570716338,18,0.024505113820024425
2401,-120.8134429830258,98,0.07554120193054906
2402,-88.47586701039727,86,0.013169505374452183
2403,-134.63796198659753,132,0.012931186208810347
2404,-73.92839919423884,46,0.12811192290935233
2405,-74.71363802191021,54,0.08776965263521241
2406,-28.39835576238101,26,0.0128943858192525
2407,-34.87666252223274,30,0.02679484902325668
2408,-51.15386304942999,44,0.04309556053873522
2409,-55.67380970310767,52,0.013408064609882404
2410,-17.181529931884675,14,0.023393602440328447
2411,-73.74847819556956,70,0.01972883260826149
2412,-100.78684014971041,86,0.05821590610122174
2413,-84.24262233634408,80,0.027549495690545982
2414,-27.725347383102534,26,0.007914437537167435
2415,-98.24294571027,38,0.20490797860636112
2416,-68.33279076103258,66,0.01254188581200319
2417,-11.369174948582149,10,0.011603177530357105
2418,-80.8448312091865,54,0.10016728063129288
2419,-90.41249511262836,70,0.08874997875055776
2420,-38.69885124361776,30,0.059581172901491154
2421,-28.90710798263643,24,0.018587530237259283
2422,-17.454853101024657,12,0.02331133803856706
2423,-40.573480537785,36,0.021173521008264373
2424,-59.33190523764595,48,0.06745181689075054
2425,-27.030325313016526,24,0.01665013908250837
2426,-73.03817740001979,68,0.019377605384691198
2427,-125.03661777204732,116,0.030122059240157834
2428,-18.919042317142516,16,0.016585467711036892
2429,-230.5815629870829,160,0.23371378472543994
2430,-71.5543114824611,68,0.02167263099061511
2431,-65.45956924022302,52,0.04456811006696321
2432,-19.29772605290785,12,0.04146435257334014
2433,-37.399173109721644,34,0.017704026613133732
2434,-70.2514667039036,66,0.028343111359356906
2435,-95.20901209567349,24,0.27600392285144776
2436,-123.27441156012337,116,0.04279065623601857
2437,-250.5002228148371,220,0.1556133817083532
2438,-81.06254900337977,78,0.014048389923760202
2439,-63.28291922301997,30,0.13103511505125964
2440,-62.27080621735988,60,0.011023331152232405
2441,-145.4085531119333,144,0.011004321186977459
2442,-159.59485105662762,154,0.028256823518323464
2443,-41.134567748633806,12,0.1063305392285904
2444,-58.68871076186863,18,0.20142926119736942
2445,-215.11523399402319,202,0.05246093597609506
2446,-119.00518578361323,112,0.0500370413115231
2447,-25.556766871791076,22,0.02092215806935923
2448,-76.942680638173,70,0.02690961487663939
2449,-51.7791214170092,32,0.08990509735004197
2450,-125.91276201868068,122,0.017785281903093888
2451,-66.47284985241053,60,0.0443345880302098
2452,-62.52576966421489,32,0.14536080792483272
2453,-81.11156561235659,78,0.01525277260959183
2454,-62.93268696425237,60,0.02255913049424906
2455,-241.5334564123084,194,0.2898381488555382
2456,-48.7567555479606,44,0.019986367848574445
2457,-80.85078493451438,78,0.015837694080635775
2458,-140.22124092411565,52,0.53145325857901
2459,-55.679149115629635,50,0.029890258503313564
2460,-42.51664338787014,12,0.15258321693935065
2461,-37.89530632968604,34,0.024969912369782257
2462,-94.66850349372751,90,0.01703833391871194
2463,-42.40462744996235,40,0.013068627445447895
2464,-119.3435450856854,106,0.049420537354389775
2465,-19.438021443939437,16,0.018483986257739032
2466,-32.13870971865078,26,0.04650537665644498
2467,-47.22889428551263,40,0.031705676690844356
2468,-47.796138964779566,42,0.025646632587520597
2469,-21.32064300469494,20,0.006878348982786244
2470,-74.15471233262409,68,0.02723324040984151
2471,-4.202425208617546,2,0.009412073541100659
2472,-87.49117354791382,84,0.018973769282141225
2473,-17.690643375562317,14,0.016775651707101474
2474,-19.882541807260484,18,0.009804905246147995
2475,-91.36559303067439,86,0.02438905923033655
2476,-31.41294417248177,28,0.015236357912864944
2477,-30.71013906362928,24,0.024137190876364317
2478,-257.26967094633,254,0.012974884707658714
2479,-63.707989282841076,50,0.04930931396705393
2480,-26.149843249821053,22,0.0211726696419445
2481,-35.21543731915125,30,0.017269659997189272
2482,-41.84948121122442,40,0.010274895617914044
2483,-11.451216875186486,8,0.01627932488295508
2484,-62.922282685799594,54,0.053108825510710965
2485,-19.594242855715162,18,0.00960387262479019
2486,-41.35445045241063,34,0.03640817055648874
2487,-73.10579478080031,70,0.011171923671944046
2488,-50.076873909298804,42,0.050480461933116956
2489,-154.96536879694168,144,0.09292685421136788
2490,-26.22604162473215,24,0.010806027304525026
2491,-9.964952527252121,8,0.010451875144958109
2492,-235.4096857863176,230,0.021638743145271606
2493,-191.766193259233,174,0.09450102797464206
2494,-46.62742507972247,32,0.06304924603328686
2495,-300.65598007506037,280,0.07944607721177101
2496,-77.90947827334365,66,0.05954739136671829
2497,-84.10488949143972,80,0.02598031323696079
2498,-63.10203827443619,60,0.01846451353831056
2499,-53.339192540935734,50,0.013798316284858846
2500,-45.25932171158751,40,0.026833274038711996
2501,-8.08029414221149,6,0.007223243549345501
2502,-56.33899573843468,52,0.028926638256232165
2503,-212.83896123488677,208,0.028133495551665173
2504,-27.219122569818733,24,0.01871582889429495
2505,-49.80553202854513,48,0.009403812648672209
2506,-123.86989080984162,120,0.014021343513919664
2507,-52.59079369184504,46,0.029688259873175644
2508,-18.03707099581968,16,0.012731693723872768
2509,-139.64399815483813,118,0.08521259116078266
2510,-34.100933080181015,32,0.010198704272722852
2511,-142.3142308054409,140,0.017801775426468627
2512,-54.844100962192364,44,0.06693889482834726
2513,-8.568725158461046,6,0.01459502930943782
2514,-38.70959850544353,34,0.024276280955894212
2515,-127.26339520216875,90,0.16488227965561522
2516,-42.87885486052834,38,0.030878828231191868
2517,-12.067726184550718,10,0.0145614520038785
2518,-128.8901503514056,120,0.05291756161550976
2519,-58.90036616801352,30,0.09569657671527668
2520,-13.514992411637715,12,0.008607911429759977
2521,-14.777463615401533,12,0.014027594017179503
2522,-47.932985414460475,44,0.01804121749752563
2523,-64.50046896761094,62,0.010595207489876163
2524,-12.871965903605272,10,0.012596341682479263
2525,-33.6258161703501,32,0.009237591876988867
2526,-67.0493198704948,62,0.04072032153624975
2527,-121.77594446703566,116,0.019382363983340898
2528,-75.2779355748234,26,0.17110394296813702
2529,-26.82900930297221,4,0.07712503142896009
2530,-26.74186803526199,22,0.030396589969628414
2531,-66.8914222433394,64,0.011473897791029523
2532,-54.05958664442323,48,0.020752009056244154
2533,-28.964058173193866,20,0.03447714681997652
2534,-101.03328963143855,62,0.132766291263397
2535,-40.9955418331022,38,0.010473922493364665
2536,-37.149049682072956,10,0.15970029224748802
2537,-84.09354985613562,78,0.028474532038016417
2538,-17.38219356358218,12,0.028032258143657087
2539,-86.66209429946925,82,0.027105199415520753
2540,-36.32915889323659,34,0.008563084166310604
2541,-93.04533605275051,22,0.3415641156382235
2542,-6.104344214556936,2,0.022551341838224933
2543,-54.81226437674938,40,0.066721911606979
2544,-109.21457279084214,82,0.14475836590873567
2545,-80.56496579287902,70,0.07884302830506716
2546,-18.97914804497438,12,0.023109761738325643
2547,-65.38405488349137,40,0.14588537289362916
2548,-225.70824114104886,158,0.3419608138436804
2549,-42.55728053839073,40,0.009686668706025902
2550,-14.49097678286714,12,0.011749890485222294
2551,-92.07605837866834,90,0.009701207376953297
2552,-41.92915692286591,40,0.011763151968694393
2553,-30.94800116846557,28,0.014310685283813436
2554,-130.86857754761138,126,0.019953186670537297
2555,-42.6840701249888,40,0.023544474780603928
2556,-83.33391381256408,80,0.017009764349816832
2557,-39.353824533281035,30,0.06587200375550079
2558,-63.792755409509326,62,0.012805395782209489
2559,-127.72350963320402,108,0.080176868427659
2560,-31.929574164683707,30,0.014188045328556513
2561,-25.117652688298808,22,0.019244769680857136
2562,-284.184345207691,272,0.05914730683345229
2563,-23.59671426001148,22,0.009283222441927247
2564,-66.54380324619373,62,0.024965951902163015
2565,-16.947773432654447,14,0.01160540721517505
2566,-20.950666392216963,2,0.0740260405945975
2567,-40.036902031231335,38,0.01227049416404372
2568,-53.75278243173424,52,0.010190595533338075
2569,-47.029199160994224,44,0.014424757909496565
2570,-316.93712831832175,296,0.08052741660892976
2571,-19.658129136931528,16,0.017587159312171127
2572,-113.0470293271155,82,0.10280473287124282
2573,-61.484542196444444,58,0.012810816898692543
2574,-46.639593384033624,44,0.01269035280785356
2575,-29.865327097328436,28,0.011103137484097397
2576,-80.91110467258348,76,0.030315460941872752
2577,-6.837356596635075,4,0.01891571064423364
2578,-69.4807408674928,66,0.015133655945621178
2579,-54.96663952869257,38,0.05891194280796033
2580,-40.832190032722174,38,0.013883284474127885
2581,-76.99603729753292,36,0.1357484678726253
2582,-50.8340681941081,30,0.10313895145598038
2583,-25.08859468587375,20,0.03261919670431892
2584,-30.487169672576695,26,0.023616682487245747
2585,-116.9446135476486,114,0.012167824577060529
2586,-58.21234466048726,56,0.011287472757588075
2587,-131.53385521511825,86,0.15077435501694694
2588,-154.25543927313282,148,0.02792606818362855
2589,-52.57432371895671,44,0.04817035797166613
2590,-9.56780088733292,6,0.018777899407015523
2591,-84.45737294245203,82,0.011069247488522244
2592,-107.56080878373002,106,0.008575872438076811
2593,-19.941308564090452,16,0.024329065210434944
2594,-43.5373002983123,38,0.021297308839662545
2595,-29.821097385270974,26,0.01675919905820595
2596,-10.560383623943384,8,0.01471484841346782
2597,-121.06227505306498,110,0.06913921908165635
2598,-87.05889345146913,70,0.05648640215718212
2599,-31.119243709571837,26,0.028440242830954574
2600,-67.61240366291646,64,0.01806201831458301
2601,-87.69370210400842,84,0.01985861346241102
2602,-14.702699591244828,10,0.02939187244528011
2603,-13.810931454672687,12,0.008462296517162269
2604,-3.760190136639,0,0.014351870750530548
2605,-17.86543845745941,16,0.008479265715724446
2606,-199.0014203799615,158,0.15299037455209546
2607,-94.21606155842616,72,0.10998050276448577
2608,-101.37308682057413,100,0.010096226621868865
2609,-85.66205007711237,22,0.27921951788207205
2610,-36.80470563120272,34,0.01575677320900418
2611,-12.729213989948857,2,0.05311492074232111
2612,-54.04311005716203,42,0.07084182386565907
2613,-5.516789789081153,4,0.006711459243722009
2614,-45.943457607489165,42,0.022927079113308973
2615,-216.99565395907703,146,0.2350849468843622
2616,-63.32107848637548,56,0.039360637023522674
2617,-22.601938191451598,20,0.011720442303835971
2618,-89.97177394590244,86,0.018387842342142063
2619,-15.711149965373131,12,0.019129638996768793
2620,-26.39334745133853,24,0.01286745941579849
2621,-26.437097446389092,24,0.013691558687578868
2622,-41.65517501932422,40,0.009094368238044161
2623,-135.9718699334652,132,0.02720458858537862
2624,-61.87859135197052,52,0.04082062542136576
2625,-54.13957844146476,32,0.1015576992727742
2626,-31.543258470320005,26,0.036468805725789456
2627,-139.85224657620148,110,0.11846129593730706
2628,-54.2704443439318,50,0.021567900726928553
2629,-69.56261942356639,64,0.03520645204788876
2630,-89.22850924865678,86,0.01681515233675303
2631,-33.52686242991315,30,0.017459714999570015
2632,-78.73594995088867,54,0.14054517017550358
2633,-81.36397659600425,78,0.014016569150017694
2634,-146.55669112789735,130,0.08361965216109848
2635,-7.332174982946482,6,0.008764309098332012
2636,-104.84184911552066,36,0.4097729114019085
2637,-16.350448862544113,12,0.01611277356497821
2638,-26.487726386429188,22,0.022216467259550548
2639,-34.45236997410204,32,0.01167795225762876
2640,-41.51070829962921,36,0.0207169484948468
2641,-279.2203217869634,250,0.16415911116271548
2642,-21.43392291304254,14,0.04532879825025921
2643,-21.483573449220163,16,0.024700781302793285
2644,-107.44272435499892,102,0.018022266076153703
2645,-36.55232290685211,32,0.028812170296532352
2646,-52.344987850896985,50,0.012087566241737228
2647,-44.568638666804944,42,0.016053991667530514
2648,-74.18465609786809,6,0.2964550265124702
2649,-252.02669487637073,238,0.05701908486329471
2650,-105.1991161960419,98,0.02383813309947675
2651,-13.106681092683633,10,0.015690308548907284
2652,-55.19062828442039,50,0.02471727754485864
2653,-52.79738563736947,48,0.026359261743789032
2654,-26.348624568760673,24,0.011861740246266052
2655,-31.19184565078406,16,0.061755470125138594
2656,-73.22091607515507,54,0.10560942898436938
2657,-65.11510714339137,46,0.0632950567661963
2658,-72.55059717199384,66,0.030899043264121913
2659,-54.06137369606811,34,0.08573236622251314
2660,-39.10372234284462,34,0.029331737602554975
2661,-6.899662475379891,2,0.01814689805696254
2662,-28.448489425546242,6,0.11004161483110908
2663,-16.706572477080393,12,0.030562158942080586
2664,-19.268575949200223,16,0.015714307448078155
2665,-23.814715240986022,22,0.009073576204930303
2666,-446.9546582074543,440,0.030772823926787485
2667,-38.2616580342018,26,0.07476620752562085
2668,-27.512825308670095,16,0.04264009373581509
2669,-20.387123363426362,16,0.028122585662989474
2670,-27.579666610822027,26,0.009632113480622071
2671,-37.279088854492606,22,0.060631304978145395
2672,-20.708898999039736,18,0.00896986423523086
2673,-43.63869039616758,22,0.12436028963314665
2674,-67.0403186537699,64,0.022688945177386864
2675,-26.72070512842569,24,0.022300861708407366
2676,-119.1249720760458,86,0.13688004990101615
2677,-49.27259136958578,46,0.017594577255837615
2678,-99.4290750905659,96,0.02559011261616268
2679,-23.536742564514704,4,0.08140309401881118
2680,-61.99808096952008,58,0.019038480807238235
2681,-30.74753424888952,26,0.016599770101012285
2682,-58.72796527745003,30,0.17517051998445143
2683,-15.839216073314182,14,0.00859446763230932
2684,-42.97267150981939,40,0.011260119355376737
2685,-263.3471023969257,256,0.025161309578513782
2686,-136.49177095357567,134,0.012458854767877973
2687,-41.47630962119865,38,0.01952982933257701
2688,-111.00032043032425,108,0.012501335126352098
2689,-41.93279280744009,40,0.010504308736087532
2690,-64.92920022156623,60,0.021810620449408374
2691,-5.506905019940041,4,0.007534525099700168
2692,-42.97182087945388,22,0.12483226713960682
2693,-125.2431680657941,88,0.1807920779892924
2694,-82.01289270440894,76,0.023860685334955917
2695,-13.860002459915005,12,0.012236858288914569
2696,-199.51546088770158,198,0.007356606250978547
2697,-66.68642985269796,64,0.017909532351318914
2698,-55.347284792639854,52,0.019237268923217723
2699,-42.024825069633714,38,0.02756729499749139
2700,-49.291841625640195,46,0.01296000640015777
2701,-21.867418781154786,10,0.05028567280150324
2702,-21.123125056780744,18,0.014196022985366867
2703,-168.59622997639465,166,0.014109945523883246
2704,-42.63938340602203,14,0.1376893432981828
2705,-36.33016641216797,34,0.01099135100079245
2706,-24.423406294168846,22,0.012239425728125258
2707,-64.64646141870494,50,0.07960033379730898
2708,-44.89609353548976,36,0.03769531159105875
2709,-73.40880228910537,8,0.2422548232929834
2710,-46.070601200551465,42,0.024229769050901833
2711,-60.05621146655055,56,0.022534508147503247
2712,-20.499422507261873,18,0.011902011939342318
2713,-106.65804625121068,102,0.024010547686653512
2714,-103.72136433467895,92,0.054772730535884176
2715,-22.500464535719107,14,0.04722480297621731
2716,-47.82401068434865,22,0.08550996915347261
2717,-52.26032669948564,48,0.017041306797942544
2718,-43.9771526572206,40,0.020291595189901437
2719,-35.858198767269954,32,0.02411374229543741
2720,-84.90252099375549,82,0.010440722999120336
2721,-203.96125488092602,182,0.13072175524360696
2722,-124.92110164809363,120,0.02000447824428324
2723,-65.71930495030524,64,0.008109929010873845
2724,-64.22255804113557,60,0.02199248979758027
2725,-45.802099999515576,36,0.05698895348555511
2726,-25.741694034269813,22,0.018163563273154274
2727,-34.7886488991219,4,0.162045520521694
2728,-66.49026157255038,64,0.010642143472438081
2729,-88.17292181386259,60,0.093287820575705
2730,-5.709418924057346,4,0.0090926538513688
2731,-36.96667324905094,32,0.02560140850026291
2732,-1.9438108033036703,0,0.009719054016518363
2733,-50.39313821215861,44,0.02932632207412166
2734,-35.1126448444072,30,0.03117466368540945
2735,-17.1599732128097,14,0.014107023271471855
2736,-35.53396716502885,28,0.041395423983675246
2737,-68.80148532213906,66,0.016479325424347442
2738,-10.410703265905704,8,0.012555746176592367
2739,-34.276199033083266,32,0.011732984706614625
2740,-113.35049542981433,110,0.022638482633881404
2741,-215.92752676149078,202,0.07913367478119626
2742,-52.203364082859,42,0.05606244001570878
2743,-175.44800116934044,172,0.016737869754080377
2744,-10.414196084516231,8,0.01207098042258095
2745,-53.24071786534095,50,0.018206280142365187
2746,-223.06147548805478,216,0.03330884664176699
2747,-76.57746328436473,74,0.013150322879411251
2748,-58.266806558039235,54,0.02601711315877567
2749,-41.64332268635009,36,0.020901195134630433
2750,-25.280704968642777,22,0.021030160055402466
2751,-18.544208106872286,16,0.014621885671680107
2752,-63.3796513950781,58,0.019076777996731038
2753,-78.73938181726538,74,0.025480547404653858
2754,-197.79471154569558,164,0.1299796597911365
2755,-23.977376510033427,10,0.07279883598975735
2756,-22.660495957146363,20,0.014303741705087678
2757,-94.56570540965474,26,0.252079799300201
2758,-31.532197175260613,28,0.013082211760224557
2759,-103.70550096832265,100,0.014704368921916143
2760,-41.36001916781578,32,0.03656257487427984
2761,-35.91749492560912,30,0.03050255116293399
2762,-172.76691056942215,170,0.015544441401248763
2763,-16.387287537459944,6,0.0603912066131392
2764,-174.09242301721883,156,0.10642601774834679
2765,-59.281100256762514,56,0.015050918609002588
2766,-79.85527849104733,44,0.16754803033199642
2767,-7.923133876867513,6,0.012820892512450138
2768,-137.80698249458663,134,0.020249906886099466
2769,-99.72049072510781,98,0.011624937331810234
2770,-39.87725870191742,34,0.027986946199606788
2771,-61.89737921286664,48,0.08174928948745064
2772,-51.79825210793566,12,0.13178229174813136
2773,-72.96843515702345,70,0.01107625058590864
2774,-43.52713222505599,40,0.021506903811316876
2775,-30.74291885185948,26,0.01897167540743811
2776,-22.12386399550742,18,0.023431045429019567
2777,-37.96637346032683,30,0.05241035171267619
2778,-99.375187874943,92,0.024421151903785052
2779,-41.25539259178691,38,0.024293974565574233
2780,-21.01556160286202,18,0.014091409359168292
2781,-16.64734196069605,14,0.013370413942909557
2782,-48.17201918413036,44,0.02370465445528616
2783,-55.29517253966361,50,0.02974816033518846
2784,-16.06613479297875,12,0.019362546633232048
2785,-71.0591298242952,66,0.028106276801639775
2786,-29.67282304379687,12,0.09501517765482176
2787,-125.11180929738724,120,0.025559046486936042
2788,-73.2436768337597,28,0.14981349944953545
2789,-48.75497653547045,46,0.01861470632074629
2790,-25.600159700693922,24,0.012699680164237781
2791,-12.84435178713289,10,0.014080949441252044
2792,-41.60428401984373,38,0.013154321240305487
2793,-53.79172223640101,50,0.018586873707847656
2794,-17.174284706703663,14,0.01725154731904181
2795,-76.12844498220763,72,0.017493410941558398
2796,-26.83804599398422,24,0.013139101824000863
2797,-1.8723784691881213,0,0.007933807072831017
2798,-112.70541821549341,100,0.06108374142064152
2799,-103.67499663986383,96,0.037622532548353696
2800,-45.137377611148786,34,0.059241370272067946
2801,-103.29956508923067,100,0.0143459351705672
2802,-51.3578681137409,48,0.01805305437495114
2803,-8.576087378875435,6,0.01370259244082681
2804,-24.688603506355083,22,0.015815314743265287
2805,-22.38848923914108,16,0.05413973931475476
2806,-26.151915383353362,24,0.011325870438701695
2807,-81.80956265474813,78,0.019047813273739743
2808,-91.26164814514199,86,0.030239357155988383
2809,-26.44827223686799,22,0.017512882822315078
2810,-25.414840368130427,22,0.01918449645017114
2811,-33.131255838171455,30,0.016655616160486685
2812,-36.49111538994711,34,0.013687447197511974
2813,-19.168546236836765,18,0.007490681005363584
2814,-61.62573901290779,40,0.13687176590447936
2815,-30.586333164030872,4,0.08803421577493652
2816,-85.92643803490893,52,0.13791234973540173
2817,-238.98800317439063,234,0.021500013682718196
2818,-34.00488899042739,32,0.010778973066813455
2819,-107.92938282343364,88,0.10168052460935495
2820,-90.79030413802425,86,0.021973872192772588
2821,-48.302376705561336,46,0.009673851704039773
2822,-101.28193751517831,72,0.13072293533561782
2823,-68.64786909291671,66,0.01050741703538415
2824,-111.2537131168494,108,0.01610749067747308
2825,-38.681739973950535,36,0.012649716858257137
2826,-49.14840584996737,44,0.02278055685826327
2827,-141.49940444026635,134,0.05596570477810721
2828,-145.08698204433796,112,0.13129754779499356
2829,-86.0971387573659,84,0.01248296879384436
2830,-128.19118467089174,86,0.13970590950626338
2831,-65.48886106672104,62,0.020050925670807823
2832,-64.40197949914229,62,0.01264199736390811
2833,-70.377048781855,68,0.011319279913594674
2834,-114.72472019806398,108,0.02226728542405392
2835,-31.548508144357278,30,0.011911601110440623
2836,-16.31715355645501,14,0.009654806485229065
2837,-40.0541661047831,38,0.009510028262884496
2838,-13.115972607236223,12,0.006974828795226401
2839,-27.6068252176177,24,0.018216288977866833
2840,-5.375411737014912,2,0.016877058685074508
2841,-137.2248325672545,118,0.06365838598428697
2842,-11.379783329906886,8,0.018570238076411616
2843,-3.098442896025381,0,0.010259744688825782
2844,-31.344529532235395,30,0.00829956501379863
2845,-65.71016720420602,62,0.017019115615624428
2846,-109.55902030962471,108,0.008959886836923914
2847,-1.6253505130652726,0,0.009341094902673985
2848,-45.883237954188836,8,0.17869451865183428
2849,-15.242907244732612,12,0.011835427900484016
2850,-27.581394986078582,24,0.026726828254318047
2851,-31.269700631664023,10,0.12366105018409332
2852,-57.172532183588196,42,0.06539884561891521
2853,-179.52185479494563,178,0.006855201779034543
2854,-19.616144690037732,16,0.015722368217555592
2855,-32.61140766269578,30,0.008647045240714954
2856,-63.411189923163796,56,0.050075607588944186
2857,-58.340363053023154,54,0.040188546787251596
2858,-226.8682697858321,222,0.039903850703544706
2859,-39.02799737616618,24,0.07295144357362314
2860,-44.20592795410769,40,0.016959386911724886
2861,-15.192380441034118,12,0.01520181162397185
2862,-19.664819861706984,16,0.017619326258206496
2863,-131.79299899665173,128,0.022577374980072416
2864,-74.75018761684646,70,0.021397241517327095
2865,-37.32769625380364,34,0.03466350264378749
2866,-100.86835619018737,38,0.20817336486816948
2867,-34.03340802514376,32,0.011686253018068173
2868,-23.23107108873064,10,0.0726981927952232
2869,-35.49375526652657,34,0.012658942936666738
2870,-42.66647620877802,40,0.014491718525967865
2871,-46.4283701274199,42,0.016902176058854683
2872,-12.21353348286834,10,0.02088239134781446
2873,-44.75307916712826,40,0.03300749421616972
2874,-25.14145804498438,22,0.01586594972214335
2875,-39.208563133398805,36,0.02139042088932505
2876,-33.938703006823786,30,0.017741905436143405
2877,-59.79483310443197,56,0.02131928710355043
2878,-38.05828302857608,36,0.011966761794046817
2879,-243.79679229297145,240,0.02465449540890363
2880,-32.88147212372143,30,0.01735826580555096
2881,-31.688159422095694,24,0.02707098388061848
2882,-69.6432576670169,68,0.009444009580556023
2883,-52.01948347131361,48,0.019140397482446357
2884,-64.37823927999888,62,0.009363146771648357
2885,-67.97670980813999,64,0.022092832267444726
2886,-73.29411690292449,58,0.14428412172570168
2887,-97.54717578830969,76,0.0713482641997002
2888,-114.86990888015683,90,0.14459249348928346
2889,-196.37736701954591,92,0.3456204205945236
2890,-19.909684348050853,18,0.011788174987968445
2891,-104.25186375832365,102,0.012510354212910975
2892,-3.7688676092435065,2,0.009613410919801686
2893,-49.47908610116151,36,0.044632735434309484
2894,-2.6140336668890516,0,0.015023181993615213
2895,-31.606125221082106,26,0.028602679699398535
2896,-30.34709182424887,28,0.013185909124993811
2897,-222.0427731831218,148,0.2762790044146334
2898,-80.69424094911463,78,0.012589910977170535
2899,-64.28416939321846,46,0.08019372540885267
2900,-21.888997841163803,18,0.015808934313673785
2901,-17.812012072956094,14,0.01629064988442771
2902,-163.12641957004965,160,0.023684996742800696
2903,-35.81975190566373,34,0.012998227897598202
2904,-62.22671110516648,60,0.014649415165568572
2905,-82.47644664104864,80,0.015100284396637817
2906,-54.269701716734076,24,0.1780570689219648
2907,-32.27635556798528,30,0.014407313721425804
2908,-93.9070867412245,68,0.10531336073668528
2909,-20.656631597946795,18,0.010297021697468118
2910,-72.14744570620446,64,0.0363725254741269
2911,-45.22250543869443,42,0.014647751994066276
2912,-67.06479256059171,62,0.02910800322179181
2913,-15.86316347501673,12,0.013413762066030305
2914,-37.938023203404065,24,0.04615239471325854
2915,-35.89091477337385,32,0.029476627071014262
2916,-55.86529815769495,32,0.0858463962507012
2917,-21.756885239363136,20,0.008133727960014357
2918,-27.566635772559234,12,0.051545151564765614
2919,-105.36949621151419,100,0.04550420518232413
2920,-48.912116218911564,46,0.01775680621287549
2921,-64.11710035123208,34,0.09972549785176178
2922,-90.53776612574828,88,0.010400680843230502
2923,-29.93826407059623,24,0.021672496608015523
2924,-120.32086609385577,102,0.06066511951607842
2925,-19.29752294183988,16,0.010918950138542714
2926,-33.333976790399234,32,0.010587117384120976
2927,-31.969838614309822,28,0.017411572869779766
2928,-107.68011510672243,78,0.1426928610900117
2929,-20.086184371282155,18,0.007842798388278907
2930,-73.4369252337526,66,0.03233445753805464
2931,-71.50234897934102,10,0.26060317364127605
2932,-49.45105745413462,46,0.017788955949147357
2933,-71.94177475553917,68,0.01744148121919944
2934,-110.78399462981878,84,0.1455651882055381
2935,-25.82308304791369,22,0.016916296672184326
2936,-17.847504241940072,16,0.009827150223085323
2937,-41.476787418685795,38,0.016399940654178297
2938,-50.309528393587804,48,0.00824831569138496
2939,-36.562322862798375,34,0.013073075830604092
2940,-43.484799050375585,40,0.014519996043231636
2941,-38.75730988197965,34,0.015752681728409133
2942,-80.52536871529624,78,0.008362148063894643
2943,-120.32085535744896,78,0.21814873895592227
2944,-93.06955947508303,88,0.02668189197412173
2945,-76.55388079105624,72,0.02148056976913266
2946,-125.9576668213912,100,0.0882913837462285
2947,-30.551013311296607,28,0.01356921974093942
2948,-63.380150213419014,60,0.012246921063112884
2949,-17.710075529880793,14,0.018010075387770875
2950,-31.480147642130518,26,0.018389757188357714
2951,-21.62642776425186,18,0.01511011568438245
2952,-30.2427277932414,26,0.014048767527289376
2953,-22.550991642570487,20,0.010718452279707911
2954,-2.5977222549794807,0,0.013119809368583212
2955,-27.8714620053677,24,0.01826161323286639
2956,-58.16762069208932,56,0.009343192638315545
2957,-17.64220101472817,14,0.017180193465698455
2958,-10.286418768244308,8,0.012161801958746218
2959,-115.36483624138604,112,0.017167531843806934
2960,-216.95791647220568,210,0.03549957383778448
2961,-32.396066507473925,30,0.009433332706590246
2962,-87.5822186262344,84,0.018853782243340104
2963,-247.61341107168332,214,0.15855382580982635
2964,-280.7049580938822,276,0.02027999178397249
2965,-56.26409463510114,52,0.017767060979588578
2966,-115.0706177341524,112,0.017852428686931935
2967,-38.77708040554477,32,0.026893176212479154
2968,-18.731553451748443,16,0.012416152053401956
2969,-12.605047694177156,8,0.029145871482134
2970,-94.34186361464661,92,0.011593384230923013
2971,-42.25621559712534,36,0.023171168878242204
2972,-22.844819706814086,20,0.012700087976848568
2973,-50.20386493630639,30,0.08939763246153298
2974,-146.55494459682453,130,0.07883306950868574
2975,-15.686882601798317,14,0.012779413649987479
2976,-15.88629549643423,14,0.0071996011314285025
2977,-8.851919196033373,6,0.012084403373022804
2978,-187.42027658002345,182,0.026059022019343327
2979,-31.050628428853596,28,0.010666532968019738
2980,-36.81757195623388,34,0.01829592179372599
2981,-27.977494460917168,24,0.019887472304586085
2982,-65.88612949984244,64,0.009823591145013914
2983,-22.143572713168055,20,0.010305638044077005
2984,-49.09639280511139,38,0.06377237244316937
2985,-98.66395134334518,96,0.017525995679901926
2986,-207.2629712696884,204,0.018127618164934453
2987,-21.034214800798125,18,0.017438016096540998
2988,-44.82648369854892,38,0.03189945653527514
2989,-25.84191819122717,24,0.012615878022103936
2990,-71.5399807018245,66,0.02915779316749689
2991,-26.568741471801577,20,0.058649477426799344
2992,-28.693319847316335,26,0.010049700922821977
2993,-26.51661996519013,22,0.032261571179929345
2994,-49.914344096364125,46,0.013314095565864213
2995,-34.08476327509055,30,0.01807417378358611
2996,-17.201994438800238,14,0.015103747352831381
2997,-91.34342890634778,84,0.03864962582288408
2998,-37.06512056633784,34,0.021893718330983993
2999,-21.67823709460471,20,0.0118185710887653
3000,-103.66986263341714,76,0.15372145907453957
3001,-16.717725827068442,14,0.012582064014205481
3002,-36.508465518263236,34,0.013632964773169233
3003,-52.61054623715427,50,0.013456423902857497
3004,-120.05007779109437,96,0.07963601917580933
3005,-43.01085848710778,40,0.016363361342976952
3006,-131.82616895885513,36,0.3173051952279976
3007,-21.151906395116466,16,0.02164666552569942
3008,-2.1268232484343916,0,0.01074153155774946
3009,-26.404813040520093,18,0.06367282606454577
3010,-42.612530608666646,36,0.021895796717439336
3011,-16.01048002467705,12,0.022280444581539244
3012,-56.18431243154893,52,0.02404777259510869
3013,-41.84000046272443,38,0.026666669880030504
3014,-176.5617505197925,118,0.2524213384473838
3015,-66.92329900648032,48,0.07222633208580277
3016,-33.61576091907911,24,0.06497135756134487
3017,-75.72585904240114,70,0.026756350665426976
3018,-34.85907964611631,30,0.02479122268426727
3019,-50.692149380782226,34,0.08604200711743402
3020,-30.577792224882653,28,0.013859097983240082
3021,-90.46583291045026,86,0.017582019332481567
3022,-3.5626906361810526,2,0.008139013730109652
3023,-38.91425956902954,36,0.014718482671866002
3024,-76.17220414754564,72,0.021730229935133606
3025,-54.12467896525799,50,0.02904703496660485
3026,-54.81657711880855,38,0.11362552107303138
3027,-53.5118662746219,52,0.01095555271465218
3028,-67.68503792385843,64,0.02595097129477824
3029,-15.177839414822454,12,0.015889197074112158
3030,-17.141153322216994,14,0.014816760953853725
3031,-48.364294580511014,46,0.012711261185542834
3032,-27.85848215971441,24,0.015190874644544397
3033,-47.828183914016584,44,0.03300158546565975
3034,-83.29577807804215,82,0.01117050067277729
3035,-21.893535283087463,18,0.0231758052564723
3036,-19.57987078584612,18,0.011284791327472201
3037,-31.32107594499152,28,0.015519046471923191
3038,-89.45735722129646,38,0.18118787753977625
3039,-57.839124390595245,54,0.0166918451765011
3040,-33.844723947811666,18,0.07767021543044937
3041,-43.38791692809642,42,0.006672677538924919
3042,-6.302988727578129,4,0.010100827752535697
3043,-58.34746080573942,54,0.01976118548063327
3044,-74.88540648526943,62,0.050333619083083904
3045,-30.321972834315343,28,0.011727135526845714
3046,-23.498105072309983,20,0.018411079327946996
3047,-11.575894887889373,4,0.025252982959631326
3048,-15.388419762029782,14,0.007307472431735857
3049,-9.457881909982566,8,0.007289409549912814
3050,-75.96863247585893,28,0.2578958735261237
3051,-31.848943591847462,30,0.01113821440871989
3052,-106.5061188282441,102,0.02714529414604813
3053,-29.836140533144594,26,0.017437002423384626
3054,-10.343253935767457,8,0.020554859085679448
3055,-210.93084121016767,204,0.038937310169483895
3056,-51.35117082984947,48,0.011555761482240013
3057,-63.2276180423085,60,0.016138090211542513
3058,-76.29509595156213,64,0.04359963103390882
3059,-30.976361041747577,26,0.03504479606864497
3060,-264.9837241742139,260,0.031946949834704925
3061,-45.65573106089143,42,0.012105069738051215
3062,-15.900423045461174,14,0.00760169218184474
3063,-144.1876492778725,102,0.1396942029068627
3064,-93.34695416779235,88,0.023047216240484628
3065,-431.7594499353486,380,0.17486300653833486
3066,-14.161345931379293,8,0.02567227471408042
3067,-78.60229885804728,68,0.04691282680551859
3068,-32.36766003697124,30,0.009703524741685295
3069,-11.322541224306207,8,0.012878066760876859
3070,-86.38724290015891,84,0.015302839103582265
3071,-46.1593462755671,44,0.014021729062124061
3072,-41.8523681438063,22,0.06573631835697451
3073,-61.99100976818007,24,0.13377116115556378
3074,-33.79093208219384,30,0.01895466041096986
3075,-70.64298251338353,68,0.011905326636862374
3076,-15.639731659703973,14,0.009009514613757916
3077,-64.79711181878828,52,0.042374542446318386
3078,-254.72238149242168,194,0.2010674883855019
3079,-87.67089420497027,84,0.01456704049591336
3080,-16.91948080310523,12,0.01628967153346109
3081,-53.762201767980926,52,0.013150759462544154
3082,-26.975396400982312,24,0.010938957356552332
3083,-82.85869969392884,80,0.00992604060391913
3084,-59.01352365727786,46,0.067778769048322
3085,-44.235667845356225,42,0.011067662600773171
3086,-157.7649215612976,154,0.020916230896097662
3087,-51.74367974363292,48,0.0217655799048425
3088,-20.818684341506653,18,0.025624403104606095
3089,-64.63815964766788,62,0.02029353575129273
3090,-55.77102772466992,52,0.017957274879380605
3091,-28.84251110091775,24,0.01952625443918453
3092,-59.56592669678279,12,0.21234788703920862
3093,-40.337837288460925,36,0.022131822900311064
3094,-112.44562083061099,106,0.03465387543339159
3095,-1.447834265655507,0,0.006294931589806549
3096,-56.30500334478359,24,0.1313211518080635
3097,-18.522334480239113,14,0.016151194572283013
3098,-10.335948378733452,8,0.012166397805903388
3099,-52.364448231706206,48,0.018812276860802217
3100,-67.06224114119416,66,0.009002043569442241
3101,-66.44318061198176,60,0.057528398321265356
3102,-38.93834074117911,36,0.012042380086799667
3103,-8.516227076409589,6,0.019355592895458695
3104,-32.50817418966507,28,0.026210315056191907
3105,-129.36539409256912,90,0.20939039410940924
3106,-38.226501947101646,34,0.014987595557098202
3107,-171.30442868173944,166,0.02625954792940227
3108,-1.5076308412364483,0,0.006915737803836926
3109,-54.03160709279664,40,0.0632054373549401
3110,-131.8924224463872,100,0.15332895406917024
3111,-48.7581371760786,46,0.015495152674598544
3112,-90.8476314489408,88,0.01530984649968115
3113,-23.12792679823616,20,0.01579761009210148
3114,-105.52068777499021,86,0.07450644188927397
3115,-59.77375972693897,38,0.09385241261611607
3116,-58.77256540914866,54,0.025937855484504262
3117,-38.251686974952165,32,0.030948945420555183
3118,-15.963733703650929,14,0.015585188124213627
3119,-36.30208202545334,34,0.010009052284578974
3120,-3.6138861614860596,2,0.006353882525535631
3121,-31.25815634746613,12,0.06376872962737115
3122,-64.66724080268835,42,0.09941772281880826
3123,-195.6927435350099,154,0.13805544216891094
3124,-82.81640956464783,80,0.015646719803597553
3125,-81.04286884642102,64,0.08969930971800531
3126,-61.645672154784634,60,0.010034586309662322
3127,-26.61083142695161,6,0.06824778618195881
3128,-37.70656103723399,34,0.013429568975485447
3129,-33.66573184466822,30,0.022627974349804333
3130,-52.08380216015825,36,0.10867433891998776
3131,-49.35732866524257,44,0.02678664332621264
3132,-37.47574831032708,28,0.044279197711808806
3133,-61.86064656480798,52,0.04651248379626324
3134,-19.73970116229124,16,0.019276810114903748
3135,-99.36234615069081,90,0.05144146236643297
3136,-40.0361861517337,26,0.06880483407712597
3137,-59.3879010613742,54,0.031693535655142324
3138,-28.566209134372507,26,0.01222004349701173
3139,-51.92437706793818,48,0.022297596976921713
3140,-54.39487165227851,48,0.047722922778197376
3141,-14.689159787857522,10,0.015527019165091135
3142,-72.65182668127619,70,0.014570476270748648
3143,-37.53236786928263,28,0.034537564743777865
3144,-28.90131611157617,26,0.014955237688537255
3145,-44.131699104434894,42,0.012393599444388071
3146,-27.09072346132944,22,0.03066700880318948
3147,-267.40138690621944,232,0.17525439062484904
3148,-70.2687083010216,66,0.023454441214403605
3149,-67.81831741006157,58,0.03927326964024611
3150,-27.99674043210831,26,0.00978794329464845
3151,-23.42047181079449,20,0.020856535431673325
3152,-38.164547276204,36,0.01288420997740522
3153,-191.84598627525108,130,0.31554074630229895
3154,-10.224726066833721,8,0.009843920649706683
3155,-15.64743317250526,12,0.018056599863887433
3156,-232.59688539332055,224,0.05242003288610014
3157,-54.58070677930298,20,0.14652841855636825
3158,-73.45287010547581,68,0.029316505943417386
3159,-69.67960898392701,66,0.012184135708367391
3160,-32.82883534575064,30,0.012193255800649753
3161,-235.66269045197578,214,0.07173076308601262
3162,-69.40323961139556,68,0.010630603116633565
3163,-12.974430034497617,10,0.015654894918408525
3164,-14.707899089579659,12,0.012421555456787378
3165,-148.13497080130304,144,0.026506223085274786
3166,-78.71706943581547,70,0.05587865022958622
3167,-38.38264278844252,30,0.03380097898565499
3168,-186.07655949820204,176,0.03336609105364722
3169,-73.25779546414775,58,0.06410838430314236
3170,-85.82901821585297,78,0.030582102405675604
3171,-68.53895840745913,44,0.09511224188937643
3172,-72.13199578013493,32,0.13288740324547926
3173,-59.07834046272699,56,0.011153407473648295
3174,-38.84552083723494,36,0.018477408033992667
3175,-19.658814916721674,16,0.019256920614324966
3176,-34.085996774566595,20,0.061780687607748214
3177,-71.43801283956479,66,0.01800666503167113
3178,-46.15795959917516,40,0.03174205978956195
3179,-35.7221273922368,28,0.03416870527538398
3180,-28.79169267265608,20,0.03232239953182362
3181,-134.3966268117895,130,0.023386312828668064
3182,-47.333188089488516,16,0.10375227844201516
3183,-139.5748839004737,110,0.11035404440475273
3184,-48.923979930183734,46,0.010152708090915586
3185,-39.103672897707014,32,0.04553636472889083
3186,-42.545608361931265,22,0.09783623029491086
3187,-45.14447205358441,42,0.011733104677553985
3188,-397.1683230153429,366,0.1256787218360598
3189,-2.189991322018994,0,0.007765926673826236
3190,-79.45807446848075,76,0.021346138694324723
3191,-50.901986375353474,48,0.014087312501716315
3192,-15.687172632039822,14,0.01054482895024888
3193,-48.174152136123546,42,0.022533401956655385
3194,-84.69106577975262,64,0.13435756999839418
3195,-119.09685382146249,116,0.020374038299095742
3196,-11.2916643544185,8,0.015526718652917446
3197,-27.10779513050826,16,0.06856663660807583
3198,-74.56211345849023,68,0.0217288525115568
3199,-14.462267894900629,6,0.03616353801239591
3200,-67.66262576636824,52,0.14502431265155777
3201,-96.05603130080353,78,0.0678798169203133
3202,-21.371106728030846,8,0.04427518784116184
3203,-73.5453447244,44,0.16980083174942545
3204,-19.83467479959327,14,0.02226975114348576
3205,-21.167428947222888,18,0.02363752945688699
3206,-23.304453360867708,20,0.018564344723975595
3207,-107.46821064824147,102,0.023569873483798888
3208,-21.124630684239477,18,0.011403761621312002
3209,-67.05331575370218,62,0.028073976409455637
3210,-221.86552151775186,186,0.17755208672154169
3211,-69.95368916244468,68,0.009768445812222793
3212,-21.594960200411315,20,0.006431291130690891
3213,-48.29930989330068,46,0.010949094730003021
3214,-96.69827460614961,94,0.010968595959957722
3215,-86.11120013038409,82,0.01618582728497716
3216,-50.67892486492103,48,0.015945981338815866
3217,-32.629469012546885,30,0.018010061729773437
3218,-13.079724053658834,8,0.04792192503451758
3219,-126.08928998384476,94,0.19330897580629372
3220,-159.86141175260428,158,0.011633823453777187
3221,-24.127282601263087,8,0.07199679732706729
3222,-21.79758360693212,18,0.013961704437250625
3223,-51.65896196071471,48,0.025409458060518662
3224,-8.452572792168603,6,0.0123867312735789
3225,-93.81786648467178,30,0.33238472127433244
3226,-136.12206593631439,130,0.031235030287317524
3227,-131.5966579307607,128,0.015240075977799864
3228,-80.54568949451935,60,0.07036195032369671
3229,-207.41362482909432,204,0.019846655983106695
3230,-41.70804966114694,38,0.014152861302087408
3231,-130.99912632182665,122,0.03408759970388858
3232,-28.667702866411922,26,0.016673142915074497
3233,-92.59140046666073,76,0.061908210696495165
3234,-103.98549285646783,44,0.2307134340633378
3235,-17.555352542007434,16,0.009970208602612014
3236,-37.804262641416756,34,0.01794463510102281
3237,-71.67314286187268,28,0.17194150733020816
3238,-36.48991956809083,34,0.013988312180285335
3239,-18.46122905666674,16,0.009322837335858827
3240,-24.444982299288597,20,0.02291227989324041
3241,-369.36420187229754,322,0.1780609092943493
3242,-303.397331404949,294,0.03454901251819658
3243,-25.99979480741401,22,0.021275504294755405
3244,-9.986243605260444,4,0.032891448380551885
3245,-74.23424832528107,68,0.025761356716036545
3246,-45.611376962403575,42,0.023759058963181118
3247,-54.23959512870874,44,0.04530794304738352
3248,-59.801891855726694,54,0.034128775621921716
3249,-356.493915203903,350,0.02335940720828447
3250,-30.68335993620908,28,0.013975833001089141
3251,-24.276890069479244,22,0.010444449859996907
3252,-102.69649724316778,94,0.03269359865852461
3253,-92.52006710489364,90,0.009692565788052988
3254,-69.34734986104066,64,0.02010281902646911
3255,-73.42335096087153,70,0.015420499823745545
3256,-50.36781930760891,46,0.026961847577832963
3257,-50.447920133700244,48,0.01176884679663517
3258,-13.834360621337538,12,0.00881904144873802
3259,-46.67107455842114,44,0.01483930310234002
3260,-46.44347088794213,44,0.01586669407754584
3261,-93.11897821569295,66,0.1383621337535368
3262,-23.451821012212953,10,0.04982155930449229
3263,-33.13345946744333,28,0.016998210157096984
3264,-31.19220346208905,28,0.012372881636004028
3265,-22.590684166264477,20,0.023551674238767948
3266,-62.84561863502735,60,0.01801024452548906
3267,-52.60059515818339,46,0.039762621434840315
3268,-206.0257131960427,200,0.02842317545303002
3269,-220.6594543426168,196,0.1284346580344628
3270,-66.18126407046579,16,0.16616312606114497
3271,-73.42880440414264,70,0.011353656967360687
3272,-23.663726458561374,22,0.007494263326852847
3273,-13.94544597228653,10,0.02435460476720094
3274,-9.036420816859668,6,0.011954412664801685
3275,-25.815021253460184,12,0.09334473819905562
3276,-12.233884393414005,6,0.028080560330693637
3277,-24.24186065691066,22,0.010882818722867263
3278,-34.134601992437325,10,0.14538916862914059
3279,-66.4071480904905,62,0.025040614150514864
3280,-84.2043477409514,78,0.02954451305215022
3281,-76.77633579669471,74,0.009193164889717335
3282,-50.449688281695686,46,0.02648623977199839
3283,-29.53181357014828,18,0.03818481314618601
3284,-70.45431583652311,44,0.13360765574001499
3285,-11.755529727948103,8,0.015913261559101926
3286,-31.80775642328137,26,0.02819299234602578
3287,-76.68004142860141,74,0.014408824884953483
3288,-42.7824717664682,4,0.12927490588822732
3289,-57.13815525625452,54,0.01913509302594329
3290,-13.727759033452465,4,0.03221112262732611
3291,-241.15585240801968,236,0.024092768261774568
3292,-42.54401528979804,36,0.021668924800655496
3293,-181.68186897484918,180,0.00800889988023442
3294,-55.528295937658164,52,0.013890928888417623
3295,-51.88948096833413,46,0.03235978554029728
3296,-129.30599821852047,78,0.2397476552267315
3297,-38.00402748017702,36,0.013184391316953323
3298,-95.66112096552551,94,0.00874274192381894
3299,-4.233241385301964,0,0.02432897347874693
3300,-38.488109421499686,36,0.012317373373760451
3301,-40.025696086010335,38,0.008583457991569088
3302,-61.73070694413869,58,0.020057564215799652
3303,-25.330398046868087,22,0.014607008977491363
3304,-34.26206227859061,28,0.03261490770099291
3305,-44.25447177247786,42,0.017079331609680563
3306,-47.93607313923152,44,0.024000445970924243
3307,-37.04776497212527,32,0.02969273513014798
3308,-22.364436904587166,18,0.017741613433280783
3309,-30.10143472182825,26,0.017527498811231744
3310,-34.85763049460897,30,0.018828025172902985
3311,-83.83778085093266,78,0.026296310139336025
3312,-69.60504026917256,56,0.11728482990665916
3313,-69.60032335099591,62,0.04000170184734723
3314,-189.83006169493424,188,0.012534669143387307
3315,-104.64721718849972,100,0.03809194416803008
3316,-30.677828136658473,28,0.011251378725456056
3317,-61.038258593176145,58,0.018525967031561834
3318,-192.87986477321036,130,0.22457094561860788
3319,-2.295670687140086,0,0.009331994663171072
3320,-63.38323349309314,60,0.01966996216914602
3321,-28.509188144477967,22,0.03099613402132351
3322,-46.0656556390949,44,0.012009625808690668
3323,-30.900829664656744,26,0.02248087002136141
3324,-193.91480466176046,186,0.04165686664084226
3325,-23.083284859590222,20,0.01125286445105949
3326,-30.345642509923195,26,0.019228506681075935
3327,-0.9502438546130547,0,0.006014201611475015
3328,-79.44301293688528,76,0.014840573003815423
3329,-282.1635511048404,252,0.15389566890224607
3330,-137.21271448307488,134,0.011725235339690719
3331,-5.909740106814093,4,0.009454158944624251
3332,-45.310323678109846,42,0.017797439129623196
3333,-48.66800304608182,44,0.02141285800954937
3334,-169.0964350349247,166,0.015031238033612924
3335,-132.27912574908243,74,0.20377316695483527
3336,-13.378524881022773,12,0.009069242638307886
3337,-39.09714231344478,36,0.018657483815932827
3338,-33.056267604954805,32,0.007041784033032284
3339,-27.29610723007492,16,0.05883389182330683
3340,-67.15356162055917,36,0.10315748880979934
3341,-62.50157768283928,58,0.023692514120207262
3342,-39.890776917585995,32,0.030584406657310523
3343,-129.44659665417427,34,0.3160483332919682
3344,-7.6218008636780565,4,0.011992718091649151
3345,-107.48598466288757,104,0.022063194068909938
3346,-75.30581554521854,68,0.04401093701938848
3347,-14.588654615860076,12,0.014877325378505966
3348,-28.163313597867436,26,0.019666487253339904
3349,-3.5351792306174277,2,0.00852877350343014
3350,-38.20143380032372,4,0.22208723246963435
3351,-92.66416007623454,68,0.08166940422594206
3352,-111.02326156010827,100,0.07066193307761667
3353,-311.2962673045017,308,0.014086612412400269
3354,-85.57873184298163,80,0.029361746542009234
3355,-3.2680112096212737,0,0.010821229170931373
3356,-188.1688107870123,78,0.3647973867119614
3357,-329.62903519149637,326,0.024520508050648888
3358,-138.29251836355812,136,0.00759112040913225
3359,-118.30355272501112,114,0.025925016415729186
3360,-70.06291620006195,68,0.008524447107694242
3361,-115.70502008888539,114,0.010656375555533821
3362,-35.68843232811647,22,0.09005547584287137
3363,-8.27665580536866,6,0.01517770536912435
3364,-26.660735351123975,22,0.02137951995928431
3365,-44.08500585830457,42,0.023166731758939553
3366,-23.844511282448128,22,0.009916727324990071
3367,-94.41398252071798,90,0.023989035438685576
3368,-59.977341769644475,56,0.013346784461894086
3369,-115.2014097932468,104,0.0509154990602127
3370,-38.2743233358252,30,0.035975318851414174
3371,-35.855483523726306,32,0.024714637972604727
3372,-43.38532185226,24,0.10890630254078655
3373,-33.69485557104189,32,0.009853811459545173
3374,-19.969494958739947,16,0.013144023042185777
3375,-11.546569112720972,8,0.012943682893142183
3376,-63.92126738440222,62,0.010219507363841982
3377,-2.3300902100341387,0,0.01618118201412595
3378,-98.1645685817872,94,0.024212608033646756
3379,-16.86182691493065,14,0.01811282857551031
3380,-34.72007565776768,32,0.012477411274163458
3381,-47.847957399576444,42,0.019364097349590485
3382,-22.561153406909433,20,0.013201821685100569
3383,-32.40841221213087,28,0.021400059282188934
3384,-15.767448074228056,14,0.009502409001226097
3385,-247.64446930084483,246,0.009135940560250145
3386,-30.083121244308053,28,0.0150950814804936
3387,-47.6077755135365,44,0.014547481909421192
3388,-31.304506849899298,24,0.03203731074517228
3389,-95.41051127766241,92,0.015789404063251418
3390,-29.053668766782433,26,0.014823634790205886
3391,-25.80021134983679,22,0.01596727457914608
3392,-46.40806921693121,42,0.017085539600508876
3393,-52.219898649903364,46,0.02613402794077044
3394,-22.25349829428289,6,0.10418909163001845
3395,-25.022512008197584,20,0.024146692347103836
3396,-41.56956681757426,14,0.15488520684030427
3397,-48.37500913420704,46,0.011202873274561901
3398,-30.933022317137176,28,0.016856450098489413
3399,-81.54607585830752,52,0.0978346882725416
3400,-99.76630216861612,80,0.10403316930850746
3401,-24.746914489132664,22,0.021460269446348823
3402,-56.18109742607234,52,0.019004988300328377
3403,-28.66723537834331,26,0.0180218606644816
3404,-54.999254923773904,50,0.02358139114987692
3405,-122.39409882625463,118,0.021125475126224768
3406,-64.34347801869163,60,0.01856187187475061
3407,-45.724110710220415,32,0.0807300630012965
3408,-61.67498883710086,40,0.09942655429862783
3409,-218.2418939025688,212,0.03320156331153517
3410,-51.0055695437192,42,0.036608006275280776
3411,-5.002047774068464,0,0.027185042250372042
3412,-78.41475093899945,62,0.09221770190449088
3413,-33.16566928482116,30,0.02029275182577691
3414,-36.533177578759506,32,0.019709467733736774
3415,-38.264351993563075,34,0.014504598617561912
3416,-106.4923864913266,104,0.011756540053428017
3417,-22.879098670473173,20,0.017343967894416626
3418,-64.6988083059902,56,0.02880400101321251
3419,-32.656629796060834,30,0.014596867011323518
3420,-32.61467912873175,28,0.02592516364456027
3421,-19.666339725632074,16,0.012140197766993611
3422,-57.571726712887056,54,0.01920283178971545
3423,-51.39225914262924,44,0.039320527354411536
3424,-85.73320057565573,70,0.05209669064786686
3425,-52.10154659690387,50,0.01061387170153506
3426,-25.40388675133249,10,0.05100624752096845
3427,-98.2690455342693,64,0.24832641691499396
3428,-241.55513774973443,238,0.023085310063209675
3429,-74.1839953025553,72,0.0095789267655922
3430,-81.10388501559835,68,0.04339034773376861
3431,-56.593974018297914,50,0.02289574311909002
3432,-48.054372065907216,20,0.13233194370710932
3433,-29.942639797748235,24,0.027769344849290858
3434,-135.16857564987382,88,0.1561873365889858
3435,-245.08219983635436,242,0.01413853135942545
3436,-2.211377298318479,0,0.02571368951533116
3437,-47.64261664777812,40,0.05382124399843711
3438,-61.1120883929654,58,0.012349557114941697
3439,-10.044965781382382,6,0.024077177270133334
3440,-174.30665893352,172,0.010581004282200664
3441,-220.38069210673342,178,0.2492981888631391
3442,-38.910753173427324,36,0.0189009946326446
3443,-47.52184965896207,44,0.013240036311887892
3444,-23.217788297662423,20,0.010944858155314208
3445,-100.28286657787795,98,0.015018859064986874
3446,-103.27400946664446,84,0.09935056426105365
3447,-67.83133271871107,62,0.020826188281111446
3448,-24.184304168489675,14,0.04629229167495327
3449,-277.44539652713297,264,0.047011875968995503
3450,-27.46135975395296,22,0.020531427646439768
3451,-23.76759380173627,20,0.015315421958277531
3452,-40.63549810456644,36,0.02695057037538609
3453,-54.52168005954572,48,0.022644722428978043
3454,-66.20346202472287,54,0.07095036060885386
3455,-91.24653693113453,84,0.03235061129970795
3456,-49.789011726592825,46,0.0175417209564492
3457,-51.489156683685586,46,0.034307229273034756
3458,-96.51334622127608,86,0.04454807720879639
3459,-37.170332314349885,28,0.03473610725132535
3460,-105.03830318248598,62,0.24453581353685197
3461,-29.871533100505836,26,0.020593261172903256
3462,-39.84303432448268,36,0.022086404163693278
3463,-15.208572163782389,12,0.015575593028069986
3464,-100.6009530928112,98,0.008787003691929703
3465,-80.4389377163411,78,0.022582756632788154
3466,-192.7478956569116,188,0.02552632073608442
3467,-36.556642583376785,34,0.01638873450882474
3468,-202.04948020201053,164,0.17295218273641125
3469,-104.0987032778414,28,0.2860853506685764
3470,-38.63836787690149,30,0.045948765302667685
3471,-125.12267475559801,116,0.03649069902239145
3472,-160.11642533415161,144,0.07325647879159897
3473,-88.73654097928686,86,0.01554852829140212
3474,-36.587208053316154,34,0.014700045757478375
3475,-52.18917102899725,50,0.012028412247237427
3476,-14.7900097305558,14,0.007053658308534011
3477,-170.5402824362052,114,0.18721947826558016
3478,-14.366424929475631,6,0.04183212464737808
3479,-276.32127206918625,224,0.37372337192276145
3480,-52.837727295098645,50,0.011442448770559428
3481,-85.60528592010034,82,0.027732968616156428
3482,-83.03991341937994,34,0.22915847392233696
3483,-65.39599064389193,64,0.008211709669950846
3484,-32.801859807335106,30,0.013342189558738518
3485,-153.3504255659498,110,0.14846036152722591
3486,-11.4963932034329,10,0.010110764888059912
3487,-21.05961154939054,18,0.011416461005188833
3488,-83.62092969018777,78,0.018612349967509018
3489,-25.827474830177465,24,0.010266712529086798
3490,-22.287994718514824,18,0.027844121548797524
3491,-317.2481271395584,288,0.09684810311112126
3492,-66.8945833502362,58,0.04276241995305985
3493,-121.97140374773713,104,0.06071420185046377
3494,-48.221357567707365,44,0.013978005191083814
3495,-13.281667750698261,10,0.015334896031300197
3496,-38.88538029821272,36,0.017174882727456466
3497,-12.071615499981517,10,0.009086032894655833
3498,-76.1368304596664,72,0.021323868348795703
3499,-33.066897430201024,30,0.0207222799337902
3500,-44.88610244470468,42,0.015857705740135685
3501,-51.540537451341876,34,0.09744743028523285
3502,-97.21097653883186,94,0.025085754209623824
3503,-84.09642964488789,82,0.0113936393743913
3504,-42.743647395874405,20,0.10830308283749701
3505,-14.372072772002252,12,0.010881067761478366
3506,-142.09056843186386,126,0.0874487414775216
3507,-11.466912947300104,8,0.02222380094423158
3508,-101.58943252182488,94,0.04865020847323627
3509,-12.71196200063167,10,0.015585988509377365
3510,-108.58579750240038,94,0.06570179055135368
3511,-51.20838036972262,46,0.02770415090278033
3512,-27.934704683262325,24,0.018736688967916335
3513,-12.520800239607704,10,0.012861225712284277
3514,-13.906806360910345,2,0.07731692442149563
3515,-90.56133827693147,78,0.05414369946953214
3516,-36.74854808761007,34,0.018323653917400044
3517,-219.56944215764952,208,0.04861110150272866
3518,-12.11516079255519,10,0.012442122309148276
3519,-102.41492498831731,98,0.021641789158417784
3520,-277.5055692767315,264,0.056273205319714706
3521,-37.1264662494706,34,0.01796819683603818
3522,-79.01371426757584,76,0.009979186316476638
3523,-45.12968601260968,44,0.008825671973513156
3524,-243.8145927127448,190,0.1818060564619746
3525,-26.795469990783097,22,0.023977349953915664
3526,-52.361084478131296,42,0.06475677798832208
3527,-103.46153857837376,36,0.22338257807408607
3528,-46.11003657202691,36,0.03610727347152435
3529,-8.890287235283038,8,0.005857152863704292
3530,-51.71250361617181,40,0.09009618166286033
3531,-87.72017506977505,84,0.03100145891479286
3532,-107.36147608805403,104,0.01377654134448429
3533,-68.92721080746288,28,0.1355205655876257
3534,-46.919681544130164,44,0.01081363534862986
3535,-74.61460488814923,46,0.1233388141730559
3536,-34.50176863314402,32,0.008809044482901318
3537,-253.5683280317903,238,0.051550755072154376
3538,-184.50206696101773,182,0.014056555960773296
3539,-56.363090736419245,54,0.011934801699086485
3540,-24.592833809129466,22,0.01580996225078942
3541,-21.273681789867698,18,0.010840005926714219
3542,-81.95666895783805,80,0.010190984155407612
3543,-118.36241169631536,74,0.15192606745313544
3544,-52.28867618580093,48,0.022336855134379663
3545,-53.31351987184837,50,0.03068073955415059
3546,-194.6122856195355,180,0.048385051720314924
3547,-26.139075654745678,22,0.021784608709187823
3548,-68.62253848101955,62,0.0367918804501084
3549,-41.656640263862485,40,0.008283201319312948
3550,-17.45010994200557,14,0.020783794831358924
3551,-158.64547067106105,134,0.08160751877834745
3552,-282.9349459869273,280,0.01726438815839654
3553,-22.6171004043088,18,0.018177560646884694
3554,-136.31738725382326,134,0.01016397918343383
3555,-31.246381092037936,28,0.0200393894570243
3556,-46.43834371220863,44,0.008585717296508867
3557,-123.01855924314032,120,0.013597113707839574
3558,-80.45040067503099,72,0.050300004018042264
3559,-32.72823612594143,32,0.007139569862170857
3560,-14.114751281256975,10,0.014287330837697884
3561,-66.7684957136434,62,0.017661095235716556
3562,-100.1741725365641,78,0.11199077038668669
3563,-399.183375522647,394,0.0176305289885939
3564,-151.63731888000598,150,0.012403930909134721
3565,-158.44704284619786,146,0.06620767471381983
3566,-143.81332165442234,26,0.3901103366040474
3567,-141.43105865650347,138,0.016338374554777886
3568,-20.801740377637717,18,0.02030246650462099
3569,-34.7806550926758,28,0.04913518183098363
3570,-26.20553244986093,18,0.03308682439460056
3571,-45.13039885356117,14,0.16213749402896468
3572,-12.055090795493033,10,0.011810866640764485
3573,-200.464223273425,192,0.04978954866720585
3574,-87.82550000615754,48,0.15200572521434144
3575,-109.66789808655591,80,0.09823807313429088
3576,-86.07585736745054,82,0.03041684602575084
3577,-78.4736012815323,76,0.010662074489363484
3578,-55.6529681388394,52,0.01826484069419759
3579,-177.99450596580633,176,0.00977699002846169
3580,-50.7008426907997,46,0.025273347799998423
3581,-18.980220946914063,16,0.014608926210363268
3582,-138.11322042414622,120,0.09433968970909411
3583,-11.623713280302509,8,0.011999050597028134
3584,-50.2871741593004,44,0.020957247197668318
3585,-114.49128060840329,112,0.015969747489764877
3586,-63.56624132646751,48,0.08023835735292541
3587,-24.583319514014224,20,0.015176554682166055
3588,-58.01991019676558,54,0.018961840550781397
3589,-60.41322657694242,58,0.012439312252280689
3590,-120.89847817451762,116,0.021297731193554846
3591,-36.019345205027996,26,0.05445296307080474
3592,-17.130207257017656,0,0.09959422823847476
3593,-96.70650926459224,92,0.021011202074071006
3594,-16.99001993900272,14,0.012888016978459952
3595,-18.957549795037377,16,0.011736308710465862
3596,-21.550799783282894,18,0.015305171479667659
3597,-31.357567546804876,28,0.02238378364536532
3598,-45.705169843181956,44,0.007225295945685128
3599,-7.829004499138954,2,0.025792055305924527
3600,-33.6820625382284,30,0.015090420238640696
3601,-4.360896866119251,2,0.013116093700662499
3602,-8.737414331915756,6,0.017108839574473452
3603,-72.32247578564028,68,0.02635655966853779
3604,-30.057263462509205,28,0.011429241458384741
3605,-99.74573824507716,66,0.11174085511614952
3606,-92.57296226268302,90,0.011186792446448147
3607,-55.46285594261076,40,0.09095797613300448
3608,-301.5903944955833,298,0.01662219673880899
3609,-268.8885430114861,254,0.08862227983027658
3610,-11.161699136576951,6,0.029327836003278228
3611,-64.00747950637964,58,0.02634859432622615
3612,-9.379441175266505,6,0.015361096251211275
3613,-52.52176820115893,4,0.1837945765195412
3614,-98.0933595655308,74,0.1524896175033599
3615,-42.94770390213941,40,0.01567927607520985
3616,-41.697730503432055,38,0.01621811624312344
3617,-66.75430073527733,52,0.0488553004479384
3618,-71.61365396557008,50,0.07204551321856728
3619,-72.95883183668356,70,0.012977332617032556
3620,-23.259526079724036,22,0.009996238727968754
3621,-3.9936403360753316,2,0.013116054842600852
3622,-111.41461096140327,86,0.08415434093179824
3623,-91.4298485929485,40,0.1702975118971809
3624,-28.916489632963486,26,0.013137340689025117
3625,-51.25037821049889,38,0.05662554790811479
3626,-31.409979147865183,26,0.026519505626790188
3627,-20.26815265986378,16,0.027715277012102607
3628,-131.7865661216073,96,0.1454738460227943
3629,-3.6752316473826507,0,0.01557301545501121
3630,-92.93155411997284,90,0.01511110371120094
3631,-171.78202609586629,170,0.009900144977035907
3632,-61.44678280767934,32,0.10154063037130823
3633,-14.078094796794922,12,0.010602524473443262
3634,-97.888131495316,92,0.022303528391348602
3635,-115.14413717914013,72,0.1428613813878821
3636,-145.58490230211598,108,0.16630487744298958
3637,-47.60059269521118,44,0.013140849252595661
3638,-27.997779575474137,24,0.01800801610573951
3639,-12.1478295801093,10,0.012203577159712112
3640,-111.6187895976462,34,0.3288931762612129
3641,-30.852100088106848,26,0.022887264566541738
3642,-34.22635150650674,30,0.03201781444323307
3643,-160.4490693584246,100,0.2174426955339009
3644,-22.486315955059677,20,0.013085873447682791
3645,-93.94453826358513,56,0.22060778060223896
3646,-17.66056186613225,14,0.028158168201017474
3647,-116.44199138315,114,0.011970545995833306
3648,-27.229181864529906,22,0.02937742620522423
3649,-69.84912806989942,64,0.022155788143558577
3650,-72.90271392029835,54,0.0625917679480079
3651,-19.097898863178177,16,0.015038343996010723
3652,-34.646834976896955,32,0.02169536866308953
3653,-61.60936443444811,58,0.01542463433524819
3654,-19.784276472160197,18,0.008416398453585872
3655,-47.19909404272944,44,0.013004447328168097
3656,-43.65068686411812,42,0.013755723867651136
3657,-77.99657629858899,70,0.054771070538280335
3658,-122.2652931302499,118,0.03136244948713316
3659,-86.93735763548689,84,0.009726349786380989
3660,-88.79578034549705,50,0.20857946422310233
3661,-32.85275534560402,26,0.022691242866238248
3662,-45.64468319808701,44,0.00806217253964212
3663,-34.003363428922846,26,0.04168418452563963
3664,-17.944885963455064,16,0.012965906423034147
3665,-56.488239499492494,32,0.10835504203315262
3666,-10.984186081495311,8,0.023313953761682014
3667,-74.09612179182571,72,0.013266593619150174
3668,-58.12115383181796,56,0.009641608326445561
3669,-30.17801186575082,28,0.014917889491443348
3670,-149.52451008636967,146,0.0271116160489963
3671,-55.69254509143294,28,0.13313723601650462
3672,-77.0247831835976,74,0.014003625849987237
3673,-57.7270165720943,54,0.02451984586904135
3674,-106.25491735261852,104,0.009719471347494455
3675,-39.18826590300002,36,0.010557171864238341
3676,-34.3573842450493,32,0.009822434354371357
3677,-5.402252246465293,2,0.018291678744437056
3678,-8.086159602334739,6,0.011215911840509261
3679,-53.553199493194306,50,0.0209011734893785
3680,-98.20693326009561,92,0.03928438772212387
3681,-100.04194457929917,94,0.031144044223191968
3682,-67.13449986150431,66,0.006099461620991057
3683,-35.35612938589977,34,0.006396836725942083
3684,-50.03128171073683,42,0.04271958356774902
3685,-11.717631176485947,10,0.007600137949052805
3686,-9.584286095045004,8,0.008517667177661642
3687,-28.032394144869823,26,0.008398322912685286
3688,-10.815979017838478,8,0.0187731934522564
3689,-83.62681764756451,76,0.0501764318918717
3690,-3.9826649852803735,2,0.010435078869896709
3691,-40.417012230394036,38,0.01140100108676475
3692,-50.21605464174926,48,0.01402566228955203
3693,-29.68698589335796,26,0.017725893718066956
3694,-69.3417424155476,66,0.013808852956808393
3695,-47.74802196874734,46,0.009711233159706916
3696,-286.50568724274365,200,0.37286934156354856
3697,-54.66974790855195,52,0.01131249113793253
3698,-84.38374438603381,78,0.04987300301588979
3699,-37.62890254033906,34,0.01354068112066804
3700,-18.55993059096671,16,0.019999457741927584
3701,-24.832274219540192,18,0.03284747220932793
3702,-126.0249036949543,120,0.03586252199377503
3703,-17.321826777034772,14,0.011614778940681041
3704,-95.77483456445498,92,0.02516556376303279
3705,-167.318290104323,164,0.014060551289501951
3706,-219.4153658837596,212,0.050790177286024044
3707,-71.90729659275672,66,0.02503091776591785
3708,-40.74080629070276,36,0.020977018985410545
3709,-111.79746924178902,108,0.01609097136351355
3710,-51.588200772418844,30,0.1186164877605428
3711,-29.356060179518543,26,0.012809389998162684
3712,-50.92585696334577,46,0.02677096175731351
3713,-20.976630904623907,18,0.013408247318125599
3714,-12.07730806312965,10,0.011938552086952204
3715,-13.807918562256331,10,0.02379949101410201
3716,-16.936132584653567,14,0.01146926790880296
3717,-99.32578596673463,92,0.03423264470436859
3718,-36.74776078638081,32,0.02760326038593501
3719,-29.840847435430806,10,0.07086016941225295
3720,-131.66816681412047,128,0.015157714107936022
3721,-134.72950690783807,128,0.03541845740967517
3722,-13.424287562166267,12,0.0068475363565686665
3723,-64.756142489017,60,0.02378071244508416
3724,-38.962849458092826,32,0.030538813412687306
3725,-64.0906213358784,60,0.016494440870476704
3726,-39.70475051688274,36,0.015698095410519954
3727,-34.158905725250655,32,0.016866450978520416
3728,-61.07524982503988,58,0.01852560135566205
3729,-67.49225903871091,64,0.015052840684099504
3730,-17.351519421779177,14,0.011246709469057682
3731,-30.578815204394264,26,0.015161639749649996
3732,-105.83281322978468,96,0.03752982148772845
3733,-36.33018658810046,32,0.02303290738351303
3734,-34.73390603160254,30,0.02886528068050336
3735,-38.53506900904002,30,0.045887467790538566
3736,-28.041468832978946,22,0.02341654586425932
3737,-66.7459237166587,62,0.030817686471810785
3738,-45.39456924218113,6,0.18070903322101417
3739,-90.41822445121709,82,0.044306444480090634
3740,-47.072297879104056,44,0.011908131314356862
3741,-13.456946126095893,10,0.015432795205785332
3742,-13.144078765814522,10,0.019171211986674066
3743,-38.77145316335625,38,0.005934255102740386
3744,-68.46951695904335,40,0.10866227846963183
3745,-20.715423323600486,18,0.015085685131113854
3746,-252.2703981930502,228,0.10644911488179708
3747,-149.27175701180266,136,0.05576368492354079
3748,-337.0259241349809,286,0.20088946509834613
3749,-18.47582696960349,16,0.013310897686040695
3750,-247.07429953602784,240,0.03023204929926341
3751,-65.43160572218885,60,0.025864789153279576
3752,-64.5615521179091,62,0.01058492610706201
3753,-34.84777778118919,32,0.009429727752281921
3754,-27.667527143776027,26,0.018125295041043633
3755,-73.28594199791615,70,0.015797798066905032
3756,-64.0320926031328,38,0.1251542913612148
3757,-35.46199842552212,32,0.01713860606694147
3758,-23.07575557121323,20,0.01292334273619006
3759,-35.882891956414895,14,0.07871543869213984
3760,-58.30438569033939,26,0.106968164537548
3761,-85.16805407189423,82,0.03520060079882603
3762,-93.8320592047108,92,0.009956843503863144
3763,-130.9200028692598,126,0.03075001793287343
3764,-22.306404909278825,20,0.009772902157961224
3765,-10.399177893896294,8,0.008216362650329549
3766,-120.87827762192781,110,0.08241119410551469
3767,-50.45191322548045,22,0.13420713785603994
3768,-51.27525206884898,46,0.01968377637630165
3769,-5.348888119443665,4,0.010066329249579713
3770,-40.28029506324882,36,0.02779412378732998
3771,-24.76031598255704,20,0.02587128251389673
3772,-245.3809358005646,234,0.0625326142888165
3773,-22.084067306075273,16,0.02236789450763023
3774,-25.68369603940013,20,0.0263134075898153
3775,-217.50475149870584,212,0.032004369178519156
3776,-18.598407181944488,14,0.019484776194680184
3777,-34.5348435513875,32,0.014082464174375302
3778,-58.07341987259391,12,0.17191574579326077
3779,-40.129585350854136,28,0.06664607335634158
3780,-89.7759204479162,88,0.010206439355840966
3781,-131.0047647628069,92,0.13266926790070405
3782,-64.58243981719369,34,0.1194626555359131
3783,-31.599220474011506,28,0.01276319317025369
3784,-14.944220375224102,12,0.01486979987486924
3785,-56.00833108445234,50,0.03952849397665981
3786,-33.34988309212057,30,0.017818527085747674
3787,-18.453115901562274,16,0.011252825236524346
3788,-50.24662078074382,48,0.013372742742523125
3789,-35.290230744020334,32,0.012852463843829279
3790,-64.86334662515289,62,0.012449333152838405
3791,-26.404893677323106,24,0.012525487902724388
3792,-51.5250115022739,4,0.2555108145283541
3793,-47.39659262869895,34,0.04784497367392475
3794,-59.809254812549625,56,0.021643493253122394
3795,-9.716397342645275,4,0.023427857961661025
3796,-33.168697756839535,28,0.029367600891133733
3797,-53.7576511187781,50,0.021595696084932284
3798,-405.33284282718057,400,0.017658419957551724
3799,-41.1344032718207,36,0.017001335337155046
3800,-25.629173448326835,22,0.02062030368367547
3801,-60.50150726554992,20,0.21316582771342046
3802,-19.547731075346153,14,0.030150712366011655
3803,-81.95824769190378,76,0.04654881009299784
3804,-109.19770409016503,106,0.013549593602394707
3805,-50.9366833948677,18,0.11679674962719058
3806,-36.900623055975586,34,0.02164644071623591
3807,-58.68928269174174,30,0.1494233473528208
3808,-188.3238445932354,186,0.015288451271284927
3809,-48.40270632395622,46,0.018771143155908165
3810,-75.59088321892543,56,0.08824722170687221
3811,-120.68741009587295,106,0.05692794610803499
3812,-30.802441824336274,28,0.01037941416420833
3813,-8.978970025129964,6,0.01284038803935333
3814,-46.64347345471151,40,0.04488833415345639
3815,-125.31276046329964,94,0.10368463729569447
3816,-98.44110317006918,96,0.008974644007607871
3817,-209.00762911377163,176,0.14477030313057818
3818,-38.19894789427311,34,0.01926122887281246
3819,-94.06030645079383,92,0.009450947021990527
3820,-34.23195920035599,30,0.018725483187415758
3821,-108.10536615991114,106,0.009234062104873087
3822,-23.009032356578615,20,0.013433180163297517
3823,-114.43866139153768,112,0.010984961223142046
3824,-66.3185128282725,54,0.06622856359286323
3825,-13.820958566279247,10,0.013744455274385867
3826,-70.65958563686507,32,0.1333089159891903
3827,-30.140897546120268,26,0.022262890032904364
3828,-48.68310903592674,44,0.021883687083769816
3829,-39.742871689626114,34,0.02065781183318766
3830,-100.1693508575678,84,0.1243796219812917
3831,-66.48470778579959,44,0.14413274221666453
3832,-445.7251733390387,440,0.03216389516313564
3833,-84.34612725489319,56,0.11713275725162485
3834,-20.986075656763415,18,0.012982937638101535
3835,-90.91091765010258,88,0.01712304500060335
3836,-49.9171334832973,46,0.012970640673169963
3837,-88.42311373167009,78,0.05159957292906022
3838,-15.416340934957299,14,0.009700965307926815
3839,-1.7426769279338372,0,0.01244769234238456
3840,-14.425243847811581,10,0.01813624527791617
3841,-81.1852281164624,80,0.01234612621315031
3842,-15.128943086390578,8,0.044005821520929744
3843,-23.41979803145576,18,0.03151045367125393
3844,-91.45016864089824,84,0.025000565909054515
3845,-52.9744247529536,50,0.012932281534580823
3846,-58.51094675471025,54,0.03759122295591857
3847,-104.32714350917672,100,0.0343424088029893
3848,-66.87204117875517,42,0.1429427653951458
3849,-233.88861948182515,230,0.01580739626758408
3850,-28.242218125728655,24,0.028663635984653116
3851,-44.50227301092533,40,0.024205768875941832
3852,-123.19150852609125,120,0.013297952192045912
3853,-86.86039870794225,76,0.04936544867246526
3854,-31.55454694710744,20,0.04980408166856674
3855,-57.07739680567277,54,0.01810233415101643
3856,-67.8720748688601,56,0.05707728302336629
3857,-18.595224694790218,16,0.015088515667385078
3858,-71.79460561876094,58,0.058951306063080626
3859,-42.27307828238336,38,0.0172301543644495
3860,-87.32033947441789,68,0.10387279287321464
3861,-141.58341036938208,138,0.015313719527273
3862,-57.36163018199699,56,0.008009589305864161
3863,-10.69146845596862,8,0.012123731783642233
3864,-69.76870140949747,62,0.054709164855615965
3865,-16.647318726408457,14,0.011713799674373655
3866,-29.410973273115506,26,0.02158843843744004
3867,-44.015455561896275,18,0.11718673676529882
3868,-54.18734603291479,50,0.02406520708571664
3869,-100.64271356399746,92,0.03249140437592985
3870,-262.47901090309955,260,0.019674689707141504
3871,-15.33398051610883,10,0.03137635597711072
3872,-114.7965273335609,110,0.026068083334569368
3873,-51.911618611753205,48,0.02642985548481832
3874,-40.91807498730905,38,0.021776679009768794
3875,-8.176664247687476,6,0.017275113076884795
3876,-71.9160407677229,70,0.012441823167031367
3877,-29.532165749800786,22,0.04049551478387502
3878,-36.942695262553435,34,0.011062764144937927
3879,-235.46628386307296,232,0.01635039558053486
3880,-38.68811556110918,36,0.017920770407395026
3881,-106.11262521939894,94,0.04694815976511111
3882,-46.1638724819745,30,0.07697082134273549
3883,-17.967053736140937,10,0.04064823334765812
3884,-29.7013841897156,26,0.02500935263321358
3885,-33.32564349929484,30,0.016796179289369044
3886,-44.4711133867749,42,0.012355566933874502
3887,-94.36559512912378,92,0.010752705132380743
3888,-124.18030145844317,120,0.017713141773065367
3889,-69.50735402776431,34,0.1305417427491334
3890,-561.023647190419,542,0.07796576717385148
3891,-144.31166977459335,138,0.05009261725867714
3892,-29.467008308659967,28,0.009526027978311145
3893,-18.26669057374547,16,0.0113334528687277
3894,-36.13648192220541,34,0.009623792442366727
3895,-27.82902314989416,12,0.06540918656981051
3896,-156.84297261166375,128,0.09744247503940405
3897,-22.022268507195047,20,0.010990589713016462
3898,-28.240725163315215,24,0.020993688927302655
3899,-24.32180069752487,22,0.008663435438525604
3900,-36.34804814390135,16,0.09083950064241676
3901,-186.74444676618978,170,0.08721066024057134
3902,-64.62804919226572,58,0.040913883902875606
3903,-95.61876462477446,92,0.027005706155034045
3904,-69.7258531255152,48,0.07193991101163973
3905,-33.62301686801972,30,0.01460893898395027
3906,-46.58968597789902,40,0.02678734137357336
3907,-31.31155251987896,28,0.016557762599394704
3908,-19.936910511511638,12,0.03543263621210558
3909,-41.85036373983941,34,0.04313386670241462
3910,-83.8010727218216,80,0.020885014955062897
3911,-14.386858383373022,12,0.011700286193004993
3912,-51.83780584670126,42,0.04640474455991142
3913,-53.12370682580423,50,0.02055070280134311
3914,-42.289302170550705,40,0.013156909026153093
3915,-12.392437864194427,4,0.05449634976749628
3916,-20.17980465585447,18,0.008581908093915146
3917,-26.817345631266935,24,0.01109191193412164
3918,-12.685390913942468,10,0.01561273787175849
3919,-359.12087197462574,334,0.09736772083188379
3920,-9.632007243641867,8,0.008967072767263093
3921,-76.7910558123391,60,0.08230909711930905
3922,-30.820313799735196,28,0.013825067645761161
3923,-96.76777338661245,92,0.019071093546449203
3924,-26.999466934397805,24,0.015622223616654874
3925,-125.29079786736027,94,0.21432053333808335
3926,-34.13118757152511,30,0.022698832810577493
3927,-208.65601240506433,206,0.020430864654342108
3928,-55.95323660376317,52,0.021962425576461223
3929,-75.63691050050598,72,0.021648276788725645
3930,-73.04062811052498,68,0.03761662769048568
3931,-46.663118978372154,42,0.02743011163748382
3932,-39.8626090834114,32,0.040115352466384466
3933,-369.2587024693,310,0.19622086910364134
3934,-87.04790279737531,78,0.08377687775347532
3935,-47.25991766966381,44,0.019175986292140842
3936,-54.408164260876994,50,0.020598898415312594
3937,-104.04808078087983,102,0.011253191103735198
3938,-113.59498178116915,68,0.21920664317869856
3939,-94.59588037562006,92,0.016856366075454543
3940,-38.41643707863478,34,0.027261957275522695
3941,-9.855854527847885,8,0.007364502094634633
3942,-27.744992310587484,26,0.013022330676026197
3943,-13.735759101366847,10,0.020526148908609432
3944,-53.052826450402954,48,0.030809917380506247
3945,-18.262332367830982,16,0.010671379093542436
3946,-76.5967873821081,74,0.012983936910539744
3947,-48.6289454636809,46,0.00995812675636704
3948,-5.357847916041022,2,0.019522371604889618
3949,-57.073267070696545,54,0.016702538427698845
3950,-13.821226261981359,12,0.008354248908171342
3951,-76.89132186114068,62,0.08460978330193553
3952,-126.04228746747229,90,0.19171429503974619
3953,-5.869376640447013,4,0.013546207539471167
3954,-45.88825049427518,42,0.018875002399394034
3955,-34.6426063833512,30,0.032694411150361306
3956,-18.943547035583677,16,0.011774188142334966
3957,-87.46074325677175,82,0.031748507306812626
3958,-10.27216834407676,8,0.013058438759061753
3959,-51.44894990173341,46,0.021284960553645725
3960,-93.46464817903367,30,0.22665945778226274
3961,-45.050612421752774,42,0.018158407272338164
3962,-45.39991719680588,44,0.008860235422822438
3963,-102.45552904330773,100,0.012036907075036012
3964,-17.777689770033984,16,0.010100510057011194
3965,-60.073606419682434,52,0.026733796091663417
3966,-109.78156451091564,104,0.021413201892279847
3967,-3.4043278983258567,0,0.018705098342449766
3968,-136.80939436085663,134,0.014046971804285963
3969,-42.30156060081487,40,0.013538591769499423
3970,-68.66952457587107,40,0.09620645830829234
3971,-75.92275129735434,52,0.09201058191290046
3972,-84.23164365508504,82,0.012398020306028436
3973,-30.84523881768712,28,0.01800784061827283
3974,-122.97114512453659,118,0.05288452260145241
3975,-48.09394402971167,44,0.022010451772642978
3976,-42.71089808686644,40,0.01613629813611061
3977,-31.032415859496506,28,0.017229635565320995
3978,-47.1335228753139,44,0.010375903560642143
3979,-25.464223664044944,22,0.01467891383069921
3980,-61.30325935962716,58,0.02039048987424196
3981,-170.1386438027882,168,0.008911015844951974
3982,-70.69755003815698,68,0.012724292632815808
3983,-17.482080491537758,16,0.010151236243409318
3984,-81.53948622911612,66,0.06756298360485355
3985,-34.24593252731888,30,0.02721751620076184
3986,-103.50405457117499,100,0.017520272855875534
3987,-6.558697993992374,4,0.01048646718849331
3988,-59.273849370705555,56,0.017414092397370025
3989,-58.24906446806123,54,0.021902394165263853
3990,-87.17803249293294,74,0.0522937797338605
3991,-65.28085534147866,60,0.021821716287101466
3992,-81.2224986901892,60,0.09308113460609264
3993,-51.768506057838515,48,0.02546287876917922
3994,-80.45213099024815,54,0.12717370668388528
3995,-76.52149213840697,44,0.17674723988264784
3996,-8.048481454470739,6,0.007586968349891668
3997,-41.297983662226216,36,0.01976859575457577
3998,-45.414332919017696,44,0.0087304501173929
3999,-44.02680772866052,40,0.017976820217234356
4000,-44.40747819725805,40,0.01695183922022302
4001,-83.71869649452107,80,0.012313564551394537
4002,-63.50053027218677,60,0.014959531077720927
4003,-104.8443613307571,100,0.02721551309414057
4004,-50.357406379914266,48,0.010618947657271968
4005,-42.372904246829734,38,0.019876837485589462
4006,-222.55937404821822,218,0.025614460945046102
4007,-54.324369458828784,50,0.026693638634745127
4008,-26.980187328072194,24,0.0155218090003763
4009,-73.31831112168436,66,0.04304888895108517
4010,-28.65780683254329,24,0.023058449666055924
4011,-59.383432359731394,58,0.007358682764528707
4012,-91.24749073620977,88,0.01691401425109266
4013,-21.46779236918984,16,0.028478085256197116
4014,-30.614838115011047,24,0.035563645779629297
4015,-266.9430044078257,252,0.09578848979375752
4016,-71.57229750649428,58,0.06786148753247122
4017,-111.23990595419328,108,0.016700546155635376
4018,-18.053280527082315,16,0.013332990435599254
4019,-222.9370608816445,192,0.11458170696905616
4020,-24.39828246553834,18,0.030180577667633657
4021,-120.1159440961108,112,0.043169915404843676
4022,-35.21324953518242,30,0.03066617373636744
4023,-72.96425149233855,70,0.013982318360087695
4024,-191.9520037558497,186,0.028615402672352158
4025,-125.7967175676998,108,0.07805577880570047
4026,-86.13643399960661,84,0.007740702897125069
4027,-20.8509206656321,18,0.017818254160200636
4028,-223.0301673321488,206,0.08963245964288684
4029,-64.19590730752705,32,0.10660896459446041
4030,-101.63965027560673,96,0.024735308226345225
4031,-92.05579155814804,90,0.010278957790740086
4032,-36.93300305897048,34,0.022914086398207106
4033,-52.86742935900044,46,0.02273983231457073
4034,-119.42521286368607,86,0.17779368544513702
4035,-28.675426719244207,26,0.019387150139451102
4036,-13.82595384767774,4,0.03253627101880058
4037,-96.26529296282114,88,0.05437692738698046
4038,-38.521764750370686,36,0.012483983912726114
4039,-22.1559548768722,18,0.029685391977658824
4040,-61.64821679461859,54,0.029644251141932407
4041,-25.271535277199938,24,0.006986457567032685
4042,-133.46032524051634,130,0.017476390103617272
4043,-60.33264244463795,56,0.023293776584075145
4044,-11.64140256658234,8,0.014923781010583321
4045,-59.670840066232095,50,0.07217044825546284
4046,-312.82984337322915,268,0.18836068644214066
4047,-42.66366608056517,28,0.060096992133463915
4048,-6.554764246001686,2,0.021283945074774248
4049,-25.304967332665083,20,0.031577186503958944
4050,-70.16311364643998,64,0.024074662681405654
4051,-48.618304508318495,6,0.17184800204967166
4052,-52.62874313148239,50,0.010033370730849254
4053,-23.744650455243377,22,0.014538753793694612
4054,-109.32039194570334,96,0.06166848123010768
4055,-147.83689072793572,146,0.009983101782259685
4056,-189.70761746576014,188,0.009486763698667614
4057,-50.23761177877774,46,0.020373133551816358
4058,-14.571427176350953,12,0.010625732133681743
4059,-53.83876332301413,48,0.0193336533874647
4060,-43.091434046906095,40,0.013099296808924157
4061,-222.73292138558176,186,0.2239812279608648
4062,-102.51810142761087,82,0.07772008116519247
4063,-41.64730062820726,18,0.12189330220725364
4064,-53.69630132582676,26,0.09170960703916106
4065,-87.62816047480074,84,0.024514597802706605
4066,-49.277441264544976,22,0.11757517786441794
4067,-71.723137595953,32,0.19861568797976475
4068,-29.19449901946637,16,0.06223820292201093
4069,-129.49383442794073,128,0.006790156490640509
4070,-35.11180289792132,32,0.017482038752366296
4071,-55.75689662686204,32,0.07866522061874874
4072,-37.5921570668822,34,0.021130335687541902
4073,-93.4271659169801,58,0.18451648915093607
4074,-284.4188886148859,272,0.05007616376970005
4075,-30.620990181828535,28,0.009294291424923884
4076,-43.96857194077536,40,0.021336408283738582
4077,-111.96027109749348,108,0.0181663811811625
4078,-74.01486256958295,72,0.012137726322789083
4079,-40.06538469879092,38,0.0074832778941698605
4080,-85.32252022536399,82,0.014321207867947097
4081,-205.50301534381796,94,0.38987068302034206
4082,-34.42732042281457,18,0.12636400325241953
4083,-39.63827040880151,10,0.10081044356735182
4084,-60.47214557327656,26,0.12767461323435775
4085,-67.31363593258298,16,0.16991270176351925
4086,-105.66769211963567,102,0.01368541835684906
4087,-16.184279425849404,10,0.023425300855490102
4088,-131.59721907162006,122,0.05851962848548746
4089,-49.79863360268259,44,0.0367002126752064
4090,-61.46117792474926,58,0.02307451949832742
4091,-142.94509975983743,140,0.00981699919945771
4092,-42.13486449928354,22,0.08678820904863616
4093,-48.119286184347544,44,0.021911096725253282
4094,-21.754382849939944,18,0.01975990973652583
4095,-25.938732204801628,6,0.06602229206887954
4096,-87.89465994259268,64,0.118290395755409
4097,-108.52756266775654,106,0.013887706965695204
4098,-28.398473217405876,24,0.025278581709228976
4099,-32.23297140320995,12,0.07124285705355608
4100,-96.11730778765609,90,0.03324623797639164
4101,-213.42731515222977,206,0.05713319347869162
4102,-32.05949827567756,28,0.0228061700880762
4103,-68.30110136262019,64,0.02028821397462296
4104,-68.90487708856517,46,0.11929623483627741
4105,-126.9047546416662,124,0.022005716982320615
4106,-45.44284874338577,38,0.034779667025167035
4107,-10.715121783372885,8,0.013441196947390495
4108,-27.49025393523895,26,0.00887055913832708
4109,-37.95621779629432,34,0.016622763849975637
4110,-46.36028475575026,28,0.07463530388516368
4111,-134.88552474031042,104,0.17548593602449003
4112,-50.88133295633903,44,0.02278587071635423
4113,-144.89796147754353,142,0.021954253617754
4114,-35.249107633316655,24,0.04648391584015153
4115,-52.98681573445107,46,0.03234636914097685
4116,-68.16009904845605,66,0.010189146454981503
4117,-235.9760187180242,224,0.08316679665294777
4118,-37.425775202867456,32,0.019104842263617656
4119,-27.48690580301162,4,0.1432128402622661
4120,-79.49140399178143,76,0.026450030240768505
4121,-13.561176387815282,8,0.022068160269108288
4122,-23.190379238768166,20,0.011559345068000855
4123,-39.38330450047266,36,0.021413319623244602
4124,-25.014707884255976,10,0.07288693147697076
4125,-29.680529853897895,26,0.014047823869839271
4126,-25.676734100146348,8,0.09303544263234942
4127,-63.021067766457236,58,0.01793238488020467
4128,-87.68173124301228,84,0.01658437496852341
4129,-13.01276434395687,10,0.015529713113179907
4130,-60.888857705323026,46,0.08091770492023338
4131,-62.380446717025805,60,0.014002627747210814
4132,-98.52544320959096,90,0.044403350049953334
4133,-7.548183647627732,4,0.040320268723042375
4134,-80.0890762538202,66,0.059197799385799534
4135,-53.08065875982576,48,0.023965371508611884
4136,-91.68820057476296,86,0.03426626852266864
4137,-5.293928533744601,2,0.010907048124982046
4138,-104.3785465877832,100,0.02167597320684798
4139,-75.09465378597552,62,0.06482501874245289
4140,-8.761862065832174,6,0.010622546407046844
4141,-173.89709049459074,144,0.13841245599347626
4142,-123.77703943183019,122,0.007933211749242036
4143,-61.37046710022216,58,0.02080535247050739
4144,-34.62023203653042,32,0.017946794770756332
4145,-157.93462809397158,140,0.10190129598847472
4146,-133.55506477622038,132,0.01196203674015644
4147,-36.771027052644186,32,0.02004633215396785
4148,-14.790149067356612,12,0.015163853626938048
4149,-59.76836947107674,54,0.02827632093665054
4150,-56.473734996602126,50,0.038998403593988706
4151,-21.287041012813262,20,0.006187697176987183
4152,-58.651302537640696,56,0.00996730277308537
4153,-40.142733969676186,36,0.030915925146837577
4154,-34.38924845027474,32,0.017830212315483613
4155,-25.906028816108808,24,0.011482101301860451
4156,-107.50318814618282,82,0.09445625239326962
4157,-13.549462833963371,2,0.03824325441709727
4158,-19.439429224268082,16,0.013648528667730636
4159,-4.30280566491867,2,0.011288263063326797
4160,-227.31464466575696,188,0.22086879025706269
4161,-78.49054335985849,70,0.0461442573905341
4162,-67.4305278634203,64,0.015179326829294265
4163,-37.10843079171882,30,0.0493641027202692
4164,-43.02361701654493,38,0.021841813115412983
4165,-52.81057191861469,50,0.018016486657785966
4166,-101.85548625623221,94,0.0516808306331076
4167,-82.57920965488822,34,0.22081458934040019
4168,-314.97879438056896,310,0.016486074107842762
4169,-79.54962323267738,54,0.1373635657670825
4170,-108.34150224152972,96,0.053196130351420685
4171,-260.0457230929951,254,0.028517561759411544
4172,-71.61296114684792,22,0.2696356584067818
4173,-312.4427981987525,234,0.36655513176987303
4174,-64.44366919738019,58,0.0350199412901091
4175,-114.58514382396214,88,0.08803027756278942
4176,-57.274322137275114,54,0.015019826317775587
4177,-45.653133034804405,42,0.01588318710784503
4178,-22.870456706563843,20,0.014645187278386925
4179,-248.02777083893253,206,0.13916480410242474
4180,-70.56877927071841,62,0.04462905870165832
4181,-24.619905447396782,22,0.01139089324955144
4182,-147.85681473118385,144,0.01607006137993264
4183,-180.17396696500137,162,0.060178698559606884
4184,-9.885995231602465,6,0.020239558497929497
4185,-39.07092748043567,36,0.013351858610590217
4186,-247.76741794858563,244,0.02730013006221506
4187,-392.1573545473438,388,0.013766074660080308
4188,-5.563197224240171,4,0.008141652209584195
4189,-7.861324492856155,6,0.008948675446423804
4190,-69.0077446904881,64,0.02581311696127926
4191,-6.2552820145932175,4,0.008230956257639487
4192,-53.753487493626025,46,0.030052277107077308
4193,-46.681507984295195,18,0.10243395708676822
4194,-92.1664355888562,84,0.04253351869195921
4195,-108.2420770582949,90,0.07795759426621768
4196,-168.66622965343763,166,0.011492369195852314
4197,-7.64652405042405,6,0.010691714613143269
4198,-4.825440433702687,0,0.024619594049503528
4199,-21.088967309374482,18,0.01404076049715682
4200,-41.91373626320801,38,0.018816039726961803
4201,-25.59040720537134,22,0.015747400023558386
4202,-159.40682813742333,156,0.011280887872261645
4203,-49.4004849673353,46,0.0182821772437376
4204,-9.858258231694165,6,0.02030662227207445
4205,-37.357357766108784,30,0.04133347059611683
4206,-40.04092874568433,38,0.009030658166745222
4207,-15.8948025989652,14,0.010889670108995199
4208,-41.92208888305362,40,0.009422004328694228
4209,-55.612873373185316,10,0.20362889898743425
4210,-202.3196401558225,200,0.010448829530732374
4211,-86.24883681988408,84,0.011712691770230507
4212,-109.08857993505679,70,0.19943153028090282
4213,-121.28938855351981,102,0.09549202254217648
4214,-12.567912594398024,10,0.012112795256594517
4215,-24.98638002181297,22,0.016055806568886773
4216,-428.9033339984036,396,0.10895143708080827
4217,-77.26032147193115,74,0.015525340342528738
4218,-35.53749662433657,32,0.014617754646018416
4219,-53.34208880372303,48,0.026445984176847105
4220,-261.0302676539266,258,0.01611844496769718
4221,-53.33304762489751,40,0.06666523812448767
4222,-20.45570507329632,14,0.04965926979458741
4223,-10.94275569211088,10,0.005819479580931461
4224,-265.2071012595303,262,0.01153633546593567
4225,-71.51031329369712,68,0.014505426833459024
4226,-80.05039729531757,78,0.009953384928724916
4227,-277.2913429772798,268,0.03687040863999925
4228,-54.72934141219568,22,0.13637225588414872
4229,-9.142690082299106,6,0.012372795599602776
4230,-28.10612353169893,16,0.06371643964052068
4231,-127.04873131609878,122,0.02381477035895474
4232,-64.76282642983988,34,0.1281784434576665
4233,-50.91492261821267,40,0.06420542716595694
4234,-13.977668911629921,12,0.008750747396592576
4235,-21.089744025841203,18,0.020876648823251246
4236,-62.12421771635416,22,0.20062108858177083
4237,-29.26018474102662,16,0.08840123160684422
4238,-99.18067180849168,94,0.018114237092628462
4239,-29.791975320048117,28,0.007111013174794126
4240,-88.55850773022871,86,0.018539911088613352
4241,-60.24781289586148,0,0.31379069216594485
4242,-7.214636706195257,2,0.020858546824781023
4243,-20.220073715676353,16,0.021313503614526948
4244,-27.026788708836477,24,0.013634183373137317
4245,-133.80150713423106,132,0.015012559451925523
4246,-79.04783209373106,78,0.009885208431424737
4247,-38.7040874636103,34,0.021382215743683076
4248,-99.4227315513081,82,0.05769116407717922
4249,-104.78515901080249,86,0.164782096585987
4250,-47.95455387653521,46,0.008143974485563298
4251,-59.05137899948103,24,0.11606416887245376
4252,-88.81616251724662,84,0.021310453616133956
4253,-53.774346336094084,52,0.009438012426032583
4254,-32.300283234363754,28,0.015580736356390481
4255,-86.2325752862426,82,0.026127007939769225
4256,-49.51953552505361,48,0.008258345244856904
4257,-31.498243377931736,28,0.012861188889454943
4258,-31.3565337487843,24,0.02435938327412037
4259,-32.41007033542771,30,0.01853900258021325
4260,-85.77248344911669,54,0.1052068988381345
4261,-39.22788968577,36,0.01992524497388829
4262,-110.46181517233947,84,0.11606059286113808
4263,-105.56342279813586,102,0.017467758814391124
4264,-20.50629894205822,18,0.011711677299337649
4265,-30.385561725172977,26,0.025797421912782188
4266,-10.419487392350455,8,0.012601496835158637
4267,-110.94668389088062,62,0.19897025971902746
4268,-70.91326177716903,42,0.09573927740784474
4269,-220.16050165847165,206,0.07866945365817686
4270,-28.093817706681403,12,0.0838219672222987
4271,-57.97171062701735,52,0.030782013541326085
4272,-11.011521758916258,6,0.022372864995161872
4273,-18.759365470220743,16,0.015678212898981452
4274,-367.1592254018606,364,0.01698508280569731
4275,-90.60580359076044,82,0.03876488103946152
4276,-73.6525429393274,68,0.021740549766644073
4277,-141.24958190969795,138,0.028505104471033743
4278,-55.09048976407903,52,0.0137968293039239
4279,-167.7885502444019,166,0.00912525634899099
4280,-87.01816811747055,74,0.05917349144304829
4281,-56.65138931311895,54,0.012274950523698792
4282,-78.88910879686468,76,0.016994757628613837
4283,-30.733148600637545,28,0.013944635717538649
4284,-57.883974810805455,56,0.009145508790318243
4285,-116.3904365150346,114,0.020257936568090117
4286,-79.7634777532605,78,0.008997335475818914
4287,-92.50360193736311,80,0.060697096783315994
4288,-26.72182880510372,22,0.019674286687932453
4289,-37.480447180122894,34,0.020966549277848755
4290,-82.83945502064903,80,0.0249075001811323
4291,-62.5881881164581,60,0.014066239763359151
4292,-110.51473453771189,102,0.03978847914818774
4293,-66.34570058758185,42,0.15216062867238694
4294,-81.77350338402151,78,0.012495044317952014
4295,-71.62756056166235,68,0.027481519406532803
4296,-163.58131474433742,160,0.01772928091256296
4297,-74.40895905801993,70,0.01868202990686479
4298,-12.790331337773392,10,0.013678094793006818
4299,-29.125253244806387,26,0.010776735326918457
4300,-147.2094122899555,64,0.3081830084813161
4301,-82.62803024126208,44,0.1409782125593506
4302,-26.87798592568478,22,0.038109265044412366
4303,-8.219906186236553,4,0.014652452035543476
4304,-9.979776046775658,6,0.02518845599225091
4305,-32.476660497874505,28,0.01482337913203462
4306,-97.03198729851478,82,0.06959253378941925
4307,-49.297768213708366,46,0.0181196055698262
4308,-90.59981187349975,84,0.0397579028524084
4309,-58.27841246901785,48,0.054096907731673395
4310,-63.79556992633516,56,0.025813145451440846
4311,-36.37342975987157,34,0.010691125044466595
4312,-55.54749991757873,28,0.09182499972526231
4313,-53.34608785526307,50,0.016086960842611207
4314,-41.2174157627574,24,0.11478277175171604
4315,-161.17311901789938,158,0.010507016615561724
4316,-81.53313414823693,40,0.16747231511385838
4317,-92.87353305307434,70,0.0873035612712758
4318,-66.68190608074288,18,0.26748300044364187
4319,-25.745197829022636,24,0.008079619578808714
4320,-94.19997194318867,92,0.009401589500806745
4321,-16.9173953251504,12,0.02927021026875233
4322,-28.47788801982398,26,0.010964106282406669
4323,-93.08720089871383,88,0.0242247661843521
4324,-135.92152861561527,118,0.07593868057464025
4325,-45.750515747361604,42,0.01838488111451879
4326,-58.749034233575856,36,0.07532792792574754
4327,-106.27585043915042,102,0.02349368373159633
4328,-14.850002500290612,12,0.016764720589944677
4329,-82.58905037901954,80,0.015596689030239285
4330,-13.035293356863455,10,0.014878889004232485
4331,-62.17043575927892,34,0.09327958860688389
4332,-181.64073983095383,178,0.01767349432501752
4333,-19.19512189074017,16,0.016816431003895817
4334,-67.75562055905434,62,0.01905834622203455
4335,-24.50735695134098,20,0.018174826416697862
4336,-32.08930403245638,28,0.014816318958175543
4337,-72.3961536622716,68,0.025559032920182113
4338,-89.8105909817525,80,0.03248540060182927
4339,-48.65769827252521,42,0.042677553029007914
4340,-39.044646286631924,34,0.02101935952763274
4341,-61.79509897991618,40,0.07216920192025215
4342,-280.94821446729384,272,0.02962984922945015
4343,-34.266457358829605,30,0.02509680799311573
4344,-31.95579244221517,28,0.019583130902055514
4345,-40.460880498055296,38,0.01836477983623345
4346,-29.584931452733144,28,0.006951453740057605
4347,-41.184266605178,36,0.02314404734454439
4348,-45.411469324253765,42,0.026242071725029317
4349,-22.261089719691046,18,0.015665771028275877
4350,-66.67674122251324,62,0.019986073600484277
4351,-32.36540596662569,30,0.012996736080360874
4352,-71.99720023060571,68,0.018505556623173994
4353,-58.116940680699216,56,0.00936699416238622
4354,-6.343441226717288,4,0.010369208967775611
4355,-102.075376145397,98,0.01726854298896995
4356,-238.70537632048482,236,0.012409983121491542
4357,-64.85866616511373,60,0.024052802797592393
4358,-214.18152043614688,210,0.029038336362127718
4359,-51.30686584805894,44,0.024194920026685225
4360,-49.7644108922131,46,0.02068357633084141
4361,-20.450750263669043,14,0.021360100210825017
4362,-25.699031027259483,22,0.01967569695350805
4363,-38.359339597617776,24,0.049175820539786926
4364,-48.662109582444025,46,0.010318254195519634
4365,-10.84735531408716,8,0.011122481695652938
4366,-197.31239302639398,196,0.0072910723688563136
4367,-79.35139204431022,76,0.02327355586326485
4368,-45.29356453695257,42,0.019840750222607076
4369,-23.96651883818303,20,0.016124060317816907
4370,-40.4406283095696,20,0.06768419970056187
4371,-262.70437877788675,258,0.018668169753519512
4372,-30.982650963125717,26,0.024424759623165367
4373,-1.4643727346240965,0,0.011622005830350004
4374,-74.73232175222998,70,0.019394761279631415
4375,-77.4259845713457,34,0.2360107857138352
4376,-24.271162319586658,22,0.013359778350509832
4377,-22.83398942281497,16,0.032542806775309324
4378,-32.87959705296537,16,0.08525049016649211
4379,-20.84318806979003,18,0.011946168360462433
4380,-18.516338323243527,14,0.022809789511331245
4381,-3.125573760150191,0,0.017559403146911224
4382,-109.73101749239613,100,0.05792272316902487
4383,-92.08841903966793,88,0.025237154565851763
4384,-32.75032946377284,2,0.1348698660691792
4385,-19.49537470776968,18,0.006616702246768317
4386,-82.8170682999548,80,0.01760667687471732
4387,-274.5184242108946,272,0.012719314196437558
4388,-65.85701348350904,62,0.02191484933812025
4389,-163.97854388500934,160,0.013261812950033553
4390,-24.941212581436368,22,0.01634006989686867
4391,-28.920500605464422,22,0.036044273986794356
4392,-66.0700910112416,62,0.013477122553780207
4393,-3.680507309501631,2,0.007708749126154299
4394,-7.39288849114093,2,0.023245209013538486
4395,-12.488980752270402,10,0.016374873370200004
4396,-34.07139695465718,30,0.01565921905637378
4397,-19.74799143002315,16,0.022047008411900982
4398,-182.95061707546114,154,0.11768543526610122
4399,-120.4300534798985,116,0.014669051257942274
4400,-22.929026622370547,20,0.012625114751597319
4401,-60.09700007845977,58,0.011036842518209621
4402,-47.08710950255545,44,0.011782860696776443
4403,-32.947143945208325,30,0.018652809779799284
4404,-144.36917238233823,94,0.173686801318407
4405,-136.7207705975506,134,0.01619506308065776
4406,-87.25759953530628,60,0.11549830311570514
4407,-53.51624045336414,48,0.023776898505879922
4408,-105.15940524440985,102,0.021062701629397846
4409,-15.197231763424584,4,0.08113936060452592
4410,-3.877241274169461,2,0.008380541402542279
4411,-19.78122363727901,16,0.016298377746892394
4412,-77.93676574024737,74,0.019297871275722897
4413,-123.43223130877948,120,0.02600175233923846
4414,-92.06074628073756,90,0.014719616290983159
4415,-50.0658410021016,32,0.06740985448545371
4416,-77.02486036137802,74,0.014003983154528409
4417,-169.9482402443285,168,0.011069546842774796
4418,-23.36285318048876,20,0.013670134880035439
4419,-86.55224493512752,82,0.022761224675638236
4420,-34.35820872637518,32,0.0078086381668053635
4421,-84.39062083718433,82,0.014941380232402207
4422,-1.9508254530790385,0,0.011084235528858167
4423,-39.351968234278566,34,0.019676353802494755
4424,-6.857318568217355,4,0.010582661363768018
4425,-50.50833372287309,4,0.19060792509374216
4426,-41.98904881187603,40,0.01657540676563397
4427,-23.099644268487364,18,0.025498221342436983
4428,-84.5383898534063,66,0.07475157198954199
4429,-70.91813819354319,68,0.011766686264287486
4430,-170.96043827758785,148,0.10159485963534493
4431,-42.99896448932344,40,0.01578402362801833
4432,-16.841658028171082,14,0.014647721794696193
4433,-69.83348749026851,64,0.02581189154985991
4434,-43.591622602506526,40,0.017958113012532195
4435,-48.39561754259887,46,0.014607424040236822
4436,-66.54962916944795,64,0.01613689347751828
4437,-156.98772139677823,152,0.022266613378474638
4438,-20.580479060096774,18,0.013301438454106822
4439,-129.72210249833134,58,0.23749040562361468
4440,-15.339564515335168,4,0.037548226871970805
4441,-56.12575125266408,50,0.02069510558332466
4442,-51.514661556493735,48,0.022244693395529824
4443,-9.610699457950822,8,0.008849997021707906
4444,-14.643283167059462,12,0.013625170964224113
4445,-47.18991350448302,30,0.066115051940319
4446,-23.03178893853558,20,0.013068055769550087
4447,-132.04315188846707,118,0.07092500953771244
4448,-33.63515453192048,32,0.010349079315952478
4449,-267.05592055013847,264,0.014552002619705155
4450,-27.044227747393446,24,0.023417136518410923
4451,-44.58980886985693,30,0.08105449372142744
4452,-59.640095780483385,34,0.17805622069780122
4453,-43.05246255221175,38,0.0332398852119201
4454,-106.42624394664287,102,0.017992861571718914
4455,-29.689569786477925,28,0.01157239579779363
4456,-52.57683654974921,22,0.1544284674229756
4457,-19.70914355089489,18,0.010550268832684472
4458,-63.237690579612355,62,0.00658346052985245
4459,-93.32528892450502,90,0.019110855887959716
4460,-24.182423903505622,16,0.030531432475767242
4461,-239.54609465957637,236,0.017048532017193595
4462,-68.30581248356407,64,0.02725197774407694
4463,-75.52908446632117,68,0.05536091519353719
4464,-9.47283705075904,6,0.014232938732618907
4465,-26.56514543758219,24,0.00849385906484183
4466,-78.06780664145636,74,0.01900844224979599
4467,-128.78724255361402,126,0.019090702422013293
4468,-8.289394113650197,6,0.014132062429939458
4469,-47.25315446474119,42,0.03920264525926269
4470,-4.368687268456527,2,0.010574496734180896
4471,-19.933063787144363,18,0.010859908916541497
4472,-52.83822550364468,48,0.022821818413418217
4473,-41.39421561294796,36,0.017861641102476795
4474,-277.2216299559922,234,0.1431179799867296
4475,-103.95191556962968,102,0.01190192420505911
4476,-14.685004363899132,10,0.026027802021661873
4477,-52.57524338742433,50,0.013845394556045316
4478,-16.184755466540484,4,0.048352204232303395
4479,-104.96421433263205,68,0.23102633957894947
4480,-135.10382869624166,132,0.01847517081096146
4481,-43.864025740668154,42,0.01013057467754432
4482,-26.79158881100673,18,0.03996176732275775
4483,-27.499956083771607,24,0.01296280031026545
4484,-78.65704300189891,42,0.14431906693660965
4485,-7.278825175256897,6,0.0065246182411065725
4486,-59.2110242662051,56,0.020850806923410025
4487,-22.198992428457203,14,0.04270308556488134
4488,-214.49937597439754,210,0.020639339332100614
4489,-84.12168903547007,82,0.008160342444115887
4490,-16.92048269971763,14,0.019469884664784297
4491,-71.72425571191464,68,0.026601826513675063
4492,-68.27082058610475,60,0.03256228577206577
4493,-12.12164160048513,10,0.012335125584215796
4494,-331.5254096871043,328,0.014689207029597673
4495,-111.3338191282378,94,0.0787900869465356
4496,-66.32579562148221,62,0.018329642463908048
4497,-154.4675325414192,126,0.14826839865322536
4498,-53.51026938947561,50,0.017551346947377547
4499,-49.82533635290069,34,0.06381184013266424
4500,-36.510665270863214,34,0.02024730057147792
4501,-43.28243245986457,38,0.02096203357089152
4502,-16.21872195874038,14,0.010367859620282116
4503,-30.41564409593643,28,0.014044442418235568
4504,-63.24411010359324,58,0.017364602992030808
4505,-51.93182590149004,46,0.028518393757164147
4506,-98.04488642803251,44,0.178956577576266
4507,-25.64294703566886,20,0.023512279315286766
4508,-62.45819945384842,56,0.032949997213512855
4509,-130.9438185942069,118,0.0604851336177888
4510,-81.56996959098744,78,0.013222109596249823
4511,-297.44546857739005,248,0.21312701973013085
4512,-31.16231428024161,30,0.007087282196595194
4513,-50.481107624796174,48,0.010337948436651275
4514,-42.206709518457814,38,0.01392950171674801
4515,-51.18048198226072,44,0.036265060516467634
4516,-49.03142189215883,44,0.02418952832768637
4517,-76.99363847287222,66,0.06040460699380415
4518,-63.98295081735605,62,0.009720347143902209
4519,-24.733860256813625,10,0.08566197823728845
4520,-93.49020610727665,92,0.008278922818203662
4521,-78.08563461802352,74,0.01469652740296201
4522,-47.413802930717594,42,0.02910646736944956
4523,-63.62234326244084,62,0.007581043282434106
4524,-37.780515608791355,34,0.012858896628541658
4525,-115.4742370776209,112,0.02412664637236708
4526,-173.19804779513703,168,0.01939570072812339
4527,-5.1331881835018995,0,0.021936701638896935
4528,-31.443633931063,22,0.06295755954041976
4529,-94.20731909992026,90,0.023117137911650244
4530,-94.7625810141576,90,0.020180428026091622
4531,-49.96364918377969,44,0.03172153821159414
4532,-53.83879373042618,50,0.01401019609644572
4533,-85.7458596960243,42,0.1918678056843167
4534,-213.24089353132607,208,0.022590058324681465
4535,-119.80093073342435,104,0.07248133363956087
4536,-46.5307997279812,44,0.01012319891192504
4537,-38.41259822175538,34,0.018540328662838033
4538,-61.97723998991508,58,0.036156727181045734
4539,-36.56198253803405,22,0.053536700507478094
4540,-42.978040005937416,36,0.03322876193303529
4541,-22.52367139161286,20,0.011683663850059525
4542,-40.275093713818904,38,0.01083377958961361
4543,-40.68354619809916,36,0.033453901414993735
4544,-65.63267247776899,62,0.02087742803315688
4545,-40.66126496613905,32,0.03798800423745162
4546,-172.11907995490935,162,0.03395664414399094
4547,-42.50922304999295,38,0.017752846653515623
4548,-47.784856075437716,22,0.09342339157767299
4549,-68.61838405809378,62,0.027124524828254053
4550,-26.756614658495923,18,0.045607368012999805
4551,-17.29782956649189,16,0.007818250400553905
4552,-38.91692652717021,30,0.04053148421441017
4553,-199.6122153881326,196,0.028668376096294964
4554,-42.167056548379016,38,0.018276563808680125
4555,-107.60659122020984,14,0.3099556000669202
4556,-9.085576384235386,6,0.015275130615026618
4557,-55.36205484001459,52,0.013133026718807386
4558,-64.84732255994139,62,0.026364097777238384
4559,-17.970037613270836,16,0.006655532477266197
4560,-42.68185651922294,40,0.013276517421895501
4561,-87.78669685919651,84,0.014791784606236156
4562,-32.71183782685886,30,0.01595198721681722
4563,-337.24252130654014,334,0.013624039103108623
4564,-3.983896649096723,0,0.013550668874478653
4565,-70.63477820945117,58,0.05013800876766292
4566,-46.027580159816495,40,0.05479618327105917
4567,-41.7430338060049,38,0.02369008737977839
4568,-28.78540294359314,26,0.01326382354091977
4569,-52.092243567453345,48,0.02557652229658336
4570,-28.427970546045252,20,0.03511654394185538
4571,-19.749179781683655,18,0.008173737297587122
4572,-61.52288060706829,58,0.02201800379417669
4573,-62.485831441632676,60,0.01883205637600561
4574,-66.96415695512823,58,0.0350162381059688
4575,-92.80492260057547,88,0.021450547323998932
4576,-59.293494262791924,56,0.013497927306524122
4577,-116.06439646683346,110,0.02505948953236992
4578,-31.965326466990366,28,0.02065274201557482
4579,-46.11158097877318,42,0.018192836189261694
4580,-41.27022062849938,38,0.015281404806072044
4581,-30.26596436203313,26,0.02369980201129513
4582,-46.24740921679727,44,0.011466373555088871
4583,-163.5176239744024,144,0.12047916033581664
4584,-14.028298738757782,8,0.03276249314542283
4585,-309.0419600278922,306,0.010711126858774681
4586,-2.2874540196542874,0,0.008535276192739897
4587,-28.40776352984574,26,0.009189937136815696
4588,-87.22871391839321,54,0.16614356959196636
4589,-64.24839347492774,50,0.05565778701143722
4590,-9.189729657281834,6,0.018331779639550627
4591,-50.110554978170384,24,0.10199435538347838
4592,-8.139716625291355,2,0.0337347067323701
4593,-15.121635317383804,12,0.01696540933360762
4594,-3.4233569128717116,0,0.017646169653977903
4595,-13.466537738911745,6,0.0362453288296686
4596,-158.1291595279584,156,0.014386213026746052
4597,-76.53696000728743,54,0.09014784002914937
4598,-51.46439702776245,46,0.029378478643884605
4599,-52.49518933315939,46,0.023032586287799736
4600,-43.311379802114836,40,0.014273188802218957
4601,-37.17998584232177,26,0.0576287930016587
4602,-45.980711441148514,44,0.012536148361698519
4603,-32.07825958836137,30,0.012519636074465738
4604,-41.15686166512618,36,0.029981753867012614
4605,-30.2199269156456,28,0.01261322111162316
4606,-78.48224542247607,66,0.05523117443573505
4607,-14.933003899155462,12,0.020089067802434482
4608,-28.467918890212673,26,0.009716216103199317
4609,-24.28933284817452,22,0.014308330301090693
4610,-16.660524399441716,12,0.016764476256984285
4611,-73.23335173084979,62,0.04160500641055525
4612,-69.19197524449615,64,0.030185902584279424
4613,-53.263270628865065,22,0.16454352962560578
4614,-29.483877394669324,26,0.018145194763902497
4615,-112.65163866604868,110,0.015416503872376652
4616,-168.1212591569555,152,0.06553357380876197
4617,-133.49354809227268,130,0.016635943296537736
4618,-34.11151845653723,32,0.015525871003950769
4619,-64.18820054247423,10,0.21675280216989704
4620,-34.21093573602061,2,0.12681470762212838
4621,-79.11152931278245,76,0.016205881837408898
4622,-16.84437237461853,14,0.015628419640761736
4623,-122.48864209279205,100,0.10811847159996223
4624,-129.94185469032274,124,0.026060766185626742
4625,-45.230008331011675,42,0.011061672366478188
4626,-28.990116748177993,26,0.012778276701615387
4627,-16.50584638164187,14,0.012405180107137979
4628,-22.677967363376816,20,0.016530662736893624
4629,-73.45412559826192,60,0.08624439486065259
4630,-57.80879109264358,54,0.014649196510167231
4631,-40.437184291770414,36,0.03039167323130336
4632,-36.351706584988065,18,0.13108361846419972
4633,-16.98510005383806,14,0.012542437201000279
4634,-30.15793199636827,26,0.035844241348002195
4635,-195.84211406140525,190,0.02454669773699546
4636,-62.11580679521643,60,0.013391182248204805
4637,-5.4574209700768455,2,0.012347932035988666
4638,-47.07338813212338,40,0.02508293663873553
4639,-51.728341075500445,48,0.021931418091179086
4640,-11.566773754887349,0,0.060877756604670145
4641,-52.324791194538975,50,0.010107787802343216
4642,-60.13737015877039,56,0.018470402494511342
4643,-112.66231847257012,108,0.035863988250539006
4644,-66.63432016916877,64,0.016464501057304595
4645,-80.93883948447628,74,0.047526297838877615
4646,-63.344709655007165,56,0.03600347870101511
4647,-162.71125519294193,160,0.016736143166308563
4648,-90.50469189045691,88,0.015461061052201207
4649,-48.84577394814488,46,0.014668937877036015
4650,-85.9999555641401,58,0.22222186955666728
4651,-63.76137877398887,56,0.04732548032920056
4652,-3.433357107268939,0,0.01928852307454462
4653,-62.337992901127535,58,0.014364214904396181
4654,-46.46588689576201,12,0.11412545329722498
4655,-34.232844393975356,30,0.020749237225369328
4656,-26.109348546689972,22,0.01446953713623253
4657,-44.39703619376905,36,0.03851851465031653
4658,-75.55126108857132,72,0.027317392989010494
4659,-44.00316471639813,38,0.047644164415857865
4660,-19.693344869259757,16,0.018283885491385043
4661,-41.26587345781752,40,0.0060279688467501985
4662,-50.65762458553568,46,0.04657624585535789
4663,-151.51259168129462,148,0.018884901512337304
4664,-14.786413455030523,10,0.02369511611401243
4665,-34.054837706401344,14,0.09371419488972561
4666,-17.999184246073238,16,0.01110657914485107
4667,-52.27469816628882,50,0.007790062213317839
4668,-63.74648006602702,60,0.02178186084899465
4669,-20.63461802682313,18,0.022327271413755474
4670,-27.493015918796548,18,0.057186842884316316
4671,-122.24735514275477,118,0.021451288599771474
4672,-51.6520305856892,50,0.008178369236085146
4673,-46.6621317584973,40,0.03701184310276258
4674,-20.588099436096243,18,0.01772670846641251
4675,-45.389276404891426,42,0.024559973948488422
4676,-102.21736727655613,96,0.041449115177040224
4677,-110.34297499452767,72,0.12696349335936297
4678,-31.429479504689795,26,0.04241780863038881
4679,-40.595163146706625,38,0.01072381465581282
4680,-56.50929841315864,54,0.011617122283142257
4681,-78.3133860181226,76,0.01271091218748734
4682,-123.05883699584037,120,0.02466804028903609
4683,-79.732858303907,78,0.014203756589400781
4684,-86.06859488769821,82,0.025428718048113846
4685,-70.41705407792294,68,0.011401198480768426
4686,-27.458324376426344,18,0.05629954985968054
4687,-62.69953514915905,54,0.028806407778672438
4688,-52.371987147339304,44,0.02772181174615635
4689,-41.51625752764601,36,0.025073897852935585
4690,-199.13823085914308,194,0.028866465500803438
4691,-72.4139372481901,66,0.023071716720107507
4692,-75.6459156495489,72,0.017698619658004705
4693,-91.56120610809278,88,0.01835673251594247
4694,-38.02530038500733,30,0.04136752775776896
4695,-12.37143138700198,8,0.01987014266819085
4696,-89.96779824139422,48,0.1601824360358558
4697,-103.26854192020332,98,0.03252186370495831
4698,-47.187477149543945,42,0.025680579948237144
4699,-59.12661154949276,54,0.01857467952714775
4700,-40.646731033170575,8,0.10810175838798192
4701,-92.2470931672152,90,0.008576691477920787
4702,-21.805495889913843,20,0.010376413160424444
4703,-48.30654628544382,36,0.04962317050582181
4704,-23.11361793431054,18,0.019224127572596148
4705,-135.4357703434387,130,0.031975119667288054
4706,-4.696229542286346,0,0.023020733050423185
4707,-3.5405003750818933,2,0.008372284647184208
4708,-128.77936993819128,104,0.1179969997056738
4709,-50.77316373765349,32,0.10202806379159486
4710,-108.1813712217981,98,0.05656317345443344
4711,-76.25988862601325,66,0.0341996287533771
4712,-19.59638053219378,16,0.021155179601139995
4713,-58.56834371322043,56,0.008856357631794797
4714,-120.1169639152038,116,0.01906001812594234
4715,-95.38536049459525,76,0.08284342091707321
4716,-35.13815270132176,32,0.013644142179660307
4717,-157.0417074113121,126,0.13496394526657307
4718,-62.53849965376091,22,0.1793738922732782
4719,-107.51022553906223,42,0.2775857014367046
4720,-115.52389682240168,104,0.0381585987496745
4721,-111.79254801468028,108,0.017889377427737413
4722,-58.19342437700234,36,0.08159347197427308
4723,-5.788198232262385,4,0.007842974702905205
4724,-28.256909228615914,26,0.009249627986131164
4725,-25.347034960514485,22,0.018594638669524734
4726,-130.6603895643751,122,0.03231488643423598
4727,-96.15482624160117,94,0.014559636767575225
4728,-189.6959501079572,182,0.042755278377542914
4729,-17.824190132599902,14,0.025839122517567113
4730,-66.50719751233862,62,0.019943351824508414
4731,-45.976552457674174,44,0.009502656046510044
4732,-12.796860685952526,10,0.017054028572881175
4733,-103.10958530139983,82,0.08869573656050375
4734,-101.21371769355632,96,0.01862042033412836
4735,-31.38891678160782,12,0.11680070350366159
4736,-79.76012264648861,42,0.14635706452127423
4737,-24.09166327839077,22,0.009421906659417698
4738,-66.83386490304098,38,0.12646431975018013
4739,-117.63063577225724,106,0.0632099770231371
4740,-97.2742362070972,92,0.020602485183973847
4741,-68.64564801537314,64,0.018006387656484747
4742,-84.41031890347372,80,0.020608966838661962
4743,-38.05856980372837,34,0.02359633606818818
4744,-22.356258188779467,18,0.01442469598933584
4745,-23.301329807760013,2,0.07396295072138886
4746,-327.23882709410043,322,0.01769874018277236
4747,-30.381439891966917,26,0.02738399932479301
4748,-125.48135562686721,124,0.009032656261384138
4749,-79.16511067768369,42,0.12306328038968153
4750,-59.744851982776815,58,0.01896578242148652
4751,-19.954050979802034,18,0.009673519701990154
4752,-8.661752669258501,6,0.010732873666364884
4753,-117.01589862282938,66,0.1747119815850314
4754,-111.08080929128512,64,0.1558967195075669
4755,-13.185525487515285,10,0.012640974156806746
4756,-108.76784854784877,104,0.015892828492828664
4757,-84.95537321455748,50,0.11574626892237509
4758,-323.829586485172,322,0.007260263830046789
4759,-181.37538507629026,130,0.2314206534968034
4760,-88.80901037421098,54,0.11526162375566541
4761,-57.76399331931546,52,0.0193422594607901
4762,-9.32654581162391,8,0.006768090875632264
4763,-207.0228235279368,194,0.11036291125370061
4764,-180.5683690205006,176,0.03310412333696109
4765,-44.00683541435091,18,0.1529813847903
4766,-51.86027590179139,50,0.007266702741372916
4767,-75.10619383126522,58,0.09399007599596201
4768,-61.96876621482559,58,0.01787732529200659
4769,-25.259033248953667,24,0.011657715268089109
4770,-94.59158343377248,92,0.010798264307385045
4771,-43.82916497995756,42,0.007884331810161755
4772,-49.05758230501714,46,0.011408889197825043
4773,-51.27735620834327,48,0.012414228061906816
4774,-64.03037857305803,62,0.01153624189237513
4775,-97.6405921638224,90,0.026903493534584714
4776,-93.71399697647553,88,0.032101106609410616
4777,-48.88054515506448,46,0.018231298449774745
4778,-76.93877349144148,38,0.1836734598652897
4779,-17.53770475916488,14,0.015248727410193563
4780,-14.765585856599369,12,0.011818742976920291
4781,-34.834390463354474,30,0.018174400238175473
4782,-26.486591067583465,24,0.010190946998293218
4783,-265.06163028557603,248,0.06319122327991183
4784,-659.1625636719135,656,0.01090539197212066
4785,-32.17204948314537,28,0.016555751917243816
4786,-197.89476867526687,196,0.006815714659233676
4787,-48.85093941742636,36,0.06984206205123063
4788,-73.5279895796667,42,0.1395043786710913
4789,-83.00929574755372,20,0.3316278723555463
4790,-137.25841551050323,130,0.034896228415881296
4791,-59.786076066535045,58,0.007441983610562607
4792,-162.7358196818873,156,0.03034153009859231
4793,-41.249868589840744,36,0.026249342949203936
4794,-21.706755416923322,20,0.010039737746607907
4795,-92.12794506941918,36,0.18585412274642124
4796,-73.32010270599844,70,0.014068231805078378
4797,-94.21929655208831,86,0.053372055533041064
4798,-31.3448730167135,24,0.04080485009285244
4799,-89.80250086437235,76,0.04894503852614281
4800,-30.061301605461306,28,0.01041061416899628
4801,-34.30936914314879,30,0.021546845715743525
4802,-41.70428801726,24,0.08941559604676738
4803,-6.999820725737988,4,0.013157108446219243
4804,-35.4361882977854,32,0.018674936401007057
4805,-56.350671751995435,36,0.08205916029030443
4806,-107.08205302795412,102,0.024200252514067443
4807,-144.75885307938776,142,0.01532696155215448
4808,-62.1205673054989,60,0.010294016046110592
4809,-14.379080390597178,0,0.09100683791517208
4810,-95.37233684078292,84,0.055746749219523876
4811,-23.64921955862854,6,0.07415638470012009
4812,-33.06015349889863,30,0.012047848420860681
4813,-85.4416121412536,82,0.013990293257128823
4814,-62.38391608140192,36,0.11571893018158746
4815,-57.84131186768021,30,0.15297424103121054
4816,-105.85591310848177,64,0.1385957387698066
4817,-19.028616947582616,16,0.013892738291663462
4818,-35.721567775534076,32,0.021637021950779482
4819,-635.8458347764749,508,0.42333057873005037
4820,-172.8905893963087,130,0.2023141009259848
4821,-163.21149351809527,158,0.017256601053295944
4822,-21.254854990033465,20,0.008963249928810492
4823,-61.98646654732593,34,0.09785477813750318
4824,-22.378376158282997,10,0.04389495091589709
4825,-102.46597558862541,98,0.018454444581096803
4826,-148.2610781237313,144,0.02242672696700693
4827,-32.48967791915636,30,0.010639649227163516
4828,-381.75695931216376,376,0.02248812231313936
4829,-293.1550619872993,224,0.32620312258159917
4830,-108.98270969791352,106,0.02042951847886021
4831,-48.116086285476996,44,0.01700862101436769
4832,-16.692357508523592,14,0.010355221186629123
4833,-86.26813217669923,82,0.02735982164550643
4834,-140.49264614820663,118,0.0839277841351013
4835,-34.56232853823247,8,0.10457609660721442
4836,-75.32620667268948,70,0.03371016881449181
4837,-45.292829408581454,36,0.03416481400213743
4838,-28.566032930824726,12,0.05485441367822756
4839,-12.6793738466512,10,0.015052662059838287
4840,-45.953227511906114,36,0.035802976661532725
4841,-83.34817708724269,50,0.12443349659418855
4842,-56.98509262616896,50,0.03638069076129719
4843,-67.48766905046176,22,0.28078808055840626
4844,-129.95419260424347,126,0.01422371440375454
4845,-24.933919736948344,20,0.03524228383534496
4846,-119.9472492045782,64,0.2975917510881826
4847,-27.547754386193365,22,0.03302234753686512
4848,-20.53112661162174,18,0.00981056826209976
4849,-36.64006440365647,34,0.010312751576783246
4850,-13.12735904055165,10,0.015181354565784566
4851,-31.844823373745008,30,0.010851902198500048
4852,-49.26652777342471,46,0.013841219378918485
4853,-129.5504462432828,112,0.09859801260271336
4854,-83.94971888339143,80,0.022189431929165043
4855,-97.03917494042527,94,0.01973490221055363
4856,-103.55677675119793,94,0.04731077599602966
4857,-108.38255766227543,104,0.014511780338660756
4858,-58.61439155111185,56,0.010133300585704193
4859,-28.285560890931105,24,0.02121564797490629
4860,-26.189822946664588,20,0.0386863934166538
4861,-13.61934880296373,12,0.008613557462573007
4862,-232.66240503175393,228,0.02403301562759451
4863,-65.24696933411171,62,0.015461758733864801
4864,-121.06998261226605,72,0.20792365513671973
4865,-17.667336985945166,14,0.014907873926606306
4866,-34.14341849486427,32,0.012608344087436748
4867,-32.74023422191208,30,0.016119024834777104
4868,-30.28751684594761,26,0.014991317643173218
4869,-45.27175223731312,40,0.025841922731926495
4870,-114.32906744624769,102,0.06849481914581887
4871,-50.8118871685193,48,0.0136499377112591
4872,-52.47485345330421,50,0.015864445213489134
4873,-162.02070423324315,156,0.0255114586154366
4874,-70.19900993758216,66,0.02657601226317902
4875,-58.69521875986602,54,0.04192159607023197
4876,-41.10033684400903,38,0.020668912293392454
4877,-83.96639107541523,76,0.05241046760141575
4878,-11.749524928783753,2,0.04874762464391875
4879,-34.62596673797835,32,0.01458870409987957
4880,-37.87015455986284,4,0.11215282966842
4881,-203.20452576829,182,0.11780292093494217
4882,-46.71671486633045,44,0.016170921823395464
4883,-33.43828193271923,32,0.010733447259098696
4884,-83.77126160445607,80,0.019439492806475514
4885,-51.059825670099116,44,0.03529912835049563
4886,-16.220474686697017,12,0.03403608618304038
4887,-20.262103634972437,16,0.016913109662589083
4888,-67.10493436391977,46,0.11724963535511017
4889,-22.201451464228533,18,0.014098830416874137
4890,-107.99503734537393,104,0.01536552825143789
4891,-190.35275220892603,166,0.10407159063643362
4892,-86.53519867827194,70,0.062162401046134894
4893,-44.030743159531646,42,0.010153715797658253
4894,-21.144200731023986,18,0.01416306635596366
4895,-23.26642104504247,20,0.02148961213843748
4896,-32.53596374990159,30,0.011221078539387395
4897,-42.70115350012311,40,0.02178349596873415
4898,-67.88307915290068,44,0.0790830435526514
4899,-50.25598001222905,48,0.01064141515202357
4900,-22.567962604155984,20,0.013659375554021113
4901,-107.62250417802888,106,0.012291698318399808
4902,-29.269838167238127,26,0.01499925764788141
4903,-35.32392033096179,28,0.0359015702498125
4904,-64.63124190556368,60,0.022702166203743466
4905,-22.34266030582881,20,0.012594947880800195
4906,-227.37437493343975,222,0.0426537693130143
4907,-75.7340786820702,64,0.03885456517241803
4908,-18.988436698614006,14,0.02421571212919414
4909,-58.50088717506777,56,0.015437575154739697
4910,-29.16286882188066,26,0.015814344109403224
4911,-24.56739960513846,22,0.012225712405421214
4912,-30.18808614456049,20,0.04548252743107376
4913,-125.91257259681915,112,0.06210969909294108
4914,-102.29404064572655,96,0.025176162582906482
4915,-22.754859343962266,20,0.014653507148735588
4916,-102.96524163341661,100,0.012253064600895166
4917,-62.92121340804884,38,0.12097676411674174
4918,-21.967560321973437,20,0.0065151004038855416
4919,-39.048610866062404,34,0.03195323332950888
4920,-11.509294076337643,8,0.014150379340071134
4921,-34.67523788243242,30,0.01757608226478353
4922,-79.43513590905542,46,0.17975879520997617
4923,-70.25249074836219,64,0.02766588826708899
4924,-27.032710074253764,24,0.011487538160051986
4925,-23.213478820913025,16,0.048089858806086794
4926,-69.42395297260036,42,0.11923457814174081
4927,-230.29159933347205,226,0.015218437352738179
4928,-36.46414412488295,34,0.012834083983765511
4929,-81.80782003793223,74,0.0507001301164421
4930,-42.01930887253445,36,0.024669298657927774
4931,-11.105343687806238,8,0.014376591147251084
4932,-146.32727866694492,114,0.12727275065726348
4933,-31.453562420709996,20,0.05454077343195179
4934,-2.154598762689931,0,0.008618395050759701
4935,-66.8179243137952,64,0.012693352764844127
4936,-33.65476689980912,28,0.03982230211133129
4937,-109.24127063367072,0,0.43349710568916877
4938,-72.49505179387944,70,0.012861091721028577
4939,-152.8864875492044,148,0.024190532421804304
4940,-42.975318358263344,28,0.05310396580944461
4941,-202.86432949119032,114,0.3267070937176109
4942,-34.10041962796749,28,0.025849235711726537
4943,-34.983777681437495,30,0.020765740339323414
4944,-67.73705277462237,32,0.20777356264315414
4945,-41.2584193116314,36,0.02603177877045176
4946,-6.724200678175373,4,0.009020532046938338
4947,-22.484255535127772,20,0.013649755687515377
4948,-59.05611152061859,6,0.2040619673869948
4949,-18.6665075625652,16,0.010177509780783085
4950,-156.14531411550928,154,0.012923579009091706
4951,-131.41190270485515,126,0.029735729147556633
4952,-66.2355758245926,60,0.02759104347164899
4953,-11.711215619061715,8,0.021576834994544967
4954,-48.57430149586621,44,0.030094088788593407
4955,-93.16855773371259,88,0.01711442958182881
4956,-52.02045827858759,20,0.17989021504824432
4957,-168.96812391191034,166,0.014269826499566395
4958,-31.28714512146272,28,0.017484814475865116
4959,-10.665193250857454,8,0.012114514776624835
4960,-370.7530437589623,366,0.020312152816080436
4961,-21.460154968754328,18,0.015872270498873162
4962,-45.52311865872105,44,0.013599273738580473
4963,-1.507989577984272,0,0.006981433231408673
4964,-148.14285558563228,146,0.01847289297958793
4965,-53.87201851801359,52,0.011011873635373176
4966,-4.795995019555484,0,0.024979140726851496
4967,-25.99573497950833,20,0.01985342708446485
4968,-92.88862651036864,62,0.10228022023300933
4969,-60.89804391315012,26,0.14913693979978707
4970,-33.3588527119411,28,0.020453636305118855
4971,-33.511687409896744,28,0.03402276178948594
4972,-92.7815597102526,82,0.03570052884189567
4973,-234.06440204460182,232,0.00839187823008743
4974,-29.86274327507696,28,0.009042443082897844
4975,-39.34899521524196,38,0.011432162841034198
4976,-78.26083625278919,64,0.09260283281031825
4977,-101.74610862233345,30,0.26184711176034114
4978,-25.81878998231605,24,0.01136743738947549
4979,-5.360673961226939,2,0.016803369806134665
4980,-27.67510677929962,16,0.04199678697589793
4981,-52.87744255469961,50,0.01893054312302426
4982,-97.01464786825035,94,0.018160529326809605
4983,-36.43425411565499,30,0.02365534601343737
4984,-20.319856223110275,6,0.0980812070076045
4985,-48.87549216134682,46,0.01615445034464449
4986,-1.890893977699246,0,0.008754138785644676
4987,-58.215620935442416,56,0.009980274483974339
4988,-31.04861499265297,20,0.046035895802721015
4989,-18.54875449924979,12,0.035982167578295254
4990,-38.33281032250657,20,0.0935347465434005
4991,-16.537014926420294,12,0.015975404670494263
4992,-71.52809255807959,66,0.028792148739997286
4993,-29.315663786831628,24,0.019983698446735386
4994,-14.192908647067773,12,0.013053027661117746
4995,-2.618306968314419,0,0.013091534841572085
4996,-8.248298231420328,4,0.014352358889933522
4997,-47.06402019007231,42,0.026375105156626777
4998,-81.69356798227645,78,0.016788945373983895
4999,-45.13466236094009,38,0.052460752653971536
