episode,los_id,los_dist,los_qdr
0,"((2, 10), (8, 15), (7, 18))","(np.float64(0.05722315502197567), np.float64(0.1427617628841494), np.float64(0.13039802444743018))","(np.float64(131.5446036013211), np.float64(344.10435912520256), np.float64(11.905269503488265))"
1,"((2, 17),)","(np.float64(0.1404688341424389),)","(np.float64(265.7656819043099),)"
2,"((4, 6),)","(np.float64(0.12849639708157715),)","(np.float64(298.94854565660535),)"
3,"((7, 9), (7, 13), (9, 17))","(np.float64(0.13071281107980684), np.float64(0.136838493426353), np.float64(0.14008308511684164))","(np.float64(48.64021308922679), np.float64(249.95986932111254), np.float64(279.46618625336254))"
4,"((11, 19),)","(np.float64(0.1363836647696706),)","(np.float64(82.18730319792117),)"
5,"((3, 8),)","(np.float64(0.12676856151149),)","(np.float64(83.82341844016373),)"
8,"((1, 10), (6, 9), (6, 19), (14, 17), (5, 14))","(np.float64(0.004271771208113071), np.float64(0.12863504166886136), np.float64(0.14706310619674975), np.float64(0.1370995578153223), np.float64(0.13728589790510204))","(np.float64(120.81058226320309), np.float64(3.345956416400115), np.float64(227.49531581979227), np.float64(320.1065777394342), np.float64(26.54174380706977))"
9,"((7, 15),)","(np.float64(0.10160465768444595),)","(np.float64(351.30629265700884),)"
10,"((1, 17), (2, 8), (14, 15), (8, 18), (13, 17), (8, 14), (10, 17), (10, 14))","(np.float64(0.0454089521332576), np.float64(0.13453161545107056), np.float64(0.09793483461382599), np.float64(0.13585760569297228), np.float64(0.0950385137604922), np.float64(0.07197821239337715), np.float64(0.14324348476542192), np.float64(0.13421113543791358))","(np.float64(237.0915289686285), np.float64(73.70800818218486), np.float64(247.18695395999566), np.float64(49.457751252486744), np.float64(19.71258478025383), np.float64(26.68179223429339), np.float64(237.44450335471305), np.float64(342.99285275502297))"
11,"((3, 13), (3, 18), (5, 8), (8, 9), (9, 11))","(np.float64(0.12407420595681025), np.float64(0.07562365579360351), np.float64(0.10795139444808555), np.float64(0.1368454051885835), np.float64(0.12460412383821493))","(np.float64(264.0150018841829), np.float64(17.111570503497845), np.float64(138.72997049440684), np.float64(128.63463139925827), np.float64(222.811245251153))"
12,"((0, 10), (2, 7))","(np.float64(0.14454610283595254), np.float64(0.14134164233844915))","(np.float64(304.15513526536114), np.float64(223.27979981779023))"
14,"((1, 10), (4, 14), (4, 19), (5, 13), (11, 15), (12, 13))","(np.float64(0.14548701101545897), np.float64(0.12000804941114211), np.float64(0.07791284751880583), np.float64(0.08823435829667138), np.float64(0.14670145863786574), np.float64(0.14850137754663484))","(np.float64(162.56264817515807), np.float64(273.6412069632538), np.float64(36.466667349843824), np.float64(328.2967523130445), np.float64(219.06082048531127), np.float64(211.4951229428823))"
15,"((5, 11), (7, 11), (6, 12))","(np.float64(0.042849463534115007), np.float64(0.13199270997327933), np.float64(0.14400814519018085))","(np.float64(70.18871905866195), np.float64(213.96706032767167), np.float64(211.77130528394582))"
16,"((11, 19), (9, 17))","(np.float64(0.11714765669833939), np.float64(0.14725711783574313))","(np.float64(187.159957156205), np.float64(339.6038492024039))"
17,"((11, 17),)","(np.float64(0.13067302681160098),)","(np.float64(206.57234256996176),)"
18,"((3, 18),)","(np.float64(0.11752325033837363),)","(np.float64(297.38530555732035),)"
19,"((2, 19), (3, 14))","(np.float64(0.11964458406844572), np.float64(0.14170248507896527))","(np.float64(98.43201337045869), np.float64(245.9356530815282))"
20,"((4, 16), (7, 14))","(np.float64(0.13463009952756), np.float64(0.11657096771195649))","(np.float64(277.79733229627334), np.float64(12.335828481320993))"
21,"((0, 15),)","(np.float64(0.1434838918078889),)","(np.float64(339.5374508328874),)"
22,"((2, 9),)","(np.float64(0.14053670482060956),)","(np.float64(86.44445054871844),)"
23,"((3, 19), (13, 18), (0, 10))","(np.float64(0.13626135831540787), np.float64(0.06723009137696392), np.float64(0.11485006823534293))","(np.float64(277.80288665588955), np.float64(94.99336299683843), np.float64(244.60155625285222))"
24,"((1, 19),)","(np.float64(0.04572817374121543),)","(np.float64(212.5640295232429),)"
25,"((1, 5), (2, 18), (6, 10), (14, 17), (12, 16))","(np.float64(0.08754244238879427), np.float64(0.14375656843083395), np.float64(0.11322733134890771), np.float64(0.10452339308334693), np.float64(0.14998902447378978))","(np.float64(295.57353781101), np.float64(147.60342000970195), np.float64(337.91527551208515), np.float64(160.54724740408656), np.float64(126.36841952558697))"
26,"((10, 18),)","(np.float64(0.06327458188411901),)","(np.float64(334.8165103493352),)"
27,"((8, 13), (8, 15), (2, 12), (10, 17), (13, 16))","(np.float64(0.14776387089959883), np.float64(0.1454382850045297), np.float64(0.1482569281651374), np.float64(0.11974599799865228), np.float64(0.14572662961310603))","(np.float64(184.1714249216379), np.float64(86.75643024732238), np.float64(327.0242944158746), np.float64(117.77160815620664), np.float64(98.47687062876844))"
28,"((2, 10), (10, 17))","(np.float64(0.1479332896400901), np.float64(0.1287983449083822))","(np.float64(51.33149873631947), np.float64(49.73283899991133))"
29,"((0, 4), (0, 10), (1, 15))","(np.float64(0.11263886360815839), np.float64(0.14045349713055078), np.float64(0.1353087733655063))","(np.float64(259.513859341535), np.float64(353.399655701991), np.float64(297.0168160645511))"
30,"((5, 13),)","(np.float64(0.13989438406210625),)","(np.float64(310.4341050046195),)"
31,"((0, 18), (1, 12))","(np.float64(0.13652180439290607), np.float64(0.0523841297899868))","(np.float64(164.2377455812832), np.float64(93.28826765112272))"
32,"((2, 13), (11, 14), (2, 15))","(np.float64(0.009288326279655399), np.float64(0.1441857755606463), np.float64(0.1408408849929055))","(np.float64(277.86421036583306), np.float64(224.0497946817036), np.float64(313.47753799063594))"
33,"((3, 16),)","(np.float64(0.10466743067734292),)","(np.float64(120.23396909816245),)"
34,"((6, 7),)","(np.float64(0.09617196338628145),)","(np.float64(219.52455736361654),)"
36,"((4, 13), (4, 17), (13, 17))","(np.float64(0.13555882798151644), np.float64(0.04141810732170911), np.float64(0.10476322064016388))","(np.float64(227.02677587131444), np.float64(238.33486896523527), np.float64(91.59599990429886))"
37,"((15, 16),)","(np.float64(0.07507659588053438),)","(np.float64(82.70500910760293),)"
38,"((0, 11), (5, 14), (10, 17), (2, 19))","(np.float64(0.02345819390032475), np.float64(0.14032072816303115), np.float64(0.11619881003617603), np.float64(0.1349282662558008))","(np.float64(129.9837034849954), np.float64(244.53963652532997), np.float64(41.006364114651454), np.float64(94.47971639552802))"
39,"((0, 1), (7, 19))","(np.float64(0.01788424863394413), np.float64(0.09587770416766082))","(np.float64(73.80462694685129), np.float64(189.50269946267602))"
40,"((0, 9), (0, 18), (7, 19), (13, 19))","(np.float64(0.13410461420909298), np.float64(0.12238440317907923), np.float64(0.11171239590746203), np.float64(0.03074960113631021))","(np.float64(32.80779664096142), np.float64(170.5671653574778), np.float64(280.38818193843576), np.float64(202.25169342943718))"
42,"((4, 12), (5, 9), (5, 17), (9, 17))","(np.float64(0.14120982606693197), np.float64(0.07250771137626064), np.float64(0.12155588720168246), np.float64(0.13386229983240586))","(np.float64(311.63740803003145), np.float64(309.3737996196026), np.float64(32.48695311852764), np.float64(65.01691467614621))"
44,"((3, 7), (6, 11), (8, 12))","(np.float64(0.104371801306896), np.float64(0.09729037145079984), np.float64(0.06827954279643472))","(np.float64(16.98040403535489), np.float64(202.6623015221036), np.float64(7.308104492429075))"
45,"((13, 15),)","(np.float64(0.11710843109549973),)","(np.float64(196.47793222947416),)"
47,"((0, 1), (5, 9), (14, 17), (6, 17), (1, 6))","(np.float64(0.012479612534194422), np.float64(0.1059935872205279), np.float64(0.06725870621748696), np.float64(0.12021094771472286), np.float64(0.13955535021061086))","(np.float64(220.26020776287947), np.float64(93.4746356266032), np.float64(256.67582652724303), np.float64(86.20552393155012), np.float64(234.57247497188186))"
48,"((4, 15), (5, 18), (16, 17))","(np.float64(0.1389806289618524), np.float64(0.11356038936900105), np.float64(0.1300943771984228))","(np.float64(244.25746512087608), np.float64(215.19424836370092), np.float64(262.09188399861523))"
50,"((10, 11),)","(np.float64(0.06208786006123967),)","(np.float64(104.91045948035395),)"
51,"((3, 6), (4, 16))","(np.float64(0.09869877628139029), np.float64(0.1449705541740681))","(np.float64(342.96111795551263), np.float64(49.04861422488551))"
52,"((11, 17),)","(np.float64(0.13974324388033002),)","(np.float64(176.0022152441801),)"
53,"((7, 9), (3, 8))","(np.float64(0.1013334348902822), np.float64(0.14034429409339388))","(np.float64(202.41692515857162), np.float64(186.1411814299753))"
54,"((2, 12), (6, 18), (7, 8), (13, 15), (5, 18), (7, 17))","(np.float64(0.0780140764025846), np.float64(0.11869018387615268), np.float64(0.10787721928232633), np.float64(0.14962696580321577), np.float64(0.12542119893813386), np.float64(0.13384158791626682))","(np.float64(103.97339323976537), np.float64(195.0025823773719), np.float64(53.130763089903944), np.float64(10.527866958175577), np.float64(215.04568435973624), np.float64(256.3471500466044))"
55,"((1, 15), (11, 18))","(np.float64(0.03394685542111355), np.float64(0.1280836036507232))","(np.float64(73.88794987767297), np.float64(150.18598178899956))"
57,"((7, 9), (15, 19))","(np.float64(0.05088626039949222), np.float64(0.14992382654682335))","(np.float64(227.37342759638062), np.float64(184.80814476344824))"
59,"((11, 19),)","(np.float64(0.14737374703881032),)","(np.float64(324.8135897670463),)"
61,"((10, 16),)","(np.float64(0.14950766330219947),)","(np.float64(103.85767951679901),)"
64,"((0, 18), (3, 11), (3, 13), (6, 11), (11, 13), (14, 18))","(np.float64(0.11986834465947534), np.float64(0.10067260668734189), np.float64(0.1280533320987109), np.float64(0.14407377668740465), np.float64(0.14897529978236934), np.float64(0.13354255609941285))","(np.float64(92.86088218633397), np.float64(67.31380676052396), np.float64(347.0008769892765), np.float64(251.95683007537534), np.float64(305.23286425242435), np.float64(340.8511712345909))"
65,"((0, 11), (7, 11), (5, 13), (4, 11))","(np.float64(0.05355851431737773), np.float64(0.09511780767785624), np.float64(0.12510669076523254), np.float64(0.14214311055035256))","(np.float64(59.63866007254646), np.float64(201.2189707380311), np.float64(314.7664793336218), np.float64(302.31830070850236))"
66,"((0, 17), (4, 19))","(np.float64(0.14454277289654993), np.float64(0.07668461954233229))","(np.float64(258.16495365675405), np.float64(93.88007903575335))"
67,"((2, 3), (15, 16), (15, 17), (16, 17), (3, 11))","(np.float64(0.12592848115640667), np.float64(0.08057588075880676), np.float64(0.11848990183071931), np.float64(0.10151487339722114), np.float64(0.13835009669579731))","(np.float64(300.1843488101945), np.float64(315.7005819786751), np.float64(258.08404135465116), np.float64(215.99395705117576), np.float64(278.8706475403405))"
68,"((9, 16), (1, 10), (9, 10))","(np.float64(0.1462306243239541), np.float64(0.1456027751166185), np.float64(0.12015709904392187))","(np.float64(328.5056499527187), np.float64(320.3107227311189), np.float64(259.45317814600355))"
69,"((3, 19), (7, 19))","(np.float64(0.06687488191095094), np.float64(0.14699915533919386))","(np.float64(295.4766050621442), np.float64(84.39942652041866))"
70,"((5, 16),)","(np.float64(0.09532795779960515),)","(np.float64(54.30775060515116),)"
71,"((0, 7), (0, 9), (3, 16), (7, 9))","(np.float64(0.06420856803149501), np.float64(0.11592683347289502), np.float64(0.14784538152176943), np.float64(0.07261769002337001))","(np.float64(137.0759365983395), np.float64(171.44168724710352), np.float64(299.9997505757817), np.float64(201.38337276034122))"
72,"((2, 9),)","(np.float64(0.12208398850756887),)","(np.float64(202.41513971166495),)"
73,"((2, 17), (5, 6))","(np.float64(0.12689185499526073), np.float64(0.10848478906873954))","(np.float64(37.62677660789037), np.float64(302.05922348314493))"
74,"((3, 18),)","(np.float64(0.14201977728026227),)","(np.float64(191.68203180866334),)"
75,"((1, 11), (3, 6))","(np.float64(0.13436889666814456), np.float64(0.09698639743902353))","(np.float64(6.896839984091027), np.float64(319.1378792921569))"
79,"((4, 19), (6, 19))","(np.float64(0.14640844569280517), np.float64(0.13301576051315744))","(np.float64(1.6276362780097218), np.float64(2.178128574919995))"
80,"((2, 7), (7, 13), (16, 19))","(np.float64(0.09376378176560558), np.float64(0.1267040757096953), np.float64(0.11348748884504542))","(np.float64(90.57582871954578), np.float64(4.156562745582021), np.float64(355.82121367844087))"
81,"((3, 4), (10, 17), (8, 13), (4, 13), (11, 18))","(np.float64(0.1285396518200944), np.float64(0.147472858815767), np.float64(0.14987689970994025), np.float64(0.009256495245901643), np.float64(0.13336288117740303))","(np.float64(141.94527340115974), np.float64(51.10673495926432), np.float64(356.72585127061785), np.float64(79.95914448648674), np.float64(59.544661611292106))"
82,"((3, 8), (8, 15))","(np.float64(0.11605707512458288), np.float64(0.1277367360049701))","(np.float64(317.2951603872622), np.float64(335.3723833690691))"
83,"((3, 5),)","(np.float64(0.09282085107401575),)","(np.float64(342.8508887224724),)"
84,"((2, 14), (0, 8), (2, 4))","(np.float64(0.03853439977197286), np.float64(0.1163777373301757), np.float64(0.14508644543732502))","(np.float64(275.1353596816866), np.float64(266.76427357869034), np.float64(252.377378248521))"
87,"((0, 14), (1, 7), (2, 7), (4, 5), (12, 19), (13, 17))","(np.float64(0.11214043166110477), np.float64(0.10841698729227367), np.float64(0.13042330813135652), np.float64(0.14519866785015298), np.float64(0.018943518141851474), np.float64(0.14693459386487487))","(np.float64(25.107764909024613), np.float64(327.61955432114144), np.float64(108.48435351246255), np.float64(22.5882813989531), np.float64(358.33175604535154), np.float64(131.4087659251258))"
88,"((0, 5), (4, 6), (12, 14), (12, 18))","(np.float64(0.11382354898700549), np.float64(0.08473320099920675), np.float64(0.14612041547814222), np.float64(0.13015271276568516))","(np.float64(264.8933632167092), np.float64(292.26250942414674), np.float64(55.85585278783207), np.float64(58.0386051769715))"
89,"((4, 10), (7, 10), (2, 15))","(np.float64(0.13802498676563396), np.float64(0.09388816656105312), np.float64(0.14043198921733782))","(np.float64(158.41461929469475), np.float64(230.99374176608836), np.float64(346.00207549531814))"
90,"((9, 18),)","(np.float64(0.08626661399027506),)","(np.float64(106.66008211217296),)"
91,"((0, 13), (10, 18), (13, 14))","(np.float64(0.14032694649155783), np.float64(0.1325653948703144), np.float64(0.13416835063796784))","(np.float64(145.13501304894308), np.float64(2.5805818436702608), np.float64(213.13625493640103))"
93,"((0, 13), (4, 10), (0, 3))","(np.float64(0.11793170760506623), np.float64(0.11501592954404798), np.float64(0.14622562881327064))","(np.float64(260.5469383985063), np.float64(52.537354649214265), np.float64(273.6523685861662))"
97,"((11, 19),)","(np.float64(0.11035056905437396),)","(np.float64(103.72086567815005),)"
98,"((2, 17),)","(np.float64(0.1288271588178935),)","(np.float64(108.16369431638418),)"
99,"((2, 12),)","(np.float64(0.1216248152084653),)","(np.float64(105.06529781450543),)"
100,"((0, 3), (10, 17), (10, 19), (17, 19))","(np.float64(0.03246222499302199), np.float64(0.0929984839469558), np.float64(0.10639177366300852), np.float64(0.0447994854672803))","(np.float64(13.768365172909542), np.float64(224.5679412728383), np.float64(249.38595803089362), np.float64(309.9997530596229))"
102,"((4, 18), (8, 18), (6, 15))","(np.float64(0.09977932501583388), np.float64(0.13774222775852868), np.float64(0.1409170657592484))","(np.float64(322.72454527173556), np.float64(148.26935738331036), np.float64(349.5588455710799))"
103,"((5, 14), (13, 19), (5, 19))","(np.float64(0.0756953538520006), np.float64(0.14183644543655216), np.float64(0.11958659312094144))","(np.float64(205.03476225111058), np.float64(108.8811236716891), np.float64(64.28322031930738))"
104,"((7, 11), (10, 16))","(np.float64(0.14780671361045744), np.float64(0.1454951340828488))","(np.float64(71.53279954407624), np.float64(305.4074118038245))"
105,"((1, 4), (1, 8), (2, 6), (3, 5), (0, 14))","(np.float64(0.14475300693637294), np.float64(0.062200906450491825), np.float64(0.10537629730771707), np.float64(0.14426901314296514), np.float64(0.14058104306116587))","(np.float64(287.52443509389735), np.float64(54.05799329025522), np.float64(130.36964271086381), np.float64(115.37641390303045), np.float64(223.10044809985556))"
106,"((6, 19), (9, 10), (0, 9))","(np.float64(0.07380972410485), np.float64(0.05825837372776081), np.float64(0.1473309272871069))","(np.float64(122.33869244688891), np.float64(48.26699768854333), np.float64(228.34056788963275))"
107,"((1, 13), (7, 12), (6, 15), (6, 17))","(np.float64(0.12610229716449387), np.float64(0.13272617678427157), np.float64(0.10223783304580573), np.float64(0.14194113257947902))","(np.float64(342.0259990304159), np.float64(41.48871696725648), np.float64(272.8512119885282), np.float64(313.3033846563992))"
108,"((3, 15), (15, 17))","(np.float64(0.1311259140134403), np.float64(0.14901695252103814))","(np.float64(281.94177695731224), np.float64(73.63833709988305))"
109,"((5, 8),)","(np.float64(0.06733900050378035),)","(np.float64(219.33371444499062),)"
110,"((2, 10), (3, 17), (7, 15), (0, 3))","(np.float64(0.09734170625065752), np.float64(0.09298488419797724), np.float64(0.14742374490563373), np.float64(0.11033292276688181))","(np.float64(61.37431164191067), np.float64(299.2658627838377), np.float64(10.582663875454811), np.float64(169.94845142779266))"
111,"((12, 13),)","(np.float64(0.1427903056270817),)","(np.float64(295.06412656558473),)"
112,"((0, 5), (13, 14), (9, 13))","(np.float64(0.08434206553143568), np.float64(0.07315228859973266), np.float64(0.12901535093109562))","(np.float64(47.84984131368797), np.float64(87.677575762119), np.float64(101.64771960668666))"
113,"((10, 19),)","(np.float64(0.1465735867693165),)","(np.float64(84.61199121299055),)"
114,"((10, 19), (0, 10))","(np.float64(0.010114669781523622), np.float64(0.08149206257099359))","(np.float64(356.08447391014846), np.float64(235.43629954299968))"
115,"((5, 18),)","(np.float64(0.14898271205459748),)","(np.float64(24.20335405662408),)"
116,"((1, 14), (6, 8))","(np.float64(0.09319259642392856), np.float64(0.025753870126291833))","(np.float64(302.8960504400776), np.float64(83.67758148091669))"
117,"((7, 14), (8, 14))","(np.float64(0.13239007882460935), np.float64(0.11360879634180367))","(np.float64(84.25746076729865), np.float64(331.56174294876706))"
118,"((0, 7), (5, 10))","(np.float64(0.1438653795795327), np.float64(0.11909070957408942))","(np.float64(280.20838246653756), np.float64(311.84173238751214))"
119,"((0, 6), (3, 11), (7, 15), (7, 12))","(np.float64(0.11023358048786795), np.float64(0.1283250243103891), np.float64(0.10330336860341387), np.float64(0.08809388223155762))","(np.float64(312.14288189225584), np.float64(133.49523063014513), np.float64(350.2640416954825), np.float64(323.7191514140299))"
120,"((4, 19), (6, 13))","(np.float64(0.02864726796869804), np.float64(0.058354274663481025))","(np.float64(86.37279351959613), np.float64(189.1558374211734))"
121,"((2, 15), (7, 8))","(np.float64(0.06991061278169909), np.float64(0.14945845019429743))","(np.float64(86.83437692309617), np.float64(271.8885221076287))"
122,"((13, 19),)","(np.float64(0.09562877389287493),)","(np.float64(294.65559179413964),)"
123,"((1, 19), (2, 9), (11, 18))","(np.float64(0.13134650451234772), np.float64(0.10959299379311588), np.float64(0.10838948748322012))","(np.float64(208.9599870982393), np.float64(211.45648907811056), np.float64(47.84233790189501))"
125,"((0, 9),)","(np.float64(0.10569497410698597),)","(np.float64(7.916703051569085),)"
126,"((3, 10), (14, 18))","(np.float64(0.08474290751255206), np.float64(0.10789813267436149))","(np.float64(5.539337957038219), np.float64(128.73265623334407))"
127,"((8, 12),)","(np.float64(0.05212727881157194),)","(np.float64(119.99727175359646),)"
128,"((0, 14), (4, 10))","(np.float64(0.09272688676155845), np.float64(0.10803189482825588))","(np.float64(4.114179776887076), np.float64(278.0989424746989))"
130,"((5, 16), (9, 12), (9, 19), (11, 15), (12, 19), (16, 19))","(np.float64(0.12135007746665574), np.float64(0.0682888423288039), np.float64(0.06723592564885546), np.float64(0.11019208123337257), np.float64(0.13331408442274992), np.float64(0.14493309977807114))","(np.float64(213.41470882138344), np.float64(72.95847303156147), np.float64(295.366768627653), np.float64(106.57007123374284), np.float64(302.25240485535613), np.float64(55.380883804414204))"
131,"((7, 13),)","(np.float64(0.039654603828499654),)","(np.float64(128.69647593079335),)"
132,"((8, 19),)","(np.float64(0.1473570060807086),)","(np.float64(146.93073267920386),)"
134,"((8, 17), (10, 15))","(np.float64(0.10041374891530193), np.float64(0.14525105307443872))","(np.float64(236.32858908788643), np.float64(284.18877222864774))"
135,"((1, 6), (5, 11), (9, 13), (10, 19), (9, 18))","(np.float64(0.1337677491922263), np.float64(0.12194856290853663), np.float64(0.1011488613280834), np.float64(0.10732297125284843), np.float64(0.1457834673459594))","(np.float64(108.81026912933987), np.float64(47.48079817176825), np.float64(229.41230573245176), np.float64(53.89270370480633), np.float64(112.94794351568066))"
136,"((14, 15),)","(np.float64(0.1268404572684137),)","(np.float64(97.12660049602624),)"
137,"((12, 17),)","(np.float64(0.12461469675912806),)","(np.float64(22.7252739527134),)"
138,"((6, 16), (5, 13))","(np.float64(0.14864676368480004), np.float64(0.1478377316514968))","(np.float64(338.7717412328024), np.float64(267.2863092730038))"
139,"((12, 16),)","(np.float64(0.1132406530591724),)","(np.float64(330.20525962339025),)"
141,"((11, 12),)","(np.float64(0.11085207070861942),)","(np.float64(158.43395930854143),)"
143,"((2, 13), (11, 16))","(np.float64(0.126177683724167), np.float64(0.14695737218458899))","(np.float64(40.88555985194509), np.float64(278.31482594050215))"
144,"((15, 19), (7, 18), (3, 7))","(np.float64(0.1268042588611753), np.float64(0.12100403779624667), np.float64(0.12153184693949837))","(np.float64(37.04809512698526), np.float64(300.3599716921861), np.float64(235.9652372703675))"
145,"((0, 15), (5, 12), (10, 12))","(np.float64(0.04984278345096843), np.float64(0.14627408251322552), np.float64(0.148470223326418))","(np.float64(311.8773321222064), np.float64(34.307667675265954), np.float64(127.31053495723887))"
148,"((1, 11),)","(np.float64(0.04024601495501184),)","(np.float64(326.2745934471181),)"
149,"((2, 8),)","(np.float64(0.14610661754853607),)","(np.float64(79.53365426676513),)"
150,"((2, 9),)","(np.float64(0.14263814431612942),)","(np.float64(331.61284856090606),)"
152,"((4, 18), (5, 13), (6, 18), (4, 14))","(np.float64(0.13977091663877383), np.float64(0.12307308734372568), np.float64(0.11617982584548747), np.float64(0.14355576919301727))","(np.float64(195.5610171353621), np.float64(281.4324668811315), np.float64(339.7821938518565), np.float64(203.79330016564126))"
153,"((2, 11), (5, 15), (12, 19))","(np.float64(0.13809095686092032), np.float64(0.07942201621575715), np.float64(0.01392495754127903))","(np.float64(215.36777431071064), np.float64(152.32707535016263), np.float64(90.21323829812668))"
154,"((12, 17),)","(np.float64(0.13756089685255243),)","(np.float64(333.2692864533038),)"
155,"((0, 1), (7, 19))","(np.float64(0.0844473492669162), np.float64(0.11838458614118957))","(np.float64(161.70664408050507), np.float64(76.73687510926162))"
156,"((10, 15), (13, 14))","(np.float64(0.14974526855280254), np.float64(0.12302067300983181))","(np.float64(241.01358397204226), np.float64(97.40152556955952))"
157,"((9, 15), (2, 7))","(np.float64(0.10719575810417954), np.float64(0.13974936322751183))","(np.float64(316.2043334090785), np.float64(189.81234781522318))"
158,"((1, 5), (15, 16))","(np.float64(0.11140531797345661), np.float64(0.12776153541170845))","(np.float64(317.6298127452955), np.float64(78.76934199415501))"
159,"((3, 10), (5, 10))","(np.float64(0.12233682610611367), np.float64(0.031459920943246476))","(np.float64(160.92242905886917), np.float64(242.48047932490653))"
160,"((7, 12), (7, 18), (12, 18), (11, 15), (10, 19))","(np.float64(0.016549875769035036), np.float64(0.10283607912423269), np.float64(0.11933331881200941), np.float64(0.14646784858724732), np.float64(0.14561513746230784))","(np.float64(328.38509448418586), np.float64(153.31028850458978), np.float64(152.6280455307861), np.float64(16.670086961876333), np.float64(43.84533825744034))"
161,"((15, 16),)","(np.float64(0.12974809579651056),)","(np.float64(182.2980841731484),)"
162,"((1, 2), (12, 13), (13, 14))","(np.float64(0.04673696656635444), np.float64(0.11078920427611108), np.float64(0.10252457027233983))","(np.float64(220.10159205519255), np.float64(298.2496115047071), np.float64(246.13006275510259))"
163,"((12, 13), (16, 19), (0, 8))","(np.float64(0.13145461047708273), np.float64(0.05067629925971561), np.float64(0.14851857558521872))","(np.float64(105.84321848390412), np.float64(57.98987501391419), np.float64(248.54313570376286))"
164,"((4, 15), (3, 16), (0, 10))","(np.float64(0.03745463799855797), np.float64(0.14785941791026558), np.float64(0.14372277868993594))","(np.float64(177.7509828713654), np.float64(11.753945686861146), np.float64(316.8719547543179))"
165,"((1, 14),)","(np.float64(0.13876613250890563),)","(np.float64(79.83902519843535),)"
166,"((11, 14), (8, 16))","(np.float64(0.09914375544449129), np.float64(0.13212303792962668))","(np.float64(239.12785718471508), np.float64(150.21952830938199))"
167,"((12, 17), (11, 18))","(np.float64(0.11825194407649034), np.float64(0.14888488349669113))","(np.float64(195.91780137574983), np.float64(49.571312018080135))"
168,"((2, 18),)","(np.float64(0.07983882304669583),)","(np.float64(231.66713866446847),)"
169,"((0, 5), (8, 12), (5, 19), (13, 17))","(np.float64(0.11424145242651698), np.float64(0.08856517639796019), np.float64(0.13603286113910998), np.float64(0.14325077998550512))","(np.float64(133.70536580911948), np.float64(280.93250848827506), np.float64(181.3353596471164), np.float64(79.03906146168599))"
170,"((3, 13), (11, 12), (2, 13))","(np.float64(0.13243717666701002), np.float64(0.03766306117400346), np.float64(0.1474184572690399))","(np.float64(132.69676931455047), np.float64(28.60180064884373), np.float64(75.4572901731835))"
171,"((5, 8), (3, 17), (9, 17))","(np.float64(0.14340176690066006), np.float64(0.1371738089277778), np.float64(0.09993834908868869))","(np.float64(48.323417152346465), np.float64(62.2757451334489), np.float64(330.39814152627423))"
172,"((0, 12),)","(np.float64(0.10236527752609656),)","(np.float64(211.6046394044296),)"
173,"((0, 7),)","(np.float64(0.09672417675653233),)","(np.float64(38.21077054483508),)"
174,"((8, 13),)","(np.float64(0.11616295984428339),)","(np.float64(158.5531323475959),)"
175,"((8, 18),)","(np.float64(0.08961147723400235),)","(np.float64(109.57320283104002),)"
176,"((2, 19), (12, 14))","(np.float64(0.13740750615169292), np.float64(0.1252292861936615))","(np.float64(57.268846996251185), np.float64(123.53719907417353))"
177,"((2, 11), (0, 14))","(np.float64(0.08891883448746601), np.float64(0.1458721133631119))","(np.float64(242.34908141291663), np.float64(255.13821619773935))"
178,"((1, 17), (1, 11))","(np.float64(0.05199635384884392), np.float64(0.13566072304889415))","(np.float64(112.79526647413664), np.float64(348.1936547160881))"
179,"((8, 9), (1, 10), (3, 10))","(np.float64(0.11223208541990422), np.float64(0.1321043356443444), np.float64(0.114766197436886))","(np.float64(188.76733378245058), np.float64(127.39178532584037), np.float64(284.82337272550006))"
181,"((10, 17), (11, 16), (7, 16))","(np.float64(0.13885338967860647), np.float64(0.14718775682927845), np.float64(0.1367982940619312))","(np.float64(272.86639586301555), np.float64(102.55268352559578), np.float64(190.44093997209714))"
182,"((6, 12), (8, 9), (10, 18), (3, 8), (3, 9))","(np.float64(0.0991583719358164), np.float64(0.13729034309837737), np.float64(0.10546655051963912), np.float64(0.11035690664675567), np.float64(0.11401260883639418))","(np.float64(41.14944092736884), np.float64(230.07051075135794), np.float64(92.75376076394684), np.float64(204.12597736756723), np.float64(282.125151964442))"
183,"((9, 19), (3, 19), (4, 10), (4, 19))","(np.float64(0.12885709916103083), np.float64(0.13232970109575354), np.float64(0.1480758313350695), np.float64(0.14688490251983322))","(np.float64(36.25640330247682), np.float64(295.90203642452127), np.float64(167.63531036852223), np.float64(287.30431135011736))"
184,"((2, 3), (12, 19))","(np.float64(0.040946456801303266), np.float64(0.11768618255702885))","(np.float64(315.28334523378004), np.float64(205.94051421871347))"
185,"((13, 19), (14, 18))","(np.float64(0.13637316915161538), np.float64(0.12843642971796868))","(np.float64(218.81004337232318), np.float64(220.16420280776433))"
186,"((1, 7), (2, 17), (3, 8), (10, 17))","(np.float64(0.0664810711345505), np.float64(0.1137800884923588), np.float64(0.1405735499025502), np.float64(0.14073161418035257))","(np.float64(283.92549588597115), np.float64(329.4411177017588), np.float64(204.38331162456), np.float64(148.20415340993864))"
187,"((1, 18), (8, 9))","(np.float64(0.04886486302394277), np.float64(0.14074594605005492))","(np.float64(138.84035354373924), np.float64(42.92873565469277))"
188,"((8, 9), (8, 19), (5, 15))","(np.float64(0.07524104762434683), np.float64(0.13248132513063074), np.float64(0.14444507202057172))","(np.float64(243.31375845046955), np.float64(128.6392131435309), np.float64(260.9968644273421))"
189,"((0, 3), (5, 7))","(np.float64(0.0755936098669101), np.float64(0.08538052111551625))","(np.float64(237.97020846260614), np.float64(182.0780043192318))"
190,"((1, 18), (3, 18))","(np.float64(0.07830940329564873), np.float64(0.09933912447979347))","(np.float64(144.68157515363194), np.float64(300.5988929248117))"
191,"((1, 8), (3, 11))","(np.float64(0.14732552687495154), np.float64(0.1458055015591827))","(np.float64(307.71004525907927), np.float64(208.95199272474895))"
192,"((5, 13),)","(np.float64(0.05613245126405489),)","(np.float64(73.80364200380555),)"
193,"((4, 13), (4, 10))","(np.float64(0.10347307120202649), np.float64(0.12223296129095326))","(np.float64(260.1645300049374), np.float64(53.92380270303264))"
195,"((4, 19),)","(np.float64(0.10439868651673373),)","(np.float64(0.8470610844126591),)"
196,"((10, 14),)","(np.float64(0.13210430797562248),)","(np.float64(336.8715458277245),)"
197,"((0, 10), (13, 17), (3, 12))","(np.float64(0.06460609957645731), np.float64(0.11927622550209195), np.float64(0.12291546719397925))","(np.float64(298.3217778340436), np.float64(237.38674767921248), np.float64(308.23916964190033))"
198,"((1, 11), (5, 13), (9, 19), (15, 17))","(np.float64(0.1426810249002112), np.float64(0.1328426721772893), np.float64(0.13717833456775974), np.float64(0.12494954313148948))","(np.float64(11.833300140619885), np.float64(78.38833642123211), np.float64(344.9896799793433), np.float64(15.893200479414556))"
200,"((15, 17), (16, 19), (1, 8), (4, 13))","(np.float64(0.11339471654184233), np.float64(0.11256445124945444), np.float64(0.12289037587781959), np.float64(0.14646467872917712))","(np.float64(243.08705036995912), np.float64(129.6939697676171), np.float64(323.3625767691232), np.float64(285.96396704639164))"
201,"((10, 13), (15, 17), (0, 13), (2, 14))","(np.float64(0.07309569251277857), np.float64(0.06814271153658974), np.float64(0.08264560911286115), np.float64(0.11826233952172531))","(np.float64(227.44723762132224), np.float64(29.28449770164594), np.float64(204.35897250279288), np.float64(330.8144210870114))"
202,"((9, 10),)","(np.float64(0.1443351566905005),)","(np.float64(104.19454870556748),)"
203,"((13, 15), (16, 18), (13, 19))","(np.float64(0.14254071241491817), np.float64(0.14660104832492088), np.float64(0.14551797826929241))","(np.float64(231.9578529739213), np.float64(75.58453801983437), np.float64(343.20215591547293))"
204,"((6, 9), (6, 16))","(np.float64(0.14411829284240735), np.float64(0.11996161645799519))","(np.float64(130.3573261825799), np.float64(182.4233692123791))"
205,"((1, 3),)","(np.float64(0.11983985366337208),)","(np.float64(290.49215242426396),)"
206,"((6, 19), (11, 14))","(np.float64(0.10690057049567936), np.float64(0.12030939361145512))","(np.float64(68.84157855349733), np.float64(323.7169858334037))"
207,"((5, 16),)","(np.float64(0.1496013218717303),)","(np.float64(84.23466222544799),)"
208,"((1, 4), (1, 8), (2, 12))","(np.float64(0.13660695490544997), np.float64(0.0693096856591669), np.float64(0.14639224406128593))","(np.float64(267.2080106688417), np.float64(2.4625508211252236), np.float64(265.3909338223124))"
210,"((2, 5),)","(np.float64(0.14120858965385394),)","(np.float64(262.8932577148396),)"
211,"((0, 13), (6, 15))","(np.float64(0.0919015797335708), np.float64(0.13213950675884206))","(np.float64(136.3897384095107), np.float64(254.92618770818524))"
213,"((2, 19), (5, 19))","(np.float64(0.08605414657160639), np.float64(0.13345836773540007))","(np.float64(120.30666573962117), np.float64(129.44601460624003))"
214,"((4, 12),)","(np.float64(0.13987312478063177),)","(np.float64(140.70467793118496),)"
215,"((6, 15), (9, 14))","(np.float64(0.11956383364205901), np.float64(0.08653644016737068))","(np.float64(180.3562091633625), np.float64(227.8603228260902))"
216,"((0, 4), (3, 19), (6, 18), (10, 19))","(np.float64(0.12972222855379661), np.float64(0.05382982629083474), np.float64(0.11011361151649658), np.float64(0.14597252250714082))","(np.float64(41.691174965932824), np.float64(252.9399213924326), np.float64(243.4814840885141), np.float64(153.52795338567032))"
217,"((5, 11), (9, 19), (18, 19))","(np.float64(0.1280524830291778), np.float64(0.1067546111877537), np.float64(0.06859232831978444))","(np.float64(20.725211896608613), np.float64(17.7409961596217), np.float64(231.6364486221737))"
218,"((3, 4), (12, 14))","(np.float64(0.09359154394381647), np.float64(0.10201795231552088))","(np.float64(34.18916437283315), np.float64(243.39542561087774))"
219,"((18, 19),)","(np.float64(0.09828974467036748),)","(np.float64(306.3101028905485),)"
220,"((1, 14),)","(np.float64(0.13056581977117343),)","(np.float64(87.92205139540745),)"
221,"((3, 13), (5, 10))","(np.float64(0.1458219087662946), np.float64(0.09409165619061219))","(np.float64(175.07083610425272), np.float64(20.297015627178652))"
222,"((4, 6), (4, 16))","(np.float64(0.12243808749403116), np.float64(0.14783892409055582))","(np.float64(355.1404686053868), np.float64(13.980374061714764))"
223,"((1, 3), (6, 7), (7, 11), (12, 16), (6, 10))","(np.float64(0.13253743383573088), np.float64(0.14940325279364253), np.float64(0.10616740318203037), np.float64(0.10761038361454706), np.float64(0.11219666390578634))","(np.float64(104.82865914234523), np.float64(161.82841299962442), np.float64(247.0312658406114), np.float64(295.8198133273306), np.float64(56.71689858538939))"
224,"((8, 18), (0, 14))","(np.float64(0.13417716779673486), np.float64(0.11314926508931612))","(np.float64(19.505534438398158), np.float64(324.74101448259086))"
225,"((10, 14), (16, 18))","(np.float64(0.14439803045340083), np.float64(0.018695303120712894))","(np.float64(49.2187618647314), np.float64(248.15338255328123))"
226,"((4, 12), (2, 12), (10, 16))","(np.float64(0.11520149147302923), np.float64(0.10147822299405145), np.float64(0.14397376910815105))","(np.float64(144.060674536528), np.float64(260.52807280948434), np.float64(354.23221840705673))"
229,"((1, 2), (7, 12), (8, 11))","(np.float64(0.10833064415112559), np.float64(0.1161200764646392), np.float64(0.1071732653831383))","(np.float64(128.0787989785533), np.float64(237.38215714673493), np.float64(197.60462557657036))"
230,"((9, 15), (5, 12))","(np.float64(0.09984757249713629), np.float64(0.14932926196145876))","(np.float64(246.02745652727793), np.float64(78.33609530867548))"
232,"((5, 18),)","(np.float64(0.10401653332237906),)","(np.float64(300.04587250082517),)"
233,"((6, 17),)","(np.float64(0.07144027686182518),)","(np.float64(211.48505086771843),)"
234,"((2, 6),)","(np.float64(0.14823660796796545),)","(np.float64(333.313662880754),)"
235,"((4, 8),)","(np.float64(0.08836193898252619),)","(np.float64(207.82036309522104),)"
238,"((1, 13),)","(np.float64(0.021409794957091076),)","(np.float64(263.0732045640116),)"
239,"((8, 16),)","(np.float64(0.04834210604306278),)","(np.float64(236.91773791606266),)"
241,"((5, 16), (7, 16), (5, 14), (0, 7))","(np.float64(0.1484526333749812), np.float64(0.11005863155977962), np.float64(0.1381774226191179), np.float64(0.14895080256171786))","(np.float64(259.8089134073996), np.float64(49.57795072758621), np.float64(284.238808459247), np.float64(222.0659445622146))"
242,"((1, 16), (2, 19), (7, 16), (4, 16), (9, 19))","(np.float64(0.12634510868133714), np.float64(0.13109481771254436), np.float64(0.07622169651262202), np.float64(0.12461700601906853), np.float64(0.14606319009843483))","(np.float64(50.333174007188745), np.float64(86.286896765377), np.float64(45.58705237737962), np.float64(29.4405306869304), np.float64(182.69139396184627))"
243,"((0, 13), (2, 3), (4, 18), (8, 19), (11, 12))","(np.float64(0.14440621148631158), np.float64(0.06672242457078113), np.float64(0.14655688917146936), np.float64(0.06717053855221117), np.float64(0.1055383436575569))","(np.float64(346.5352448650232), np.float64(274.26694565846975), np.float64(88.54695819648151), np.float64(308.85081878307506), np.float64(150.72220903258824))"
245,"((12, 18),)","(np.float64(0.0912956938200505),)","(np.float64(287.7851525277449),)"
246,"((0, 15), (9, 12), (13, 17), (10, 17))","(np.float64(0.11663107953344744), np.float64(0.10129940572494435), np.float64(0.14827419049468588), np.float64(0.13642318018299557))","(np.float64(229.67407025741048), np.float64(21.54449719324975), np.float64(32.39714944799133), np.float64(306.72501735416677))"
247,"((6, 18),)","(np.float64(0.1108782695442009),)","(np.float64(98.9986401930198),)"
248,"((0, 1), (6, 9), (7, 14), (1, 11))","(np.float64(0.12743241929150473), np.float64(0.09532586230185415), np.float64(0.12173684563155765), np.float64(0.10991202779638141))","(np.float64(269.9059816460134), np.float64(144.34002617107473), np.float64(59.24308110942368), np.float64(343.16829838578366))"
250,"((10, 14),)","(np.float64(0.12035467441698322),)","(np.float64(166.83441406914014),)"
251,"((16, 19),)","(np.float64(0.12285219574328184),)","(np.float64(330.7298993866318),)"
252,"((4, 18), (6, 7), (7, 17), (2, 10))","(np.float64(0.12298855539407194), np.float64(0.03982074451093367), np.float64(0.1321468373021163), np.float64(0.14306442643031933))","(np.float64(285.9429654130482), np.float64(347.00474862521753), np.float64(18.818174196854248), np.float64(348.1013905184936))"
253,"((1, 6), (11, 12))","(np.float64(0.13648883119694571), np.float64(0.14621148020473054))","(np.float64(244.1723425199341), np.float64(333.15657879751416))"
254,"((4, 16), (6, 19), (8, 11), (12, 17), (7, 16))","(np.float64(0.08621363167001674), np.float64(0.07358241134361143), np.float64(0.11127257865033799), np.float64(0.12210792908826092), np.float64(0.14161134411983187))","(np.float64(88.39703542154979), np.float64(263.9023796413006), np.float64(263.9931711350623), np.float64(5.907896891025934), np.float64(265.1498134882311))"
255,"((0, 15), (2, 10), (5, 10), (6, 8), (6, 11), (8, 11), (2, 13), (5, 13))","(np.float64(0.09784664484069715), np.float64(0.057903498020351024), np.float64(0.1258170805969555), np.float64(0.10980543004592769), np.float64(0.06491926454308408), np.float64(0.14633607137049398), np.float64(0.07012744482322912), np.float64(0.1409077928072062))","(np.float64(0.9123558281035169), np.float64(132.74208586935717), np.float64(23.525184669933864), np.float64(252.408119552955), np.float64(3.5525173850947867), np.float64(47.96648476581681), np.float64(173.21163772358474), np.float64(303.05883062784415))"
256,"((3, 10),)","(np.float64(0.1304061557180087),)","(np.float64(134.83525528583615),)"
257,"((2, 12), (6, 7))","(np.float64(0.08090275062171678), np.float64(0.11318498240740009))","(np.float64(338.0956286473722), np.float64(280.0922432201193))"
258,"((2, 15),)","(np.float64(0.1309195960556852),)","(np.float64(234.40529306651166),)"
259,"((2, 16), (8, 11), (9, 12))","(np.float64(0.14232944118425964), np.float64(0.13578129641421552), np.float64(0.14629861127785043))","(np.float64(160.86262759735285), np.float64(140.46075678144916), np.float64(266.5423856100819))"
260,"((3, 12), (3, 16), (12, 16), (15, 17))","(np.float64(0.07359018849763407), np.float64(0.024841279260337933), np.float64(0.1185578240319787), np.float64(0.13918613391929893))","(np.float64(78.13792100172238), np.float64(31.995812747544658), np.float64(275.6429074985025), np.float64(359.7276176328301))"
261,"((1, 7), (1, 15), (8, 18), (5, 15))","(np.float64(0.059774662327511906), np.float64(0.059465620509284396), np.float64(0.1250832499286716), np.float64(0.13108893227023116))","(np.float64(261.5679792219894), np.float64(195.17202081469546), np.float64(19.99831738220357), np.float64(292.92133714674793))"
262,"((1, 15), (6, 17))","(np.float64(0.13373078719703219), np.float64(0.14352878010152326))","(np.float64(219.68624112700425), np.float64(290.5845108461633))"
263,"((0, 6), (1, 18), (4, 12))","(np.float64(0.1289455196755568), np.float64(0.1061378589492951), np.float64(0.1202537000580228))","(np.float64(79.30378082991261), np.float64(167.42439436570297), np.float64(329.9153727751099))"
265,"((9, 10), (15, 16), (7, 13), (3, 14))","(np.float64(0.11747456991920903), np.float64(0.10159896503844099), np.float64(0.12809369059734851), np.float64(0.1480092266459743))","(np.float64(5.121814784531722), np.float64(2.448473359517055), np.float64(333.8814797461527), np.float64(322.4086849140904))"
267,"((2, 7),)","(np.float64(0.13354105697673163),)","(np.float64(241.7768729910365),)"
268,"((11, 19), (8, 17))","(np.float64(0.14851344519778747), np.float64(0.12458361692419954))","(np.float64(103.96840687969976), np.float64(195.6595887263913))"
270,"((0, 13),)","(np.float64(0.14406251372757908),)","(np.float64(326.5689127508331),)"
272,"((6, 11), (2, 12), (2, 11))","(np.float64(0.14241496441437657), np.float64(0.14179155500353813), np.float64(0.1286851079032544))","(np.float64(6.78124800397636), np.float64(318.83545384550365), np.float64(241.05630706009612))"
273,"((0, 16), (3, 11), (13, 19), (3, 5))","(np.float64(0.12103726955774342), np.float64(0.10242065755475581), np.float64(0.14376900630933895), np.float64(0.14653890225229071))","(np.float64(117.61610352719978), np.float64(130.76256671449542), np.float64(70.62014517558978), np.float64(244.78587760084858))"
274,"((2, 13), (7, 14), (2, 11))","(np.float64(0.06759668272625248), np.float64(0.12071272289414454), np.float64(0.12352117035096506))","(np.float64(160.19279418927982), np.float64(85.184940892912), np.float64(317.3409113924307))"
275,"((5, 9),)","(np.float64(0.10378545984901642),)","(np.float64(113.60461185722136),)"
276,"((0, 11), (1, 10), (13, 19))","(np.float64(0.08755348956831088), np.float64(0.10335247645004482), np.float64(0.08573309989205452))","(np.float64(103.85691416314226), np.float64(243.41481876281617), np.float64(354.342212039403))"
277,"((1, 15), (2, 4), (13, 18))","(np.float64(0.10756689904825108), np.float64(0.04044067094823973), np.float64(0.14472234117554722))","(np.float64(311.9793725332771), np.float64(84.27316331833445), np.float64(347.6924311513753))"
278,"((7, 17), (11, 16))","(np.float64(0.12498021280361557), np.float64(0.13023506134520269))","(np.float64(291.67985621781), np.float64(193.08756575772514))"
279,"((13, 19),)","(np.float64(0.14295040976294227),)","(np.float64(104.2664359550727),)"
280,"((0, 9), (4, 19), (8, 10))","(np.float64(0.12579697440097787), np.float64(0.14530802099048876), np.float64(0.14125308150427376))","(np.float64(42.020465306114936), np.float64(303.67153262493963), np.float64(248.4682072106819))"
281,"((0, 8), (12, 19), (12, 18))","(np.float64(0.13682492143317262), np.float64(0.11199688535153796), np.float64(0.13986832474322636))","(np.float64(113.78246362312592), np.float64(92.7275236920052), np.float64(2.901562615132293))"
282,"((13, 19), (10, 18))","(np.float64(0.0722164676744651), np.float64(0.13383314847232547))","(np.float64(119.37274327728281), np.float64(240.8190808433173))"
283,"((7, 15),)","(np.float64(0.028540536292078617),)","(np.float64(309.0883721696772),)"
284,"((1, 6), (2, 12), (4, 10))","(np.float64(0.10659164526041315), np.float64(0.11011065322615605), np.float64(0.0027636466724047545))","(np.float64(308.32455252793625), np.float64(352.5589574129634), np.float64(66.79961176400819))"
286,"((5, 16), (0, 10))","(np.float64(0.14467177857485164), np.float64(0.14430396465657427))","(np.float64(220.53898442645627), np.float64(19.547242141487096))"
287,"((0, 5), (0, 18), (3, 10), (4, 19), (5, 18), (7, 8))","(np.float64(0.11905454778605089), np.float64(0.06049985725458983), np.float64(0.10216094579923368), np.float64(0.08103877631501948), np.float64(0.14722395942984176), np.float64(0.10089530496585028))","(np.float64(322.68656875844897), np.float64(217.2242734709929), np.float64(9.62642027524148), np.float64(319.76490187718593), np.float64(166.01849174179344), np.float64(335.46462563866856))"
288,"((1, 2), (7, 16), (13, 15))","(np.float64(0.13768597410670053), np.float64(0.05693710645577047), np.float64(0.14124570961402433))","(np.float64(16.191533079788776), np.float64(163.87946996901385), np.float64(85.35204576242998))"
289,"((9, 15),)","(np.float64(0.12275078033099023),)","(np.float64(80.01941297284567),)"
290,"((5, 15), (4, 13), (1, 13))","(np.float64(0.11609176307929359), np.float64(0.129947787912148), np.float64(0.14202955510165213))","(np.float64(70.68766888077735), np.float64(264.8225903252485), np.float64(286.86466283533207))"
291,"((3, 17),)","(np.float64(0.14965437203416637),)","(np.float64(359.1866867833961),)"
292,"((7, 15), (6, 13))","(np.float64(0.118356460721226), np.float64(0.1430194378611819))","(np.float64(80.0379957234273), np.float64(25.07122983586395))"
293,"((0, 16), (3, 11), (5, 7), (12, 14))","(np.float64(0.12202199446831244), np.float64(0.10029640134266028), np.float64(0.12613961256816755), np.float64(0.08672562478582793))","(np.float64(333.00581338721025), np.float64(98.74906547372349), np.float64(138.60463138048124), np.float64(268.3099504043762))"
294,"((0, 11), (3, 15), (4, 5), (0, 9))","(np.float64(0.1221245666003257), np.float64(0.08815326817709242), np.float64(0.08933463250620054), np.float64(0.14909970518581744))","(np.float64(45.0918625030496), np.float64(318.84238031237646), np.float64(306.012687490634), np.float64(164.44391956210467))"
296,"((4, 14),)","(np.float64(0.09626295648797864),)","(np.float64(274.0970844803225),)"
297,"((3, 19), (9, 16))","(np.float64(0.1230549203740989), np.float64(0.08630178588690181))","(np.float64(254.65018461109528), np.float64(65.47676779583382))"
298,"((7, 11), (18, 19), (2, 14))","(np.float64(0.0904897360539124), np.float64(0.1499789412455392), np.float64(0.14804083543584903))","(np.float64(9.112217683732034), np.float64(35.09206472898591), np.float64(253.22917575914028))"
299,"((3, 14), (4, 19), (10, 11), (10, 12))","(np.float64(0.08366063451570166), np.float64(0.09942429634536039), np.float64(0.06374793812204471), np.float64(0.1042248417124107))","(np.float64(153.35505281976995), np.float64(43.34839094756478), np.float64(120.52364905931135), np.float64(287.918661246781))"
300,"((13, 15),)","(np.float64(0.09807796985264167),)","(np.float64(150.7103397238169),)"
301,"((0, 19), (2, 7), (3, 19), (8, 18), (8, 14))","(np.float64(0.1164672726574666), np.float64(0.10770889352456121), np.float64(0.10919213016702058), np.float64(0.1305389834680654), np.float64(0.13252446802968654))","(np.float64(149.5921957121857), np.float64(238.49336502036644), np.float64(80.14829221672237), np.float64(350.44481569496685), np.float64(17.40448099413004))"
303,"((5, 7), (8, 12))","(np.float64(0.029574125287735058), np.float64(0.14061790499911914))","(np.float64(235.14380860814094), np.float64(164.99454422840458))"
305,"((3, 6),)","(np.float64(0.11651653289280778),)","(np.float64(252.35230169514062),)"
306,"((0, 10),)","(np.float64(0.1352032080438406),)","(np.float64(293.5626637930579),)"
307,"((9, 15), (2, 12), (9, 18))","(np.float64(0.14966911935633556), np.float64(0.133711265920451), np.float64(0.14518949979899828))","(np.float64(249.01751267437425), np.float64(164.84444829921293), np.float64(21.564438907426062))"
308,"((2, 6),)","(np.float64(0.1272944713576344),)","(np.float64(251.400323686369),)"
310,"((0, 19), (2, 7), (17, 18))","(np.float64(0.10964056518134009), np.float64(0.14361752246821136), np.float64(0.07807044385539065))","(np.float64(67.47802693586735), np.float64(108.25935440769469), np.float64(89.28651382906148))"
311,"((4, 14), (5, 7))","(np.float64(0.14502572469671066), np.float64(0.12730107839453597))","(np.float64(353.51837877990266), np.float64(257.44901080159104))"
312,"((1, 11), (4, 5), (8, 16))","(np.float64(0.11551589070230639), np.float64(0.1352404013914507), np.float64(0.06927960039712362))","(np.float64(10.948696869322477), np.float64(233.44186271746293), np.float64(14.094767230116847))"
313,"((1, 8), (13, 14))","(np.float64(0.09201085120212049), np.float64(0.13888607538240316))","(np.float64(164.27235381234777), np.float64(306.58486216178727))"
314,"((0, 16),)","(np.float64(0.09492964589864884),)","(np.float64(76.40981727092493),)"
315,"((9, 19), (17, 18), (5, 12))","(np.float64(0.12545444055287303), np.float64(0.1128597180429842), np.float64(0.13322569419975683))","(np.float64(302.213816814073), np.float64(30.343774353874114), np.float64(174.0062402790178))"
316,"((0, 13), (3, 16), (11, 19))","(np.float64(0.05512036539162913), np.float64(0.1457903499024095), np.float64(0.14692142684097725))","(np.float64(26.008254358282763), np.float64(75.54076197804866), np.float64(139.18455897815662))"
317,"((1, 6), (1, 9), (6, 9))","(np.float64(0.04609733870195493), np.float64(0.1300917316000055), np.float64(0.10333511626699068))","(np.float64(31.638540834071556), np.float64(345.89823071754563), np.float64(327.266811488134))"
318,"((13, 15),)","(np.float64(0.00883828914788026),)","(np.float64(355.8108487669661),)"
319,"((6, 9), (6, 13), (7, 17), (10, 14), (0, 7), (0, 9))","(np.float64(0.13904196431549562), np.float64(0.1432705847877089), np.float64(0.11962948490428194), np.float64(0.13319628786917367), np.float64(0.10598754831620336), np.float64(0.12941038222171464))","(np.float64(314.1418317920529), np.float64(180.19550354647063), np.float64(340.7867653792073), np.float64(356.8957295438498), np.float64(307.21908842020764), np.float64(225.2131768475431))"
320,"((2, 15), (16, 17))","(np.float64(0.11487825953026252), np.float64(0.10666986704804367))","(np.float64(184.59322712076593), np.float64(341.0850315022702))"
322,"((16, 19),)","(np.float64(0.13731676236290818),)","(np.float64(248.9004502102057),)"
326,"((2, 18), (2, 5))","(np.float64(0.08409538737666426), np.float64(0.056632264774878004))","(np.float64(56.67972122905925), np.float64(329.60733173224764))"
327,"((4, 17), (12, 17), (12, 16))","(np.float64(0.13574528442158496), np.float64(0.09370090182608383), np.float64(0.14027816166181073))","(np.float64(58.71225473645509), np.float64(221.08617200740136), np.float64(106.50299248753112))"
328,"((1, 11),)","(np.float64(0.09306376020529318),)","(np.float64(275.2788574639483),)"
329,"((3, 9), (10, 15), (6, 16))","(np.float64(0.14079637226408928), np.float64(0.12640365268717738), np.float64(0.1498487377117952))","(np.float64(259.7197029341969), np.float64(29.586854732142466), np.float64(304.0838882760635))"
330,"((2, 16), (13, 14))","(np.float64(0.08980218678228236), np.float64(0.1359399025881143))","(np.float64(52.73331780920586), np.float64(229.48759277125708))"
331,"((4, 7),)","(np.float64(0.06506904467191109),)","(np.float64(293.2291365868738),)"
332,"((6, 12), (7, 17), (8, 19), (9, 12))","(np.float64(0.13537470796425524), np.float64(0.1321432287986334), np.float64(0.1361564045463726), np.float64(0.12433532171203703))","(np.float64(73.99781005103108), np.float64(315.8471495593722), np.float64(319.2208287052524), np.float64(334.4645973712114))"
334,"((7, 18),)","(np.float64(0.11715986972106927),)","(np.float64(152.24807444668852),)"
335,"((2, 18), (8, 19), (9, 18))","(np.float64(0.10513445444458949), np.float64(0.13188254633352112), np.float64(0.05476398516661801))","(np.float64(169.82637090741022), np.float64(202.07353108946324), np.float64(354.9795432277938))"
336,"((7, 8), (1, 10))","(np.float64(0.13053945377335852), np.float64(0.12734144268813463))","(np.float64(189.16590261550382), np.float64(249.28507157918625))"
337,"((2, 5),)","(np.float64(0.14765970298957312),)","(np.float64(75.08025306084916),)"
338,"((3, 9),)","(np.float64(0.1329637175887404),)","(np.float64(302.8716941928608),)"
339,"((2, 3), (7, 9))","(np.float64(0.140219941403412), np.float64(0.1270434348172541))","(np.float64(199.6436390064331), np.float64(325.7653053874595))"
340,"((2, 4), (6, 19), (9, 10), (2, 17))","(np.float64(0.07140985754851044), np.float64(0.14935972006266898), np.float64(0.07204251291662875), np.float64(0.14527035682827172))","(np.float64(344.53945044555053), np.float64(176.9649015454949), np.float64(7.883030054435005), np.float64(262.820608935867))"
341,"((1, 8), (1, 19), (7, 11), (7, 14), (11, 19), (15, 17), (8, 19), (6, 19))","(np.float64(0.054735237853238514), np.float64(0.09314937363460626), np.float64(0.1366963808741318), np.float64(0.1430809554240618), np.float64(0.10424077349967027), np.float64(0.13461709841629232), np.float64(0.0440255707853566), np.float64(0.13436915759793075))","(np.float64(93.92816973357391), np.float64(349.9169374107621), np.float64(186.20137811706937), np.float64(52.908673131893096), np.float64(159.23254438319543), np.float64(111.51443838224765), np.float64(29.59507622414324), np.float64(57.659342539428366))"
342,"((12, 18),)","(np.float64(0.1304281706677896),)","(np.float64(200.2827721675455),)"
343,"((6, 16), (9, 10), (10, 16))","(np.float64(0.10741380694800849), np.float64(0.13010610057835154), np.float64(0.03675475018308044))","(np.float64(81.25074854256306), np.float64(341.0081721133882), np.float64(173.1874197042035))"
344,"((2, 13), (3, 6))","(np.float64(0.13541375218800206), np.float64(0.14361439630270317))","(np.float64(177.2263772944671), np.float64(45.00382837534278))"
345,"((0, 12), (3, 17), (4, 14), (14, 15), (17, 18), (10, 18), (15, 17))","(np.float64(0.14978244824008252), np.float64(0.07635541185810929), np.float64(0.07024103799725723), np.float64(0.030279006869607862), np.float64(0.14841644154048128), np.float64(0.13275748582450952), np.float64(0.14714498711047744))","(np.float64(263.2327851626155), np.float64(157.83316948381852), np.float64(122.66596240365844), np.float64(187.58769814722623), np.float64(210.68306218156897), np.float64(88.00702116334837), np.float64(48.58830928600774))"
346,"((1, 18),)","(np.float64(0.1313941500325073),)","(np.float64(310.1303921703637),)"
347,"((8, 9),)","(np.float64(0.14741009580522035),)","(np.float64(196.26362347292337),)"
348,"((3, 18), (9, 14), (15, 18), (14, 18))","(np.float64(0.04485784406465752), np.float64(0.10170632357599993), np.float64(0.14157335010851285), np.float64(0.14946803440030879))","(np.float64(208.00689968256006), np.float64(193.0438872781877), np.float64(64.61457146118987), np.float64(159.07990314541968))"
349,"((0, 14),)","(np.float64(0.12392210902437883),)","(np.float64(196.66391260501686),)"
351,"((2, 11), (6, 15), (12, 16), (1, 13))","(np.float64(0.13703345285379978), np.float64(0.12903646857446213), np.float64(0.14215671020069356), np.float64(0.1301239681235979))","(np.float64(324.91522006230906), np.float64(324.4879778925517), np.float64(250.834328422614), np.float64(351.86787707066844))"
352,"((16, 17),)","(np.float64(0.08018206742348492),)","(np.float64(114.03352223284486),)"
353,"((2, 7),)","(np.float64(0.1200093754970628),)","(np.float64(322.4773540265905),)"
354,"((3, 19), (9, 18), (10, 17), (12, 16))","(np.float64(0.09283836511421878), np.float64(0.10612306346584242), np.float64(0.11508317125638909), np.float64(0.1493951804668064))","(np.float64(215.10255936900657), np.float64(51.22719286734547), np.float64(87.74424823708121), np.float64(98.55946796912018))"
355,"((10, 18), (11, 17))","(np.float64(0.07736537945886517), np.float64(0.14565814378566264))","(np.float64(173.75705167338634), np.float64(143.3986520909031))"
356,"((1, 13), (7, 16), (10, 17), (13, 17))","(np.float64(0.1419875708394409), np.float64(0.13356958620189227), np.float64(0.08217865864674626), np.float64(0.10099861718119986))","(np.float64(332.5556212997107), np.float64(230.32521584966025), np.float64(120.09568375787971), np.float64(338.0463360479481))"
358,"((3, 8), (7, 14), (11, 17), (8, 18))","(np.float64(0.12561468042835025), np.float64(0.08389737978673596), np.float64(0.08707637645920997), np.float64(0.1426544364818534))","(np.float64(16.381983235021664), np.float64(282.5067638797331), np.float64(196.91879994873543), np.float64(15.724489931561191))"
359,"((3, 11), (5, 9))","(np.float64(0.11840532145737298), np.float64(0.13409388601042804))","(np.float64(52.55524883021012), np.float64(339.2979400859072))"
360,"((10, 18),)","(np.float64(0.13576811171122577),)","(np.float64(144.94772067889386),)"
361,"((2, 3), (4, 10), (8, 14), (13, 14))","(np.float64(0.13994069562722455), np.float64(0.08014385323445668), np.float64(0.14440291839673833), np.float64(0.12157455931524902))","(np.float64(150.97222792514768), np.float64(90.55424934229507), np.float64(142.45131781167058), np.float64(304.52151663933654))"
362,"((1, 2), (1, 13))","(np.float64(0.13504083840978282), np.float64(0.11778276259029377))","(np.float64(328.34766479427003), np.float64(237.82773362006776))"
363,"((0, 3), (11, 15))","(np.float64(0.09101611642312815), np.float64(0.13985033523809978))","(np.float64(147.10340983775163), np.float64(102.78816813425274))"
364,"((1, 11), (2, 7), (5, 10))","(np.float64(0.1201315888570231), np.float64(0.13526322245396666), np.float64(0.09048972012111206))","(np.float64(30.212538242717816), np.float64(68.9295538934629), np.float64(161.27827962901114))"
366,"((0, 5), (0, 14), (1, 7), (10, 12), (1, 12))","(np.float64(0.08587674054538169), np.float64(0.14882734955001473), np.float64(0.0647966136444018), np.float64(0.06941553371185159), np.float64(0.14030999009084086))","(np.float64(244.28594463132475), np.float64(351.62771826997965), np.float64(234.85752867510666), np.float64(85.65703077242802), np.float64(149.6514952161182))"
367,"((0, 16), (1, 14), (9, 14))","(np.float64(0.052878752752604376), np.float64(0.13671035128356704), np.float64(0.12922660351759918))","(np.float64(292.93604036783813), np.float64(283.9040060875292), np.float64(108.91727939198404))"
368,"((4, 14), (11, 12), (3, 15))","(np.float64(0.0993269379345098), np.float64(0.12476812649001572), np.float64(0.13751119822038946))","(np.float64(140.60999656421063), np.float64(258.4388149591506), np.float64(279.8476210985115))"
369,"((7, 10), (2, 8))","(np.float64(0.08661778484399736), np.float64(0.12250690284794165))","(np.float64(1.89461265519698), np.float64(150.97909576746002))"
370,"((0, 3), (5, 11), (6, 13), (10, 19), (10, 15))","(np.float64(0.0998617978250309), np.float64(0.07116255653950737), np.float64(0.06547165792868452), np.float64(0.07256291015482769), np.float64(0.14378282763762276))","(np.float64(285.68871498742556), np.float64(105.39304232786674), np.float64(219.23356561798064), np.float64(88.43136202411173), np.float64(128.44296086433636))"
371,"((1, 11), (3, 6), (17, 19), (9, 13))","(np.float64(0.11229535625542449), np.float64(0.12414010401095137), np.float64(0.10364882318329019), np.float64(0.13210355333782053))","(np.float64(279.4705647993297), np.float64(42.935119365253726), np.float64(301.85492002767717), np.float64(37.62515380372501))"
372,"((4, 12),)","(np.float64(0.10560010250029057),)","(np.float64(96.5514898449232),)"
373,"((7, 15),)","(np.float64(0.11064059066200009),)","(np.float64(248.47828970187703),)"
374,"((10, 15),)","(np.float64(0.14052510869126134),)","(np.float64(276.1719597277852),)"
376,"((5, 8),)","(np.float64(0.08639162481962924),)","(np.float64(23.45220617907432),)"
377,"((4, 9),)","(np.float64(0.11733171303225107),)","(np.float64(347.9109803056925),)"
378,"((0, 18), (1, 17), (1, 18), (4, 14), (11, 13))","(np.float64(0.05374704001525999), np.float64(0.13909522950951045), np.float64(0.14902625443822276), np.float64(0.06408024777782688), np.float64(0.10762962494621628))","(np.float64(10.443852433203967), np.float64(317.66686753478683), np.float64(233.70065536908726), np.float64(193.91341696379186), np.float64(247.5381302026234))"
380,"((4, 6),)","(np.float64(0.14216395732545872),)","(np.float64(52.88897784909319),)"
381,"((10, 18), (2, 8))","(np.float64(0.14202058410729823), np.float64(0.13738971692636973))","(np.float64(358.0627534471162), np.float64(216.21820075670055))"
382,"((2, 18), (5, 17), (9, 13), (0, 9))","(np.float64(0.13581147097977686), np.float64(0.09813014567160697), np.float64(0.13968562834361956), np.float64(0.14684363229617803))","(np.float64(45.93785900091881), np.float64(84.53166638056446), np.float64(12.195599446492142), np.float64(12.803588391609047))"
383,"((0, 11), (16, 19), (2, 16))","(np.float64(0.11388489002121137), np.float64(0.030847149716770467), np.float64(0.14011082054438745))","(np.float64(36.95383244802185), np.float64(146.66062240039318), np.float64(323.038536302435))"
384,"((0, 13), (11, 17), (14, 17))","(np.float64(0.0524888229668305), np.float64(0.10681479407217644), np.float64(0.07051399225116854))","(np.float64(110.30325719822066), np.float64(327.7688398885597), np.float64(74.78211842642429))"
386,"((7, 8), (7, 9))","(np.float64(0.14855496213680816), np.float64(0.14080551751006487))","(np.float64(327.05119386354164), np.float64(151.0980261762139))"
387,"((4, 6), (9, 10))","(np.float64(0.048254164940460684), np.float64(0.07890456503377014))","(np.float64(271.48825920727336), np.float64(356.0633896711457))"
389,"((5, 12), (5, 11), (12, 19))","(np.float64(0.13506019451961054), np.float64(0.14287337875314707), np.float64(0.14750779183397397))","(np.float64(180.1268099975145), np.float64(221.940806596605), np.float64(62.70824226085882))"
390,"((4, 14), (6, 12))","(np.float64(0.14989608824809136), np.float64(0.12949098212337723))","(np.float64(8.883007343449911), np.float64(245.8849158786664))"
391,"((0, 19), (13, 17), (15, 17))","(np.float64(0.14521565786613494), np.float64(0.14132228207763167), np.float64(0.1260242412260723))","(np.float64(197.76521623052193), np.float64(15.992784374010656), np.float64(95.31900240429195))"
393,"((2, 5), (0, 14), (0, 5))","(np.float64(0.004334071741127793), np.float64(0.12002549793246702), np.float64(0.12543606330817236))","(np.float64(185.2586972210254), np.float64(264.8821686022633), np.float64(180.17645140874282))"
394,"((2, 16), (6, 9), (10, 17))","(np.float64(0.08757352789706492), np.float64(0.08699534673587359), np.float64(0.11386377443582824))","(np.float64(286.39004177401745), np.float64(13.655176012759298), np.float64(148.16482930539723))"
395,"((0, 9), (2, 19), (2, 7))","(np.float64(0.06598159766289108), np.float64(0.04405249001925952), np.float64(0.07646602268275644))","(np.float64(24.76709343751302), np.float64(248.70671593964283), np.float64(116.36608220059796))"
396,"((11, 17), (7, 16))","(np.float64(0.12854711498805618), np.float64(0.14473293762425787))","(np.float64(38.05342278704702), np.float64(301.326996970776))"
397,"((11, 19),)","(np.float64(0.11970366603981067),)","(np.float64(147.07856100309417),)"
398,"((0, 2), (5, 11), (0, 10), (5, 12))","(np.float64(0.13325709861889487), np.float64(0.14191291793917193), np.float64(0.08905884970716167), np.float64(0.13706010988020464))","(np.float64(291.65441818920107), np.float64(196.98378750616794), np.float64(7.291802586274186), np.float64(261.16241309444507))"
399,"((13, 16), (0, 5))","(np.float64(0.09906504302719861), np.float64(0.14277726074209163))","(np.float64(164.1269738559586), np.float64(186.44900791294515))"
400,"((15, 19),)","(np.float64(0.07927595607893978),)","(np.float64(259.91498753045965),)"
401,"((8, 12),)","(np.float64(0.11816013882125476),)","(np.float64(343.19174962723616),)"
403,"((3, 15), (9, 10))","(np.float64(0.08469369723363449), np.float64(0.1324974292068124))","(np.float64(183.28460043717322), np.float64(310.3336846616861))"
404,"((7, 9), (16, 17), (4, 9), (4, 15))","(np.float64(0.12700778141060423), np.float64(0.10665650505441897), np.float64(0.13966032397939218), np.float64(0.11349444069837553))","(np.float64(225.3250203503183), np.float64(208.38245989100585), np.float64(292.74479735041183), np.float64(326.9195114651474))"
405,"((0, 14), (7, 17), (7, 19))","(np.float64(0.14648307817314304), np.float64(0.12718335415367832), np.float64(0.14730115507897662))","(np.float64(118.40822302940653), np.float64(279.6854355341108), np.float64(31.839643282256525))"
406,"((4, 6), (4, 9), (4, 17), (5, 6), (6, 9), (9, 17))","(np.float64(0.12407965547748283), np.float64(0.11897486564984819), np.float64(0.08047182874837946), np.float64(0.08147620366405534), np.float64(0.12803486640848738), np.float64(0.05613518890709837))","(np.float64(246.46481795848285), np.float64(309.99977721783023), np.float64(359.4660076082893), np.float64(25.881407880882463), np.float64(10.17375943555404), np.float64(47.18313382880942))"
408,"((0, 5),)","(np.float64(0.09320891046166445),)","(np.float64(301.92508110928543),)"
409,"((1, 7), (2, 11), (5, 19))","(np.float64(0.12280988466655313), np.float64(0.021071045720350765), np.float64(0.12508545590067227))","(np.float64(59.46153915076774), np.float64(196.6275237634476), np.float64(262.96619956197986))"
410,"((8, 17), (3, 18))","(np.float64(0.13258941185807824), np.float64(0.13957546021037903))","(np.float64(133.7420382305684), np.float64(42.50775607967833))"
411,"((5, 15), (7, 17))","(np.float64(0.13150169577634896), np.float64(0.1494993369490018))","(np.float64(244.61652176004895), np.float64(34.52258565933779))"
412,"((4, 6), (10, 18))","(np.float64(0.09017766873804887), np.float64(0.0469866197124386))","(np.float64(256.58957892346086), np.float64(284.0326222600251))"
413,"((13, 17), (13, 19))","(np.float64(0.13126328328714992), np.float64(0.1446684575535904))","(np.float64(275.6067985412037), np.float64(6.142155497283672))"
415,"((2, 14), (6, 11))","(np.float64(0.13546762672192686), np.float64(0.14337236953004714))","(np.float64(227.53087714465192), np.float64(231.12415824323418))"
416,"((7, 19), (3, 10))","(np.float64(0.11227076636097502), np.float64(0.14121723578575693))","(np.float64(75.71107501420916), np.float64(175.35537935993304))"
417,"((5, 19), (6, 19))","(np.float64(0.10080773996112435), np.float64(0.10334901018260254))","(np.float64(295.9491198157117), np.float64(307.36642741002873))"
418,"((3, 19),)","(np.float64(0.1296545051277186),)","(np.float64(246.51592721986822),)"
419,"((2, 19), (6, 8))","(np.float64(0.05262685325282445), np.float64(0.148116396567886))","(np.float64(167.81579776634308), np.float64(53.44974583204491))"
420,"((0, 9), (3, 8), (10, 18), (1, 10), (11, 17))","(np.float64(0.1316378077607538), np.float64(0.11589029909284315), np.float64(0.11570820015451547), np.float64(0.13852980099835283), np.float64(0.14583691850421923))","(np.float64(262.1631245765848), np.float64(230.12352291977075), np.float64(54.47907254092161), np.float64(153.80497311455161), np.float64(268.98185476141225))"
421,"((11, 16),)","(np.float64(0.11065176685836896),)","(np.float64(52.30947307857074),)"
422,"((1, 17), (2, 15))","(np.float64(0.127354379563958), np.float64(0.13110956393626721))","(np.float64(147.40718591715654), np.float64(224.9491681052532))"
423,"((5, 6), (11, 13))","(np.float64(0.14140951061622334), np.float64(0.07776465961961962))","(np.float64(335.59137309755454), np.float64(208.72444174634367))"
424,"((7, 18), (12, 18), (2, 12))","(np.float64(0.13277318396184132), np.float64(0.11832769945088899), np.float64(0.1164850605083678))","(np.float64(115.8725140536698), np.float64(276.18326053276036), np.float64(246.68693751635288))"
425,"((5, 17), (8, 18), (1, 8))","(np.float64(0.1022067861253462), np.float64(0.11662346906624757), np.float64(0.14881941876347582))","(np.float64(80.37920397648502), np.float64(29.287115374526664), np.float64(250.06245986333158))"
426,"((10, 16), (1, 10))","(np.float64(0.14356823117116516), np.float64(0.11773384768617716))","(np.float64(296.23767149954233), np.float64(294.71012767879677))"
427,"((2, 11),)","(np.float64(0.12948369496372866),)","(np.float64(54.648011066437114),)"
428,"((2, 8), (9, 11), (5, 12))","(np.float64(0.12906255447256165), np.float64(0.1459436048065614), np.float64(0.14935387915553258))","(np.float64(3.4733152059403722), np.float64(104.50817523924985), np.float64(240.02470900523252))"
429,"((11, 18),)","(np.float64(0.14266416739406143),)","(np.float64(135.96305873991628),)"
430,"((15, 18), (8, 14), (7, 16))","(np.float64(0.10758550250187845), np.float64(0.14210166947670758), np.float64(0.14346712432350953))","(np.float64(185.64186885088282), np.float64(339.32765941585274), np.float64(301.52118616128223))"
431,"((2, 19), (14, 17))","(np.float64(0.14185052800121023), np.float64(0.13011148822274035))","(np.float64(292.29203658114204), np.float64(269.7676981942536))"
432,"((6, 18),)","(np.float64(0.14421940893463517),)","(np.float64(311.7163548969361),)"
433,"((8, 16),)","(np.float64(0.1424543636920013),)","(np.float64(316.45136127397507),)"
434,"((7, 14), (11, 19))","(np.float64(0.0903908447608129), np.float64(0.1490454269516995))","(np.float64(85.95140461741569), np.float64(180.38705659754834))"
435,"((1, 14),)","(np.float64(0.11494336301762989),)","(np.float64(113.68920990444265),)"
436,"((1, 4), (3, 17))","(np.float64(0.1281381034514847), np.float64(0.09925092917899286))","(np.float64(33.04025136646228), np.float64(39.154681851092015))"
438,"((7, 16), (2, 7))","(np.float64(0.14918729333978056), np.float64(0.13733407018978577))","(np.float64(48.654748816938124), np.float64(177.27385265010912))"
439,"((0, 9), (1, 19), (3, 8))","(np.float64(0.09439307369934946), np.float64(0.08920459439728973), np.float64(0.12417984950164383))","(np.float64(101.54840933638086), np.float64(198.7772915254755), np.float64(0.8596240919116974))"
441,"((1, 19), (10, 12))","(np.float64(0.09211067233962107), np.float64(0.13940672807782611))","(np.float64(269.09447041976364), np.float64(131.56230041139494))"
442,"((15, 18),)","(np.float64(0.14538565942872836),)","(np.float64(303.89807386239414),)"
444,"((5, 16),)","(np.float64(0.14551311130209396),)","(np.float64(258.8814749871178),)"
447,"((5, 12), (2, 9))","(np.float64(0.13859616263863359), np.float64(0.1483293329210004))","(np.float64(234.55826714743506), np.float64(266.42145133482495))"
448,"((4, 14), (9, 12), (9, 19), (12, 19))","(np.float64(0.12282654381056857), np.float64(0.14348289317006208), np.float64(0.043386922657126945), np.float64(0.12263043091713277))","(np.float64(279.2953381502555), np.float64(72.37854548637671), np.float64(255.04406336924922), np.float64(235.08148454475165))"
449,"((2, 16), (5, 19))","(np.float64(0.0700867130138058), np.float64(0.06981468504146308))","(np.float64(19.270908072318875), np.float64(183.28945755335843))"
450,"((3, 12), (3, 18), (6, 11), (12, 18))","(np.float64(0.13941892568492448), np.float64(0.13068356070963835), np.float64(0.07277732909989021), np.float64(0.0699975491343829))","(np.float64(313.61856808146007), np.float64(291.1558147522623), np.float64(280.740710475134), np.float64(199.81736934117467))"
452,"((1, 2),)","(np.float64(0.14552444142989943),)","(np.float64(170.97923720085757),)"
453,"((1, 13), (8, 10))","(np.float64(0.05642606617756471), np.float64(0.10701232823485488))","(np.float64(232.27503097431998), np.float64(111.02243675537773))"
454,"((2, 19), (9, 17), (2, 15))","(np.float64(0.09652123393153411), np.float64(0.09165151173279988), np.float64(0.1371904411766815))","(np.float64(186.14365546305658), np.float64(329.2191697169185), np.float64(284.51092968871876))"
455,"((5, 16), (6, 17), (9, 16), (9, 19), (11, 14), (10, 18), (0, 10))","(np.float64(0.10704732153149747), np.float64(0.07128184841395747), np.float64(0.08909213600619226), np.float64(0.13736085933691083), np.float64(0.10240395151026332), np.float64(0.09752520359076065), np.float64(0.1309129019875621))","(np.float64(29.52155939856784), np.float64(282.95649275875274), np.float64(307.47199593355236), np.float64(168.70324557015027), np.float64(76.09349803069003), np.float64(90.65968781132639), np.float64(300.8583456238841))"
456,"((2, 19), (11, 12), (9, 19))","(np.float64(0.1264989016222419), np.float64(0.13134665515508975), np.float64(0.0392477142507986))","(np.float64(87.86624387961348), np.float64(190.79072583872585), np.float64(182.3300592423681))"
457,"((3, 7), (10, 18))","(np.float64(0.13220400905577234), np.float64(0.14495412537805033))","(np.float64(259.80261556261456), np.float64(109.98802707392719))"
458,"((0, 2), (7, 16), (11, 15), (6, 11))","(np.float64(0.08943283483614307), np.float64(0.10833055825413762), np.float64(0.13735829443072636), np.float64(0.14432692959616714))","(np.float64(349.91637846876773), np.float64(52.11326694324016), np.float64(147.47441822283918), np.float64(33.19341598624486))"
459,"((0, 6), (3, 14), (4, 17))","(np.float64(0.14429518582626813), np.float64(0.09700238518410617), np.float64(0.050686281987847755))","(np.float64(49.63570517214968), np.float64(127.93323411595523), np.float64(261.09741435615877))"
460,"((9, 10),)","(np.float64(0.008210945773164474),)","(np.float64(15.35800717191296),)"
461,"((12, 17), (5, 14))","(np.float64(0.13032205084049941), np.float64(0.14639522101871721))","(np.float64(73.03920833637483), np.float64(329.94416814910517))"
462,"((1, 9), (5, 8))","(np.float64(0.06620697338168169), np.float64(0.09640948691406773))","(np.float64(104.66714408380265), np.float64(347.18653170743136))"
463,"((4, 8), (3, 13), (4, 11))","(np.float64(0.07789689717418162), np.float64(0.11742427326272804), np.float64(0.139525372358009))","(np.float64(122.54695722615307), np.float64(46.933894853723025), np.float64(305.8657975361149))"
464,"((0, 14), (3, 15))","(np.float64(0.12448864958343216), np.float64(0.14727279966404502))","(np.float64(193.49698484344785), np.float64(20.649901068487285))"
465,"((4, 9),)","(np.float64(0.1241623316081571),)","(np.float64(161.13407977917575),)"
466,"((0, 5), (0, 14), (1, 6), (1, 14))","(np.float64(0.11022138603071659), np.float64(0.10775157490547049), np.float64(0.10751299690602346), np.float64(0.08997077896670913))","(np.float64(305.7777805384805), np.float64(40.62594827413321), np.float64(42.39200653829464), np.float64(276.9962918040257))"
468,"((6, 7), (9, 17))","(np.float64(0.12311414297378175), np.float64(0.12486753811988892))","(np.float64(68.9570645848627), np.float64(214.69186675642374))"
470,"((9, 17),)","(np.float64(0.10706486586688971),)","(np.float64(105.38038037438712),)"
471,"((2, 15), (3, 16))","(np.float64(0.1209820713123087), np.float64(0.1265446850167668))","(np.float64(285.50909266875124), np.float64(147.66688677679525))"
472,"((0, 7), (3, 8), (15, 16), (10, 16))","(np.float64(0.03341830202241051), np.float64(0.02952120359209256), np.float64(0.09408802375987912), np.float64(0.1462717005193038))","(np.float64(293.0521909998653), np.float64(216.67618666598122), np.float64(272.7745189329621), np.float64(117.25691466894698))"
473,"((2, 12),)","(np.float64(0.12814156905652316),)","(np.float64(134.0198407675536),)"
474,"((2, 7), (8, 15), (9, 18))","(np.float64(0.1199407199600528), np.float64(0.12313816144407594), np.float64(0.13917924047545907))","(np.float64(251.26073696141032), np.float64(107.65924624171164), np.float64(58.843154740381635))"
475,"((1, 10), (2, 12), (5, 12))","(np.float64(0.14022480579847987), np.float64(0.13633413930889138), np.float64(0.14914454601332164))","(np.float64(335.6201748776737), np.float64(241.06051157354062), np.float64(43.76348826365845))"
478,"((8, 12),)","(np.float64(0.09641719900161859),)","(np.float64(21.901000780214932),)"
479,"((1, 18),)","(np.float64(0.1426562997172412),)","(np.float64(287.1321846960069),)"
480,"((0, 2), (3, 11), (6, 10), (6, 16), (9, 16))","(np.float64(0.12138532278044967), np.float64(0.10323473884940992), np.float64(0.1299063934506483), np.float64(0.11460331612188655), np.float64(0.0691994533487269))","(np.float64(256.3743232469955), np.float64(286.9786371567101), np.float64(268.86162855984486), np.float64(13.490994968947907), np.float64(233.872016494052))"
481,"((5, 14), (6, 17))","(np.float64(0.09145273174084628), np.float64(0.1341151987088182))","(np.float64(79.47248337889859), np.float64(300.61117706187565))"
484,"((3, 6), (3, 13), (5, 14), (6, 13), (15, 17), (6, 12))","(np.float64(0.14252482927202137), np.float64(0.13956175293434894), np.float64(0.10176167934403602), np.float64(0.014657461206966552), np.float64(0.11982985735822131), np.float64(0.14555601080151281))","(np.float64(91.63920877933745), np.float64(85.80499057329953), np.float64(186.62378301352265), np.float64(347.07592970581726), np.float64(219.54084849984207), np.float64(336.8151110879178))"
485,"((12, 15),)","(np.float64(0.14358730565956593),)","(np.float64(6.087913969275647),)"
486,"((2, 3), (2, 4), (8, 16), (13, 14))","(np.float64(0.12526125935832608), np.float64(0.07282415934367162), np.float64(0.10641780430198379), np.float64(0.11133113841344622))","(np.float64(306.6394743919498), np.float64(131.99499031425452), np.float64(303.3565633902193), np.float64(54.32181934730959))"
488,"((3, 18), (11, 14), (3, 12))","(np.float64(0.09952139391823271), np.float64(0.12291177691671021), np.float64(0.13646179857855342))","(np.float64(164.31569288211395), np.float64(97.78798563168552), np.float64(279.09056069366164))"
489,"((2, 14), (5, 14))","(np.float64(0.09506675264175816), np.float64(0.13565599950548282))","(np.float64(233.49084458517547), np.float64(78.16722062485847))"
490,"((0, 17), (1, 2), (4, 16), (5, 10), (5, 17), (0, 4))","(np.float64(0.12258978789658014), np.float64(0.12569089335323053), np.float64(0.05857744228587538), np.float64(0.1328167117613804), np.float64(0.11217274205744904), np.float64(0.13797486563216468))","(np.float64(148.56859318265305), np.float64(268.81380939764205), np.float64(143.4124251044644), np.float64(87.49373826826181), np.float64(307.2807843089122), np.float64(213.95798496737362))"
491,"((1, 3), (1, 8), (3, 8), (3, 13))","(np.float64(0.11875054028481609), np.float64(0.10190298469316039), np.float64(0.034732456101831725), np.float64(0.11994023867810609))","(np.float64(338.60891921464145), np.float64(354.4795563364144), np.float64(105.25692943894954), np.float64(275.5031987106998))"
492,"((7, 10), (9, 16))","(np.float64(0.06567234978634362), np.float64(0.09900285693523353))","(np.float64(241.38112867098403), np.float64(358.06046767035843))"
493,"((14, 19), (6, 17), (13, 19))","(np.float64(0.09334432639787786), np.float64(0.10358560727735185), np.float64(0.14832756035587422))","(np.float64(246.10437410561937), np.float64(154.35618207322943), np.float64(45.277110387989296))"
495,"((0, 14),)","(np.float64(0.1354398262034075),)","(np.float64(321.3273938229074),)"
496,"((4, 13), (9, 16))","(np.float64(0.049111441794853196), np.float64(0.1493210214063721))","(np.float64(308.8373911004131), np.float64(28.507623094241737))"
498,"((1, 13),)","(np.float64(0.09541634072449919),)","(np.float64(71.42023713948143),)"
499,"((13, 16), (5, 12))","(np.float64(0.14034202784214822), np.float64(0.1202708989275002))","(np.float64(315.6860213142622), np.float64(347.5442325104593))"
502,"((10, 17),)","(np.float64(0.1460087817583768),)","(np.float64(122.11690887135995),)"
503,"((6, 11), (8, 18))","(np.float64(0.12300157667266447), np.float64(0.10819442226528145))","(np.float64(43.235757956927166), np.float64(218.48128151667427))"
505,"((2, 17), (4, 15))","(np.float64(0.09035665595534464), np.float64(0.10790708780752037))","(np.float64(76.56851864578427), np.float64(234.36124002729022))"
506,"((9, 15), (14, 18))","(np.float64(0.07035963794417643), np.float64(0.011992071008730273))","(np.float64(73.06290216027557), np.float64(171.40951104397533))"
507,"((8, 18),)","(np.float64(0.1359823445169522),)","(np.float64(158.3694281693517),)"
508,"((6, 11), (0, 9))","(np.float64(0.13769643899292208), np.float64(0.14469853952812442))","(np.float64(16.726205340759943), np.float64(212.74826190144435))"
509,"((0, 4), (11, 19), (1, 6), (6, 10))","(np.float64(0.13146371469289478), np.float64(0.14480332725500464), np.float64(0.12568475060123305), np.float64(0.12594324059270548))","(np.float64(262.3696378867555), np.float64(37.53063098826611), np.float64(205.60904397141599), np.float64(207.83019830681266))"
510,"((3, 6), (4, 8), (7, 19), (5, 14), (1, 18))","(np.float64(0.06088257575837352), np.float64(0.09139848444328642), np.float64(0.09196389545866437), np.float64(0.1462380384181603), np.float64(0.14874754604354326))","(np.float64(115.47000405154189), np.float64(253.03796523990542), np.float64(258.6145397593015), np.float64(294.918304991987), np.float64(327.29024119019135))"
511,"((5, 7),)","(np.float64(0.07698722268408559),)","(np.float64(6.485223863680526),)"
512,"((1, 11), (12, 17))","(np.float64(0.14583256564780026), np.float64(0.12102549742480231))","(np.float64(75.34652534090341), np.float64(28.066347718076347))"
513,"((2, 17), (3, 19), (7, 16))","(np.float64(0.13573277019969038), np.float64(0.12608733965274632), np.float64(0.1314847434327237))","(np.float64(262.6824335722276), np.float64(95.3295372107087), np.float64(193.1561944411573))"
514,"((3, 16),)","(np.float64(0.14986671004376603),)","(np.float64(50.71668286258303),)"
515,"((2, 14), (4, 12))","(np.float64(0.12618089778741898), np.float64(0.14619498985539614))","(np.float64(205.48373126260623), np.float64(11.717703365615442))"
516,"((5, 14), (16, 19), (6, 16))","(np.float64(0.1282050262160846), np.float64(0.10791137079166563), np.float64(0.11893426512201319))","(np.float64(116.45386032696403), np.float64(106.51901751592999), np.float64(67.40797953358789))"
517,"((0, 13), (1, 5))","(np.float64(0.07763775126578384), np.float64(0.07142570148398593))","(np.float64(175.946487645738), np.float64(170.80218213348275))"
518,"((5, 14),)","(np.float64(0.10686087496521085),)","(np.float64(124.01402176951635),)"
519,"((12, 14),)","(np.float64(0.10482485166247216),)","(np.float64(123.9772045937708),)"
520,"((1, 12), (5, 11), (1, 11))","(np.float64(0.08573299403370488), np.float64(0.11093271512369464), np.float64(0.1319032017697127))","(np.float64(47.693606420721025), np.float64(341.7562438820525), np.float64(174.4807239423463))"
521,"((8, 19), (5, 14))","(np.float64(0.12902836326010803), np.float64(0.14724163130444018))","(np.float64(222.5413170044814), np.float64(37.704390877491))"
523,"((5, 9), (8, 15))","(np.float64(0.1269650361567491), np.float64(0.1471002239095834))","(np.float64(138.87790798568), np.float64(115.03633126769532))"
524,"((2, 6), (9, 12), (1, 15))","(np.float64(0.1342723140719677), np.float64(0.14838537018860107), np.float64(0.125955031389239))","(np.float64(110.15570786502168), np.float64(31.18992111963899), np.float64(329.38493105242844))"
525,"((0, 19), (7, 8))","(np.float64(0.10875149484192687), np.float64(0.10484243361896639))","(np.float64(90.83818876362292), np.float64(65.05806510832927))"
526,"((0, 18), (8, 9), (11, 17))","(np.float64(0.14514666236926144), np.float64(0.13106650027994765), np.float64(0.031635414569908406))","(np.float64(42.61261711140306), np.float64(197.3694262786114), np.float64(167.15468322126475))"
527,"((0, 8),)","(np.float64(0.11417268479961265),)","(np.float64(277.4894053228805),)"
528,"((6, 7), (14, 18), (17, 19))","(np.float64(0.13453814831414004), np.float64(0.03088236282314695), np.float64(0.054964371868957945))","(np.float64(343.03754303045184), np.float64(153.492691925179), np.float64(94.55554599030775))"
529,"((1, 2), (12, 14), (5, 9))","(np.float64(0.13208020503660528), np.float64(0.12097326811759347), np.float64(0.08755616508712791))","(np.float64(176.72272806823725), np.float64(106.0655213578336), np.float64(311.77416573688924))"
530,"((15, 18),)","(np.float64(0.09894752088209495),)","(np.float64(215.8233282859437),)"
531,"((0, 19), (3, 12))","(np.float64(0.12363257324253281), np.float64(0.03263107884808737))","(np.float64(131.04065172471687), np.float64(345.8229629757386))"
533,"((0, 12), (6, 12), (7, 8), (14, 15))","(np.float64(0.13737824768184428), np.float64(0.06323112143526372), np.float64(0.1454263351510504), np.float64(0.10742007947248668))","(np.float64(256.8768200780262), np.float64(48.79668337079547), np.float64(59.05055993218242), np.float64(172.16340571953515))"
534,"((8, 11),)","(np.float64(0.13183329011473593),)","(np.float64(322.1994272700633),)"
535,"((4, 12), (10, 11), (7, 19), (9, 19))","(np.float64(0.09450249303042153), np.float64(0.08380730723698945), np.float64(0.14281653045592235), np.float64(0.14713235551062304))","(np.float64(266.26674461350433), np.float64(135.79308760831893), np.float64(95.08371222096282), np.float64(77.08589140828346))"
536,"((6, 15), (1, 5), (1, 15))","(np.float64(0.11772729812687911), np.float64(0.14469555253484992), np.float64(0.13327299707926585))","(np.float64(7.526289428609432), np.float64(176.2235830840164), np.float64(299.42648825026265))"
537,"((1, 12),)","(np.float64(0.11574057549754231),)","(np.float64(168.78994533113732),)"
538,"((3, 5), (4, 19), (5, 17), (12, 18))","(np.float64(0.10477168667558275), np.float64(0.10948014935067611), np.float64(0.04542833712310729), np.float64(0.14452351837243596))","(np.float64(3.6993515267269497), np.float64(266.35121430310016), np.float64(330.7385288096077), np.float64(289.64228688094073))"
539,"((3, 8), (13, 17))","(np.float64(0.14752291318810318), np.float64(0.14331019949322077))","(np.float64(279.08802074849433), np.float64(197.92055157853855))"
540,"((1, 19), (9, 14), (11, 19))","(np.float64(0.12794909879527294), np.float64(0.08404691201488472), np.float64(0.12502120130908678))","(np.float64(257.7553860772515), np.float64(125.48422766502873), np.float64(152.48753850023311))"
541,"((1, 4), (11, 17))","(np.float64(0.12188210094792376), np.float64(0.10749044867485351))","(np.float64(331.37359689097025), np.float64(51.21018467044097))"
542,"((4, 9), (4, 13), (9, 13), (7, 12), (0, 15))","(np.float64(0.03524876527148974), np.float64(0.09996838108726784), np.float64(0.09393715957140779), np.float64(0.118115160187324), np.float64(0.14981869877869297))","(np.float64(119.24402942053894), np.float64(329.03877413566835), np.float64(3.1990539032188368), np.float64(338.5199724187955), np.float64(319.9341295851195))"
545,"((2, 7), (3, 11), (12, 17))","(np.float64(0.13336175583841645), np.float64(0.13291076363116133), np.float64(0.14902985560695478))","(np.float64(278.3984417593215), np.float64(111.60588126487688), np.float64(59.187252910536685))"
546,"((9, 15), (9, 17), (13, 17))","(np.float64(0.14080488958080437), np.float64(0.11884153981785078), np.float64(0.051628206619028325))","(np.float64(59.540317764483156), np.float64(41.45654996748676), np.float64(295.8584029327248))"
547,"((5, 18), (7, 16), (14, 19))","(np.float64(0.12193498932584232), np.float64(0.14628790630560337), np.float64(0.14866620497212998))","(np.float64(167.71902829314007), np.float64(296.86571383940907), np.float64(331.05693415741985))"
548,"((4, 14), (14, 18), (15, 16))","(np.float64(0.11558364312368911), np.float64(0.14567620736748305), np.float64(0.14235902191906663))","(np.float64(116.34339537021349), np.float64(41.26903243984504), np.float64(85.11143636037464))"
549,"((5, 15),)","(np.float64(0.14449910584343026),)","(np.float64(134.95478284500064),)"
550,"((4, 19),)","(np.float64(0.14173338027716126),)","(np.float64(137.75785207218428),)"
551,"((1, 16),)","(np.float64(0.04678951043963943),)","(np.float64(275.20316048410996),)"
552,"((2, 4),)","(np.float64(0.12739912962991237),)","(np.float64(25.7146616219535),)"
553,"((0, 18),)","(np.float64(0.09938105341978834),)","(np.float64(48.478656669399385),)"
554,"((7, 18), (11, 19))","(np.float64(0.1324473543758289), np.float64(0.14785213299598587))","(np.float64(229.08809696953742), np.float64(261.06835666757485))"
555,"((7, 8), (2, 8))","(np.float64(0.13567284892642056), np.float64(0.14776945237054295))","(np.float64(181.72674433986523), np.float64(206.4620844541042))"
556,"((1, 11), (5, 11), (2, 15))","(np.float64(0.11143153637768465), np.float64(0.07660582014626927), np.float64(0.13986139405984363))","(np.float64(340.7885391026266), np.float64(197.73485071892785), np.float64(260.675384716935))"
557,"((0, 14),)","(np.float64(0.13913359913687168),)","(np.float64(4.63316051986823),)"
558,"((0, 11), (17, 18))","(np.float64(0.09120434429734658), np.float64(0.11564288084759383))","(np.float64(98.26087313915478), np.float64(343.89488625897326))"
559,"((5, 18), (2, 13))","(np.float64(0.12890643724888232), np.float64(0.13755680092888212))","(np.float64(355.1371274983905), np.float64(201.71096836504438))"
562,"((5, 10), (5, 11))","(np.float64(0.1339630191464468), np.float64(0.12425411145952517))","(np.float64(161.01025512620777), np.float64(7.188564555987206))"
563,"((1, 15), (4, 8), (5, 12), (6, 14))","(np.float64(0.14235475647347884), np.float64(0.13678623440987095), np.float64(0.14238825606340183), np.float64(0.10087286645726869))","(np.float64(120.53900647586187), np.float64(174.61601194512866), np.float64(283.9644589931576), np.float64(268.23035637215906))"
564,"((2, 9), (6, 19), (8, 17), (11, 14))","(np.float64(0.0659698703364316), np.float64(0.14600434878384752), np.float64(0.11501644164379059), np.float64(0.1368679324840787))","(np.float64(107.1909743151134), np.float64(299.5442848334543), np.float64(138.6059074411613), np.float64(31.36665022431063))"
565,"((1, 9), (13, 19))","(np.float64(0.09978199810491915), np.float64(0.11892397401704055))","(np.float64(348.01741292527737), np.float64(84.52384202054292))"
570,"((14, 16), (5, 18), (6, 12), (10, 19))","(np.float64(0.08452812591803596), np.float64(0.14981770132285893), np.float64(0.14594960734276666), np.float64(0.14979392538519334))","(np.float64(208.84539695874054), np.float64(234.21290549314153), np.float64(318.05326377418277), np.float64(288.19801853802034))"
571,"((12, 19), (15, 16), (8, 14))","(np.float64(0.09535429922738753), np.float64(0.11623901006270913), np.float64(0.11939464479050647))","(np.float64(154.06836882714754), np.float64(251.9979259854778), np.float64(268.2198861376192))"
572,"((0, 4), (3, 13), (3, 5))","(np.float64(0.09397398773424452), np.float64(0.13621125750536328), np.float64(0.11923528357804444))","(np.float64(300.64289029644044), np.float64(258.79176100165046), np.float64(207.1108112078515))"
574,"((1, 9), (1, 13), (9, 13), (1, 8), (8, 17))","(np.float64(0.06713051610074235), np.float64(0.07028200492582927), np.float64(0.12057108400088103), np.float64(0.09469427987404884), np.float64(0.1435979257977366))","(np.float64(232.8497479578935), np.float64(355.5036558775967), np.float64(23.457799123984607), np.float64(61.46481853023302), np.float64(50.16715249155782))"
575,"((2, 10), (3, 5), (13, 18))","(np.float64(0.12207326002143463), np.float64(0.10948563225487742), np.float64(0.10532622727083556))","(np.float64(319.0308419468545), np.float64(258.02513786203804), np.float64(13.995966666891187))"
576,"((13, 16),)","(np.float64(0.13131503005945291),)","(np.float64(21.193022117497833),)"
577,"((0, 1), (0, 9), (3, 6), (5, 17))","(np.float64(0.069165393648805), np.float64(0.09773933455947899), np.float64(0.14645484631111944), np.float64(0.07313514549827654))","(np.float64(133.3827940104587), np.float64(307.9463720612103), np.float64(81.49167423123438), np.float64(320.57079509543246))"
578,"((17, 18),)","(np.float64(0.14343250097316354),)","(np.float64(114.8084125818233),)"
579,"((4, 15),)","(np.float64(0.10907940340264731),)","(np.float64(164.4093637722417),)"
580,"((10, 14), (0, 10))","(np.float64(0.050747684051782226), np.float64(0.0433514039197345))","(np.float64(149.38891331532304), np.float64(234.7900209621228))"
581,"((1, 5), (6, 15))","(np.float64(0.14135944016408344), np.float64(0.1430639831275366))","(np.float64(220.35261376044707), np.float64(240.75001375836834))"
582,"((2, 14), (7, 9), (10, 19))","(np.float64(0.05600954313727296), np.float64(0.057178886515863635), np.float64(0.12750038683695755))","(np.float64(327.18571720331397), np.float64(353.26853325923975), np.float64(289.0438553495952))"
583,"((8, 13), (10, 17))","(np.float64(0.08921381226018994), np.float64(0.12941602879014766))","(np.float64(160.07585561833326), np.float64(62.516675668242705))"
584,"((1, 18), (12, 14))","(np.float64(0.09241416797150581), np.float64(0.12475607215112887))","(np.float64(287.2109301467615), np.float64(91.758809763563))"
585,"((0, 10), (0, 19), (3, 4), (10, 19))","(np.float64(0.1284122005165111), np.float64(0.11296599627687891), np.float64(0.09858704815456108), np.float64(0.11121719800287856))","(np.float64(155.3424027296623), np.float64(209.75836674177202), np.float64(181.74734306352093), np.float64(279.64540908721295))"
586,"((0, 2), (3, 18), (13, 14), (3, 14), (14, 18), (10, 13))","(np.float64(0.0989672396706851), np.float64(0.13669778202424018), np.float64(0.13891637401193652), np.float64(0.14561447396488697), np.float64(0.14372045693866692), np.float64(0.11698564471090403))","(np.float64(106.11015766421514), np.float64(328.2307271710506), np.float64(72.47887482367108), np.float64(1.2934036477554658), np.float64(42.63043576848981), np.float64(1.0281642625657694))"
587,"((5, 11), (6, 11), (11, 17))","(np.float64(0.09889893116270375), np.float64(0.11819637350382055), np.float64(0.1457850849442153))","(np.float64(336.33583175342386), np.float64(336.37147895455837), np.float64(354.8618335993264))"
589,"((1, 2), (7, 16), (2, 4))","(np.float64(0.10302457566975706), np.float64(0.13470941604533435), np.float64(0.14838140663284496))","(np.float64(96.34753499377821), np.float64(22.56531337084342), np.float64(20.477017201407165))"
590,"((8, 16),)","(np.float64(0.12753890369571028),)","(np.float64(102.79404022408188),)"
591,"((7, 18), (14, 16), (15, 18))","(np.float64(0.12282990050833231), np.float64(0.12274573524408113), np.float64(0.07883690905945004))","(np.float64(183.25392549343084), np.float64(340.3713893445476), np.float64(80.6606829228029))"
592,"((2, 8), (12, 18))","(np.float64(0.07214517576908835), np.float64(0.07791215784538152))","(np.float64(315.3285170461309), np.float64(64.1379131459281))"
593,"((0, 10), (9, 14), (10, 17), (18, 19), (0, 8))","(np.float64(0.09716536792601241), np.float64(0.1403665477968176), np.float64(0.09934250400113905), np.float64(0.1474286677601495), np.float64(0.12382943403910765))","(np.float64(305.9649646943269), np.float64(148.25103652433725), np.float64(319.09749719457034), np.float64(311.29852768230353), np.float64(150.7522558824135))"
594,"((5, 17), (15, 17), (4, 13))","(np.float64(0.1453689251341225), np.float64(0.11766173172340634), np.float64(0.14987415381531125))","(np.float64(81.37742003939431), np.float64(213.59257494976026), np.float64(274.73457601624006))"
595,"((4, 10),)","(np.float64(0.144885096543312),)","(np.float64(109.69951048570421),)"
596,"((8, 11),)","(np.float64(0.12992049053935573),)","(np.float64(189.70420606121664),)"
598,"((2, 13), (5, 17))","(np.float64(0.042295678975027354), np.float64(0.07927266745391368))","(np.float64(16.004996648853904), np.float64(316.5197138401771))"
599,"((3, 12),)","(np.float64(0.13460566687160927),)","(np.float64(331.02888447937477),)"
600,"((2, 14),)","(np.float64(0.14537523794454646),)","(np.float64(204.10487374287476),)"
601,"((10, 12), (15, 17), (8, 17), (14, 17), (4, 17), (4, 14))","(np.float64(0.13897014749015552), np.float64(0.1419605301927174), np.float64(0.11406352201787617), np.float64(0.14130646164510954), np.float64(0.069244174944944), np.float64(0.07767865436473788))","(np.float64(97.02963306806717), np.float64(2.7560485403898514), np.float64(58.49947961088928), np.float64(56.11817276406717), np.float64(52.47975130371843), np.float64(9.664081933631266))"
603,"((1, 8),)","(np.float64(0.12187419454808114),)","(np.float64(26.28148912899616),)"
604,"((4, 14), (5, 10), (9, 15), (3, 8))","(np.float64(0.12756969915796595), np.float64(0.05740333055160866), np.float64(0.1309185663576886), np.float64(0.12092734998304566))","(np.float64(32.006640940011295), np.float64(17.70597944217798), np.float64(95.79971781218941), np.float64(354.93783352839745))"
606,"((0, 11), (1, 7), (8, 18))","(np.float64(0.10288709327007928), np.float64(0.1287432267366443), np.float64(0.14410932503635457))","(np.float64(144.81341239390315), np.float64(285.41407116296574), np.float64(110.70376125086621))"
608,"((7, 19), (3, 9))","(np.float64(0.09073196658032087), np.float64(0.14055352404942142))","(np.float64(60.47546817972284), np.float64(254.75846296733124))"
609,"((6, 19),)","(np.float64(0.04815374861770555),)","(np.float64(239.50835447615395),)"
611,"((6, 8),)","(np.float64(0.12821032534955049),)","(np.float64(358.14820459962533),)"
612,"((1, 18), (13, 15), (9, 16))","(np.float64(0.11263061197780198), np.float64(0.09350226219483075), np.float64(0.14204314199213663))","(np.float64(174.59955670629722), np.float64(297.3940984433098), np.float64(270.2005737502858))"
613,"((2, 11), (12, 15), (5, 14))","(np.float64(0.1075163999985909), np.float64(0.09847781770789651), np.float64(0.14185237103208756))","(np.float64(65.89061713831516), np.float64(274.3045220835553), np.float64(338.4736657109456))"
614,"((4, 14), (5, 11), (14, 18), (4, 18), (10, 19))","(np.float64(0.08765576477087945), np.float64(0.12460191240706431), np.float64(0.1488863876008064), np.float64(0.1425138381021067), np.float64(0.12335360376411056))","(np.float64(232.42016341142178), np.float64(204.41150184152966), np.float64(341.578871487203), np.float64(288.12514812847587), np.float64(70.22392294460641))"
615,"((1, 10),)","(np.float64(0.1092979069891598),)","(np.float64(310.82757880522485),)"
616,"((5, 19),)","(np.float64(0.12737157682080857),)","(np.float64(66.25523634330172),)"
617,"((4, 9),)","(np.float64(0.13084617139600124),)","(np.float64(299.5891496246746),)"
618,"((2, 4), (7, 11), (13, 15))","(np.float64(0.1421226969311894), np.float64(0.10252798358413345), np.float64(0.09280459260786678))","(np.float64(89.64640950455342), np.float64(155.86257944545844), np.float64(78.77726473246896))"
622,"((14, 18),)","(np.float64(0.10018528491086974),)","(np.float64(352.1806632144181),)"
623,"((4, 12), (5, 12))","(np.float64(0.14738739428457406), np.float64(0.14031287912716298))","(np.float64(111.8416946970647), np.float64(344.5207260257088))"
624,"((13, 14),)","(np.float64(0.11629764307326385),)","(np.float64(217.38644340901354),)"
625,"((6, 15), (17, 18))","(np.float64(0.11852984689939562), np.float64(0.13330896232541103))","(np.float64(351.0332183004961), np.float64(220.4301064795204))"
626,"((8, 16),)","(np.float64(0.12587288073995243),)","(np.float64(252.48461981208237),)"
628,"((5, 7), (3, 17))","(np.float64(0.14071810590967154), np.float64(0.13976535562334186))","(np.float64(345.0166175342597), np.float64(34.83160008530264))"
630,"((5, 18), (6, 10), (9, 14), (15, 17))","(np.float64(0.07261658873138233), np.float64(0.14104565797765858), np.float64(0.13978794839712821), np.float64(0.07144014762428978))","(np.float64(311.1925315672352), np.float64(88.96161429061709), np.float64(127.77991580048715), np.float64(147.82809316052712))"
631,"((6, 19), (7, 15), (8, 17))","(np.float64(0.11784154339404118), np.float64(0.13448363623513965), np.float64(0.09647731775432734))","(np.float64(70.77420078545904), np.float64(132.79288125566575), np.float64(110.1980402169573))"
633,"((1, 10), (6, 9))","(np.float64(0.1081743316803754), np.float64(0.14267465945753532))","(np.float64(161.64973266805538), np.float64(281.94049290317014))"
634,"((1, 4), (3, 6), (3, 17), (6, 17))","(np.float64(0.1357288936446901), np.float64(0.03444500668780481), np.float64(0.08451433002328379), np.float64(0.09038865753657303))","(np.float64(358.71698778495943), np.float64(330.46264507145173), np.float64(58.89848837334884), np.float64(81.28988594419356))"
635,"((3, 9),)","(np.float64(0.10757105818635081),)","(np.float64(154.97746661531332),)"
637,"((1, 9), (1, 16), (7, 16))","(np.float64(0.035678199728056914), np.float64(0.14009898790352687), np.float64(0.1409932307999223))","(np.float64(160.50893011112726), np.float64(123.83702307939804), np.float64(317.31606397077053))"
640,"((3, 4), (3, 18), (4, 18), (15, 19))","(np.float64(0.14666664820246256), np.float64(0.0961475308343473), np.float64(0.035098151616024156), np.float64(0.14798831248332525))","(np.float64(181.60299335123213), np.float64(207.41822016989076), np.float64(352.9598800988296), np.float64(66.54361380395075))"
641,"((0, 12), (1, 10))","(np.float64(0.1288067315051683), np.float64(0.13797507774697076))","(np.float64(99.68590285886235), np.float64(113.41116438361985))"
643,"((1, 19), (4, 12))","(np.float64(0.1421413215653191), np.float64(0.06884911948523888))","(np.float64(2.153927740558385), np.float64(306.20695963529874))"
644,"((4, 6), (10, 11))","(np.float64(0.025612541218056235), np.float64(0.12441663696734802))","(np.float64(275.30043937496885), np.float64(191.81908853777873))"
645,"((3, 18), (12, 13), (3, 11))","(np.float64(0.112552882407717), np.float64(0.14636090343180785), np.float64(0.14754797756132843))","(np.float64(223.73701126931795), np.float64(179.7233779719097), np.float64(151.95386220987365))"
646,"((1, 17), (5, 12), (10, 13), (12, 14))","(np.float64(0.1250564658719915), np.float64(0.128666695347778), np.float64(0.06043972325543786), np.float64(0.07959498723898126))","(np.float64(171.05334588976888), np.float64(94.08993221199003), np.float64(341.5483887155458), np.float64(173.96970925141497))"
647,"((4, 11), (11, 17), (6, 16), (6, 15))","(np.float64(0.10701913774104564), np.float64(0.1180271129146346), np.float64(0.11160183846286989), np.float64(0.12308811015878242))","(np.float64(278.7757171914658), np.float64(294.2414822921635), np.float64(100.05178601659057), np.float64(61.348951429752795))"
648,"((0, 10), (1, 9), (5, 10))","(np.float64(0.12247490657395482), np.float64(0.08012030154075815), np.float64(0.14138029477211317))","(np.float64(320.1336414243913), np.float64(168.87011912994834), np.float64(96.68195057494961))"
649,"((12, 15),)","(np.float64(0.13912026339479544),)","(np.float64(267.07604357160426),)"
650,"((14, 18),)","(np.float64(0.11034694668096995),)","(np.float64(1.9850800846948526),)"
651,"((4, 14),)","(np.float64(0.11743866609019256),)","(np.float64(213.6517357778976),)"
652,"((0, 5),)","(np.float64(0.11294255257524491),)","(np.float64(211.10766589586703),)"
653,"((1, 16), (9, 14), (9, 16))","(np.float64(0.1255440765896487), np.float64(0.1217623476562385), np.float64(0.14132675711343443))","(np.float64(97.0256199435841), np.float64(259.6967566152358), np.float64(352.9038616396201))"
654,"((0, 14), (1, 11), (8, 19))","(np.float64(0.06900456788150987), np.float64(0.1206225087252125), np.float64(0.14429972576466193))","(np.float64(264.20700988725616), np.float64(277.4915719219554), np.float64(355.86606399228987))"
655,"((2, 3), (13, 14), (7, 15))","(np.float64(0.10641673346557345), np.float64(0.09803429318242644), np.float64(0.11010107107119863))","(np.float64(189.2897103206131), np.float64(36.71501916766115), np.float64(137.4504191662201))"
656,"((5, 16), (0, 3))","(np.float64(0.08610032474365927), np.float64(0.12413024339784089))","(np.float64(350.3431578326228), np.float64(215.98927005248282))"
659,"((4, 12), (4, 14), (6, 10), (12, 19))","(np.float64(0.11903354712724844), np.float64(0.08224919547800455), np.float64(0.09825087814859491), np.float64(0.1373886592098403))","(np.float64(239.26284300643243), np.float64(27.012245755660693), np.float64(283.9842143664665), np.float64(180.1533295368935))"
660,"((2, 6), (11, 14))","(np.float64(0.12702216934633592), np.float64(0.14716883136506093))","(np.float64(101.25731308670623), np.float64(36.94379823061604))"
661,"((7, 14),)","(np.float64(0.12464281726455635),)","(np.float64(211.55203456529563),)"
662,"((2, 17),)","(np.float64(0.11593050135212099),)","(np.float64(44.66233334918474),)"
663,"((0, 6), (10, 12))","(np.float64(0.1426112756141319), np.float64(0.06366320618488754))","(np.float64(253.4639740496302), np.float64(209.38635576188312))"
664,"((6, 12),)","(np.float64(0.1346992128074355),)","(np.float64(130.31968148069615),)"
666,"((13, 14),)","(np.float64(0.020960174524044556),)","(np.float64(348.17543579748286),)"
667,"((1, 8), (5, 14), (7, 14))","(np.float64(0.0978470199738825), np.float64(0.128372065630687), np.float64(0.14510032497871003))","(np.float64(328.48946994959084), np.float64(166.32639070072352), np.float64(199.87118009908872))"
668,"((3, 12), (14, 15), (6, 13))","(np.float64(0.1463684466801382), np.float64(0.12831487664629965), np.float64(0.14782972996114707))","(np.float64(106.76223367170424), np.float64(286.98372654712097), np.float64(351.08190876050855))"
669,"((7, 9), (11, 14))","(np.float64(0.14841678290038468), np.float64(0.14898888248743739))","(np.float64(96.46949920184848), np.float64(147.43193785348495))"
670,"((5, 14), (5, 16))","(np.float64(0.12090272045880177), np.float64(0.11580394397693196))","(np.float64(110.83948431465917), np.float64(312.6458626778591))"
671,"((0, 11), (2, 5), (4, 11), (9, 17))","(np.float64(0.05572367149930875), np.float64(0.1369625020490824), np.float64(0.03738606951142053), np.float64(0.13604740719942834))","(np.float64(319.0819787016066), np.float64(226.90656039525012), np.float64(172.16306346705798), np.float64(208.69122696612337))"
672,"((2, 11), (7, 13), (0, 15))","(np.float64(0.06305877184395337), np.float64(0.11504145556816532), np.float64(0.1243930964888826))","(np.float64(354.6202615483035), np.float64(96.03169765713689), np.float64(226.7274779547322))"
673,"((1, 14), (7, 14), (7, 11))","(np.float64(0.04012559385747189), np.float64(0.07373829896109364), np.float64(0.06803110894782627))","(np.float64(107.23064467466513), np.float64(316.93254846704986), np.float64(241.278656923061))"
674,"((12, 14), (12, 16), (14, 16), (4, 8))","(np.float64(0.09391382197364784), np.float64(0.10953658626774658), np.float64(0.04749782212309771), np.float64(0.14440504627191394))","(np.float64(278.5357147819841), np.float64(304.0859026052108), np.float64(2.60013502663936), np.float64(284.86448389991136))"
675,"((2, 17), (6, 13))","(np.float64(0.14068351181379427), np.float64(0.12535716472313035))","(np.float64(74.3685837001868), np.float64(305.3361073429932))"
676,"((3, 15), (7, 9), (15, 17))","(np.float64(0.14907686696661304), np.float64(0.08833089960935951), np.float64(0.01930916469917875))","(np.float64(71.11808587483195), np.float64(37.73772936111985), np.float64(329.98793819030396))"
677,"((3, 14), (15, 16))","(np.float64(0.09171249365267192), np.float64(0.07788390067051622))","(np.float64(91.08557125769482), np.float64(75.56235350279276))"
678,"((2, 12), (1, 11))","(np.float64(0.14017305230878738), np.float64(0.13567186126374586))","(np.float64(12.484743325946422), np.float64(226.28340574537611))"
680,"((3, 17), (0, 6))","(np.float64(0.14787877886131756), np.float64(0.14252536738750818))","(np.float64(341.98022901310577), np.float64(137.81939244350684))"
681,"((7, 19), (9, 16))","(np.float64(0.1335425406356077), np.float64(0.14918226602160597))","(np.float64(272.6836268792406), np.float64(58.64802897606486))"
683,"((10, 18),)","(np.float64(0.12424027027692391),)","(np.float64(328.8521015003937),)"
685,"((1, 3), (4, 7), (1, 6))","(np.float64(0.14094554670906875), np.float64(0.13469704858363324), np.float64(0.14750842437131423))","(np.float64(117.83032209856967), np.float64(264.6225342195763), np.float64(292.5462703537145))"
686,"((6, 13),)","(np.float64(0.10243985394161625),)","(np.float64(252.69956459474756),)"
688,"((3, 9), (0, 8))","(np.float64(0.06974660314794781), np.float64(0.13379231729984578))","(np.float64(156.386643432829), np.float64(225.15454554758554))"
689,"((5, 12), (6, 8), (8, 16), (3, 10))","(np.float64(0.12051265341598058), np.float64(0.09684868726291561), np.float64(0.09604616239324854), np.float64(0.04308696204155871))","(np.float64(258.9653160411065), np.float64(276.41088828809086), np.float64(245.03504742309403), np.float64(148.9700782236141))"
690,"((0, 11), (10, 19))","(np.float64(0.09919619396563073), np.float64(0.13012155209784643))","(np.float64(170.46180224054675), np.float64(307.7521154208046))"
691,"((4, 10), (6, 12))","(np.float64(0.13680852058811738), np.float64(0.1459237276866884))","(np.float64(340.56765238315677), np.float64(221.3461768100291))"
692,"((0, 11), (5, 13), (8, 19), (9, 11), (11, 18))","(np.float64(0.12606084097415338), np.float64(0.10023834449480251), np.float64(0.1467840390169257), np.float64(0.1393522251782792), np.float64(0.14593294059159734))","(np.float64(103.41291858237065), np.float64(254.44515325676997), np.float64(141.9008248885728), np.float64(293.0739666289037), np.float64(3.430964113209637))"
693,"((8, 9), (12, 16))","(np.float64(0.14545498529256307), np.float64(0.1379641274099462))","(np.float64(286.1879212219841), np.float64(287.7783315682607))"
694,"((9, 12),)","(np.float64(0.13876654059161497),)","(np.float64(289.7362314729373),)"
695,"((5, 13), (6, 11))","(np.float64(0.11480499325035777), np.float64(0.14729122744641882))","(np.float64(66.73698998407232), np.float64(264.87581158744507))"
696,"((5, 6), (5, 15), (1, 13))","(np.float64(0.13215747033394207), np.float64(0.11582908784600532), np.float64(0.141867079098112))","(np.float64(222.52500667172865), np.float64(80.44951191304727), np.float64(242.94057872619703))"
697,"((0, 17), (8, 11), (10, 13), (12, 18))","(np.float64(0.08915301548211287), np.float64(0.1255552729884932), np.float64(0.05885903233881653), np.float64(0.1226672415631083))","(np.float64(190.3312967649819), np.float64(153.63836506068333), np.float64(168.12081346590537), np.float64(311.01841677800337))"
698,"((13, 15), (9, 16))","(np.float64(0.14073500507760145), np.float64(0.14430640444269613))","(np.float64(334.07547331016116), np.float64(355.58146536924875))"
699,"((11, 18), (4, 12))","(np.float64(0.03259384429706021), np.float64(0.12216467227647178))","(np.float64(292.33682655306757), np.float64(17.950865529391347))"
700,"((11, 16), (10, 19))","(np.float64(0.11268971825918504), np.float64(0.12492616535314703))","(np.float64(181.34585015715038), np.float64(155.4236586030929))"
701,"((13, 18),)","(np.float64(0.13954564210030063),)","(np.float64(66.42550377573608),)"
702,"((5, 7), (9, 12), (14, 19))","(np.float64(0.14286212397340178), np.float64(0.08805494087591582), np.float64(0.11345865872527124))","(np.float64(47.147932253964086), np.float64(251.82574972261463), np.float64(336.02800367587025))"
703,"((1, 13), (5, 19), (15, 17), (1, 9))","(np.float64(0.06210243877748661), np.float64(0.04004267674885904), np.float64(0.060202215002631045), np.float64(0.1321586039978382))","(np.float64(65.69081555299586), np.float64(265.0722608423119), np.float64(203.72785037006548), np.float64(230.43552450505427))"
704,"((0, 3), (4, 19))","(np.float64(0.09991649215347993), np.float64(0.13516101001842995))","(np.float64(359.6238428584242), np.float64(217.12090687323462))"
705,"((2, 3), (8, 14), (1, 8))","(np.float64(0.08139866354863388), np.float64(0.0950243442095044), np.float64(0.12928504250403508))","(np.float64(38.949719786982655), np.float64(119.67808640222137), np.float64(141.88631612516627))"
707,"((5, 7), (5, 15), (7, 15))","(np.float64(0.10484653886824682), np.float64(0.11294160189103274), np.float64(0.10308164707600315))","(np.float64(356.68441418879644), np.float64(53.036734958944194), np.float64(110.89154559597439))"
708,"((2, 16), (7, 10), (8, 19), (6, 10))","(np.float64(0.13756895070726374), np.float64(0.06821371081524347), np.float64(0.13800694898287222), np.float64(0.14824740961815674))","(np.float64(268.24071532541), np.float64(136.3807834800803), np.float64(161.51719677379944), np.float64(20.65279461088023))"
710,"((10, 18),)","(np.float64(0.0906709716157899),)","(np.float64(238.96779929446038),)"
711,"((1, 8), (2, 17), (5, 7), (2, 12))","(np.float64(0.047497627632950026), np.float64(0.13948804792629402), np.float64(0.12334465178145877), np.float64(0.14074308409461142))","(np.float64(58.25296492928015), np.float64(233.34678726894506), np.float64(163.53274465733165), np.float64(340.99780024280517))"
712,"((1, 3), (1, 7), (4, 19), (7, 10), (4, 13), (7, 15))","(np.float64(0.1094113449630263), np.float64(0.0933172417731088), np.float64(0.08065254643166415), np.float64(0.1458097885932589), np.float64(0.1285168533724243), np.float64(0.14405756182309418))","(np.float64(68.09491095779697), np.float64(311.11820788165267), np.float64(46.556405526351476), np.float64(15.652570516791142), np.float64(21.84556624327828), np.float64(80.84867268454072))"
714,"((0, 15), (4, 17), (8, 19), (14, 16), (13, 19))","(np.float64(0.10565451081659687), np.float64(0.1148038198387094), np.float64(0.05846644136196712), np.float64(0.09371273987219565), np.float64(0.146739174545614))","(np.float64(114.46494301768614), np.float64(12.72411780654715), np.float64(167.10218786391277), np.float64(227.6887402096109), np.float64(34.4839495003929))"
717,"((0, 4), (10, 18), (1, 10))","(np.float64(0.04861263279674358), np.float64(0.137511296251174), np.float64(0.12008958419957115))","(np.float64(112.65766587904504), np.float64(57.67398248160212), np.float64(261.72542507169203))"
718,"((0, 4), (13, 19))","(np.float64(0.11610707661483463), np.float64(0.11925814661739327))","(np.float64(271.4630290721239), np.float64(66.91508151887443))"
719,"((5, 17), (14, 19), (11, 19), (8, 11))","(np.float64(0.1346322019784363), np.float64(0.1406241872755531), np.float64(0.14628661579378277), np.float64(0.14866474756514594))","(np.float64(263.63623332168527), np.float64(287.1068494257792), np.float64(336.4377619369748), np.float64(340.63550511888866))"
720,"((5, 8),)","(np.float64(0.14693150903312013),)","(np.float64(37.26896351685469),)"
722,"((6, 10), (8, 16), (5, 17))","(np.float64(0.11166919070147172), np.float64(0.0712332799449403), np.float64(0.10485399849161763))","(np.float64(53.5744786954551), np.float64(25.525414790257074), np.float64(34.864015761941516))"
723,"((3, 7), (12, 13), (4, 14))","(np.float64(0.14926766462501515), np.float64(0.022599765429686162), np.float64(0.14091827920819402))","(np.float64(113.81286571477854), np.float64(256.26805660703894), np.float64(291.59776904965406))"
724,"((5, 11),)","(np.float64(0.14368876393810556),)","(np.float64(295.40873399111615),)"
725,"((11, 17),)","(np.float64(0.1214977125690099),)","(np.float64(258.5913146534688),)"
726,"((4, 5),)","(np.float64(0.14969500919375525),)","(np.float64(34.49960642615974),)"
727,"((5, 15),)","(np.float64(0.12324712241583873),)","(np.float64(72.37732098607201),)"
728,"((0, 1), (7, 13), (11, 12), (15, 17), (1, 5))","(np.float64(0.09145363317271306), np.float64(0.06562865578998311), np.float64(0.03799727783349087), np.float64(0.13526534956457542), np.float64(0.13527660696460464))","(np.float64(263.87908284499736), np.float64(269.1821216930566), np.float64(240.00249948556547), np.float64(54.977804889572354), np.float64(243.6661545498368))"
729,"((3, 19), (4, 11), (1, 19))","(np.float64(0.1354088116123672), np.float64(0.08727035028588742), np.float64(0.14226420314426672))","(np.float64(86.80897221863844), np.float64(225.83577172956427), np.float64(302.5460189001115))"
732,"((3, 13),)","(np.float64(0.1321884932474006),)","(np.float64(89.77352464468764),)"
733,"((9, 15),)","(np.float64(0.08100585482686906),)","(np.float64(235.71352438112888),)"
734,"((1, 19), (4, 6), (4, 10), (10, 19), (2, 4), (6, 16))","(np.float64(0.13588453953212076), np.float64(0.1039086839271027), np.float64(0.08510993484426668), np.float64(0.09475074454714394), np.float64(0.13373104920084675), np.float64(0.14586463399412988))","(np.float64(215.92517315932866), np.float64(79.75475790641892), np.float64(349.55994677033783), np.float64(132.83829575489557), np.float64(228.5860363068953), np.float64(83.80019934909761))"
735,"((5, 13), (7, 17), (7, 18))","(np.float64(0.02103558724271008), np.float64(0.12688500354366758), np.float64(0.13461980966222276))","(np.float64(1.1266235969311391), np.float64(126.28023324736094), np.float64(255.83308608756005))"
736,"((16, 19),)","(np.float64(0.1305743975701194),)","(np.float64(316.75827936055015),)"
737,"((7, 18),)","(np.float64(0.09793723839685836),)","(np.float64(298.6841637155075),)"
738,"((10, 14),)","(np.float64(0.11293698044359918),)","(np.float64(197.47195271165427),)"
740,"((8, 9), (10, 13))","(np.float64(0.07796973721228108), np.float64(0.13215225477950074))","(np.float64(40.11365650576483), np.float64(199.76671042166004))"
742,"((4, 10), (1, 12))","(np.float64(0.14892290280601375), np.float64(0.1337751088988827))","(np.float64(25.612005075713412), np.float64(181.15626167911242))"
743,"((0, 9), (2, 6), (2, 17), (3, 4))","(np.float64(0.13230292383000616), np.float64(0.09426320028406772), np.float64(0.12348578800103592), np.float64(0.1317222033180598))","(np.float64(225.59215550461803), np.float64(158.3981762909563), np.float64(18.301364699974393), np.float64(223.08255276827552))"
744,"((1, 8), (1, 16), (8, 16), (9, 11), (14, 19), (9, 17))","(np.float64(0.06664773818699199), np.float64(0.09814700394646908), np.float64(0.11406598331827145), np.float64(0.09731387638248763), np.float64(0.07626339083575488), np.float64(0.13484413241606918))","(np.float64(147.7948536491205), np.float64(62.45911556217168), np.float64(26.843032886063323), np.float64(258.54008114409646), np.float64(302.75178657261716), np.float64(99.87779887446509))"
745,"((9, 11),)","(np.float64(0.14546199293984352),)","(np.float64(317.7044255727451),)"
746,"((1, 13), (8, 14), (3, 12))","(np.float64(0.138991847228602), np.float64(0.0867304917339223), np.float64(0.14205420974162283))","(np.float64(98.91388922200868), np.float64(219.998161755109), np.float64(216.1258409264511))"
747,"((1, 10), (5, 11))","(np.float64(0.13424509186798203), np.float64(0.14769594945276138))","(np.float64(275.2354649597398), np.float64(13.276944348052014))"
748,"((7, 11),)","(np.float64(0.09228722149354855),)","(np.float64(64.19576477206806),)"
749,"((5, 10),)","(np.float64(0.11317148684551208),)","(np.float64(59.157632777142936),)"
750,"((10, 17), (11, 19), (10, 13))","(np.float64(0.14171979023889733), np.float64(0.08309063428329332), np.float64(0.10992838144896468))","(np.float64(158.1122598208517), np.float64(236.34272976042513), np.float64(143.28410968093658))"
751,"((2, 7), (3, 13))","(np.float64(0.14726530450572978), np.float64(0.0798316527464128))","(np.float64(332.76032060420215), np.float64(42.63453833174589))"
752,"((1, 5),)","(np.float64(0.10430620221282298),)","(np.float64(0.8201702246415984),)"
753,"((4, 18),)","(np.float64(0.1431527819323407),)","(np.float64(41.3932908445917),)"
754,"((4, 7), (9, 10))","(np.float64(0.10902865232988757), np.float64(0.11850048807651171))","(np.float64(42.65815981392292), np.float64(353.5702127325352))"
756,"((2, 16),)","(np.float64(0.14695613444762623),)","(np.float64(186.0685116448346),)"
757,"((8, 18),)","(np.float64(0.1287579936394235),)","(np.float64(0.18604486720007854),)"
758,"((3, 15),)","(np.float64(0.1441725913903958),)","(np.float64(55.541038938298605),)"
759,"((0, 1), (5, 8), (9, 19), (8, 16), (0, 15), (1, 12))","(np.float64(0.11491499596253445), np.float64(0.11821235343042238), np.float64(0.12981402585346805), np.float64(0.13853108198191005), np.float64(0.14205747567445648), np.float64(0.1476720727806218))","(np.float64(183.51843789302313), np.float64(347.9642958905214), np.float64(93.76342533219423), np.float64(65.28353107254783), np.float64(38.86226689707115), np.float64(345.5361039825036))"
761,"((1, 2), (2, 6))","(np.float64(0.13698740257217312), np.float64(0.09551676053320737))","(np.float64(124.20574414101549), np.float64(326.05635793352036))"
762,"((4, 14), (7, 10), (11, 13), (1, 7), (10, 15))","(np.float64(0.13086594534826282), np.float64(0.14256888239133345), np.float64(0.1101445113263536), np.float64(0.14397043064768478), np.float64(0.131999099588678))","(np.float64(220.16495947040622), np.float64(119.26588798497541), np.float64(133.55135341818422), np.float64(216.98708543109345), np.float64(46.823506215525256))"
763,"((11, 12),)","(np.float64(0.13655833095036024),)","(np.float64(323.5637243936136),)"
765,"((1, 11),)","(np.float64(0.1213325801999083),)","(np.float64(110.58240069661647),)"
766,"((7, 14), (0, 4))","(np.float64(0.1287222181717792), np.float64(0.11161275113534658))","(np.float64(242.79429012180464), np.float64(238.3365450332032))"
767,"((0, 8),)","(np.float64(0.14400661596262546),)","(np.float64(270.7235528807786),)"
768,"((4, 6), (11, 16), (6, 19))","(np.float64(0.09229484528432354), np.float64(0.14880885096986715), np.float64(0.1482218427795394))","(np.float64(141.18876096445473), np.float64(176.24943144262826), np.float64(157.96878401126438))"
769,"((10, 19), (1, 10), (4, 12), (0, 13))","(np.float64(0.0954656345641722), np.float64(0.1350782669433382), np.float64(0.13255825290052137), np.float64(0.13722723475257692))","(np.float64(103.5308301196373), np.float64(299.13816211620804), np.float64(267.6079170382244), np.float64(184.8640589940503))"
770,"((6, 19), (14, 18), (2, 14))","(np.float64(0.119361333051794), np.float64(0.14269215773716856), np.float64(0.13440353628882373))","(np.float64(192.1284322973224), np.float64(6.497555634068216), np.float64(321.06818181189277))"
771,"((13, 19),)","(np.float64(0.14312404760410408),)","(np.float64(260.616353543699),)"
772,"((1, 3),)","(np.float64(0.1458185552567517),)","(np.float64(327.9484289114924),)"
773,"((15, 16),)","(np.float64(0.14149807429806227),)","(np.float64(134.52003444558392),)"
774,"((2, 5),)","(np.float64(0.011712310918824942),)","(np.float64(86.22540642980832),)"
775,"((0, 10),)","(np.float64(0.12485646284123353),)","(np.float64(248.08316826054485),)"
776,"((3, 14), (7, 11), (7, 12), (11, 12))","(np.float64(0.05238508207137368), np.float64(0.10755122656539512), np.float64(0.07094840904679556), np.float64(0.12299966547361312))","(np.float64(260.922664401068), np.float64(266.15126233097175), np.float64(345.67698177717375), np.float64(48.176756039933714))"
777,"((1, 18), (2, 10), (7, 16), (15, 19))","(np.float64(0.1011411032871334), np.float64(0.10190246903891742), np.float64(0.1192773954688149), np.float64(0.11301007292440432))","(np.float64(188.1601827869961), np.float64(161.40171510580674), np.float64(146.46233826971343), np.float64(30.86027684502981))"
778,"((6, 14),)","(np.float64(0.12314864699763696),)","(np.float64(103.27700264744779),)"
779,"((2, 15), (5, 16), (0, 6))","(np.float64(0.11315942487591864), np.float64(0.05916031993483899), np.float64(0.14664978221216157))","(np.float64(211.0131597588573), np.float64(21.048250040430215), np.float64(240.3736973214726))"
780,"((11, 14), (3, 11), (13, 18), (0, 14))","(np.float64(0.14926393176980268), np.float64(0.13264925067847935), np.float64(0.129667277036083), np.float64(0.14472613529320516))","(np.float64(324.140584922523), np.float64(301.2298348312607), np.float64(43.42739247880143), np.float64(256.50407943493326))"
781,"((5, 6), (6, 19), (4, 11), (3, 9), (8, 18))","(np.float64(0.0987968573681515), np.float64(0.1265072010138281), np.float64(0.145309204726662), np.float64(0.13430081803550079), np.float64(0.14545454234468974))","(np.float64(352.8108404138785), np.float64(333.27981090722005), np.float64(30.6674026883917), np.float64(298.9719264943755), np.float64(70.95055688098617))"
782,"((3, 17), (13, 19))","(np.float64(0.11868758384427593), np.float64(0.13839230890325027))","(np.float64(102.82218241605189), np.float64(85.07197117836195))"
783,"((5, 12),)","(np.float64(0.016187465000132482),)","(np.float64(263.9606266813573),)"
784,"((1, 9), (13, 16), (6, 16))","(np.float64(0.061839512849449545), np.float64(0.10289284074582936), np.float64(0.14029670559861038))","(np.float64(91.24263935985171), np.float64(210.6620052502611), np.float64(274.41098475947615))"
786,"((3, 8), (8, 15), (16, 17))","(np.float64(0.14505473335944963), np.float64(0.12797952119707923), np.float64(0.07926949149672093))","(np.float64(222.68647371785224), np.float64(259.0413372005804), np.float64(213.60496991287897))"
787,"((4, 12), (5, 12))","(np.float64(0.13686452588343995), np.float64(0.085578478200382))","(np.float64(268.78800528636606), np.float64(172.28906553794923))"
788,"((3, 15), (5, 12), (6, 9), (4, 16))","(np.float64(0.1307415251887052), np.float64(0.12224875867979014), np.float64(0.0071987397091505525), np.float64(0.1456684993505028))","(np.float64(53.08936998564982), np.float64(197.04106608053115), np.float64(181.21242061646504), np.float64(313.05946660572215))"
789,"((8, 18),)","(np.float64(0.08094528620201595),)","(np.float64(219.59832715115382),)"
790,"((0, 13),)","(np.float64(0.14320510534942166),)","(np.float64(325.85734292883456),)"
791,"((3, 11), (13, 17))","(np.float64(0.12930388791415404), np.float64(0.12997788073586397))","(np.float64(48.74949439583875), np.float64(161.0242654891276))"
793,"((2, 7), (5, 7), (11, 17), (1, 6), (5, 10))","(np.float64(0.14236095057306802), np.float64(0.11246943100958443), np.float64(0.0706883213383916), np.float64(0.11313305900484757), np.float64(0.11975196256453872))","(np.float64(23.550928814873945), np.float64(116.75943140842396), np.float64(311.77784355520754), np.float64(356.43582681474294), np.float64(246.92511500408648))"
794,"((13, 16),)","(np.float64(0.14774891452183087),)","(np.float64(313.5717597740486),)"
795,"((3, 19), (5, 13), (7, 15), (9, 19))","(np.float64(0.039318099106905965), np.float64(0.05376429298351674), np.float64(0.12339667949659072), np.float64(0.1424704498770375))","(np.float64(108.93878880498136), np.float64(24.93936575222846), np.float64(297.9477635947477), np.float64(52.42339657354099))"
797,"((0, 18), (1, 19), (3, 8), (7, 8))","(np.float64(0.060402009782830154), np.float64(0.06410088853739954), np.float64(0.1370266032987665), np.float64(0.11130076420709968))","(np.float64(124.6098103991646), np.float64(55.13210754504768), np.float64(143.9775186796085), np.float64(257.43219808510287))"
798,"((1, 12), (12, 18), (1, 10))","(np.float64(0.09230963322922163), np.float64(0.04042931335789284), np.float64(0.14361990730294133))","(np.float64(37.33294087135564), np.float64(249.4519345667823), np.float64(316.6849843798094))"
799,"((13, 15), (1, 12))","(np.float64(0.11541312053033266), np.float64(0.1497008730970109))","(np.float64(171.4253627960254), np.float64(348.72753522221416))"
800,"((11, 18),)","(np.float64(0.10415915396170751),)","(np.float64(188.49095146593115),)"
801,"((13, 16), (2, 17))","(np.float64(0.12553529747185635), np.float64(0.11613821356817272))","(np.float64(292.3571239739562), np.float64(87.91517172585604))"
802,"((2, 13),)","(np.float64(0.1421120627435116),)","(np.float64(341.4638190162957),)"
803,"((0, 13),)","(np.float64(0.14539304855118834),)","(np.float64(203.37133779278372),)"
804,"((9, 15), (1, 8))","(np.float64(0.13241935136957317), np.float64(0.1284160898750652))","(np.float64(61.913303530779885), np.float64(222.0223317213877))"
805,"((11, 15), (0, 11))","(np.float64(0.1427640335572776), np.float64(0.10709052927767933))","(np.float64(138.51194028430953), np.float64(223.69658124893488))"
807,"((0, 14),)","(np.float64(0.12851578264395286),)","(np.float64(39.65164104855538),)"
808,"((0, 12), (2, 14), (7, 9), (5, 18), (5, 12), (2, 17), (5, 17))","(np.float64(0.1379372352542815), np.float64(0.14789942136255235), np.float64(0.12814054325749663), np.float64(0.11073828909368365), np.float64(0.1389639427122686), np.float64(0.13702634704493005), np.float64(0.1385443436392822))","(np.float64(31.42923915462641), np.float64(172.28955316827228), np.float64(285.0900085826236), np.float64(108.72180097882293), np.float64(65.74631587423707), np.float64(71.9455723439462), np.float64(122.07779690730435))"
809,"((6, 7), (11, 15), (11, 13))","(np.float64(0.12939723604716313), np.float64(0.045163317798495556), np.float64(0.14507492564314398))","(np.float64(200.78009074429264), np.float64(228.38119657253367), np.float64(3.287130065144517))"
810,"((0, 6), (6, 19))","(np.float64(0.10893454060885462), np.float64(0.1418808393076921))","(np.float64(135.17799895971496), np.float64(176.71719760961506))"
811,"((2, 4), (2, 11), (4, 11), (7, 19), (8, 9), (10, 12), (10, 19), (12, 19), (0, 9))","(np.float64(0.1408014280589472), np.float64(0.060503361879222534), np.float64(0.06800887786308814), np.float64(0.12747787042214206), np.float64(0.11210638246291152), np.float64(0.13159360672626266), np.float64(0.10891325651218334), np.float64(0.08739667264523199), np.float64(0.12237469407879939))","(np.float64(107.78410407910104), np.float64(92.31664185501856), np.float64(334.50772531732156), np.float64(205.16774288482958), np.float64(172.08869301189475), np.float64(268.8470054814722), np.float64(334.3757708245791), np.float64(16.77128612939859), np.float64(166.11946144459196))"
812,"((13, 19), (10, 17))","(np.float64(0.06630707301092649), np.float64(0.08865683284022398))","(np.float64(134.1993376064048), np.float64(68.90544283561078))"
814,"((0, 16), (4, 18), (0, 14))","(np.float64(0.0703355125578738), np.float64(0.04419758204679589), np.float64(0.14364442654010692))","(np.float64(94.36123318592416), np.float64(46.022043463296576), np.float64(270.88745523161))"
815,"((10, 16),)","(np.float64(0.11250041437649361),)","(np.float64(315.83855370635047),)"
816,"((12, 13), (6, 16))","(np.float64(0.1091040088621703), np.float64(0.12947581049137377))","(np.float64(4.514741433299852), np.float64(30.784548902653487))"
817,"((13, 19), (11, 19))","(np.float64(0.13581570041937324), np.float64(0.11759764889513209))","(np.float64(219.07534105618845), np.float64(92.38640506461067))"
819,"((10, 11),)","(np.float64(0.1247160572945784),)","(np.float64(184.00273154283835),)"
820,"((3, 10), (10, 16))","(np.float64(0.13737785761697496), np.float64(0.0982200905278921))","(np.float64(312.2400424473003), np.float64(251.1673528492057))"
821,"((9, 18), (3, 6), (5, 16))","(np.float64(0.144827202614034), np.float64(0.11870251222699463), np.float64(0.11797336361716719))","(np.float64(278.942088289832), np.float64(295.8770965024203), np.float64(260.7495921751102))"
822,"((12, 16),)","(np.float64(0.01020244260350546),)","(np.float64(30.920423852318553),)"
823,"((0, 1),)","(np.float64(0.08626476455533483),)","(np.float64(41.44267940456348),)"
826,"((2, 17),)","(np.float64(0.14616021025862286),)","(np.float64(293.0654479482605),)"
827,"((14, 19), (5, 10))","(np.float64(0.09705652198145838), np.float64(0.1432531929862045))","(np.float64(184.4260620011161), np.float64(52.759569998901526))"
828,"((0, 5), (4, 6), (11, 19), (4, 13))","(np.float64(0.12722850826724386), np.float64(0.13094505711186394), np.float64(0.10796745824975712), np.float64(0.11602178961902135))","(np.float64(22.975062950538213), np.float64(333.5557826463234), np.float64(228.64745917440328), np.float64(62.53444346055601))"
829,"((3, 19), (9, 19), (1, 13))","(np.float64(0.11995211878095521), np.float64(0.10362106283847432), np.float64(0.12989135960549567))","(np.float64(231.5602683664533), np.float64(29.22899127416359), np.float64(29.210487304870657))"
830,"((5, 15), (0, 8))","(np.float64(0.06914900523060685), np.float64(0.1445687726670819))","(np.float64(295.3071535602673), np.float64(176.47521149966892))"
831,"((1, 16), (2, 16))","(np.float64(0.12422184375717454), np.float64(0.10290695318723769))","(np.float64(65.06361798427584), np.float64(224.08882585126457))"
833,"((2, 16), (7, 13), (8, 18), (9, 16), (1, 10))","(np.float64(0.06325497255235908), np.float64(0.08358722495962163), np.float64(0.13388578335906925), np.float64(0.1454291675921533), np.float64(0.12329716370753067))","(np.float64(187.56560166691548), np.float64(169.23509532112266), np.float64(47.134034185406), np.float64(95.41884777761075), np.float64(279.0547279910095))"
834,"((2, 3),)","(np.float64(0.12052408064755665),)","(np.float64(341.2607162255657),)"
835,"((1, 17),)","(np.float64(0.11689378838543435),)","(np.float64(313.8529331005477),)"
836,"((3, 17), (11, 13))","(np.float64(0.09167131737208181), np.float64(0.12037114172240367))","(np.float64(266.286443852238), np.float64(351.2274589801039))"
837,"((3, 9), (10, 19))","(np.float64(0.14194066464841526), np.float64(0.12045000677936998))","(np.float64(206.3790995532787), np.float64(90.23543398180719))"
838,"((0, 19), (1, 6), (11, 13), (14, 17), (18, 19), (10, 16))","(np.float64(0.14270565852343803), np.float64(0.06341063561756902), np.float64(0.1271842681298467), np.float64(0.09245568301816164), np.float64(0.11915905154499194), np.float64(0.14471834057188485))","(np.float64(190.17526538543459), np.float64(187.33921559842568), np.float64(135.70796452547947), np.float64(292.9051833541027), np.float64(6.288105349575456), np.float64(217.34905918073036))"
839,"((7, 13),)","(np.float64(0.12313591804485556),)","(np.float64(148.9789045152838),)"
840,"((18, 19), (3, 15))","(np.float64(0.0805027827047141), np.float64(0.1388104633498097))","(np.float64(101.05890179624808), np.float64(192.92816593281412))"
842,"((3, 4), (8, 9))","(np.float64(0.10110884570185433), np.float64(0.11836240080539936))","(np.float64(89.52726000051877), np.float64(327.23939445486735))"
844,"((1, 9), (4, 14), (5, 13), (12, 19), (1, 17))","(np.float64(0.07884019798793875), np.float64(0.07476840879799744), np.float64(0.046394501274887145), np.float64(0.08707941026030093), np.float64(0.12631373011463368))","(np.float64(101.79084044704597), np.float64(82.26147087368115), np.float64(55.80567804142773), np.float64(96.40445017593849), np.float64(242.70862537472527))"
846,"((4, 14),)","(np.float64(0.13424487240334398),)","(np.float64(1.2801422821078068),)"
847,"((9, 16), (14, 17), (8, 13))","(np.float64(0.03287595114497125), np.float64(0.08230611802244098), np.float64(0.06811671346060814))","(np.float64(352.96410967715417), np.float64(47.79518932560386), np.float64(302.380473903927))"
848,"((0, 2), (7, 15), (2, 9))","(np.float64(0.13103364746274473), np.float64(0.09829864061004706), np.float64(0.14443624757019358))","(np.float64(194.78611559362008), np.float64(115.64139838237871), np.float64(322.0370794235549))"
849,"((1, 7), (1, 13))","(np.float64(0.13083097088758522), np.float64(0.0501437308997864))","(np.float64(254.2991137302953), np.float64(99.4649432253084))"
850,"((10, 11), (11, 13))","(np.float64(0.12187486746772627), np.float64(0.12091061106025884))","(np.float64(43.392075511761874), np.float64(95.54441088203339))"
851,"((5, 8), (2, 12))","(np.float64(0.08251809483734264), np.float64(0.13666760656931917))","(np.float64(207.5844480067154), np.float64(233.8687417000478))"
852,"((0, 14), (11, 18), (13, 18), (14, 18), (0, 11), (2, 12), (3, 12), (7, 15), (6, 15), (7, 14))","(np.float64(0.08902128748464176), np.float64(0.10305374316242402), np.float64(0.14895789417775246), np.float64(0.13478557793195214), np.float64(0.08403969649498211), np.float64(0.13172718134214245), np.float64(0.1406289218782113), np.float64(0.12068896626144297), np.float64(0.1473763494487241), np.float64(0.13679853802989825))","(np.float64(59.81325374499641), np.float64(92.81369722693874), np.float64(258.05626985123615), np.float64(157.23132106762955), np.float64(79.28161027188249), np.float64(268.54434184715046), np.float64(195.64830297265843), np.float64(54.988220892547666), np.float64(26.02959089426976), np.float64(64.3688489973969))"
853,"((0, 18),)","(np.float64(0.13452018687853387),)","(np.float64(133.51722685604275),)"
854,"((0, 15),)","(np.float64(0.06156895775247313),)","(np.float64(105.173989823448),)"
855,"((2, 6),)","(np.float64(0.04473126751225518),)","(np.float64(240.85937896366244),)"
856,"((2, 14), (11, 12), (11, 14))","(np.float64(0.12596631090227145), np.float64(0.09649689592595002), np.float64(0.11568794912860977))","(np.float64(247.0584121973746), np.float64(283.3116894326682), np.float64(53.19568036898855))"
858,"((6, 18), (13, 18), (6, 13), (2, 18))","(np.float64(0.1464762096654324), np.float64(0.07725993879511725), np.float64(0.1440881485560572), np.float64(0.1301186535768901))","(np.float64(316.4692866468733), np.float64(206.20561638826214), np.float64(339.8779453143251), np.float64(41.52210268224099))"
859,"((3, 7),)","(np.float64(0.10523022392682026),)","(np.float64(74.22328062354728),)"
860,"((4, 6),)","(np.float64(0.1248285248228043),)","(np.float64(237.65926693094758),)"
861,"((0, 16), (6, 16))","(np.float64(0.13128019680018166), np.float64(0.12489905731884159))","(np.float64(224.58011864428747), np.float64(35.69848435546724))"
863,"((1, 6), (5, 12), (7, 10), (9, 15), (3, 8))","(np.float64(0.13173632923924183), np.float64(0.12505328721968714), np.float64(0.14194801315526293), np.float64(0.1494530422214091), np.float64(0.12398621397809072))","(np.float64(309.6173698103588), np.float64(133.66439528887653), np.float64(177.83024648992492), np.float64(41.037780443916546), np.float64(190.925067510856))"
865,"((8, 9), (10, 17))","(np.float64(0.13735706485592802), np.float64(0.13481222852738398))","(np.float64(50.67361228673013), np.float64(41.45643468107995))"
866,"((1, 6), (3, 17), (15, 16))","(np.float64(0.05347016326626797), np.float64(0.09137017251365012), np.float64(0.021828822955045287))","(np.float64(50.209437135330795), np.float64(53.06769075046806), np.float64(293.60245378834213))"
868,"((9, 10), (17, 19))","(np.float64(0.10025750032706332), np.float64(0.1465566046235051))","(np.float64(326.2151131282039), np.float64(239.22977660898636))"
869,"((5, 15), (4, 18), (1, 18), (1, 15))","(np.float64(0.10781198000955483), np.float64(0.13975684559689472), np.float64(0.11198047749281709), np.float64(0.1399990140693411))","(np.float64(186.44335199585743), np.float64(34.424214381291755), np.float64(249.79755617953708), np.float64(318.3059385008208))"
870,"((7, 17),)","(np.float64(0.14196154188834925),)","(np.float64(335.07591041864345),)"
871,"((10, 18), (7, 18))","(np.float64(0.12325984865299058), np.float64(0.14453109859528623))","(np.float64(227.29059507856118), np.float64(4.83559183192706))"
872,"((0, 2),)","(np.float64(0.10853434892702778),)","(np.float64(217.03681035052972),)"
873,"((0, 7), (0, 14))","(np.float64(0.132826910760493), np.float64(0.07793250613488882))","(np.float64(251.74646055307062), np.float64(273.75111636354745))"
875,"((0, 8), (5, 12))","(np.float64(0.05773965646379699), np.float64(0.10692922938712152))","(np.float64(270.0952843319517), np.float64(312.935321736624))"
876,"((1, 7), (3, 8), (8, 19), (5, 19))","(np.float64(0.13491409453568026), np.float64(0.11500745319206415), np.float64(0.13330606349176305), np.float64(0.0987836283960971))","(np.float64(4.7531809810201056), np.float64(316.47792840007105), np.float64(2.1376975237119953), np.float64(269.4722435943384))"
877,"((3, 10), (5, 7))","(np.float64(0.12216890759034808), np.float64(0.12862677780640566))","(np.float64(31.457271653021092), np.float64(32.59041116594467))"
878,"((5, 18), (9, 19), (5, 9))","(np.float64(0.14027701728169267), np.float64(0.11603667983650043), np.float64(0.14774615951598305))","(np.float64(146.5990331687177), np.float64(274.51983247110263), np.float64(229.50585125762015))"
880,"((4, 9),)","(np.float64(0.12403754098856173),)","(np.float64(357.910439209035),)"
881,"((1, 18), (1, 19), (4, 8), (17, 19))","(np.float64(0.13521701753580076), np.float64(0.14288018322799698), np.float64(0.06694270329828603), np.float64(0.1224301287717612))","(np.float64(73.35301510336845), np.float64(334.52248147248804), np.float64(8.966241376901596), np.float64(8.842097253419192))"
884,"((5, 12), (6, 12), (7, 13))","(np.float64(0.027183783949817058), np.float64(0.13933751942662845), np.float64(0.14859235575289031))","(np.float64(192.07141479768046), np.float64(359.9054715710013), np.float64(31.330961168833085))"
885,"((6, 19),)","(np.float64(0.1445047592613169),)","(np.float64(134.26525375446244),)"
886,"((16, 17),)","(np.float64(0.10637108761161247),)","(np.float64(14.18648283944596),)"
887,"((10, 16),)","(np.float64(0.14587097689337022),)","(np.float64(181.95208201156584),)"
888,"((5, 13),)","(np.float64(0.11247366767456969),)","(np.float64(105.67085942267983),)"
890,"((2, 10), (5, 19))","(np.float64(0.08567954445408811), np.float64(0.1448887761614155))","(np.float64(154.65412817326435), np.float64(93.88768067084652))"
891,"((7, 11), (1, 9))","(np.float64(0.11777923564352814), np.float64(0.09450111577318819))","(np.float64(110.20180166138212), np.float64(195.89090712668585))"
892,"((0, 14), (9, 19), (12, 17))","(np.float64(0.09879182105531692), np.float64(0.11460997098237169), np.float64(0.04317486431597776))","(np.float64(349.0794487926918), np.float64(337.6387025311471), np.float64(332.5415419151624))"
893,"((1, 15),)","(np.float64(0.13046102237905471),)","(np.float64(357.63562526593194),)"
894,"((0, 13), (6, 18), (10, 15))","(np.float64(0.13055132763116375), np.float64(0.10844526418554856), np.float64(0.06675564588489032))","(np.float64(285.93006348335194), np.float64(20.13923444473701), np.float64(163.08206888749388))"
895,"((7, 18),)","(np.float64(0.07830001702382251),)","(np.float64(75.3978206593147),)"
896,"((5, 16),)","(np.float64(0.13682139950204866),)","(np.float64(334.0140553264698),)"
897,"((4, 7), (3, 11))","(np.float64(0.09393155927904454), np.float64(0.14916511254856896))","(np.float64(174.52026903884314), np.float64(8.188370882249313))"
898,"((0, 8), (10, 16))","(np.float64(0.1252249076929334), np.float64(0.14531337244754405))","(np.float64(284.0113874152044), np.float64(141.17344836463297))"
899,"((2, 7), (2, 13), (6, 15), (7, 13), (3, 16))","(np.float64(0.08822628246277484), np.float64(0.12670258483626715), np.float64(0.1216214438078017), np.float64(0.12693871473757387), np.float64(0.14682044108017622))","(np.float64(62.924083929847114), np.float64(325.2531294251668), np.float64(272.35201932469477), np.float64(283.93362232272773), np.float64(300.5428228276721))"
900,"((9, 15),)","(np.float64(0.09124611159434018),)","(np.float64(172.14733272605847),)"
901,"((6, 10), (14, 15), (1, 6), (2, 6), (4, 6), (5, 6))","(np.float64(0.06456362108517089), np.float64(0.1433626618294035), np.float64(0.1481423389231674), np.float64(0.1441807178678527), np.float64(0.14990523868625208), np.float64(0.13372738663680178))","(np.float64(29.709753580815434), np.float64(18.522014810852887), np.float64(202.98435560174596), np.float64(6.256748858894574), np.float64(308.78654503912617), np.float64(283.030479089572))"
902,"((0, 9), (6, 7), (16, 19))","(np.float64(0.08786843684107766), np.float64(0.0546378390373791), np.float64(0.1305934203099724))","(np.float64(177.97798659652244), np.float64(71.49565116084722), np.float64(114.51823447425835))"
903,"((4, 7), (10, 19), (7, 12))","(np.float64(0.14625182476386023), np.float64(0.14200181513125776), np.float64(0.1241150500519994))","(np.float64(346.91466812784824), np.float64(5.646229805385063), np.float64(59.672499488295394))"
904,"((10, 15), (10, 19), (15, 19), (17, 18), (3, 18), (2, 18), (3, 5))","(np.float64(0.1463328248737074), np.float64(0.07525132164400114), np.float64(0.09876247320046302), np.float64(0.08078828956012622), np.float64(0.03011461434488131), np.float64(0.1242935237104194), np.float64(0.1384184822512582))","(np.float64(112.39136695293766), np.float64(150.5283106201591), np.float64(264.3221922379785), np.float64(2.9957296445481694), np.float64(336.3358816415843), np.float64(226.33488097532165), np.float64(254.30348665624734))"
905,"((4, 13), (7, 17))","(np.float64(0.07379980268390358), np.float64(0.1432067595447648))","(np.float64(65.13600697813061), np.float64(280.64655012976795))"
906,"((13, 15), (7, 9))","(np.float64(0.07902281366699727), np.float64(0.1357769975174729))","(np.float64(20.422558363102084), np.float64(235.98789111293974))"
907,"((10, 16), (11, 13))","(np.float64(0.05815484324201188), np.float64(0.08588978237294877))","(np.float64(252.1624360798514), np.float64(280.6816715187869))"
908,"((0, 4), (0, 7), (3, 13))","(np.float64(0.09668448091672929), np.float64(0.05150860112563211), np.float64(0.14746724415017198))","(np.float64(278.5205479426236), np.float64(87.83346323064697), np.float64(231.1954218158762))"
909,"((7, 13), (0, 11))","(np.float64(0.07262565097347017), np.float64(0.14764088032368486))","(np.float64(246.64175957404433), np.float64(250.19797849544585))"
911,"((0, 15),)","(np.float64(0.1284866703762757),)","(np.float64(291.912836174202),)"
912,"((6, 19), (7, 18), (9, 13))","(np.float64(0.13651594561418756), np.float64(0.08144039062699676), np.float64(0.13807129043177954))","(np.float64(304.242822028162), np.float64(21.126162556078047), np.float64(21.3491800999222))"
913,"((2, 11),)","(np.float64(0.14999324692268298),)","(np.float64(205.17820708531795),)"
915,"((4, 10), (4, 18), (2, 12), (8, 17), (4, 17), (7, 12))","(np.float64(0.10265920205139442), np.float64(0.07397065124469293), np.float64(0.14220540609412757), np.float64(0.14896759722453612), np.float64(0.08581352358340365), np.float64(0.13525415437893581))","(np.float64(58.03072656280458), np.float64(279.75848195784414), np.float64(282.3284484297311), np.float64(132.79896499943922), np.float64(28.918760890183464), np.float64(290.77305081583194))"
916,"((6, 10),)","(np.float64(0.14273176048566374),)","(np.float64(133.22995619514924),)"
917,"((0, 3), (2, 5), (9, 14))","(np.float64(0.10857998392893574), np.float64(0.10555619050962708), np.float64(0.14806091871062457))","(np.float64(108.04595371705065), np.float64(270.3170741829805), np.float64(284.28412743254637))"
919,"((3, 4), (12, 14), (1, 8), (8, 12))","(np.float64(0.128402787284896), np.float64(0.08696093347623103), np.float64(0.14295753855583287), np.float64(0.14537060740831365))","(np.float64(261.5308808986673), np.float64(144.99221929368755), np.float64(276.57966596003973), np.float64(211.69249792763395))"
920,"((1, 6), (9, 14))","(np.float64(0.08701669285931672), np.float64(0.10961265054159845))","(np.float64(349.54323948575063), np.float64(86.0108936250508))"
921,"((10, 12), (7, 15))","(np.float64(0.09439845732327132), np.float64(0.1416865607252799))","(np.float64(240.63232447369865), np.float64(205.81499013962681))"
922,"((1, 8), (1, 16), (1, 9))","(np.float64(0.08539248600332747), np.float64(0.07425786800836673), np.float64(0.011528068056331024))","(np.float64(69.23015879320455), np.float64(202.9214809854374), np.float64(192.1773080124496))"
923,"((4, 7), (7, 10))","(np.float64(0.14550439398304768), np.float64(0.1108626721993354))","(np.float64(190.32572331648313), np.float64(337.38891498878843))"
924,"((5, 14), (7, 17))","(np.float64(0.13194232086557875), np.float64(0.13603274549212757))","(np.float64(262.55160663027755), np.float64(24.231814829805195))"
925,"((0, 11), (3, 10), (5, 9), (17, 18), (2, 13))","(np.float64(0.08646401002866214), np.float64(0.116950707597719), np.float64(0.12222022496856283), np.float64(0.11337174494881802), np.float64(0.1052981180510479))","(np.float64(207.11550480038565), np.float64(131.99137469410098), np.float64(261.09353355314727), np.float64(193.70456298312675), np.float64(9.069865299722613))"
926,"((8, 10), (16, 17))","(np.float64(0.14855279017750847), np.float64(0.06570529858306852))","(np.float64(5.951754544915162), np.float64(239.59884843940102))"
927,"((8, 17), (13, 18))","(np.float64(0.12371203668855256), np.float64(0.13763711940938275))","(np.float64(346.7875738964452), np.float64(152.42935787387015))"
928,"((3, 10), (5, 16))","(np.float64(0.12365648204168085), np.float64(0.12734810378978562))","(np.float64(74.96547075809201), np.float64(333.8348364334993))"
929,"((3, 8),)","(np.float64(0.10176075291571203),)","(np.float64(344.4781976312743),)"
930,"((4, 12),)","(np.float64(0.12691787101349855),)","(np.float64(339.7945500824185),)"
931,"((13, 15),)","(np.float64(0.11342978201444441),)","(np.float64(255.39941128062128),)"
932,"((2, 18), (2, 7), (9, 18))","(np.float64(0.14598437010980475), np.float64(0.07056211089929751), np.float64(0.1435063086608274))","(np.float64(10.774214782602987), np.float64(107.53843222341607), np.float64(341.57209995685065))"
934,"((15, 19), (6, 18), (2, 10))","(np.float64(0.053832863904873456), np.float64(0.10921849510977037), np.float64(0.04703629403704367))","(np.float64(136.50202989700682), np.float64(327.1681349722741), np.float64(185.07229714773126))"
935,"((1, 16),)","(np.float64(0.1302851782874927),)","(np.float64(313.08418781815806),)"
936,"((2, 13), (2, 16))","(np.float64(0.11265465693180893), np.float64(0.1308193818293221))","(np.float64(207.62956039103923), np.float64(119.57736781544739))"
937,"((4, 9), (5, 8), (9, 17), (6, 15), (14, 18))","(np.float64(0.0983055902876844), np.float64(0.13493561236103238), np.float64(0.10191439820931311), np.float64(0.14939640742702237), np.float64(0.13811206367385453))","(np.float64(159.48018681031186), np.float64(231.8470174121817), np.float64(194.18551074058385), np.float64(317.65477883247917), np.float64(202.1363979080197))"
939,"((2, 4),)","(np.float64(0.05909403830289812),)","(np.float64(347.1556067209993),)"
940,"((8, 12),)","(np.float64(0.11616946826763637),)","(np.float64(184.14485485010687),)"
941,"((3, 6), (4, 10), (13, 16))","(np.float64(0.1255206427440344), np.float64(0.1004561483304354), np.float64(0.09085979574031401))","(np.float64(3.498383872301366), np.float64(159.24608989030762), np.float64(156.14306726693312))"
942,"((6, 13), (5, 13))","(np.float64(0.060498263374778524), np.float64(0.13650508264472205))","(np.float64(115.51181357896571), np.float64(225.71112954923282))"
943,"((0, 8), (4, 15), (6, 16), (10, 13))","(np.float64(0.029505195391413417), np.float64(0.142560213284341), np.float64(0.10652376663242158), np.float64(0.11513036158180642))","(np.float64(331.8044676128969), np.float64(96.88393014916564), np.float64(264.1374064366675), np.float64(22.61271920724016))"
944,"((7, 16), (15, 17))","(np.float64(0.02511049709493911), np.float64(0.11444944425287205))","(np.float64(264.6052030857823), np.float64(314.50633949593237))"
945,"((1, 16), (11, 19), (7, 18))","(np.float64(0.12362174491702858), np.float64(0.06572988548106574), np.float64(0.1328352182610285))","(np.float64(58.64361800757702), np.float64(207.98373330421398), np.float64(73.94811182181472))"
946,"((0, 15), (3, 11), (9, 11), (10, 14), (12, 13), (3, 9))","(np.float64(0.14841568777914993), np.float64(0.05494263056149066), np.float64(0.11550148853145738), np.float64(0.07737252244591603), np.float64(0.09947490873810948), np.float64(0.12305716505612642))","(np.float64(60.89864690827837), np.float64(234.7148780115554), np.float64(90.63031858847567), np.float64(96.65824710887343), np.float64(349.22951073442533), np.float64(279.6994394486556))"
948,"((3, 7), (2, 18))","(np.float64(0.12074180897072538), np.float64(0.1475820441532877))","(np.float64(9.61285996098549), np.float64(109.83894321174425))"
949,"((2, 4), (8, 16), (12, 14), (2, 10), (0, 12))","(np.float64(0.13513384708209766), np.float64(0.09454844567609688), np.float64(0.11939049492299358), np.float64(0.14045217567149923), np.float64(0.1416853266927665))","(np.float64(176.35613790239606), np.float64(212.87373940406658), np.float64(236.36839062180871), np.float64(285.84464958776425), np.float64(256.2768131288905))"
951,"((0, 4), (2, 3))","(np.float64(0.06948406416507459), np.float64(0.11001005199091791))","(np.float64(74.67980145640476), np.float64(146.91315292158038))"
953,"((17, 18),)","(np.float64(0.11836991471553335),)","(np.float64(82.20181481775565),)"
954,"((0, 9), (1, 5), (1, 12), (3, 19), (5, 12), (8, 9), (10, 17), (1, 9))","(np.float64(0.1302712019491229), np.float64(0.017434540629255525), np.float64(0.13641758146134314), np.float64(0.06439579219306424), np.float64(0.11960952396070447), np.float64(0.07915842465220971), np.float64(0.03830262808986974), np.float64(0.1055968771094487))","(np.float64(17.701791724826837), np.float64(33.660990678796274), np.float64(19.259818179646878), np.float64(209.85689942234555), np.float64(17.18229978226132), np.float64(177.662684144492), np.float64(139.1147777070053), np.float64(229.6629535674377))"
955,"((3, 10), (9, 11), (3, 8), (0, 10))","(np.float64(0.14946900085184564), np.float64(0.042093944007244255), np.float64(0.12804310800190313), np.float64(0.14992325275054877))","(np.float64(81.60628478425862), np.float64(64.9332743555753), np.float64(196.2735292012807), np.float64(194.78924650189506))"
956,"((0, 14), (0, 19), (12, 18), (14, 19), (5, 14), (3, 13))","(np.float64(0.017091526562957128), np.float64(0.09950091370340251), np.float64(0.09904321669792003), np.float64(0.10325075475690489), np.float64(0.13948935869532925), np.float64(0.14746353406928261))","(np.float64(209.63248960755507), np.float64(273.8322948995177), np.float64(125.7699996917419), np.float64(313.55833301094543), np.float64(20.87545887514032), np.float64(340.6212293053806))"
957,"((2, 16), (3, 7), (4, 19), (9, 12), (4, 17), (3, 19))","(np.float64(0.141292804618571), np.float64(0.08276841876103941), np.float64(0.1236233723277577), np.float64(0.08349433632668636), np.float64(0.09815199211977689), np.float64(0.10385057931821724))","(np.float64(18.877981503829137), np.float64(273.14890991533963), np.float64(38.45159014864579), np.float64(44.368787877697066), np.float64(280.5575753404854), np.float64(109.55722468242891))"
958,"((0, 5), (3, 17), (5, 17), (3, 7), (11, 18), (0, 11))","(np.float64(0.12698068274934632), np.float64(0.11711667872781556), np.float64(0.13122850297601357), np.float64(0.11855545638209772), np.float64(0.1431654576856275), np.float64(0.12883777101297608))","(np.float64(178.10064919024657), np.float64(321.5031541128868), np.float64(191.84897103734488), np.float64(26.249104172906183), np.float64(116.98889098163349), np.float64(30.62191586609738))"
959,"((7, 10),)","(np.float64(0.050065984023883604),)","(np.float64(18.96863663332864),)"
960,"((3, 8), (9, 12))","(np.float64(0.09751283279938702), np.float64(0.13496928866399754))","(np.float64(52.720270599698985), np.float64(219.02655984647))"
961,"((1, 3),)","(np.float64(0.1406959642823766),)","(np.float64(119.54131949444864),)"
962,"((0, 17),)","(np.float64(0.1411933966230279),)","(np.float64(335.1100698224342),)"
963,"((6, 10), (11, 13), (16, 19), (0, 7))","(np.float64(0.12226545949195297), np.float64(0.07065710011421707), np.float64(0.07222762700182124), np.float64(0.14342730721520786))","(np.float64(303.71669002071417), np.float64(256.36861687144744), np.float64(31.904585941704227), np.float64(328.1919951549604))"
964,"((2, 8),)","(np.float64(0.11748463196833497),)","(np.float64(46.082070680192075),)"
966,"((4, 19), (10, 16))","(np.float64(0.14056979369454242), np.float64(0.04662285725318649))","(np.float64(287.3170495260447), np.float64(203.86675293243184))"
967,"((1, 15), (6, 15), (8, 13), (1, 13), (1, 9), (2, 14))","(np.float64(0.08809112849632188), np.float64(0.13400017391553), np.float64(0.13008011122103313), np.float64(0.14455792980104015), np.float64(0.13424867516104463), np.float64(0.1276296601866919))","(np.float64(296.6888108836953), np.float64(217.75158870728288), np.float64(359.0371332569454), np.float64(5.516746522789716), np.float64(215.3336076610175), np.float64(42.58609364284616))"
968,"((1, 15),)","(np.float64(0.14561759066540805),)","(np.float64(2.1386132151360737),)"
969,"((0, 18), (5, 19), (11, 15), (17, 19), (0, 12), (5, 18))","(np.float64(0.1440604822033854), np.float64(0.14381769132627995), np.float64(0.14924984359333737), np.float64(0.05643978395694407), np.float64(0.1333723810833968), np.float64(0.06880310317457837))","(np.float64(192.5519444494089), np.float64(185.30628219519116), np.float64(117.42963937803356), np.float64(89.19441718950085), np.float64(310.2852559706764), np.float64(53.77091459650167))"
970,"((5, 10), (17, 19))","(np.float64(0.08898851582225317), np.float64(0.09729110647988258))","(np.float64(85.90449762237998), np.float64(226.08414046429408))"
971,"((2, 11),)","(np.float64(0.03993084512163323),)","(np.float64(128.70231592886807),)"
972,"((9, 14), (10, 18))","(np.float64(0.09789656427605041), np.float64(0.13003188831373497))","(np.float64(338.6916452378293), np.float64(83.85218899855374))"
974,"((4, 10), (9, 13), (9, 14), (13, 14))","(np.float64(0.09471813300177255), np.float64(0.14521521635532256), np.float64(0.11319221246144182), np.float64(0.03574019287230616))","(np.float64(162.1217321259399), np.float64(108.70862087724367), np.float64(115.8054939741828), np.float64(265.6739424951784))"
975,"((7, 18), (8, 15))","(np.float64(0.09045696590621273), np.float64(0.09944526250977678))","(np.float64(170.24529308479282), np.float64(71.873848743354))"
977,"((2, 14), (4, 8), (2, 10), (4, 17), (10, 15))","(np.float64(0.07146892598248586), np.float64(0.1238619318890788), np.float64(0.13709577634822695), np.float64(0.1273497526758292), np.float64(0.13698046454789245))","(np.float64(197.29781266806617), np.float64(279.3364709030091), np.float64(6.1147030191139145), np.float64(337.21589039449503), np.float64(70.52170857454419))"
979,"((0, 1), (0, 3), (12, 15))","(np.float64(0.11068814648147353), np.float64(0.0980122790738127), np.float64(0.09086899373365667))","(np.float64(173.0543282770252), np.float64(294.409546266421), np.float64(225.34181871649383))"
981,"((0, 9), (1, 19), (6, 8), (8, 9))","(np.float64(0.12580254777648767), np.float64(0.12580896992514323), np.float64(0.14842198434767417), np.float64(0.14605267309172598))","(np.float64(110.93777570308708), np.float64(222.20955206747848), np.float64(16.37646473057191), np.float64(174.4736981591638))"
982,"((2, 8), (11, 14))","(np.float64(0.03650982164154381), np.float64(0.11008422732869265))","(np.float64(45.08136840998064), np.float64(117.44628499763944))"
983,"((2, 8), (2, 7))","(np.float64(0.14123104259692146), np.float64(0.061771944063752936))","(np.float64(332.84053365132837), np.float64(227.62503932397834))"
984,"((0, 13), (6, 8), (6, 9), (8, 9), (13, 15))","(np.float64(0.13779095264143176), np.float64(0.0723644509131628), np.float64(0.1207157646722535), np.float64(0.04953512307046099), np.float64(0.0731896537893617))","(np.float64(250.44542406766115), np.float64(150.75766973095705), np.float64(157.3604714909764), np.float64(167.03102992948985), np.float64(45.75928302584629))"
985,"((0, 8), (15, 19))","(np.float64(0.1335118304157839), np.float64(0.11835371472392348))","(np.float64(248.65973842254223), np.float64(125.19886991659932))"
986,"((2, 12),)","(np.float64(0.12595861645547882),)","(np.float64(351.9255878134539),)"
987,"((6, 9), (6, 12))","(np.float64(0.0837472042476539), np.float64(0.0765963217429529))","(np.float64(167.74337658290875), np.float64(345.3816115059428))"
989,"((13, 16),)","(np.float64(0.11060827898561955),)","(np.float64(103.38084511813948),)"
990,"((4, 19), (6, 16), (7, 13), (2, 19), (1, 16))","(np.float64(0.08777584429571894), np.float64(0.12590129395901967), np.float64(0.1455542177474304), np.float64(0.14995814791748674), np.float64(0.12346579397697778))","(np.float64(70.18415694157123), np.float64(206.9513583582914), np.float64(64.37258598355915), np.float64(302.15771807005), np.float64(271.25456132247325))"
991,"((4, 18),)","(np.float64(0.08349525143543408),)","(np.float64(288.6180671890347),)"
992,"((2, 19), (9, 14), (11, 12))","(np.float64(0.11232157619439571), np.float64(0.10716322831211827), np.float64(0.11601900412319838))","(np.float64(57.866016493482626), np.float64(107.15523572955503), np.float64(173.79852656649157))"
993,"((1, 6), (12, 17), (1, 13))","(np.float64(0.09535195064354451), np.float64(0.1251616556885355), np.float64(0.14638350506070533))","(np.float64(149.47047860343244), np.float64(192.91805783467478), np.float64(340.03370284569917))"
994,"((1, 10), (1, 14), (2, 18), (9, 15), (10, 14))","(np.float64(0.10294840187736413), np.float64(0.13784118397760953), np.float64(0.13707754728935376), np.float64(0.13523798040405272), np.float64(0.13349790139706522))","(np.float64(30.11230315820571), np.float64(294.0256261893783), np.float64(190.19980732074052), np.float64(48.683415635663195), np.float64(247.51774536310757))"
995,"((3, 13), (5, 18), (5, 13), (2, 3))","(np.float64(0.07296770843038938), np.float64(0.09010694181217233), np.float64(0.1490808820496847), np.float64(0.13657839554518925))","(np.float64(130.35004838314052), np.float64(54.53661012040037), np.float64(303.47471271615416), np.float64(140.91647535317003))"
996,"((0, 14), (1, 5), (2, 8), (1, 11))","(np.float64(0.1097048475787936), np.float64(0.10872769822587777), np.float64(0.11315433423420618), np.float64(0.12559260017832655))","(np.float64(93.35603988537613), np.float64(316.8906289217107), np.float64(103.72012747569941), np.float64(229.03338773783395))"
997,"((11, 17),)","(np.float64(0.14763571862839006),)","(np.float64(305.2697153804572),)"
998,"((8, 11),)","(np.float64(0.09394797820326332),)","(np.float64(308.759306099004),)"
999,"((0, 9),)","(np.float64(0.10523454151983354),)","(np.float64(346.5119498408406),)"
1000,"((8, 18),)","(np.float64(0.07501255466291926),)","(np.float64(336.1392549980829),)"
1001,"((7, 13), (9, 15))","(np.float64(0.08676477575695776), np.float64(0.11953470724934172))","(np.float64(51.19535131037919), np.float64(356.9578934461951))"
1002,"((1, 4), (2, 17), (1, 14), (1, 16))","(np.float64(0.07808243844595396), np.float64(0.14677868563478763), np.float64(0.14135728336358433), np.float64(0.1250843315321395))","(np.float64(71.97837319870285), np.float64(107.92043393446727), np.float64(351.91074162343), np.float64(40.914532765546156))"
1003,"((1, 18), (4, 13))","(np.float64(0.03137889464191024), np.float64(0.13751649120020853))","(np.float64(228.9207618965826), np.float64(310.067287443791))"
1005,"((8, 16),)","(np.float64(0.14237740713296113),)","(np.float64(184.78016468847557),)"
1006,"((7, 10), (7, 13), (4, 15), (6, 15))","(np.float64(0.09769809873405903), np.float64(0.12542669306397397), np.float64(0.1093551568067434), np.float64(0.14885110619048356))","(np.float64(20.167877689188977), np.float64(248.46549226329142), np.float64(327.3360863127525), np.float64(4.1850830688377645))"
1007,"((1, 17), (3, 4), (4, 9), (0, 13), (3, 10))","(np.float64(0.08639195119575795), np.float64(0.06425079096564194), np.float64(0.14338960286933985), np.float64(0.12906973295273919), np.float64(0.13638350214047107))","(np.float64(71.6849294808055), np.float64(32.88220912184009), np.float64(91.9690483729093), np.float64(351.46612507976215), np.float64(235.25255666336807))"
1009,"((1, 10), (17, 18), (3, 9))","(np.float64(0.1366245553184548), np.float64(0.08181513184395961), np.float64(0.12156793474404196))","(np.float64(240.27273856642893), np.float64(137.79267395148278), np.float64(150.12173972704488))"
1010,"((5, 8),)","(np.float64(0.041346564747329145),)","(np.float64(269.09164886547285),)"
1011,"((8, 9), (10, 19), (5, 9), (2, 12))","(np.float64(0.04547724546428256), np.float64(0.14524365122119257), np.float64(0.14463575522130137), np.float64(0.14527139605314535))","(np.float64(261.764074455113), np.float64(261.33618135926037), np.float64(342.71634401557026), np.float64(346.80340209125285))"
1012,"((4, 9), (6, 18))","(np.float64(0.1357485879917491), np.float64(0.13431075987441185))","(np.float64(356.38998387410913), np.float64(97.6443874908758))"
1013,"((7, 13), (7, 16))","(np.float64(0.1268861200046913), np.float64(0.1463060554035586))","(np.float64(109.0866846469565), np.float64(22.805884146930165))"
1014,"((1, 12), (4, 7), (6, 15))","(np.float64(0.14134487711648017), np.float64(0.14159910363612382), np.float64(0.06506761198597044))","(np.float64(3.509905951719927), np.float64(315.96567412611006), np.float64(11.107956746404367))"
1015,"((2, 15), (8, 9))","(np.float64(0.12611642669637715), np.float64(0.12586618906343375))","(np.float64(109.04346877814201), np.float64(341.54564996444265))"
1016,"((9, 18), (8, 13))","(np.float64(0.1479104896351182), np.float64(0.14726517997544902))","(np.float64(88.96454796888864), np.float64(10.762157356091786))"
1017,"((4, 18), (9, 11))","(np.float64(0.018629679562022407), np.float64(0.14352075745396423))","(np.float64(281.0699535838585), np.float64(139.82697481480372))"
1018,"((5, 18),)","(np.float64(0.14374176056601823),)","(np.float64(57.05593311767247),)"
1019,"((3, 18), (5, 17))","(np.float64(0.12542409946987154), np.float64(0.11011806325241913))","(np.float64(141.8521694597741), np.float64(45.90457063969605))"
1020,"((0, 9),)","(np.float64(0.1420278666808561),)","(np.float64(260.2351534681161),)"
1022,"((1, 11), (13, 18), (6, 14))","(np.float64(0.13058531873601117), np.float64(0.13914077127330607), np.float64(0.14301636010331553))","(np.float64(265.5706664125872), np.float64(115.96706314659325), np.float64(274.9644911901885))"
1023,"((0, 1), (12, 16))","(np.float64(0.051453967109447434), np.float64(0.1301317179975972))","(np.float64(229.26930704071052), np.float64(77.97983850411133))"
1024,"((0, 10), (4, 6), (13, 19))","(np.float64(0.09118382892390157), np.float64(0.0907140812171312), np.float64(0.1295737887890197))","(np.float64(277.2882444850142), np.float64(240.8750157992418), np.float64(94.54956974768736))"
1025,"((5, 6), (6, 15), (7, 10))","(np.float64(0.09915620965530358), np.float64(0.14834718912769856), np.float64(0.11432034948264698))","(np.float64(320.4240558996395), np.float64(347.4450078266345), np.float64(191.58241857814022))"
1027,"((1, 12),)","(np.float64(0.0887369637175976),)","(np.float64(317.5539063786316),)"
1028,"((10, 15),)","(np.float64(0.10081306650473329),)","(np.float64(206.6116372511414),)"
1029,"((0, 4), (0, 12), (1, 5), (1, 8), (4, 12), (7, 14))","(np.float64(0.09000341380700652), np.float64(0.11263748308180849), np.float64(0.1134059441310452), np.float64(0.14539027923910125), np.float64(0.09109354235167597), np.float64(0.12427479290752351))","(np.float64(10.832709179263892), np.float64(62.8087416630657), np.float64(302.66182876415223), np.float64(218.50646784974876), np.float64(113.91562239303788), np.float64(345.3835600858769))"
1030,"((0, 1),)","(np.float64(0.13602922079691968),)","(np.float64(7.278192884615104),)"
1031,"((3, 13),)","(np.float64(0.06413969089700632),)","(np.float64(151.00120678297125),)"
1032,"((5, 13), (5, 18), (13, 18), (7, 17), (5, 14))","(np.float64(0.13444652551364492), np.float64(0.06807689083056953), np.float64(0.11378311778167391), np.float64(0.05745406159127756), np.float64(0.13851097550926195))","(np.float64(87.58763690071908), np.float64(29.820670894096388), np.float64(297.99179080921584), np.float64(58.919176139122804), np.float64(343.0939119094518))"
1033,"((8, 17), (4, 18))","(np.float64(0.13711495567559004), np.float64(0.1437222357879136))","(np.float64(87.27512251548977), np.float64(1.8819173743998607))"
1034,"((7, 12), (11, 18), (3, 11), (4, 8))","(np.float64(0.0755040673423532), np.float64(0.01715202352420621), np.float64(0.13651416432521568), np.float64(0.11221922662670351))","(np.float64(319.26772643127896), np.float64(272.2818542381519), np.float64(5.80567700612031), np.float64(228.98046148761628))"
1035,"((9, 14),)","(np.float64(0.036412647876534206),)","(np.float64(36.31838221717962),)"
1036,"((2, 15),)","(np.float64(0.14643841884887765),)","(np.float64(15.263739881114489),)"
1037,"((1, 13), (8, 14))","(np.float64(0.06182120496453504), np.float64(0.09959851772277879))","(np.float64(130.52699613809025), np.float64(308.1817429392951))"
1038,"((0, 15), (11, 17))","(np.float64(0.04601016714658002), np.float64(0.14660797932538397))","(np.float64(113.2137257504599), np.float64(8.69131503377837))"
1039,"((6, 16), (8, 19), (6, 13), (2, 17))","(np.float64(0.11064742893663197), np.float64(0.04267501533080675), np.float64(0.1299010259996785), np.float64(0.14708594076663611))","(np.float64(230.1942570762003), np.float64(324.90098775638745), np.float64(70.23726391644774), np.float64(116.16673393047553))"
1040,"((1, 9), (18, 19))","(np.float64(0.1319517206756867), np.float64(0.12125249100149826))","(np.float64(263.89272294746536), np.float64(123.0244790334185))"
1041,"((0, 6),)","(np.float64(0.11606719786574816),)","(np.float64(154.11233216094126),)"
1042,"((5, 13),)","(np.float64(0.09208442631946336),)","(np.float64(239.44462791061557),)"
1043,"((12, 14), (5, 8))","(np.float64(0.06728947274824708), np.float64(0.1382914146882123))","(np.float64(70.64419682529892), np.float64(169.6481719683793))"
1044,"((3, 14), (3, 18), (2, 13))","(np.float64(0.12387169619887306), np.float64(0.10194367787809726), np.float64(0.14828145854542937))","(np.float64(26.935591838020446), np.float64(167.09139602289906), np.float64(152.8987851069179))"
1045,"((7, 17),)","(np.float64(0.10263214386848026),)","(np.float64(324.02549805835906),)"
1046,"((2, 3), (15, 17))","(np.float64(0.06531116091854057), np.float64(0.06511487948476222))","(np.float64(194.60725881367088), np.float64(262.2479862819249))"
1048,"((1, 16), (2, 8), (5, 6))","(np.float64(0.07076927210044774), np.float64(0.1320049325638507), np.float64(0.1461897308244266))","(np.float64(354.09343986248274), np.float64(127.06073414146363), np.float64(130.14895990492664))"
1049,"((1, 3), (5, 19), (9, 12))","(np.float64(0.07220501957774102), np.float64(0.03355575879456284), np.float64(0.14539961402125356))","(np.float64(169.90604460685162), np.float64(172.94957410447253), np.float64(206.62657853416835))"
1050,"((2, 5),)","(np.float64(0.14675415569893288),)","(np.float64(288.8291613081724),)"
1051,"((1, 5), (4, 16))","(np.float64(0.13936013405884448), np.float64(0.09997673643615905))","(np.float64(213.03594547835345), np.float64(350.5690961356802))"
1052,"((9, 15), (5, 18))","(np.float64(0.12602505834647737), np.float64(0.13768241989197347))","(np.float64(66.93256472928418), np.float64(185.8145266066119))"
1053,"((9, 15),)","(np.float64(0.06856682483897285),)","(np.float64(274.92535686269787),)"
1055,"((1, 6), (9, 10), (12, 15))","(np.float64(0.07212358911683317), np.float64(0.10824704638901345), np.float64(0.0719808042936586))","(np.float64(26.99470423094966), np.float64(266.0392095308609), np.float64(306.80529297752634))"
1056,"((1, 13), (7, 11))","(np.float64(0.13937839283535147), np.float64(0.1437478912811514))","(np.float64(304.5411394236679), np.float64(268.1602472604874))"
1057,"((0, 17), (1, 6))","(np.float64(0.11561590201805307), np.float64(0.10587152377574237))","(np.float64(81.7767919990284), np.float64(181.6453541189381))"
1058,"((4, 12),)","(np.float64(0.049338349285516954),)","(np.float64(262.4191291546697),)"
1059,"((6, 8), (6, 12), (1, 16))","(np.float64(0.1219923351493621), np.float64(0.05374857841099896), np.float64(0.14079184041973614))","(np.float64(274.82527355753894), np.float64(87.69393847731742), np.float64(355.8233315011003))"
1060,"((0, 10), (1, 5), (4, 16), (6, 7))","(np.float64(0.12260339684273994), np.float64(0.14282308596735604), np.float64(0.10822099732243401), np.float64(0.14080564654447314))","(np.float64(333.2052077772338), np.float64(91.73144584391044), np.float64(123.40212581120755), np.float64(330.83960246854684))"
1061,"((11, 13), (14, 15), (16, 18))","(np.float64(0.1410161204514163), np.float64(0.09752019355701101), np.float64(0.143330571501053))","(np.float64(208.26175273598707), np.float64(269.1273040486335), np.float64(101.46666781025301))"
1062,"((0, 12), (16, 19))","(np.float64(0.07829862193662757), np.float64(0.143550427773183))","(np.float64(222.65459619069028), np.float64(97.16466460034543))"
1064,"((0, 19), (1, 10), (12, 13), (7, 13), (0, 9), (5, 13))","(np.float64(0.10912590069465856), np.float64(0.12438970143429547), np.float64(0.12559711428388892), np.float64(0.023595751663977284), np.float64(0.14811685004857866), np.float64(0.14683224878018966))","(np.float64(81.18315953549158), np.float64(114.16215247065601), np.float64(7.795612424089843), np.float64(129.5746268661844), np.float64(318.60831019668586), np.float64(112.67514651730497))"
1065,"((13, 18), (2, 7))","(np.float64(0.08248167407910634), np.float64(0.14585051386942158))","(np.float64(215.77750423300338), np.float64(150.48874942025802))"
1066,"((2, 3),)","(np.float64(0.11520703047630138),)","(np.float64(99.6685781488281),)"
1067,"((8, 9),)","(np.float64(0.11155132187087473),)","(np.float64(72.6338745518355),)"
1068,"((3, 16),)","(np.float64(0.09332767776187649),)","(np.float64(286.4240116419863),)"
1069,"((12, 16), (5, 11))","(np.float64(0.13497071603250124), np.float64(0.12569651131743087))","(np.float64(336.8578302748805), np.float64(291.08521744606287))"
1070,"((14, 15), (17, 18))","(np.float64(0.12611001617733464), np.float64(0.12948094516324046))","(np.float64(356.4837863535223), np.float64(206.702705051967))"
1071,"((12, 18),)","(np.float64(0.0577042146575264),)","(np.float64(227.92538656300573),)"
1072,"((0, 17), (3, 4), (3, 13), (10, 19), (13, 19))","(np.float64(0.09639731708684475), np.float64(0.1496729353976828), np.float64(0.13812562368929734), np.float64(0.13825282926831015), np.float64(0.08173096503200841))","(np.float64(15.954228609919568), np.float64(318.03796773314207), np.float64(77.00491150465237), np.float64(324.9851334207835), np.float64(350.1450276242597))"
1075,"((7, 16),)","(np.float64(0.05766864599395262),)","(np.float64(97.03289255842336),)"
1076,"((0, 13),)","(np.float64(0.14653772494436487),)","(np.float64(206.02689049921824),)"
1077,"((3, 12), (4, 11), (2, 11))","(np.float64(0.02807658195084627), np.float64(0.14475396909423932), np.float64(0.13283504199006216))","(np.float64(187.2503718673498), np.float64(345.3771066011136), np.float64(212.5406099645144))"
1078,"((1, 14), (8, 11), (5, 11))","(np.float64(0.14663208621245252), np.float64(0.0820037993820999), np.float64(0.1298619622229027))","(np.float64(202.04954102382177), np.float64(153.24466047744903), np.float64(345.0925947267306))"
1080,"((12, 14),)","(np.float64(0.10550512587617843),)","(np.float64(316.28444081048013),)"
1082,"((0, 9), (3, 8), (14, 18))","(np.float64(0.09557267138365154), np.float64(0.13856874746117426), np.float64(0.14426773520149475))","(np.float64(196.1988260081493), np.float64(42.84323943229687), np.float64(26.919101805652154))"
1083,"((10, 14),)","(np.float64(0.12585937770536892),)","(np.float64(189.0150459898754),)"
1084,"((1, 16), (2, 12))","(np.float64(0.13893807568920585), np.float64(0.1414744719912322))","(np.float64(116.11291379645667), np.float64(326.2633884510996))"
1085,"((18, 19), (9, 17))","(np.float64(0.13738261196112928), np.float64(0.13643649832920676))","(np.float64(51.03892170435854), np.float64(66.61249630455856))"
1086,"((0, 12), (1, 3), (3, 15), (6, 11), (8, 17), (5, 15), (2, 12), (0, 13))","(np.float64(0.05114707577310688), np.float64(0.12894249895499563), np.float64(0.11363593627856951), np.float64(0.08092942755909023), np.float64(0.14424989227332977), np.float64(0.14432872537927488), np.float64(0.14667720573403845), np.float64(0.14183649642879206))","(np.float64(187.59182599320332), np.float64(57.53486020350743), np.float64(99.0803801259717), np.float64(91.46587826678949), np.float64(344.1069620042285), np.float64(87.04605093027659), np.float64(316.62763466385513), np.float64(19.64082903591279))"
1087,"((4, 18), (8, 13))","(np.float64(0.022418030251686417), np.float64(0.14887846791892148))","(np.float64(248.12428300103454), np.float64(229.51216601367415))"
1088,"((3, 4),)","(np.float64(0.05516578815144358),)","(np.float64(358.43701162882513),)"
1090,"((7, 11), (15, 17), (10, 19), (10, 14))","(np.float64(0.126541282377223), np.float64(0.09314419178513203), np.float64(0.1304772309284352), np.float64(0.14969276431480638))","(np.float64(73.57770270819205), np.float64(250.00052288357236), np.float64(156.85872371782972), np.float64(133.5353072677915))"
1091,"((3, 5), (8, 15))","(np.float64(0.1339634732615987), np.float64(0.14858917417713904))","(np.float64(136.1760002162803), np.float64(286.9159567664931))"
1092,"((0, 18), (2, 15), (4, 16), (10, 15), (9, 19))","(np.float64(0.13663578417211142), np.float64(0.1272631512869494), np.float64(0.12062211191949217), np.float64(0.11135086156505732), np.float64(0.1445633661232536))","(np.float64(100.77078937772316), np.float64(227.7969181259983), np.float64(316.61471204841496), np.float64(94.72597917945689), np.float64(315.223311412911))"
1093,"((11, 15),)","(np.float64(0.0506367336518882),)","(np.float64(268.6635425253479),)"
1094,"((3, 15), (9, 16))","(np.float64(0.09162141099192271), np.float64(0.1448458762394237))","(np.float64(142.21232912770213), np.float64(141.73222087560808))"
1095,"((5, 12), (13, 15))","(np.float64(0.14168633763617197), np.float64(0.10827648732536573))","(np.float64(91.9758645356083), np.float64(324.88732390221406))"
1096,"((3, 16), (14, 16))","(np.float64(0.14582303594447257), np.float64(0.14150259353862005))","(np.float64(351.8772840803769), np.float64(69.24098431687565))"
1097,"((8, 16), (7, 14), (4, 16))","(np.float64(0.09611218456828523), np.float64(0.1382380787710873), np.float64(0.1300888482690331))","(np.float64(258.7283780379767), np.float64(254.70311192516493), np.float64(333.64162503891407))"
1098,"((2, 10), (2, 12), (10, 12), (4, 16))","(np.float64(0.10437603231713748), np.float64(0.04254250524670892), np.float64(0.14688498473210854), np.float64(0.1442328181153336))","(np.float64(308.1431414173877), np.float64(125.44450828046645), np.float64(127.36180660505127), np.float64(337.938310054057))"
1099,"((1, 6), (15, 18), (10, 16))","(np.float64(0.14032727155251576), np.float64(0.14389596679399458), np.float64(0.11005150502476455))","(np.float64(309.1950991736418), np.float64(260.8496963540362), np.float64(359.6852800530937))"
1100,"((10, 19),)","(np.float64(0.11184210833946104),)","(np.float64(191.9080585553589),)"
1101,"((8, 13), (7, 14), (14, 19))","(np.float64(0.12042384147774443), np.float64(0.14972798098113638), np.float64(0.1499724111249736))","(np.float64(160.6304376137504), np.float64(264.9031136617616), np.float64(101.25572558122379))"
1103,"((0, 6), (14, 18), (9, 18))","(np.float64(0.11158689484653365), np.float64(0.11806929916038492), np.float64(0.11791271789091506))","(np.float64(60.23188756406118), np.float64(303.76424480506404), np.float64(71.19618675197756))"
1104,"((2, 10), (3, 9))","(np.float64(0.08519709723741115), np.float64(0.1420477146682636))","(np.float64(29.480552280219698), np.float64(180.84852025925503))"
1105,"((2, 8), (1, 13))","(np.float64(0.14774084535207174), np.float64(0.14355706596533785))","(np.float64(97.30825543107282), np.float64(269.8249204062712))"
1106,"((0, 11),)","(np.float64(0.14786997114410022),)","(np.float64(139.49059026749111),)"
1108,"((0, 7), (1, 7), (8, 16), (15, 19), (0, 3), (7, 16))","(np.float64(0.1273627142860683), np.float64(0.11428409466229164), np.float64(0.12799890449867007), np.float64(0.11698666050131909), np.float64(0.13146459820269438), np.float64(0.14814005875364247))","(np.float64(150.6915964290022), np.float64(68.54221344586081), np.float64(349.11694841942364), np.float64(214.62397219147485), np.float64(228.00662133954447), np.float64(155.48786698767609))"
1109,"((4, 15), (8, 17), (12, 14))","(np.float64(0.12230765343433395), np.float64(0.0547265777435909), np.float64(0.14870030267816356))","(np.float64(37.23014174161006), np.float64(242.47622191584065), np.float64(72.45723424581954))"
1110,"((0, 11),)","(np.float64(0.13700461100949685),)","(np.float64(16.413331857521047),)"
1111,"((8, 17), (1, 15))","(np.float64(0.14750046264794767), np.float64(0.14215787006060196))","(np.float64(337.78647262717516), np.float64(329.42454941467133))"
1113,"((2, 9), (7, 8), (16, 18))","(np.float64(0.14611362170521372), np.float64(0.1440935116115283), np.float64(0.10058150813668096))","(np.float64(336.9828099428737), np.float64(132.38200198183057), np.float64(229.42640364356959))"
1114,"((4, 7), (6, 11), (9, 15))","(np.float64(0.10178186576654964), np.float64(0.07712627628670499), np.float64(0.08882907896059086))","(np.float64(72.87028133353118), np.float64(345.28415693617626), np.float64(290.48999754191266))"
1115,"((0, 9), (7, 9), (0, 4))","(np.float64(0.13387891007587974), np.float64(0.09695045436331724), np.float64(0.085161693437856))","(np.float64(342.7710775530571), np.float64(80.48656345619781), np.float64(156.23490056667714))"
1116,"((8, 16), (7, 16))","(np.float64(0.12133227342113874), np.float64(0.08570293044273093))","(np.float64(196.82481829781005), np.float64(16.19107768088112))"
1118,"((2, 10), (6, 18), (7, 18))","(np.float64(0.12330634726066271), np.float64(0.1385977052030131), np.float64(0.13263030079198376))","(np.float64(177.53382413770677), np.float64(234.34637052583588), np.float64(151.4803909031079))"
1119,"((6, 19), (8, 11))","(np.float64(0.09571884948173073), np.float64(0.13010663388126667))","(np.float64(237.03012090774536), np.float64(10.212414497320706))"
1120,"((2, 9), (3, 17))","(np.float64(0.14782866470949224), np.float64(0.1211525366052811))","(np.float64(284.9249500587571), np.float64(1.7360010187638486))"
1121,"((0, 2), (8, 9), (10, 14), (0, 9), (6, 7))","(np.float64(0.08657018816742552), np.float64(0.11844015394004172), np.float64(0.08397252574428248), np.float64(0.14603979104130116), np.float64(0.13739730622885804))","(np.float64(43.10551390727801), np.float64(280.3573506892776), np.float64(219.05951134842078), np.float64(263.46636358170605), np.float64(284.67194276603055))"
1122,"((12, 18),)","(np.float64(0.04824478004334396),)","(np.float64(228.88804781802332),)"
1123,"((5, 6), (9, 18), (11, 19), (0, 15))","(np.float64(0.0796917961640088), np.float64(0.06620107479326678), np.float64(0.1422729169457516), np.float64(0.13744056213565278))","(np.float64(348.9967791459362), np.float64(120.72946475349461), np.float64(204.1170566817468), np.float64(292.2347353282986))"
1124,"((1, 6),)","(np.float64(0.1063897453987312),)","(np.float64(329.4660612244706),)"
1125,"((2, 19),)","(np.float64(0.13673910634631364),)","(np.float64(290.45773092273043),)"
1127,"((1, 13), (1, 15), (3, 12), (6, 17), (13, 15))","(np.float64(0.12126180532053106), np.float64(0.10589378301164425), np.float64(0.07077653993781928), np.float64(0.09476694006987856), np.float64(0.09234131955757693))","(np.float64(53.741826968619286), np.float64(101.11871717688979), np.float64(157.4535706164209), np.float64(57.61135913925676), np.float64(176.19760515515185))"
1128,"((2, 10),)","(np.float64(0.10185192202332317),)","(np.float64(340.7115255167966),)"
1129,"((4, 19), (5, 11), (12, 17), (11, 19))","(np.float64(0.09588788292679938), np.float64(0.07040858371725266), np.float64(0.14842285216134168), np.float64(0.1058981559646386))","(np.float64(136.6569787561536), np.float64(193.487520126488), np.float64(310.70468805224715), np.float64(52.76909664112358))"
1130,"((7, 10), (0, 10), (14, 19))","(np.float64(0.09522709303795966), np.float64(0.11543972602427953), np.float64(0.1356554251119658))","(np.float64(214.33298307771256), np.float64(7.559189382032666), np.float64(160.79886366681404))"
1131,"((2, 11), (9, 19))","(np.float64(0.12926284627232698), np.float64(0.1349156779405232))","(np.float64(280.54826152216646), np.float64(14.717333306608243))"
1132,"((16, 18),)","(np.float64(0.11899358179659007),)","(np.float64(61.103302087204376),)"
1133,"((8, 9), (4, 10))","(np.float64(0.08050528684496762), np.float64(0.14059616947991144))","(np.float64(183.56995867387377), np.float64(239.75725196551824))"
1135,"((9, 16),)","(np.float64(0.10021566828019245),)","(np.float64(180.0082909693463),)"
1136,"((0, 19), (2, 3), (0, 3), (16, 19))","(np.float64(0.11451932692816667), np.float64(0.14409941651703562), np.float64(0.12405433231460267), np.float64(0.1330443248682046))","(np.float64(232.8983337465003), np.float64(252.80927414711496), np.float64(16.843139242710674), np.float64(171.90885638061184))"
1137,"((0, 9), (12, 17), (6, 12))","(np.float64(0.14487183221955777), np.float64(0.04918794817177263), np.float64(0.1254062869479682))","(np.float64(339.1946803362438), np.float64(284.9268934844589), np.float64(19.875058208846585))"
1138,"((11, 19), (14, 18), (15, 19), (2, 11), (4, 18))","(np.float64(0.14484046005954612), np.float64(0.10189362477945715), np.float64(0.10775592107556682), np.float64(0.14406782295029202), np.float64(0.14986201130033555))","(np.float64(265.1006100205398), np.float64(114.330683956724), np.float64(8.268315000456143), np.float64(128.72401363624147), np.float64(13.09457625641942))"
1140,"((5, 7), (6, 18), (14, 18))","(np.float64(0.10349330783754696), np.float64(0.12075173367447066), np.float64(0.1128426269183967))","(np.float64(265.1748770771353), np.float64(66.3482366162121), np.float64(231.43614180090842))"
1141,"((12, 14),)","(np.float64(0.0687123134030214),)","(np.float64(197.69959603377478),)"
1142,"((18, 19),)","(np.float64(0.14530385019047048),)","(np.float64(335.1842978368973),)"
1143,"((11, 16), (17, 18))","(np.float64(0.10595174668303552), np.float64(0.124222373495206))","(np.float64(239.12023758751812), np.float64(234.7713189024629))"
1144,"((8, 13), (9, 18))","(np.float64(0.1170949588170134), np.float64(0.12990272878064119))","(np.float64(301.5176087946815), np.float64(331.80761160175507))"
1145,"((11, 16), (1, 8), (4, 13))","(np.float64(0.12273393444377961), np.float64(0.13384781459804293), np.float64(0.13726646518163416))","(np.float64(43.16273559172354), np.float64(208.88722693068874), np.float64(213.41988535097826))"
1146,"((12, 13),)","(np.float64(0.1347638984271853),)","(np.float64(252.20003834714203),)"
1147,"((5, 18), (11, 13))","(np.float64(0.1053684918854476), np.float64(0.11378589446471724))","(np.float64(280.4104212370435), np.float64(43.0869745014236))"
1148,"((9, 12),)","(np.float64(0.14610059755139157),)","(np.float64(97.78048400384851),)"
1150,"((1, 18), (6, 15), (6, 19), (7, 12), (11, 13), (12, 19), (15, 18))","(np.float64(0.04719091513489953), np.float64(0.11098944161282764), np.float64(0.13283553647573854), np.float64(0.10284504589446843), np.float64(0.09092404867872309), np.float64(0.13940049231901072), np.float64(0.12630288380917273))","(np.float64(289.41875707334356), np.float64(269.8763539820356), np.float64(46.876170428686116), np.float64(57.20959823174243), np.float64(211.7538517257166), np.float64(50.76489452969662), np.float64(316.52791032851314))"
1151,"((10, 17),)","(np.float64(0.08388786912657085),)","(np.float64(223.99314926336112),)"
1152,"((4, 13), (0, 12))","(np.float64(0.10319317737805297), np.float64(0.13505244139783626))","(np.float64(189.49362932746106), np.float64(276.64414025262704))"
1153,"((11, 19), (11, 16), (8, 16))","(np.float64(0.14891602157756023), np.float64(0.10981957654634529), np.float64(0.14671417220966668))","(np.float64(130.19720173290267), np.float64(300.8947374404111), np.float64(342.31476940562874))"
1154,"((9, 11), (5, 15))","(np.float64(0.13788563784155144), np.float64(0.12772554818736256))","(np.float64(82.77192471339745), np.float64(289.622778134354))"
1156,"((2, 15), (2, 6))","(np.float64(0.0886042423995496), np.float64(0.13778720322454074))","(np.float64(148.15113344747456), np.float64(262.5715454235783))"
1157,"((1, 17), (3, 11), (15, 19))","(np.float64(0.11596701928379727), np.float64(0.06682518192887524), np.float64(0.13267508984730517))","(np.float64(128.93362806946246), np.float64(153.82580054092315), np.float64(97.43288934620189))"
1158,"((5, 14), (17, 19))","(np.float64(0.11563243201676011), np.float64(0.09168725983766916))","(np.float64(245.73826008764502), np.float64(62.981278695258865))"
1159,"((4, 7), (13, 19))","(np.float64(0.05668828234039667), np.float64(0.12583669124786412))","(np.float64(250.55511762035945), np.float64(182.53323578551024))"
1160,"((9, 16),)","(np.float64(0.14189994163250866),)","(np.float64(16.170686906926566),)"
1161,"((0, 14), (4, 10), (5, 10))","(np.float64(0.11740935866672295), np.float64(0.13200359480522778), np.float64(0.06658362921869992))","(np.float64(175.83232604263915), np.float64(11.921099650102272), np.float64(358.54985920460297))"
1162,"((15, 17),)","(np.float64(0.1004010831829244),)","(np.float64(104.01962416265417),)"
1164,"((12, 17),)","(np.float64(0.10102646118984768),)","(np.float64(15.86388100006953),)"
1165,"((0, 11), (4, 12), (10, 16))","(np.float64(0.05088937160388567), np.float64(0.14477006666662143), np.float64(0.14479795713212143))","(np.float64(4.043118307988225), np.float64(129.43939649355755), np.float64(291.36222166447135))"
1166,"((3, 11), (8, 19), (10, 14), (3, 14))","(np.float64(0.13260030421352628), np.float64(0.11999947871969756), np.float64(0.10194155305866515), np.float64(0.13280827802081233))","(np.float64(141.98000493575987), np.float64(159.59113034168126), np.float64(48.73647807854025), np.float64(260.2981649923703))"
1168,"((14, 15),)","(np.float64(0.10356126931175233),)","(np.float64(89.37152188217082),)"
1169,"((16, 18),)","(np.float64(0.1336050869568039),)","(np.float64(154.57884140175366),)"
1170,"((1, 16), (9, 12), (12, 14), (7, 14), (16, 19), (13, 18))","(np.float64(0.01771040933077024), np.float64(0.09680896438783813), np.float64(0.14444745916487747), np.float64(0.13968529795114187), np.float64(0.14995527940019418), np.float64(0.14385359036006423))","(np.float64(160.5436956822986), np.float64(213.13389925977418), np.float64(122.88215587764527), np.float64(331.3510662450947), np.float64(117.15607022775217), np.float64(353.8863050777385))"
1171,"((10, 19), (11, 17))","(np.float64(0.13937248441449482), np.float64(0.0450439190280427))","(np.float64(106.04917342196617), np.float64(25.433339183197408))"
1172,"((7, 16),)","(np.float64(0.03142092465469381),)","(np.float64(137.63200859312514),)"
1173,"((11, 15),)","(np.float64(0.12318729044904275),)","(np.float64(301.332053350351),)"
1174,"((8, 18),)","(np.float64(0.13146212815037073),)","(np.float64(49.50855413413023),)"
1175,"((7, 14),)","(np.float64(0.062385006797276786),)","(np.float64(338.04851511626447),)"
1176,"((2, 4), (2, 12), (4, 12), (4, 15), (5, 6), (15, 18), (4, 18), (17, 18))","(np.float64(0.08929579386843974), np.float64(0.026663020597841036), np.float64(0.03351565448971576), np.float64(0.13394142657867442), np.float64(0.12944889057086903), np.float64(0.10302339585441492), np.float64(0.13496433443325292), np.float64(0.13492847725513551))","(np.float64(134.29519440515685), np.float64(21.96466863312492), np.float64(270.43329391959844), np.float64(122.13669089765597), np.float64(323.9414875037324), np.float64(38.53573467574132), np.float64(146.23261277795746), np.float64(198.59850161609205))"
1178,"((9, 10), (1, 10))","(np.float64(0.06981702694398062), np.float64(0.13271186523621487))","(np.float64(279.61007300018616), np.float64(243.62362963751247))"
1179,"((3, 6), (3, 15), (6, 15), (15, 19))","(np.float64(0.13126663014734763), np.float64(0.14997261581654608), np.float64(0.09678052814256169), np.float64(0.1382033298239375))","(np.float64(53.47497057572693), np.float64(13.917580625049322), np.float64(314.1763462313186), np.float64(46.07105894077218))"
1180,"((1, 2),)","(np.float64(0.11961893125659104),)","(np.float64(223.3973914747022),)"
1181,"((10, 16), (10, 17), (16, 17), (9, 14))","(np.float64(0.09199427018095299), np.float64(0.13250330909844907), np.float64(0.11548843813452231), np.float64(0.13991422643541473))","(np.float64(112.1403154226817), np.float64(50.54827156575531), np.float64(15.821284195193314), np.float64(300.18215599634493))"
1182,"((1, 13),)","(np.float64(0.13910488425190118),)","(np.float64(31.333199323126628),)"
1184,"((1, 3), (5, 16))","(np.float64(0.0648495315906537), np.float64(0.04244352111225838))","(np.float64(310.6281167285068), np.float64(356.3564450411226))"
1185,"((1, 9),)","(np.float64(0.09523325759004363),)","(np.float64(124.20695454610376),)"
1186,"((11, 19),)","(np.float64(0.14919209668194033),)","(np.float64(319.4507285783378),)"
1188,"((12, 17), (6, 11))","(np.float64(0.09074997775005786), np.float64(0.14458656318327112))","(np.float64(59.96298783177158), np.float64(92.32548847669878))"
1189,"((1, 12), (11, 13))","(np.float64(0.0730941912726387), np.float64(0.05668673033354802))","(np.float64(237.2577167840817), np.float64(19.385661774011144))"
1190,"((2, 9),)","(np.float64(0.14542722466531496),)","(np.float64(4.843212987049012),)"
1192,"((10, 18), (7, 11))","(np.float64(0.139268388526978), np.float64(0.11194361866757487))","(np.float64(108.50634337152178), np.float64(332.07998414667753))"
1193,"((0, 5), (0, 12), (2, 10), (4, 11))","(np.float64(0.1286282411183906), np.float64(0.07674798759894128), np.float64(0.0061441851981058615), np.float64(0.1206802520989303))","(np.float64(89.14483851081211), np.float64(189.7324413062568), np.float64(173.72306779650398), np.float64(234.5729082033559))"
1194,"((9, 17), (2, 17))","(np.float64(0.13805996436111284), np.float64(0.132049281004474))","(np.float64(37.944048222625746), np.float64(302.989533504071))"
1195,"((1, 11), (12, 19), (0, 9))","(np.float64(0.14330320916241104), np.float64(0.09656241009679266), np.float64(0.13313786727049953))","(np.float64(13.526219798755038), np.float64(252.69056089762722), np.float64(168.98030020398457))"
1196,"((4, 7), (9, 16), (5, 16), (17, 19))","(np.float64(0.1312285752509147), np.float64(0.10160414314100127), np.float64(0.08865356468652737), np.float64(0.1369064416929209))","(np.float64(54.78140033500926), np.float64(233.25901053126796), np.float64(338.6521480849257), np.float64(183.87027151578377))"
1197,"((0, 19), (4, 6), (7, 9), (7, 16), (8, 12), (9, 16), (4, 10), (10, 12), (4, 12), (9, 14))","(np.float64(0.13603650508745685), np.float64(0.04360526354341817), np.float64(0.013582473927623165), np.float64(0.11404436595651743), np.float64(0.020625975236423143), np.float64(0.12203496832627346), np.float64(0.041061213007597415), np.float64(0.09320989733760153), np.float64(0.13896689393210598), np.float64(0.12952668936554765))","(np.float64(196.6140758259237), np.float64(171.91462132524313), np.float64(263.3489302407537), np.float64(186.37242106161287), np.float64(269.1161617129495), np.float64(172.2132866786114), np.float64(268.9787398915806), np.float64(337.34203575590556), np.float64(332.9284111928792), np.float64(351.4179910141045))"
1198,"((7, 9),)","(np.float64(0.14002061910940466),)","(np.float64(0.7394394122708019),)"
1200,"((1, 4), (12, 18))","(np.float64(0.07989131640541766), np.float64(0.13286155369806685))","(np.float64(336.48678411368314), np.float64(331.32115737852956))"
1201,"((4, 8), (8, 12), (13, 18))","(np.float64(0.1333587016847246), np.float64(0.14253397353165864), np.float64(0.14470994706925305))","(np.float64(260.46523840602913), np.float64(248.78869489204772), np.float64(120.04796945707855))"
1203,"((11, 13),)","(np.float64(0.09735362497721259),)","(np.float64(32.53403554498284),)"
1204,"((1, 13), (9, 19), (2, 12), (10, 19), (3, 8))","(np.float64(0.0854483649898444), np.float64(0.1419818627196234), np.float64(0.1481529505595717), np.float64(0.11265207835104543), np.float64(0.1388983498924977))","(np.float64(311.1708366360964), np.float64(320.38917221434826), np.float64(207.00722093266012), np.float64(126.8573170646064), np.float64(302.5253999489424))"
1205,"((6, 18),)","(np.float64(0.14296253771855968),)","(np.float64(8.14793259257974),)"
1207,"((15, 17), (12, 19), (4, 12))","(np.float64(0.11546232970698682), np.float64(0.09038933845076279), np.float64(0.1432537221488326))","(np.float64(17.3203490172888), np.float64(300.5363006807931), np.float64(191.74375188897508))"
1208,"((7, 9), (7, 12), (8, 9))","(np.float64(0.11078578612562379), np.float64(0.1441359219717485), np.float64(0.051065298240275))","(np.float64(265.3050325411467), np.float64(154.4009111241159), np.float64(62.21693534473637))"
1210,"((8, 9), (12, 15), (3, 15))","(np.float64(0.1271791529386536), np.float64(0.024048023814372824), np.float64(0.09791314648038213))","(np.float64(178.15630731945896), np.float64(224.46015999951626), np.float64(151.3119427999261))"
1211,"((0, 10), (5, 18), (11, 17))","(np.float64(0.10334515658129699), np.float64(0.1266748085412417), np.float64(0.14955828109356126))","(np.float64(307.0024530711161), np.float64(20.586280512595895), np.float64(167.51757355415296))"
1212,"((0, 1), (1, 17), (16, 19))","(np.float64(0.10262002678324664), np.float64(0.13526454415072317), np.float64(0.1391585415040838))","(np.float64(0.3757197478966834), np.float64(31.195400053140336), np.float64(172.54194743986739))"
1215,"((4, 14),)","(np.float64(0.14565676230048258),)","(np.float64(108.219832187321),)"
1216,"((8, 15), (12, 17))","(np.float64(0.08083504613495365), np.float64(0.05388563012766738))","(np.float64(187.77723083799904), np.float64(240.94177854086502))"
1218,"((8, 15), (10, 15))","(np.float64(0.06768438653004549), np.float64(0.13966896511511606))","(np.float64(178.86927489407557), np.float64(358.4392922426157))"
1219,"((0, 13), (0, 19), (1, 6), (7, 9), (11, 18), (13, 19))","(np.float64(0.14781552091441227), np.float64(0.1188933263047985), np.float64(0.11808511455392759), np.float64(0.13145930024454805), np.float64(0.14962954483908067), np.float64(0.04776869938803687))","(np.float64(44.618432660814875), np.float64(61.10654124656261), np.float64(349.64416129854015), np.float64(353.60182346084844), np.float64(102.11757083240202), np.float64(179.67669130818433))"
1220,"((5, 15), (10, 14))","(np.float64(0.1225209116326459), np.float64(0.14719945176241747))","(np.float64(0.06483739795264948), np.float64(98.65603387844565))"
1221,"((0, 12), (2, 7), (7, 13), (13, 17), (1, 18), (2, 13), (4, 13), (12, 18))","(np.float64(0.050220412316192585), np.float64(0.10908019908261499), np.float64(0.028694516002351785), np.float64(0.142893304449574), np.float64(0.12229257440013723), np.float64(0.12803251070793484), np.float64(0.12406154989516335), np.float64(0.14014064902155518))","(np.float64(1.1142573998541838), np.float64(301.6102871029189), np.float64(282.3668526438725), np.float64(341.4553434377039), np.float64(223.73139291595714), np.float64(352.81267114492556), np.float64(287.47059508602877), np.float64(345.60662898363535))"
1222,"((9, 11),)","(np.float64(0.08453447449820657),)","(np.float64(264.9347587773983),)"
1223,"((0, 7),)","(np.float64(0.14283726152832898),)","(np.float64(131.49618298548697),)"
1224,"((0, 6), (4, 8), (13, 14), (2, 16), (5, 16))","(np.float64(0.12384738274590815), np.float64(0.10786290106382634), np.float64(0.10472649703554225), np.float64(0.10930913539759284), np.float64(0.13916077019572942))","(np.float64(262.40849847816554), np.float64(179.53829919410424), np.float64(333.856821920963), np.float64(346.2031599320889), np.float64(204.74256051636837))"
1225,"((2, 8), (5, 15))","(np.float64(0.11571750432311416), np.float64(0.14967053340804584))","(np.float64(87.17416574724525), np.float64(47.47789274916781))"
1227,"((3, 10), (3, 18), (10, 11), (10, 18), (16, 19), (11, 18))","(np.float64(0.02200494268329718), np.float64(0.13942138860700531), np.float64(0.10011122740188548), np.float64(0.1368821127557965), np.float64(0.11973351428625606), np.float64(0.008994305645724667))","(np.float64(273.1717161544207), np.float64(249.97475039482697), np.float64(299.2485303695152), np.float64(217.64612671884677), np.float64(0.45096383567344134), np.float64(353.93713367800245))"
1228,"((5, 17), (6, 18))","(np.float64(0.0932424622392543), np.float64(0.1309231290081528))","(np.float64(153.41677964841355), np.float64(125.00233659859236))"
1229,"((10, 15), (6, 15))","(np.float64(0.12663204767583477), np.float64(0.09049056645353894))","(np.float64(170.68581961483076), np.float64(40.90371555719485))"
1230,"((2, 15),)","(np.float64(0.14281724351057148),)","(np.float64(145.9494721874499),)"
1231,"((3, 5), (3, 10), (4, 7), (5, 10), (11, 15), (5, 11))","(np.float64(0.047897745740802335), np.float64(0.12336521386844562), np.float64(0.14422302488175864), np.float64(0.11788843711417321), np.float64(0.14712824164372237), np.float64(0.12835279211458292))","(np.float64(44.0959939727095), np.float64(331.90943480883), np.float64(273.5103569422257), np.float64(309.1532469065509), np.float64(169.74495319648165), np.float64(220.39635572128407))"
1233,"((17, 19), (3, 12))","(np.float64(0.1452341453017435), np.float64(0.12650024713850985))","(np.float64(288.42126295496803), np.float64(321.9472888248101))"
1234,"((0, 1), (4, 17), (12, 17))","(np.float64(0.13840515455391894), np.float64(0.14866545377010634), np.float64(0.12216802715192696))","(np.float64(8.654856866819914), np.float64(183.88850886981206), np.float64(137.67790628796152))"
1237,"((1, 13),)","(np.float64(0.12580833511384706),)","(np.float64(231.64790924428831),)"
1238,"((15, 18),)","(np.float64(0.07701866587041838),)","(np.float64(312.1329355950229),)"
1242,"((3, 11), (8, 9), (9, 17), (6, 14), (4, 18), (7, 17))","(np.float64(0.08645516008246446), np.float64(0.10787371967269616), np.float64(0.12898145701456507), np.float64(0.1315929241441054), np.float64(0.14472784396032418), np.float64(0.033859804536956244))","(np.float64(128.8415350407781), np.float64(114.07216188922455), np.float64(171.50865697788356), np.float64(43.53466505042881), np.float64(46.12520159167851), np.float64(110.04270601234626))"
1243,"((3, 4),)","(np.float64(0.10764006335564959),)","(np.float64(224.3112447358291),)"
1244,"((0, 18),)","(np.float64(0.12352808285545834),)","(np.float64(105.0230241782751),)"
1245,"((1, 11),)","(np.float64(0.1302792856013564),)","(np.float64(237.8810462054204),)"
1246,"((4, 5), (6, 15), (6, 17))","(np.float64(0.09381376027777195), np.float64(0.14402363138453833), np.float64(0.10202389364115881))","(np.float64(73.94304110297577), np.float64(102.4637015539915), np.float64(64.05293608072535))"
1249,"((3, 13), (14, 15), (12, 17))","(np.float64(0.13209970577597724), np.float64(0.1484687329925996), np.float64(0.13384750896690817))","(np.float64(172.05085876671623), np.float64(358.63904278055645), np.float64(35.25486414200111))"
1250,"((2, 11), (3, 10))","(np.float64(0.021524539183364853), np.float64(0.13445033798276118))","(np.float64(165.00371315690168), np.float64(92.62555609166522))"
1251,"((4, 11), (7, 17), (13, 16))","(np.float64(0.12950251200899454), np.float64(0.131680558368701), np.float64(0.13581518451486288))","(np.float64(328.4716980982502), np.float64(321.7015757914497), np.float64(222.40051699501257))"
1252,"((0, 8), (2, 8))","(np.float64(0.13962830909393603), np.float64(0.137368156162217))","(np.float64(148.9496712485934), np.float64(331.7596303504196))"
1253,"((1, 5), (2, 17), (5, 15), (5, 11))","(np.float64(0.044848185337563365), np.float64(0.08424083388276324), np.float64(0.06319810850910211), np.float64(0.141281857554952))","(np.float64(202.5651515329824), np.float64(1.5055133844812107), np.float64(311.9148560807316), np.float64(61.1262502470057))"
1254,"((14, 19), (6, 12), (4, 14))","(np.float64(0.06107813781142084), np.float64(0.13572381378243817), np.float64(0.14709639429690605))","(np.float64(284.6597505218269), np.float64(243.21990392652884), np.float64(0.7376939052394272))"
1255,"((9, 18),)","(np.float64(0.1324204278040303),)","(np.float64(334.034637728492),)"
1256,"((2, 3), (12, 19))","(np.float64(0.10286808255973867), np.float64(0.0777217040070589))","(np.float64(112.41326511371365), np.float64(177.7810464879209))"
1257,"((0, 5),)","(np.float64(0.12157874510347161),)","(np.float64(171.03215454052528),)"
1258,"((16, 17), (0, 14), (4, 13), (4, 19))","(np.float64(0.07514778454892543), np.float64(0.09614140725649761), np.float64(0.08049159141912016), np.float64(0.14182745811128086))","(np.float64(100.51071418422723), np.float64(226.30496848646672), np.float64(185.8495719635147), np.float64(343.6422878061558))"
1259,"((2, 12), (11, 18))","(np.float64(0.10454485372987228), np.float64(0.13796988436114704))","(np.float64(88.03545893012158), np.float64(34.52317666636576))"
1260,"((4, 11), (8, 18))","(np.float64(0.10130509403565013), np.float64(0.13309716193993243))","(np.float64(138.3067726682868), np.float64(46.89683158528363))"
1261,"((11, 14),)","(np.float64(0.14421705047849231),)","(np.float64(197.562825428935),)"
1262,"((0, 9), (3, 12), (5, 13))","(np.float64(0.14682131620992747), np.float64(0.1294907068781862), np.float64(0.05840981195281524))","(np.float64(57.709746544209864), np.float64(140.20740251369367), np.float64(123.04421793888484))"
1263,"((0, 16), (1, 2), (3, 11), (7, 15), (9, 10))","(np.float64(0.14635266539504624), np.float64(0.09448712622231191), np.float64(0.07698609381355499), np.float64(0.1292011973473343), np.float64(0.14266294334171542))","(np.float64(87.49960753254213), np.float64(135.4456898899466), np.float64(264.1228840925992), np.float64(265.9123112971564), np.float64(219.79145350897684))"
1264,"((6, 19),)","(np.float64(0.14827852067473113),)","(np.float64(47.00986228779956),)"
1266,"((3, 16), (8, 18), (1, 9), (4, 19), (9, 18), (4, 5), (0, 11), (2, 8))","(np.float64(0.02217433420170385), np.float64(0.1483857120424194), np.float64(0.11411358888283728), np.float64(0.1489841165588499), np.float64(0.12249395803980939), np.float64(0.1310289934935887), np.float64(0.1377850053856956), np.float64(0.08591302026020538))","(np.float64(25.242059032579444), np.float64(155.7514737688212), np.float64(320.0904114063208), np.float64(324.07058143356085), np.float64(331.9024676023034), np.float64(157.07955067785102), np.float64(196.51584118572808), np.float64(218.92585127068003))"
1267,"((14, 16), (2, 16))","(np.float64(0.14159171315447), np.float64(0.14947098943980539))","(np.float64(349.62511866759917), np.float64(291.57475918921523))"
1268,"((3, 19),)","(np.float64(0.059536654251870214),)","(np.float64(27.220801078353354),)"
1269,"((4, 7), (8, 18))","(np.float64(0.10468822585799147), np.float64(0.14975563881776785))","(np.float64(200.96665037837496), np.float64(1.880623164237464))"
1270,"((3, 10), (4, 7), (18, 19), (1, 4))","(np.float64(0.0549981930521499), np.float64(0.12341154802863476), np.float64(0.10672671046692192), np.float64(0.14372898093231742))","(np.float64(24.577397301424497), np.float64(85.86732939231516), np.float64(31.945495041370922), np.float64(138.98720374400943))"
1271,"((0, 15), (5, 9))","(np.float64(0.10208775944200904), np.float64(0.1169255562048656))","(np.float64(163.8774831848224), np.float64(72.19228101621549))"
1272,"((4, 14), (4, 10))","(np.float64(0.11452031116026166), np.float64(0.146330152591504))","(np.float64(38.016312435498754), np.float64(356.78889028251376))"
1275,"((6, 14), (11, 19))","(np.float64(0.13565429990952713), np.float64(0.14006752672433542))","(np.float64(243.86615636847267), np.float64(199.5628276473481))"
1276,"((2, 15), (6, 13), (8, 9))","(np.float64(0.028826959576055078), np.float64(0.14269397698503855), np.float64(0.09426463959271708))","(np.float64(315.551162148077), np.float64(28.801502405603078), np.float64(223.45155662626985))"
1277,"((8, 16), (11, 13), (12, 13), (12, 14), (13, 14), (6, 11))","(np.float64(0.1113399210712249), np.float64(0.14374707344514562), np.float64(0.10795382291530856), np.float64(0.006323620929955066), np.float64(0.09819725770608369), np.float64(0.1398059324800018))","(np.float64(83.5010368532374), np.float64(221.46917712779162), np.float64(327.9032998048742), np.float64(229.47168277191764), np.float64(121.48471641062798), np.float64(315.46830268324015))"
1279,"((0, 11), (8, 15))","(np.float64(0.07218079243900447), np.float64(0.09469063131002382))","(np.float64(233.15203785470067), np.float64(310.2286767232144))"
1280,"((3, 4), (6, 19))","(np.float64(0.13667090619570874), np.float64(0.14819694225343424))","(np.float64(345.9232654667359), np.float64(140.45644608321044))"
1281,"((3, 4), (7, 10), (1, 7))","(np.float64(0.06303939513008067), np.float64(0.055203866113644445), np.float64(0.1398467165195221))","(np.float64(70.94515678700033), np.float64(134.22029268293377), np.float64(119.43113641693171))"
1282,"((4, 9), (3, 12))","(np.float64(0.1037891517569388), np.float64(0.13464832068464405))","(np.float64(210.88715097032693), np.float64(251.55253695472663))"
1283,"((2, 18), (5, 8), (4, 13))","(np.float64(0.07922060315728414), np.float64(0.1488942886494378), np.float64(0.1457806560268467))","(np.float64(209.7232886351822), np.float64(255.59358176471198), np.float64(99.24515097337843))"
1284,"((9, 12), (10, 17), (3, 10), (13, 19))","(np.float64(0.05359940808457399), np.float64(0.1316031398164354), np.float64(0.1463037755049231), np.float64(0.13890336895230956))","(np.float64(356.2967404059981), np.float64(54.47567567488383), np.float64(54.63285951557806), np.float64(87.03647334091526))"
1285,"((3, 8),)","(np.float64(0.0798335011006711),)","(np.float64(336.13838344876035),)"
1286,"((0, 11),)","(np.float64(0.13984054403206017),)","(np.float64(141.47103459507656),)"
1288,"((8, 17), (0, 11))","(np.float64(0.14120542227652397), np.float64(0.14032547744441481))","(np.float64(255.93747355644464), np.float64(139.04776908837206))"
1291,"((9, 17),)","(np.float64(0.14149633885804463),)","(np.float64(238.48119484274864),)"
1292,"((5, 8),)","(np.float64(0.13609506030463428),)","(np.float64(145.88265211078112),)"
1294,"((0, 10), (3, 12), (6, 18))","(np.float64(0.1344300584426351), np.float64(0.14734303396727372), np.float64(0.14430004940175598))","(np.float64(62.266385470882675), np.float64(345.93287852389324), np.float64(144.39600343010787))"
1295,"((7, 10),)","(np.float64(0.03690539401288265),)","(np.float64(183.99164721826267),)"
1296,"((2, 6), (11, 16))","(np.float64(0.12173953874355013), np.float64(0.1225984044954607))","(np.float64(27.447697117675233), np.float64(191.58596320788493))"
1298,"((9, 15),)","(np.float64(0.14986003304041493),)","(np.float64(171.8846344520978),)"
1299,"((3, 13),)","(np.float64(0.1405967973435548),)","(np.float64(134.46929471101834),)"
1300,"((0, 9), (5, 13), (10, 17))","(np.float64(0.09106821447156821), np.float64(0.13698525910875317), np.float64(0.1496238825030035))","(np.float64(31.928648063313066), np.float64(2.877341455780034), np.float64(59.9451275040543))"
1301,"((7, 12),)","(np.float64(0.13590788027255465),)","(np.float64(8.007529163223309),)"
1302,"((4, 16), (5, 11))","(np.float64(0.076032210470966), np.float64(0.14267805475191297))","(np.float64(348.60847860882734), np.float64(74.98872464368945))"
1303,"((17, 19), (5, 16))","(np.float64(0.0819407510043118), np.float64(0.1353314039893606))","(np.float64(10.566626014924143), np.float64(15.456604693563136))"
1304,"((1, 9), (4, 9))","(np.float64(0.12120652775390835), np.float64(0.14186640074184334))","(np.float64(174.21258333752024), np.float64(298.09988512763033))"
1305,"((0, 12),)","(np.float64(0.14196983912061684),)","(np.float64(211.6618234609395),)"
1306,"((7, 10), (9, 14))","(np.float64(0.1352309808790766), np.float64(0.13047653099430864))","(np.float64(311.54696057996387), np.float64(206.90736831473086))"
1307,"((2, 19),)","(np.float64(0.07662002474888074),)","(np.float64(176.20453356200753),)"
1308,"((4, 13), (7, 13))","(np.float64(0.056274588331494076), np.float64(0.09944156701122377))","(np.float64(59.02972757239956), np.float64(258.7047975075534))"
1309,"((17, 19),)","(np.float64(0.08451330209909368),)","(np.float64(227.57273243836804),)"
1310,"((2, 17), (6, 10), (0, 10))","(np.float64(0.13494164592578345), np.float64(0.1158188328186658), np.float64(0.14298808031226082))","(np.float64(146.26678933387572), np.float64(227.7008919754066), np.float64(6.329099547984314))"
1311,"((7, 16),)","(np.float64(0.13788085539725808),)","(np.float64(1.2861597037600137),)"
1312,"((0, 11), (1, 8), (1, 11), (7, 9), (8, 11), (12, 13), (12, 19), (13, 19))","(np.float64(0.14036809645047), np.float64(0.07569678523021015), np.float64(0.14400382703775516), np.float64(0.1332268290237714), np.float64(0.14327763241602207), np.float64(0.09047776818661456), np.float64(0.12624388236656636), np.float64(0.12288687250119662))","(np.float64(18.61496855940308), np.float64(69.56424505907515), np.float64(143.75736370504978), np.float64(39.77348946617536), np.float64(174.31168566602364), np.float64(215.3791472431219), np.float64(282.1152237942365), np.float64(324.6784440369473))"
1313,"((1, 18), (9, 10), (0, 9), (4, 14))","(np.float64(0.1478962929568492), np.float64(0.13025917273045823), np.float64(0.09773665427507224), np.float64(0.12513107848831925))","(np.float64(153.53088454316722), np.float64(26.11309187099145), np.float64(307.5230709826755), np.float64(323.1278070238825))"
1314,"((2, 12),)","(np.float64(0.0926310757026766),)","(np.float64(275.4404572443064),)"
1315,"((1, 16), (2, 14), (5, 7))","(np.float64(0.08833374307920862), np.float64(0.06941651573791874), np.float64(0.128286349924993))","(np.float64(67.81847997423787), np.float64(234.10045778817388), np.float64(16.36638690184883))"
1317,"((16, 18),)","(np.float64(0.14090064973001823),)","(np.float64(170.37976154989332),)"
1319,"((2, 6), (3, 17))","(np.float64(0.14555235382112042), np.float64(0.1285840104321918))","(np.float64(175.46498166301285), np.float64(230.138940965922))"
1320,"((11, 12),)","(np.float64(0.08664082172225078),)","(np.float64(101.96587572539073),)"
1321,"((9, 15),)","(np.float64(0.14184968230715206),)","(np.float64(25.168539708883234),)"
1322,"((0, 11),)","(np.float64(0.14697171864897388),)","(np.float64(182.02583136570902),)"
1323,"((1, 12), (4, 13))","(np.float64(0.06894448183827241), np.float64(0.1495484359492951))","(np.float64(109.86790809301321), np.float64(45.165788966393094))"
1324,"((3, 6),)","(np.float64(0.11059564002080664),)","(np.float64(233.78222309842187),)"
1325,"((8, 17),)","(np.float64(0.1265742346446223),)","(np.float64(221.18829334154844),)"
1326,"((3, 13),)","(np.float64(0.03629593999327817),)","(np.float64(287.6035440744279),)"
1327,"((2, 4), (8, 19))","(np.float64(0.09280746152695289), np.float64(0.11567017803112967))","(np.float64(63.9446778791702), np.float64(66.03592537159726))"
1329,"((3, 16), (4, 18), (9, 14), (4, 13))","(np.float64(0.146879895592492), np.float64(0.06987830929019678), np.float64(0.12627025540224), np.float64(0.13897683966636543))","(np.float64(46.40089469331125), np.float64(122.10597104687577), np.float64(176.0707346978454), np.float64(185.63471121138804))"
1330,"((0, 9), (4, 7))","(np.float64(0.1498158058374716), np.float64(0.12323001865679117))","(np.float64(243.056577432292), np.float64(7.672141420068009))"
1331,"((15, 17), (0, 12))","(np.float64(0.13759994066252876), np.float64(0.1390856840381293))","(np.float64(115.58283057077988), np.float64(324.31240413333484))"
1332,"((4, 12),)","(np.float64(0.08925567516046337),)","(np.float64(234.23124973847467),)"
1333,"((10, 18), (11, 18), (6, 9))","(np.float64(0.1436303339281371), np.float64(0.14194161582195872), np.float64(0.13147836498264825))","(np.float64(295.0880534098751), np.float64(147.36147936346873), np.float64(214.1754325770123))"
1334,"((11, 16), (15, 17), (8, 13))","(np.float64(0.07328684835079491), np.float64(0.12545513320530693), np.float64(0.1498801549012767))","(np.float64(160.31410796039722), np.float64(56.104939333132315), np.float64(50.739875166476494))"
1335,"((8, 18),)","(np.float64(0.12289283500973848),)","(np.float64(58.789515779365956),)"
1337,"((7, 10), (5, 12), (0, 12))","(np.float64(0.13031955472974643), np.float64(0.08640012552375774), np.float64(0.13098866126459213))","(np.float64(77.01164278945114), np.float64(61.10732155115745), np.float64(285.07847449270804))"
1338,"((0, 1), (2, 14), (3, 6), (3, 14), (2, 17), (6, 14))","(np.float64(0.040350060672220245), np.float64(0.14943814429104427), np.float64(0.12418103695088023), np.float64(0.043576183900569006), np.float64(0.1453183342581197), np.float64(0.11776203012606716))","(np.float64(38.94244394075675), np.float64(345.4271111276164), np.float64(117.57480343920295), np.float64(267.91790290903776), np.float64(286.2482514289781), np.float64(249.24727632392566))"
1339,"((7, 9), (7, 12), (10, 11))","(np.float64(0.023657699155457772), np.float64(0.14345417417487888), np.float64(0.14055799590762072))","(np.float64(146.17989940766589), np.float64(254.15652516107906), np.float64(303.6030617957014))"
1341,"((2, 12), (3, 13), (14, 18), (0, 8))","(np.float64(0.13832224555360606), np.float64(0.006409204232411452), np.float64(0.1098089695596195), np.float64(0.12774334814744323))","(np.float64(218.7029038025464), np.float64(85.01337576978197), np.float64(33.319009536586314), np.float64(291.73649972899693))"
1342,"((3, 4), (3, 5), (4, 5), (4, 15), (8, 12))","(np.float64(0.09136052283173206), np.float64(0.08027840601909543), np.float64(0.08553233909155095), np.float64(0.1383047614396002), np.float64(0.03319540558143634))","(np.float64(122.66612053270676), np.float64(182.02585091751348), np.float64(248.8097239908659), np.float64(87.66753205714288), np.float64(205.7968607923142))"
1343,"((3, 6), (9, 10), (2, 9), (10, 14))","(np.float64(0.12152439230116202), np.float64(0.146979178839755), np.float64(0.14176959172698253), np.float64(0.13677737709651952))","(np.float64(15.541694720767348), np.float64(228.84914510803503), np.float64(332.30676290772607), np.float64(52.226956313142864))"
1344,"((0, 11), (9, 19))","(np.float64(0.13662712142384117), np.float64(0.14834907530570268))","(np.float64(229.2237202692158), np.float64(357.8889437833534))"
1346,"((0, 9), (1, 9))","(np.float64(0.13057462591846936), np.float64(0.1391696881842148))","(np.float64(111.59388103289783), np.float64(315.6358965301573))"
1347,"((8, 18),)","(np.float64(0.14776086610494343),)","(np.float64(81.05153170379602),)"
1348,"((4, 19), (5, 13), (6, 11))","(np.float64(0.1017773544530548), np.float64(0.140637541373994), np.float64(0.14398466381016906))","(np.float64(171.86306691767805), np.float64(152.79051970046996), np.float64(350.28178886121447))"
1350,"((0, 1), (0, 4), (1, 4), (3, 13), (15, 17), (6, 19), (1, 6), (2, 11))","(np.float64(0.07702440737452612), np.float64(0.08243899069006283), np.float64(0.061110429595070424), np.float64(0.11531153936681386), np.float64(0.0940202755886247), np.float64(0.1491506732457988), np.float64(0.14240712124381558), np.float64(0.14923798950801068))","(np.float64(160.27418521238465), np.float64(242.3624397824086), np.float64(250.44387143309942), np.float64(356.67870729850773), np.float64(335.8984771812793), np.float64(56.30333590021699), np.float64(272.73301284025246), np.float64(272.5375794533185))"
1351,"((2, 9), (5, 9), (11, 15))","(np.float64(0.04006786674578877), np.float64(0.12433246678610656), np.float64(0.10710438555051094))","(np.float64(323.46684686125), np.float64(95.4155147131894), np.float64(320.3115789908337))"
1352,"((10, 16), (6, 10))","(np.float64(0.019114065723663944), np.float64(0.12888545683835628))","(np.float64(21.360619124231455), np.float64(302.08055942889206))"
1353,"((8, 13),)","(np.float64(0.12720595789348718),)","(np.float64(96.14147191646285),)"
1354,"((3, 4), (5, 15), (9, 15), (9, 18))","(np.float64(0.11123507753527721), np.float64(0.1403042813829807), np.float64(0.0899757987797), np.float64(0.09830716891265659))","(np.float64(164.96309178723274), np.float64(308.326227834538), np.float64(45.73260820232576), np.float64(230.95210985265157))"
1355,"((7, 13), (8, 11), (7, 15))","(np.float64(0.06701159994488333), np.float64(0.131590184856702), np.float64(0.11205438099164315))","(np.float64(18.035468172666377), np.float64(337.27105779792845), np.float64(338.0189522440791))"
1356,"((4, 12), (11, 14), (17, 18))","(np.float64(0.10179626957832477), np.float64(0.10322192351050377), np.float64(0.033986936427033834))","(np.float64(74.26072797211084), np.float64(99.29621052772893), np.float64(187.74248653053624))"
1357,"((18, 19),)","(np.float64(0.12588870661362417),)","(np.float64(150.3634193681975),)"
1358,"((2, 5),)","(np.float64(0.14279385583351825),)","(np.float64(237.44282037061),)"
1359,"((8, 15), (13, 17))","(np.float64(0.0543130508552161), np.float64(0.13538978628027545))","(np.float64(75.06554180435764), np.float64(137.06063170562584))"
1360,"((0, 3), (5, 9), (16, 19))","(np.float64(0.12751384241126734), np.float64(0.12139301970190067), np.float64(0.1471045276468305))","(np.float64(261.866593280153), np.float64(144.6506355519982), np.float64(113.7710120949406))"
1361,"((2, 6), (4, 16), (4, 17), (7, 10), (7, 13), (16, 17))","(np.float64(0.13912871677402053), np.float64(0.09529046655800237), np.float64(0.05562521014023032), np.float64(0.12012986425662776), np.float64(0.13928522385689565), np.float64(0.026055221165888348))","(np.float64(316.5498490700817), np.float64(279.11788344219025), np.float64(262.99511232002453), np.float64(204.99542327867408), np.float64(285.69204404140464), np.float64(146.48339441865545))"
1362,"((9, 17),)","(np.float64(0.12574236582096177),)","(np.float64(321.74293604372366),)"
1363,"((0, 5),)","(np.float64(0.14438629107024928),)","(np.float64(130.98877371744035),)"
1364,"((1, 9), (2, 11), (4, 19), (5, 9))","(np.float64(0.10716712042096686), np.float64(0.0698086884029352), np.float64(0.10841821957066515), np.float64(0.05462150114482641))","(np.float64(66.11926944945951), np.float64(98.63752753985699), np.float64(286.45315849869013), np.float64(281.1592868896643))"
1366,"((0, 2), (0, 7), (2, 7), (11, 12), (12, 13), (0, 9), (2, 9), (11, 18))","(np.float64(0.05009106233197953), np.float64(0.11997515446181206), np.float64(0.07217275012655933), np.float64(0.11240135498702465), np.float64(0.12932693590795966), np.float64(0.1278214794043825), np.float64(0.11184487510454132), np.float64(0.14951747001698457))","(np.float64(59.28772235973362), np.float64(45.93138817627194), np.float64(36.70555994206112), np.float64(270.2494363287119), np.float64(237.0272188086218), np.float64(6.238625593836427), np.float64(244.941019022277), np.float64(165.54706851700004))"
1367,"((10, 18),)","(np.float64(0.11851336956376785),)","(np.float64(55.057524356291815),)"
1368,"((6, 14),)","(np.float64(0.1481205606366612),)","(np.float64(67.02662148449372),)"
1369,"((6, 9), (11, 16))","(np.float64(0.11721752825489858), np.float64(0.08461912305059809))","(np.float64(90.62329712758417), np.float64(5.040628551479188))"
1370,"((2, 13), (2, 18), (12, 17), (13, 18), (8, 17))","(np.float64(0.13339480272757376), np.float64(0.05474767235366333), np.float64(0.10656346933789604), np.float64(0.09870506686436285), np.float64(0.11819747907751568))","(np.float64(171.30820468322574), np.float64(237.26090400723564), np.float64(154.70385118523822), np.float64(296.453059602299), np.float64(53.14889832204302))"
1371,"((0, 2),)","(np.float64(0.13414566387153823),)","(np.float64(178.54160250793254),)"
1372,"((5, 11),)","(np.float64(0.13783007157201405),)","(np.float64(31.19277090779598),)"
1373,"((0, 2), (11, 17))","(np.float64(0.07435461497132938), np.float64(0.1450320854721482))","(np.float64(296.9347242355044), np.float64(149.6185361100572))"
1374,"((0, 1),)","(np.float64(0.11578402607728322),)","(np.float64(29.786220099219573),)"
1375,"((10, 18), (7, 16))","(np.float64(0.14712156357232806), np.float64(0.13174467444516233))","(np.float64(329.9396468882255), np.float64(4.792167993315992))"
1377,"((9, 15), (9, 12))","(np.float64(0.050007310398062804), np.float64(0.1272566496054381))","(np.float64(161.36687008619782), np.float64(52.56537722146184))"
1378,"((2, 14), (3, 14), (12, 15))","(np.float64(0.1385603364514336), np.float64(0.11436834726248966), np.float64(0.09084114553341055))","(np.float64(145.36877221637263), np.float64(214.61665146639612), np.float64(252.31636005518823))"
1379,"((1, 4),)","(np.float64(0.14201959240654818),)","(np.float64(283.2271294759009),)"
1382,"((1, 11), (2, 12), (5, 15))","(np.float64(0.11164451466261859), np.float64(0.08829691254233892), np.float64(0.14109959625249827))","(np.float64(1.0826955721733793), np.float64(70.86697290583841), np.float64(54.743984613657084))"
1383,"((0, 13), (9, 15), (12, 14))","(np.float64(0.07116673532983199), np.float64(0.10948130976066524), np.float64(0.10048816994351617))","(np.float64(355.3742919315617), np.float64(189.7002042749952), np.float64(61.91564353397417))"
1384,"((10, 18),)","(np.float64(0.07205164474422868),)","(np.float64(261.33213641673956),)"
1385,"((10, 14),)","(np.float64(0.13295186356972313),)","(np.float64(265.1948190971725),)"
1386,"((0, 13), (10, 17), (9, 17))","(np.float64(0.03331334196482991), np.float64(0.06420774530098533), np.float64(0.14948879063862452))","(np.float64(313.6131854921582), np.float64(240.1659546919946), np.float64(69.81568567967805))"
1387,"((0, 1), (5, 10), (4, 14), (4, 10))","(np.float64(0.11008153628654634), np.float64(0.09121892357787857), np.float64(0.14771302752334708), np.float64(0.12903798197161057))","(np.float64(180.5623324528818), np.float64(230.2430987594683), np.float64(0.993954769771746), np.float64(288.8445629004541))"
1388,"((3, 9), (16, 19), (0, 2))","(np.float64(0.13227587014957828), np.float64(0.08095507838442598), np.float64(0.05268025199045622))","(np.float64(58.972053550607995), np.float64(50.68605451511479), np.float64(104.11558364512898))"
1389,"((1, 15), (10, 17))","(np.float64(0.10790981360013899), np.float64(0.12905935714500685))","(np.float64(102.8590272756354), np.float64(103.66427597105329))"
1390,"((8, 18), (7, 13), (9, 15))","(np.float64(0.01933669547222776), np.float64(0.14729257960718933), np.float64(0.13096669014554496))","(np.float64(58.867992119578425), np.float64(31.886174481721017), np.float64(312.6620629371572))"
1391,"((11, 15), (3, 13), (1, 12), (9, 12))","(np.float64(0.04606350395062786), np.float64(0.14424628250272986), np.float64(0.14409354060415427), np.float64(0.05092646852345214))","(np.float64(171.20514525614377), np.float64(273.8370999036868), np.float64(313.2934845354186), np.float64(155.0716049945002))"
1392,"((4, 13),)","(np.float64(0.1322107466109894),)","(np.float64(205.07315204608574),)"
1393,"((4, 12), (18, 19), (5, 19))","(np.float64(0.13768930572288685), np.float64(0.1184034616862248), np.float64(0.1486137875986496))","(np.float64(144.99582765768957), np.float64(43.908658171899425), np.float64(97.2259739272877))"
1394,"((0, 15), (2, 18), (3, 5), (4, 7), (6, 19), (3, 13), (13, 16))","(np.float64(0.1384766740621725), np.float64(0.10198483789654364), np.float64(0.1279279518139832), np.float64(0.11668787986884852), np.float64(0.11064338970048579), np.float64(0.12232024760974297), np.float64(0.10059339090416569))","(np.float64(102.57508225475043), np.float64(268.07138082344164), np.float64(281.99820036128665), np.float64(313.1660679601432), np.float64(72.68096807102846), np.float64(71.24245408501858), np.float64(170.6098133193666))"
1395,"((0, 3), (7, 14))","(np.float64(0.08386281480082093), np.float64(0.09343545208468988))","(np.float64(176.60850679984708), np.float64(267.91029902452203))"
1397,"((1, 16),)","(np.float64(0.10741273376554275),)","(np.float64(39.998898711242454),)"
1398,"((1, 13), (3, 8), (11, 12), (3, 18), (13, 18))","(np.float64(0.11045007647572513), np.float64(0.11277479719424757), np.float64(0.0048490330846530484), np.float64(0.04458170417339945), np.float64(0.12001226832539706))","(np.float64(117.43169304084596), np.float64(161.17462175999086), np.float64(290.2644837423433), np.float64(167.94996047654746), np.float64(13.55346190661336))"
1399,"((2, 9), (2, 13))","(np.float64(0.09943979586545586), np.float64(0.13386294294956969))","(np.float64(318.094565497232), np.float64(167.49618528530084))"
1400,"((3, 4), (6, 19), (12, 19))","(np.float64(0.1185872912348411), np.float64(0.11854243192764861), np.float64(0.12399486183959357))","(np.float64(117.66240955595512), np.float64(272.8710546157664), np.float64(197.1887569875419))"
1401,"((3, 14), (12, 16))","(np.float64(0.10357862092325697), np.float64(0.0806048702414843))","(np.float64(101.89451785997177), np.float64(36.82111367369841))"
1402,"((0, 11), (3, 17), (7, 9), (14, 15))","(np.float64(0.10396833445909767), np.float64(0.09209347223933613), np.float64(0.1328634208334017), np.float64(0.08517047299184567))","(np.float64(318.5930806748869), np.float64(192.2805873878942), np.float64(352.94585409310866), np.float64(159.95925379387754))"
1403,"((1, 6), (7, 9), (9, 10), (2, 12))","(np.float64(0.05739823651898079), np.float64(0.12380293064518687), np.float64(0.1401492741686051), np.float64(0.14387655882809686))","(np.float64(40.874153906946454), np.float64(3.438887748218831), np.float64(29.28861534438537), np.float64(229.24810673617495))"
1404,"((9, 15), (3, 19))","(np.float64(0.1257840530739678), np.float64(0.1423935661946065))","(np.float64(123.29054458444025), np.float64(85.18088177348501))"
1405,"((0, 12),)","(np.float64(0.11907237672125795),)","(np.float64(101.99156796263776),)"
1406,"((2, 18), (3, 9), (4, 11), (4, 16))","(np.float64(0.09500689998128203), np.float64(0.12988824231867183), np.float64(0.1477248583826109), np.float64(0.05558186502054365))","(np.float64(63.887967470152226), np.float64(192.375265792002), np.float64(129.7221068059886), np.float64(231.6446558786087))"
1407,"((9, 13), (11, 14))","(np.float64(0.08906259748065685), np.float64(0.1440514064476142))","(np.float64(181.49149907078692), np.float64(340.51894435731987))"
1408,"((2, 14),)","(np.float64(0.1381984587895646),)","(np.float64(3.1169179350449325),)"
1410,"((0, 5), (0, 11), (5, 11), (0, 12), (12, 17), (11, 15))","(np.float64(0.11253700078299059), np.float64(0.10167257036923084), np.float64(0.050592547505589364), np.float64(0.10025326183082071), np.float64(0.127947690711945), np.float64(0.14538897323698177))","(np.float64(147.1355942451628), np.float64(129.42087424296076), np.float64(354.70443919416465), np.float64(283.7951962904594), np.float64(52.65432478381797), np.float64(114.68196704161026))"
1412,"((5, 19), (7, 16))","(np.float64(0.13785023117912756), np.float64(0.0884869961572693))","(np.float64(113.56473232804424), np.float64(339.51383937222914))"
1413,"((0, 12), (1, 6), (11, 13), (10, 14))","(np.float64(0.014162840596176753), np.float64(0.037172313295221936), np.float64(0.1418706947280742), np.float64(0.10757859729862729))","(np.float64(249.07717359209192), np.float64(180.12253513775613), np.float64(18.870172097860497), np.float64(27.972721358440154))"
1415,"((7, 17), (14, 16))","(np.float64(0.14874351014896217), np.float64(0.05859279234051767))","(np.float64(299.3389135593882), np.float64(159.6479478058705))"
1416,"((12, 15),)","(np.float64(0.1130643858235087),)","(np.float64(261.8420185711687),)"
1417,"((5, 17), (4, 11))","(np.float64(0.11300373893789667), np.float64(0.10250482358389844))","(np.float64(247.9862390881013), np.float64(347.4542256836302))"
1418,"((0, 13),)","(np.float64(0.14579940271028793),)","(np.float64(215.9915098378921),)"
1419,"((1, 12), (10, 11))","(np.float64(0.14725241325665436), np.float64(0.1297720346727999))","(np.float64(303.482662811922), np.float64(83.0604289503435))"
1420,"((3, 11), (0, 9))","(np.float64(0.11377116866837966), np.float64(0.12617002327317486))","(np.float64(330.3213812973677), np.float64(248.16292722727394))"
1421,"((15, 19), (9, 12))","(np.float64(0.06043218773729604), np.float64(0.12869193915603314))","(np.float64(3.362227735934696), np.float64(27.839467379270037))"
1422,"((0, 8),)","(np.float64(0.13179529422594824),)","(np.float64(17.22285472586582),)"
1423,"((5, 14), (15, 17), (0, 16), (5, 15), (15, 18), (4, 17), (4, 7), (17, 18))","(np.float64(0.08522301309320988), np.float64(0.10079505751029123), np.float64(0.1447266928616415), np.float64(0.08272821324055113), np.float64(0.14261676878448779), np.float64(0.1047866009644711), np.float64(0.13404332993050525), np.float64(0.12004891234548473))","(np.float64(225.8799309793485), np.float64(194.02862809263038), np.float64(297.9897960036078), np.float64(0.9329217624435953), np.float64(69.06627092951427), np.float64(0.8951183370587977), np.float64(216.9357374442644), np.float64(49.542311336203944))"
1425,"((4, 16), (9, 11))","(np.float64(0.1420783891425886), np.float64(0.11671399767761104))","(np.float64(332.59040755161584), np.float64(198.93950303593218))"
1426,"((2, 18),)","(np.float64(0.11475783206809835),)","(np.float64(198.8564390105073),)"
1427,"((1, 10),)","(np.float64(0.14516816385086606),)","(np.float64(260.04312290101177),)"
1428,"((3, 12), (5, 18))","(np.float64(0.12455266637869677), np.float64(0.09275902764263684))","(np.float64(47.09417404684999), np.float64(318.8489744036975))"
1430,"((4, 12), (8, 18))","(np.float64(0.06490210078328704), np.float64(0.1444792605490679))","(np.float64(294.3401056098787), np.float64(5.49509577051458))"
1432,"((1, 15), (0, 10), (0, 12))","(np.float64(0.10310308411566624), np.float64(0.12758498565888657), np.float64(0.14677956372793263))","(np.float64(202.95117650912968), np.float64(291.49689434439017), np.float64(176.29121998920505))"
1433,"((2, 9), (2, 14), (3, 17), (12, 14))","(np.float64(0.06319125900736773), np.float64(0.11735981535880032), np.float64(0.026066624767198742), np.float64(0.14509885954181853))","(np.float64(277.2867233631451), np.float64(335.6739700839315), np.float64(249.33834974473854), np.float64(181.28888557674097))"
1434,"((2, 16), (3, 14), (3, 11))","(np.float64(0.11099704137431424), np.float64(0.053460190476954564), np.float64(0.12390245567681495))","(np.float64(157.77728679098922), np.float64(327.435404987266), np.float64(40.044537802412215))"
1436,"((0, 17),)","(np.float64(0.12058910197885303),)","(np.float64(53.937127097365824),)"
1437,"((1, 14),)","(np.float64(0.09424648920600953),)","(np.float64(108.89236181816847),)"
1438,"((0, 14), (7, 14))","(np.float64(0.1288177578994911), np.float64(0.12717959347817337))","(np.float64(149.061114201972), np.float64(251.84142983585403))"
1439,"((1, 10), (4, 7), (12, 13))","(np.float64(0.07598654425820728), np.float64(0.09598128396947793), np.float64(0.1124909515104936))","(np.float64(113.4517673891889), np.float64(77.5499178158773), np.float64(292.56321389282266))"
1440,"((6, 7), (11, 15), (11, 17), (13, 15))","(np.float64(0.11479640433832296), np.float64(0.1295455474826406), np.float64(0.14123989430067813), np.float64(0.13552438891665478))","(np.float64(173.33770623780813), np.float64(124.15105296414583), np.float64(83.0654534224773), np.float64(345.9603643331393))"
1441,"((1, 2), (10, 19))","(np.float64(0.09789567299184683), np.float64(0.11324419984117316))","(np.float64(111.19744433770181), np.float64(44.96310554689908))"
1442,"((0, 14), (11, 18))","(np.float64(0.12380327542019202), np.float64(0.05126727265408574))","(np.float64(275.01430907369956), np.float64(291.965715242551))"
1444,"((0, 11),)","(np.float64(0.007142424147116101),)","(np.float64(48.53168147586481),)"
1446,"((4, 19), (6, 16), (11, 12), (11, 13), (12, 13), (6, 14), (10, 13), (5, 15))","(np.float64(0.05835513497566764), np.float64(0.05611429987704705), np.float64(0.052958898358108075), np.float64(0.001623647221799713), np.float64(0.052233406383651274), np.float64(0.049905423739527936), np.float64(0.11676393141160328), np.float64(0.13356406716295147))","(np.float64(133.8721580795191), np.float64(266.19392283040645), np.float64(162.50421401468745), np.float64(99.8329349358862), np.float64(344.08665509159187), np.float64(113.595802929933), np.float64(104.04079523555559), np.float64(38.96165049005629))"
1447,"((5, 9),)","(np.float64(0.10351926473961132),)","(np.float64(1.0725563870397166),)"
1448,"((4, 17),)","(np.float64(0.008510717752715554),)","(np.float64(133.83959287443184),)"
1450,"((2, 6), (12, 19), (2, 5), (6, 18), (3, 5), (11, 17))","(np.float64(0.13460057230641104), np.float64(0.12427035693724449), np.float64(0.11799945321409011), np.float64(0.13363686813338463), np.float64(0.14959866736994282), np.float64(0.14350629290557887))","(np.float64(185.0598565893721), np.float64(119.80737640645253), np.float64(263.880639531156), np.float64(106.4426030570131), np.float64(145.98894535609315), np.float64(69.17590991095322))"
1451,"((2, 8), (2, 15), (3, 10), (3, 13), (8, 15))","(np.float64(0.1493056901600261), np.float64(0.0524709418831107), np.float64(0.11318288598806708), np.float64(0.13105792998550775), np.float64(0.14586378935925362))","(np.float64(226.73151137274544), np.float64(150.65234377209552), np.float64(96.42856503447055), np.float64(204.5817197426217), np.float64(67.16787181269925))"
1452,"((2, 10), (8, 14))","(np.float64(0.0682668310801112), np.float64(0.03533809462948766))","(np.float64(130.28179540908772), np.float64(193.78475263907492))"
1453,"((2, 17), (7, 13), (13, 18))","(np.float64(0.10907485180308531), np.float64(0.07842920508374211), np.float64(0.12645219170825128))","(np.float64(102.26964775729245), np.float64(249.3725476990781), np.float64(188.58317412915528))"
1454,"((4, 15), (5, 14), (7, 15), (8, 18), (2, 12))","(np.float64(0.13244654691961807), np.float64(0.0881977739758924), np.float64(0.06780857396802625), np.float64(0.14276963624714842), np.float64(0.14750731061826197))","(np.float64(324.67779313371335), np.float64(149.75288330001334), np.float64(80.41204289231291), np.float64(164.02484794728522), np.float64(265.61208258239503))"
1455,"((1, 17), (4, 10))","(np.float64(0.1492264553741151), np.float64(0.12515671731567526))","(np.float64(207.95612442196122), np.float64(49.43070978985304))"
1456,"((1, 12), (5, 16), (12, 16), (3, 11))","(np.float64(0.13065701999662108), np.float64(0.11513923760905417), np.float64(0.1361986322443352), np.float64(0.12544272946157806))","(np.float64(72.21330779631042), np.float64(188.25575807953794), np.float64(347.97182859343195), np.float64(34.98224095223248))"
1457,"((3, 15), (3, 19), (5, 15), (8, 13), (15, 19))","(np.float64(0.09791071177923309), np.float64(0.13703833189943326), np.float64(0.12108239221246843), np.float64(0.11612091835677177), np.float64(0.07842844398717734))","(np.float64(197.99599225840944), np.float64(232.11816563096076), np.float64(295.81875470046805), np.float64(58.40308818463003), np.float64(276.5706310083803))"
1458,"((2, 3), (13, 19), (9, 19))","(np.float64(0.14751467933403892), np.float64(0.10040184952584622), np.float64(0.1372256120051814))","(np.float64(287.6841421340861), np.float64(107.09224963064632), np.float64(23.99942040273174))"
1460,"((15, 18),)","(np.float64(0.12289981957456511),)","(np.float64(171.86692190594124),)"
1461,"((1, 4), (4, 7))","(np.float64(0.08368532387830567), np.float64(0.14914812121650153))","(np.float64(331.3609005332548), np.float64(276.71439320470336))"
1462,"((2, 19),)","(np.float64(0.09494349899808237),)","(np.float64(346.01188570406697),)"
1464,"((3, 11), (8, 16))","(np.float64(0.10518310732705442), np.float64(0.1478270655564651))","(np.float64(96.59214574150167), np.float64(299.9245874776166))"
1465,"((0, 8),)","(np.float64(0.1481257013081956),)","(np.float64(0.7066222930782828),)"
1466,"((5, 13), (7, 13), (8, 18))","(np.float64(0.14912648906427345), np.float64(0.011900245118669961), np.float64(0.09941518749695857))","(np.float64(210.11660943055503), np.float64(316.1030613442684), np.float64(166.67991350646858))"
1467,"((0, 16), (3, 10), (12, 16))","(np.float64(0.09755924501018784), np.float64(0.10677200112558788), np.float64(0.11281065681444154))","(np.float64(298.8742241573355), np.float64(252.96664884255637), np.float64(177.53134798696527))"
1468,"((2, 13), (12, 15), (3, 11), (3, 10))","(np.float64(0.11580571274746874), np.float64(0.04925662736083702), np.float64(0.14977081619023375), np.float64(0.14468273525943162))","(np.float64(119.99287779163194), np.float64(199.79430917766032), np.float64(347.64382902590523), np.float64(250.76713249640653))"
1470,"((1, 16),)","(np.float64(0.14418616553472022),)","(np.float64(166.56548553607112),)"
1471,"((12, 17),)","(np.float64(0.13599532452322838),)","(np.float64(351.3462889067495),)"
1473,"((2, 10), (5, 15), (13, 18), (1, 10))","(np.float64(0.12327004032439756), np.float64(0.14856091424839968), np.float64(0.13652162079545777), np.float64(0.13851223731520795))","(np.float64(54.81617454356608), np.float64(22.750615496299385), np.float64(260.2952133682776), np.float64(278.9761317689193))"
1475,"((4, 11), (5, 10), (4, 15), (10, 15))","(np.float64(0.1347812448525073), np.float64(0.14283134193698938), np.float64(0.10444765811130476), np.float64(0.09022157894517939))","(np.float64(128.09706552385998), np.float64(7.6898428044130185), np.float64(78.63509660610416), np.float64(108.9758049769727))"
1476,"((0, 10), (1, 17), (4, 14), (4, 11))","(np.float64(0.14582568725659756), np.float64(0.08099172162510718), np.float64(0.11599826833247069), np.float64(0.13918485383958357))","(np.float64(181.80696815832846), np.float64(239.71064382857037), np.float64(244.5483198313661), np.float64(240.87289372492242))"
1478,"((1, 3), (5, 13), (3, 14))","(np.float64(0.11224767496594894), np.float64(0.0962448575132527), np.float64(0.1277949966225993))","(np.float64(301.62305086552715), np.float64(47.20905282971195), np.float64(254.2437510094867))"
1479,"((2, 8), (17, 18))","(np.float64(0.07903797717777943), np.float64(0.14385636643211072))","(np.float64(271.2854602944507), np.float64(147.3311303432643))"
1480,"((1, 6), (10, 12))","(np.float64(0.09578368187101872), np.float64(0.023226337260183826))","(np.float64(290.9846837918852), np.float64(76.55291483129554))"
1481,"((7, 9),)","(np.float64(0.142288356734999),)","(np.float64(336.72492722872505),)"
1482,"((10, 17), (13, 19), (10, 16), (2, 17))","(np.float64(0.024514082771118946), np.float64(0.14971092388152973), np.float64(0.13193295732587956), np.float64(0.14536659544971633))","(np.float64(164.34973111981307), np.float64(28.53688679484107), np.float64(85.52671438384111), np.float64(220.86977209542601))"
1483,"((0, 14),)","(np.float64(0.10952147278527408),)","(np.float64(137.14775327188292),)"
1484,"((2, 17), (1, 10))","(np.float64(0.14848472422489337), np.float64(0.14497888726311764))","(np.float64(44.529290178771184), np.float64(282.1121278656971))"
1485,"((5, 18), (6, 18), (4, 9))","(np.float64(0.1178896604738804), np.float64(0.06936802025685578), np.float64(0.11405869192028865))","(np.float64(272.23795718870355), np.float64(73.34442153881982), np.float64(246.02695951660428))"
1486,"((4, 12),)","(np.float64(0.1478475019684874),)","(np.float64(193.16117150803768),)"
1487,"((0, 8), (8, 16), (14, 15), (2, 12))","(np.float64(0.11527645599091275), np.float64(0.11015465545142279), np.float64(0.12938925164009352), np.float64(0.13916883781647293))","(np.float64(326.9603673426793), np.float64(329.09448410981213), np.float64(341.15394457074757), np.float64(352.62878462838023))"
1488,"((1, 17), (8, 14))","(np.float64(0.09153664526620836), np.float64(0.10578343106829327))","(np.float64(69.72064694693705), np.float64(17.443285121003218))"
1489,"((2, 3),)","(np.float64(0.14425549630131082),)","(np.float64(130.91068449154335),)"
1490,"((2, 12), (9, 13))","(np.float64(0.0903274738013033), np.float64(0.11292793787927508))","(np.float64(194.95314525277615), np.float64(147.5681388002041))"
1491,"((0, 11), (0, 18), (3, 8), (0, 12))","(np.float64(0.04247450160563038), np.float64(0.11461919640200541), np.float64(0.070724474520502), np.float64(0.13230894042482627))","(np.float64(275.57897839692146), np.float64(106.72861171238875), np.float64(297.91394051322686), np.float64(191.41700497744583))"
1492,"((9, 16), (11, 15), (15, 19))","(np.float64(0.14273227153465196), np.float64(0.06979521827893716), np.float64(0.1399538158798114))","(np.float64(71.42272844199624), np.float64(106.07305067324651), np.float64(140.96969175094702))"
1493,"((9, 11),)","(np.float64(0.14538111103464899),)","(np.float64(150.39031936411595),)"
1495,"((2, 9), (2, 3), (3, 19))","(np.float64(0.06507988668710295), np.float64(0.1145623737643314), np.float64(0.1478764858480017))","(np.float64(68.82306484108913), np.float64(175.8650260916402), np.float64(342.745285888575))"
1496,"((3, 5), (13, 15))","(np.float64(0.14994415035739778), np.float64(0.14266115790540082))","(np.float64(91.36952920632349), np.float64(321.103857853054))"
1497,"((6, 10), (8, 10), (8, 15))","(np.float64(0.09471404029011486), np.float64(0.015431006267829535), np.float64(0.13027429075906405))","(np.float64(54.979497778829824), np.float64(13.98033595457173), np.float64(147.13598844628086))"
1499,"((0, 6), (3, 12), (5, 17), (6, 16), (10, 15), (7, 15))","(np.float64(0.06635957521269255), np.float64(0.09379090108079122), np.float64(0.13683184939458196), np.float64(0.12839638674952483), np.float64(0.13558646637586316), np.float64(0.13140949195049412))","(np.float64(194.059209810723), np.float64(106.51724029875473), np.float64(110.35111850931132), np.float64(191.7584147179822), np.float64(82.54420078156234), np.float64(253.65023882471834))"
1500,"((7, 18), (9, 15))","(np.float64(0.1285912120725324), np.float64(0.14077822945770838))","(np.float64(197.2417862336227), np.float64(313.0018885250242))"
1501,"((0, 9), (6, 15), (9, 10), (7, 13))","(np.float64(0.08059033386454938), np.float64(0.1259946962095057), np.float64(0.13718277453612396), np.float64(0.13409086086312416))","(np.float64(218.0282825221053), np.float64(179.0189193116446), np.float64(233.44699754076646), np.float64(210.09577160426005))"
1505,"((6, 12),)","(np.float64(0.14606536959156116),)","(np.float64(126.11057987713501),)"
1506,"((3, 10), (6, 14))","(np.float64(0.06771609210488123), np.float64(0.0864399705888618))","(np.float64(334.35765297596015), np.float64(78.58578934738829))"
1507,"((4, 12),)","(np.float64(0.1407949587168592),)","(np.float64(298.8109128487554),)"
1508,"((1, 2),)","(np.float64(0.14456504376338583),)","(np.float64(250.7742530452806),)"
1509,"((1, 16),)","(np.float64(0.1138711686317649),)","(np.float64(57.76187525052915),)"
1510,"((1, 14),)","(np.float64(0.13692402774743265),)","(np.float64(234.57274470802855),)"
1511,"((1, 3), (1, 18), (3, 18), (10, 17), (4, 19))","(np.float64(0.0858725893532956), np.float64(0.11942826050277792), np.float64(0.07106157668611397), np.float64(0.1320896765166348), np.float64(0.11935819167100709))","(np.float64(67.09215484652026), np.float64(103.12328121863321), np.float64(148.4256869990102), np.float64(237.86028396812793), np.float64(29.183283761461546))"
1512,"((0, 15), (7, 19), (7, 9))","(np.float64(0.14997505683787352), np.float64(0.14258321248572597), np.float64(0.14292566489849332))","(np.float64(139.78925197909507), np.float64(207.96396337618845), np.float64(211.13871977319957))"
1513,"((0, 6), (4, 5), (4, 14))","(np.float64(0.09736827442869876), np.float64(0.11726895858659428), np.float64(0.1059776409961172))","(np.float64(332.77827156778994), np.float64(30.05015127088739), np.float64(169.88400538804706))"
1514,"((6, 7), (9, 19))","(np.float64(0.14196135856779113), np.float64(0.034702231303221594))","(np.float64(250.8294823762422), np.float64(12.070830834692652))"
1515,"((0, 7), (5, 17), (9, 13), (9, 17), (13, 17), (4, 12), (7, 12), (0, 11), (4, 10), (0, 9))","(np.float64(0.08853590041005749), np.float64(0.1047643768211555), np.float64(0.12961199152023742), np.float64(0.11312151314922668), np.float64(0.13917421533080448), np.float64(0.1489488579760471), np.float64(0.11315624179541438), np.float64(0.13415253456660708), np.float64(0.08806381718343903), np.float64(0.13863378496980638))","(np.float64(206.9941425316912), np.float64(324.6439029161528), np.float64(252.29594301983187), np.float64(155.8578151272545), np.float64(145.614771936748), np.float64(26.985234194963226), np.float64(230.55267655597524), np.float64(292.0075262353171), np.float64(190.66658860921336), np.float64(289.85305387607997))"
1516,"((9, 14),)","(np.float64(0.1409006921142708),)","(np.float64(76.2902712052436),)"
1517,"((0, 5),)","(np.float64(0.12672060086684916),)","(np.float64(280.400067166672),)"
1518,"((0, 17), (3, 18), (5, 9), (6, 11), (7, 10), (12, 17))","(np.float64(0.07393648980576586), np.float64(0.10660225042326618), np.float64(0.1094746134754998), np.float64(0.04682372377919622), np.float64(0.12876099728149154), np.float64(0.14001614877219848))","(np.float64(338.97783676888236), np.float64(327.35101628644964), np.float64(2.1627972996337546), np.float64(164.28870674496454), np.float64(140.10272610059707), np.float64(13.239907920954991))"
1520,"((14, 18),)","(np.float64(0.11993384680614579),)","(np.float64(214.570442744503),)"
1521,"((0, 7),)","(np.float64(0.08426052360337175),)","(np.float64(1.3764722694964426),)"
1522,"((6, 13), (1, 12))","(np.float64(0.11881914298500593), np.float64(0.0863629823339245))","(np.float64(75.70796922489227), np.float64(154.42026680593642))"
1523,"((0, 2), (1, 16))","(np.float64(0.11946313258131465), np.float64(0.12469265701884363))","(np.float64(3.1233562756856132), np.float64(41.22830829368148))"
1524,"((2, 17), (5, 15))","(np.float64(0.04449169377187008), np.float64(0.14407177683856776))","(np.float64(246.44049588129832), np.float64(224.66547656937715))"
1525,"((1, 3), (3, 11))","(np.float64(0.1402766844452743), np.float64(0.14945816247761898))","(np.float64(113.39215218539957), np.float64(239.68949797641233))"
1526,"((0, 14), (1, 11), (6, 19), (8, 11), (7, 11))","(np.float64(0.054017854230917255), np.float64(0.14403400253361315), np.float64(0.03223897104431013), np.float64(0.04603158157072264), np.float64(0.11317317231404217))","(np.float64(8.883238948935414), np.float64(67.48859609417697), np.float64(169.1357661339356), np.float64(249.48436177139342), np.float64(354.52571350618825))"
1527,"((2, 4), (3, 7), (8, 15))","(np.float64(0.13867198323929625), np.float64(0.08796336967349541), np.float64(0.06679589041956059))","(np.float64(51.12694090131995), np.float64(293.83963717933733), np.float64(6.509204158190028))"
1528,"((1, 13), (5, 15), (10, 15))","(np.float64(0.1416767056990256), np.float64(0.09782552181874095), np.float64(0.12720388700562973))","(np.float64(48.36075227000744), np.float64(337.3447586921061), np.float64(119.55207791595315))"
1529,"((0, 18), (3, 19), (4, 9), (6, 13), (0, 6), (9, 18))","(np.float64(0.046222362344033964), np.float64(0.12305009676028603), np.float64(0.10671679968623096), np.float64(0.024489289191503238), np.float64(0.07214231796157045), np.float64(0.14243059737552394))","(np.float64(86.74172062368932), np.float64(305.2464964018418), np.float64(227.1813659869756), np.float64(260.11566632233854), np.float64(321.9169220968186), np.float64(207.5162745868425))"
1530,"((6, 17), (10, 13))","(np.float64(0.07390501583718212), np.float64(0.1426669572038203))","(np.float64(279.64060522866555), np.float64(20.023451778623595))"
1531,"((1, 11), (1, 19), (6, 17), (7, 15), (11, 19), (4, 8), (8, 18))","(np.float64(0.14163675791947472), np.float64(0.03472653195987243), np.float64(0.1433129233184792), np.float64(0.14839959395928948), np.float64(0.12604701709935795), np.float64(0.05851525732208644), np.float64(0.12973097966919037))","(np.float64(3.930746388348028), np.float64(60.78235698555803), np.float64(146.97680438606776), np.float64(241.44495091380008), np.float64(170.59468845114748), np.float64(334.4860877386199), np.float64(315.07250589359745))"
1532,"((3, 4), (5, 13))","(np.float64(0.11741406339580987), np.float64(0.1360217475380325))","(np.float64(256.29732725100337), np.float64(5.104263269858878))"
1533,"((1, 3), (5, 6), (7, 10), (6, 13))","(np.float64(0.0884128123709354), np.float64(0.14640050074718597), np.float64(0.09961200188655286), np.float64(0.13620133502693207))","(np.float64(207.91485384300523), np.float64(7.633330632930167), np.float64(158.35105199919298), np.float64(14.340470037273514))"
1535,"((13, 16), (14, 16))","(np.float64(0.13020714640306272), np.float64(0.12404651353225742))","(np.float64(183.7185326076588), np.float64(3.467449666704965))"
1536,"((1, 17), (17, 18))","(np.float64(0.12598996427528897), np.float64(0.1266377769134571))","(np.float64(30.02173266471894), np.float64(41.79372825585459))"
1537,"((3, 19), (5, 11), (12, 17))","(np.float64(0.12788589160115937), np.float64(0.07564490412468358), np.float64(0.10586766500381405))","(np.float64(340.58962451600297), np.float64(126.114385239124), np.float64(163.03713542767287))"
1539,"((1, 13),)","(np.float64(0.10266575551340026),)","(np.float64(314.59353844685563),)"
1540,"((11, 12), (12, 19), (7, 14), (14, 18), (7, 18), (7, 12), (2, 18))","(np.float64(0.11381499317520785), np.float64(0.1425153021714508), np.float64(0.13718943275298826), np.float64(0.13610054821418005), np.float64(0.14119734590174815), np.float64(0.12430080839740035), np.float64(0.1485010452138534))","(np.float64(324.9941927939383), np.float64(26.749554239422718), np.float64(306.52319110613536), np.float64(116.22724187884354), np.float64(112.73357665122819), np.float64(287.4125012365579), np.float64(320.18013753765774))"
1541,"((8, 14), (17, 19), (8, 13))","(np.float64(0.0582746402687865), np.float64(0.12426792199752677), np.float64(0.13432863024653913))","(np.float64(193.0259683617096), np.float64(246.0667398019343), np.float64(84.23809649061236))"
1542,"((0, 1),)","(np.float64(0.13727099374571874),)","(np.float64(135.8655823062878),)"
1543,"((7, 15), (10, 16), (14, 18), (9, 15), (6, 15), (3, 12))","(np.float64(0.13264343032266157), np.float64(0.10355498411502999), np.float64(0.13095460888805327), np.float64(0.14125907093876997), np.float64(0.135631455381697), np.float64(0.14020408540818996))","(np.float64(79.26605312209796), np.float64(32.705712276803965), np.float64(264.5658667598498), np.float64(308.7894918953023), np.float64(305.0031797320257), np.float64(247.33931695810082))"
1544,"((2, 8), (5, 16))","(np.float64(0.14991146605724284), np.float64(0.06479908682941414))","(np.float64(276.4853243886023), np.float64(320.5826224400348))"
1545,"((0, 11), (16, 17), (18, 19), (0, 17), (2, 17))","(np.float64(0.14552049076218668), np.float64(0.05975883462433142), np.float64(0.08259078567984227), np.float64(0.107706986789866), np.float64(0.14343930342796243))","(np.float64(344.9959140124918), np.float64(337.14050821662056), np.float64(245.67133233911912), np.float64(300.7489361222557), np.float64(305.7364937673346))"
1546,"((0, 14),)","(np.float64(0.1386171437951553),)","(np.float64(227.76351845334761),)"
1547,"((0, 3), (12, 19), (0, 16))","(np.float64(0.05946778606649755), np.float64(0.0868577395902864), np.float64(0.1289982658891761))","(np.float64(277.6729303793678), np.float64(157.0699787725891), np.float64(340.70142455524865))"
1551,"((6, 13), (10, 15))","(np.float64(0.06605205101752298), np.float64(0.14731464230355787))","(np.float64(232.31083191086293), np.float64(98.38883032617284))"
1552,"((9, 18), (0, 9))","(np.float64(0.14046007185927573), np.float64(0.13774192414219433))","(np.float64(177.35344985184236), np.float64(357.24441241205636))"
1553,"((1, 15), (10, 17), (12, 14), (6, 11))","(np.float64(0.08176416923326493), np.float64(0.13695595517956954), np.float64(0.06701340734863494), np.float64(0.0901688095158224))","(np.float64(71.39450232102313), np.float64(263.1405693033211), np.float64(162.7120557808482), np.float64(339.0256743441703))"
1554,"((5, 16), (6, 13), (8, 12))","(np.float64(0.13482797113564077), np.float64(0.08718487270702283), np.float64(0.12947188193931308))","(np.float64(62.65037369505453), np.float64(207.65994770395278), np.float64(192.61918564241788))"
1555,"((8, 18), (9, 17))","(np.float64(0.1315598768241368), np.float64(0.12452902262761732))","(np.float64(175.08016501646543), np.float64(26.316808259255406))"
1556,"((1, 7), (2, 10), (14, 17))","(np.float64(0.06329260660105523), np.float64(0.0816590935362316), np.float64(0.12038996548474117))","(np.float64(73.00942657392179), np.float64(61.80013520081676), np.float64(180.1686731746513))"
1557,"((5, 11),)","(np.float64(0.14542221894981452),)","(np.float64(14.184464806304632),)"
1558,"((11, 12), (7, 18), (0, 13), (0, 10))","(np.float64(0.142520699843821), np.float64(0.14914406523305704), np.float64(0.145917909968216), np.float64(0.14980051054315877))","(np.float64(67.22464678570087), np.float64(163.65775052564754), np.float64(322.3771255254297), np.float64(335.5581074332471))"
1559,"((1, 9),)","(np.float64(0.1282581408404795),)","(np.float64(147.2570616413342),)"
1560,"((3, 18), (4, 16))","(np.float64(0.13019068102642561), np.float64(0.1022037825624263))","(np.float64(235.71524107849882), np.float64(195.37863758701405))"
1561,"((0, 18), (4, 19), (5, 15))","(np.float64(0.11554391851786809), np.float64(0.13534352757012832), np.float64(0.14725251411475415))","(np.float64(342.23479291696043), np.float64(74.28430883699085), np.float64(225.9079388138498))"
1562,"((13, 18),)","(np.float64(0.1432727167335959),)","(np.float64(309.6842822063277),)"
1563,"((16, 17),)","(np.float64(0.098497789102687),)","(np.float64(116.3239033009714),)"
1564,"((1, 6), (14, 18))","(np.float64(0.02417803669876865), np.float64(0.11248160640766099))","(np.float64(49.254063400811106), np.float64(128.1224435543259))"
1567,"((1, 4), (15, 19), (7, 16))","(np.float64(0.11389520934802143), np.float64(0.08638386983949721), np.float64(0.14914007490082562))","(np.float64(277.9171415875806), np.float64(215.66621453340753), np.float64(85.77034652077664))"
1570,"((10, 12),)","(np.float64(0.12573950426004674),)","(np.float64(335.60142009642516),)"
1571,"((10, 18),)","(np.float64(0.09616336712981009),)","(np.float64(162.45178202310183),)"
1572,"((2, 13),)","(np.float64(0.024047324243948523),)","(np.float64(248.93259949116754),)"
1573,"((7, 14), (10, 19))","(np.float64(0.017364189745842525), np.float64(0.13253080704049894))","(np.float64(226.50519970453857), np.float64(12.281783394731251))"
1574,"((1, 17), (3, 13), (3, 17), (1, 3))","(np.float64(0.13495487967343978), np.float64(0.05297800949397963), np.float64(0.07077307165279349), np.float64(0.13256622324211254))","(np.float64(286.93834444748575), np.float64(348.22816453013724), np.float64(358.65938416652637), np.float64(255.3649894164045))"
1575,"((13, 16), (3, 7))","(np.float64(0.09723689277157685), np.float64(0.12762054862301772))","(np.float64(254.30553223420844), np.float64(309.43010625918396))"
1576,"((1, 4), (9, 14), (1, 13))","(np.float64(0.10642912141225055), np.float64(0.14277836801437163), np.float64(0.14397913389737566))","(np.float64(206.48425420440074), np.float64(326.83314799254043), np.float64(317.73653210549463))"
1577,"((0, 11), (2, 5), (7, 12), (7, 15))","(np.float64(0.11364692649368092), np.float64(0.10716836432831302), np.float64(0.0799460710480125), np.float64(0.14365028144814657))","(np.float64(296.51783165639495), np.float64(326.8811216028234), np.float64(261.4094028030011), np.float64(59.587070101969154))"
1578,"((8, 11),)","(np.float64(0.1356284099300966),)","(np.float64(241.04762088665774),)"
1579,"((0, 14), (2, 16))","(np.float64(0.049269981339364104), np.float64(0.14241562727523405))","(np.float64(260.75441935635155), np.float64(331.96913162352945))"
1580,"((2, 16),)","(np.float64(0.13073887748634372),)","(np.float64(241.26670317846416),)"
1581,"((6, 13),)","(np.float64(0.1030195627742524),)","(np.float64(265.5199277786229),)"
1583,"((4, 15), (9, 17))","(np.float64(0.08562344196584702), np.float64(0.14821380120849412))","(np.float64(158.28074636099447), np.float64(112.74626678766921))"
1584,"((5, 12), (5, 11))","(np.float64(0.08538504694222313), np.float64(0.02199609897328863))","(np.float64(283.78781539983396), np.float64(349.06660032421))"
1585,"((3, 17), (14, 19))","(np.float64(0.1435125692450725), np.float64(0.029784969502281423))","(np.float64(199.70410815756338), np.float64(328.0160256138414))"
1586,"((0, 9), (5, 11), (8, 10))","(np.float64(0.13061096302134548), np.float64(0.12383593079625753), np.float64(0.09750356808139356))","(np.float64(352.944948385719), np.float64(281.78948393830143), np.float64(124.63832044032156))"
1587,"((1, 6), (5, 18), (6, 11))","(np.float64(0.07911748435429203), np.float64(0.040552613930971655), np.float64(0.14363768982239253))","(np.float64(94.51798266377271), np.float64(243.1039530774229), np.float64(289.8111025904708))"
1588,"((7, 12), (7, 19), (12, 19))","(np.float64(0.04280663739510273), np.float64(0.14699565410244142), np.float64(0.13757082072668064))","(np.float64(271.52958119067927), np.float64(10.720203069288843), np.float64(57.53573555177376))"
1589,"((8, 19), (1, 11))","(np.float64(0.04605893406422405), np.float64(0.132771252790476))","(np.float64(131.79694952557742), np.float64(8.868756103613757))"
1591,"((3, 14),)","(np.float64(0.1313364536227333),)","(np.float64(298.90396684685817),)"
1592,"((1, 8), (2, 17), (9, 16), (11, 19), (2, 14), (6, 9))","(np.float64(0.13273003323337593), np.float64(0.08085837792216014), np.float64(0.1357982128337971), np.float64(0.14477978513432782), np.float64(0.08422060476454135), np.float64(0.13501862808487336))","(np.float64(296.3419037391005), np.float64(200.3939622962662), np.float64(333.9788718334668), np.float64(75.17195620470761), np.float64(181.25518309060467), np.float64(206.6215842377663))"
1593,"((6, 7), (8, 10), (10, 19), (11, 15))","(np.float64(0.04325286053040528), np.float64(0.06057639801541459), np.float64(0.12767659025262684), np.float64(0.06176444354498732))","(np.float64(147.04465840341862), np.float64(228.78064838008177), np.float64(252.57556910474972), np.float64(307.7977660607897))"
1594,"((3, 12), (7, 12))","(np.float64(0.12905192104995258), np.float64(0.14510265143530354))","(np.float64(162.19253363360485), np.float64(339.43466689158356))"
1595,"((6, 14), (6, 16))","(np.float64(0.13154281080304359), np.float64(0.14658992734464682))","(np.float64(265.58654568746283), np.float64(351.1527490577111))"
1596,"((1, 12), (2, 3), (8, 13))","(np.float64(0.12798436871846225), np.float64(0.05055718456354777), np.float64(0.11816783774987655))","(np.float64(260.2331878551981), np.float64(174.35084463264954), np.float64(145.6676573479696))"
1597,"((0, 7),)","(np.float64(0.09799932712666515),)","(np.float64(331.32916860518526),)"
1598,"((10, 17),)","(np.float64(0.008442062255082929),)","(np.float64(251.4148778747731),)"
1599,"((0, 2), (5, 8), (5, 11), (9, 16))","(np.float64(0.1445874670701294), np.float64(0.13983855008874724), np.float64(0.1381091954058807), np.float64(0.08127639939392338))","(np.float64(34.1559712494179), np.float64(124.00659189076477), np.float64(321.69617579167556), np.float64(104.65925313411994))"
1600,"((5, 17), (9, 18), (1, 9))","(np.float64(0.1251605921500765), np.float64(0.11966700388409779), np.float64(0.12853121230120082))","(np.float64(158.13497111396387), np.float64(33.61211011658286), np.float64(185.07107514989593))"
1601,"((8, 18), (9, 10), (13, 18))","(np.float64(0.14608857382812704), np.float64(0.10984928645113258), np.float64(0.13618498104574706))","(np.float64(222.25192696514688), np.float64(355.06975504290443), np.float64(108.63896048227147))"
1602,"((9, 14),)","(np.float64(0.14697313901115275),)","(np.float64(324.6382819764452),)"
1603,"((1, 18), (7, 17), (11, 17), (11, 19), (17, 19), (7, 13))","(np.float64(0.08890855736231733), np.float64(0.13240496276641014), np.float64(0.08906646082301709), np.float64(0.10649325271704259), np.float64(0.12915514330593822), np.float64(0.05090445889825066))","(np.float64(251.72809837055001), np.float64(159.68310257048222), np.float64(355.85998298820414), np.float64(220.6739629344745), np.float64(209.2173089825145), np.float64(273.9702979750696))"
1604,"((2, 19), (3, 11))","(np.float64(0.10360698530800014), np.float64(0.13471436313536747))","(np.float64(311.09822563845387), np.float64(274.9346363831776))"
1605,"((1, 6), (2, 4), (2, 11), (5, 18), (6, 12), (8, 14), (12, 18))","(np.float64(0.11732328050748858), np.float64(0.08938625893115021), np.float64(0.11132841464826854), np.float64(0.11586034319785248), np.float64(0.12314163878634801), np.float64(0.14188611838759277), np.float64(0.09670376243859731))","(np.float64(96.14332001379448), np.float64(345.8855239269076), np.float64(100.75547776540334), np.float64(180.8317077273897), np.float64(99.39830244920158), np.float64(138.00710937527512), np.float64(95.32250945598699))"
1606,"((5, 8), (5, 17), (8, 17), (13, 17))","(np.float64(0.06118607594548828), np.float64(0.12572815096976925), np.float64(0.04965244699397837), np.float64(0.14914856826298187))","(np.float64(266.3216969720807), np.float64(165.0452412662623), np.float64(67.78085893217622), np.float64(224.83086474907861))"
1607,"((13, 16), (14, 17), (6, 15))","(np.float64(0.1401057328729559), np.float64(0.09412461665789978), np.float64(0.14843822943097326))","(np.float64(292.3877909999976), np.float64(85.48532398302102), np.float64(359.9709048716734))"
1608,"((0, 2), (0, 9), (2, 9))","(np.float64(0.12700780436232), np.float64(0.10345374441324016), np.float64(0.02117479753479852))","(np.float64(299.15511626124385), np.float64(268.03452471339494), np.float64(155.0655132160662))"
1610,"((1, 6), (2, 15))","(np.float64(0.0669062133627921), np.float64(0.1473118018814379))","(np.float64(349.71675403334825), np.float64(69.52486335516883))"
1613,"((0, 1), (3, 14))","(np.float64(0.08568684934846467), np.float64(0.06582906924551951))","(np.float64(106.11525894285968), np.float64(222.91359321632945))"
1614,"((7, 8), (12, 17))","(np.float64(0.0924083396757332), np.float64(0.11791649640399178))","(np.float64(70.86377101788275), np.float64(335.10294372530996))"
1617,"((9, 12), (9, 18), (10, 15), (7, 10))","(np.float64(0.1308567641440705), np.float64(0.137026445478091), np.float64(0.09113518106338109), np.float64(0.08389115633007244))","(np.float64(173.89280927735078), np.float64(257.0676358160297), np.float64(161.5652804905173), np.float64(336.8655453878725))"
1619,"((0, 13),)","(np.float64(0.10300836682135737),)","(np.float64(302.7845614048572),)"
1621,"((0, 7), (3, 14))","(np.float64(0.07573162731243309), np.float64(0.148981764512221))","(np.float64(23.28750491139477), np.float64(261.70025044272325))"
1622,"((5, 19),)","(np.float64(0.14887616820170244),)","(np.float64(95.01869694576494),)"
1623,"((6, 15), (8, 12), (3, 18))","(np.float64(0.035506018398551734), np.float64(0.1175587638431165), np.float64(0.14421484529310963))","(np.float64(26.05954003834014), np.float64(159.6287771574949), np.float64(307.0164612082429))"
1625,"((4, 5), (11, 19))","(np.float64(0.08476037443524323), np.float64(0.08882810835249656))","(np.float64(114.14839609475806), np.float64(169.35885841067204))"
1626,"((1, 11),)","(np.float64(0.14664789991306923),)","(np.float64(287.6450909665285),)"
1627,"((1, 10), (3, 9), (3, 17))","(np.float64(0.1477391476171413), np.float64(0.1426729938364772), np.float64(0.11345298227209225))","(np.float64(303.3312082483673), np.float64(183.94976520693058), np.float64(2.071049173471912))"
1628,"((0, 1),)","(np.float64(0.14198631532118566),)","(np.float64(209.06007464055995),)"
1629,"((4, 12), (12, 14))","(np.float64(0.11753709422980162), np.float64(0.1379091613309533))","(np.float64(114.66346115680973), np.float64(102.31196699689386))"
1630,"((1, 10), (5, 17))","(np.float64(0.05896748115210083), np.float64(0.14220344120647763))","(np.float64(287.46426619549317), np.float64(63.859211886824426))"
1631,"((8, 14),)","(np.float64(0.1428969552932482),)","(np.float64(3.852601184802492),)"
1632,"((0, 4), (1, 11))","(np.float64(0.08387222533067443), np.float64(0.1465391918168693))","(np.float64(40.13345167102921), np.float64(305.8239995337182))"
1633,"((13, 16),)","(np.float64(0.10353067284154355),)","(np.float64(105.14042614739951),)"
1634,"((2, 3),)","(np.float64(0.11464379872124615),)","(np.float64(93.01020687827375),)"
1635,"((1, 11), (0, 12))","(np.float64(0.13193976143085992), np.float64(0.12828956492325963))","(np.float64(319.77005001211995), np.float64(329.3318712304703))"
1636,"((9, 12), (15, 17))","(np.float64(0.11544627095042627), np.float64(0.0922327766485906))","(np.float64(245.1294947180051), np.float64(14.068584447011709))"
1637,"((12, 14),)","(np.float64(0.11015717862298753),)","(np.float64(36.801797745845576),)"
1638,"((8, 14), (10, 13), (8, 13))","(np.float64(0.09735904280091678), np.float64(0.12632426315143), np.float64(0.05853490516167445))","(np.float64(138.4799821737687), np.float64(25.225052008916727), np.float64(351.8862507964873))"
1639,"((0, 5),)","(np.float64(0.14729592724091883),)","(np.float64(230.08494265892614),)"
1640,"((2, 6), (10, 14))","(np.float64(0.06531733660847862), np.float64(0.044533642360240974))","(np.float64(44.74189809608465), np.float64(297.65356549651636))"
1641,"((0, 7),)","(np.float64(0.11571819184764844),)","(np.float64(264.4531593549544),)"
1642,"((11, 18),)","(np.float64(0.149497269192854),)","(np.float64(99.05098783899275),)"
1643,"((8, 10),)","(np.float64(0.14918389420039257),)","(np.float64(305.47391450874466),)"
1644,"((12, 17),)","(np.float64(0.09572089104435842),)","(np.float64(47.77364661925532),)"
1646,"((2, 5), (14, 17), (11, 14), (0, 9), (10, 18))","(np.float64(0.047148830305325205), np.float64(0.1435332478355605), np.float64(0.11012749939590065), np.float64(0.1423991685481209), np.float64(0.14958111076983818))","(np.float64(322.14983935922464), np.float64(31.441356945013005), np.float64(89.21623772860528), np.float64(151.49391567117692), np.float64(313.71760294863196))"
1647,"((4, 15),)","(np.float64(0.11499106402441091),)","(np.float64(255.4779770944141),)"
1648,"((5, 11), (0, 15))","(np.float64(0.10661831153896463), np.float64(0.1325679148871163))","(np.float64(9.686221081536713), np.float64(138.22154448270913))"
1649,"((3, 10),)","(np.float64(0.08005375475543414),)","(np.float64(194.2314560536904),)"
1650,"((3, 12), (5, 14))","(np.float64(0.09026341244850465), np.float64(0.07868202537495804))","(np.float64(143.08427179995002), np.float64(229.1749236794299))"
1651,"((8, 19),)","(np.float64(0.11498275791118806),)","(np.float64(284.4866709486836),)"
1652,"((7, 10), (0, 13), (13, 17), (2, 13))","(np.float64(0.012019149103312627), np.float64(0.14099827696743053), np.float64(0.11291112382566165), np.float64(0.09002169447738637))","(np.float64(251.74318870922806), np.float64(325.21421775390417), np.float64(319.299731839095), np.float64(200.23395716848847))"
1653,"((9, 13), (3, 6))","(np.float64(0.1451472410822981), np.float64(0.12910646777398674))","(np.float64(16.098218539685053), np.float64(257.86943129036194))"
1656,"((10, 16),)","(np.float64(0.14534644376016279),)","(np.float64(181.56191563070115),)"
1658,"((5, 12), (15, 18), (7, 17))","(np.float64(0.13063255771203788), np.float64(0.13152807902318547), np.float64(0.13039993314264206))","(np.float64(37.52573145289146), np.float64(4.541393441868674), np.float64(322.34485922091017))"
1659,"((2, 8), (3, 16), (7, 11))","(np.float64(0.08469257522053082), np.float64(0.05827543183261717), np.float64(0.07793203338053488))","(np.float64(187.01662607730583), np.float64(61.164146681414024), np.float64(142.58645383695864))"
1660,"((7, 13),)","(np.float64(0.11024314594211043),)","(np.float64(164.29087232025807),)"
1661,"((12, 19),)","(np.float64(0.14628465436868765),)","(np.float64(214.63448199795852),)"
1662,"((4, 19),)","(np.float64(0.14754593088478848),)","(np.float64(51.44106223333136),)"
1663,"((1, 14),)","(np.float64(0.09602565457203881),)","(np.float64(313.62639864273945),)"
1664,"((0, 18), (14, 17))","(np.float64(0.11464897727197583), np.float64(0.11049703838407511))","(np.float64(299.9151063444944), np.float64(292.9398382921689))"
1665,"((1, 16), (4, 8), (6, 14), (17, 18), (8, 16), (6, 18), (5, 17))","(np.float64(0.14630437244766883), np.float64(0.07225663479534557), np.float64(0.11191195840760676), np.float64(0.12103398691364765), np.float64(0.058381210438809165), np.float64(0.1359927986750232), np.float64(0.13006957124270624))","(np.float64(111.57000689100587), np.float64(7.9328984846706785), np.float64(186.7923408567718), np.float64(188.6355258511692), np.float64(170.76770531392165), np.float64(304.8292088805062), np.float64(213.17716293813479))"
1666,"((0, 1), (0, 5), (2, 3), (2, 11), (3, 11), (7, 8), (9, 18))","(np.float64(0.14614978467109865), np.float64(0.025196962181733347), np.float64(0.09595240464698186), np.float64(0.06039271304511714), np.float64(0.043402023225061995), np.float64(0.13010569811270656), np.float64(0.12212798081045771))","(np.float64(166.59704777297628), np.float64(13.130073074507616), np.float64(209.67952510149203), np.float64(190.86568767485235), np.float64(56.34296499803514), np.float64(203.7028360781849), np.float64(84.22304753539467))"
1667,"((9, 13), (14, 18))","(np.float64(0.13641354262800295), np.float64(0.12185627015909482))","(np.float64(191.00760571834317), np.float64(2.6359347588260125))"
1668,"((0, 5), (1, 12), (16, 18), (0, 8), (4, 11))","(np.float64(0.14884952266147802), np.float64(0.03651404285456514), np.float64(0.13665588111830923), np.float64(0.12142546069705616), np.float64(0.10841350386295935))","(np.float64(25.12411896331117), np.float64(86.60796241211573), np.float64(292.5792532453304), np.float64(316.04030960018275), np.float64(316.157129761934))"
1669,"((6, 12), (5, 10))","(np.float64(0.10923970846565594), np.float64(0.14884223156513338))","(np.float64(188.11973951738977), np.float64(257.6258649605099))"
1670,"((7, 8), (9, 19), (5, 15))","(np.float64(0.06675115857292974), np.float64(0.11000338657786594), np.float64(0.14389670179936326))","(np.float64(349.55093842807094), np.float64(220.35823350059542), np.float64(16.351288729415796))"
1671,"((15, 18),)","(np.float64(0.1404135145668582),)","(np.float64(74.66152065720856),)"
1672,"((0, 7), (5, 18), (7, 17), (3, 7), (1, 13))","(np.float64(0.06858013088649512), np.float64(0.08391638805345092), np.float64(0.13295497770087356), np.float64(0.13174875807108577), np.float64(0.14408586975883395))","(np.float64(137.26325717616658), np.float64(293.7850077690169), np.float64(94.74096392345405), np.float64(186.12478164159168), np.float64(220.6924630030665))"
1673,"((1, 7), (6, 13), (10, 16))","(np.float64(0.10460185824860004), np.float64(0.10496434034217154), np.float64(0.09860613146616087))","(np.float64(228.6731290636839), np.float64(115.01042674024428), np.float64(346.93223055799007))"
1674,"((2, 13), (6, 11))","(np.float64(0.12644845373129682), np.float64(0.10358535558020439))","(np.float64(176.30320181030672), np.float64(130.7438349837631))"
1675,"((8, 11), (10, 18))","(np.float64(0.1093507033445126), np.float64(0.11090296098051369))","(np.float64(265.5927809869561), np.float64(23.881509266032428))"
1676,"((2, 8),)","(np.float64(0.08616360410838095),)","(np.float64(166.33215761874152),)"
1677,"((1, 16),)","(np.float64(0.10777668959853826),)","(np.float64(66.50686386606802),)"
1678,"((4, 9), (5, 17), (7, 17))","(np.float64(0.1499089058948055), np.float64(0.10557494917352139), np.float64(0.14301850966256288))","(np.float64(28.776155621044715), np.float64(269.6733027128317), np.float64(322.24906396865265))"
1679,"((2, 4), (3, 4), (7, 12), (9, 19), (3, 15), (1, 5))","(np.float64(0.11170714074731906), np.float64(0.12468821402435097), np.float64(0.07265541039429622), np.float64(0.1438205903522507), np.float64(0.14670961956585338), np.float64(0.13558963281652045))","(np.float64(14.414356742364902), np.float64(150.73982938190545), np.float64(299.4101775707966), np.float64(1.7749923856646648), np.float64(332.4466906708353), np.float64(163.9759911783085))"
1680,"((0, 1), (4, 14))","(np.float64(0.047900001653610025), np.float64(0.11827697567969127))","(np.float64(315.39472876500406), np.float64(185.0734194043544))"
1681,"((3, 16), (17, 19), (8, 16))","(np.float64(0.05610106036466168), np.float64(0.11628395709486077), np.float64(0.14588060995710267))","(np.float64(123.69146773727317), np.float64(221.1337213919251), np.float64(281.86785048133646))"
1682,"((0, 10), (0, 12))","(np.float64(0.08366074818805178), np.float64(0.1276582860100986))","(np.float64(188.19347669460043), np.float64(292.54213499829666))"
1683,"((1, 14),)","(np.float64(0.11583137574501781),)","(np.float64(231.33911800598077),)"
1684,"((0, 18), (3, 8))","(np.float64(0.14716531732948498), np.float64(0.08800144111697586))","(np.float64(104.52475878614536), np.float64(60.829545819834664))"
1685,"((2, 13), (4, 12))","(np.float64(0.12674188668022152), np.float64(0.14361373472898642))","(np.float64(163.53663875831296), np.float64(188.45336516860158))"
1686,"((2, 10),)","(np.float64(0.12304174449653575),)","(np.float64(276.31544544214756),)"
1688,"((0, 8), (0, 13), (1, 16), (7, 10), (7, 19), (8, 13), (10, 19))","(np.float64(0.069310178223306), np.float64(0.10285912936269316), np.float64(0.08402395288997631), np.float64(0.13789870367534443), np.float64(0.13937823112759515), np.float64(0.1345711244113486), np.float64(0.011893266590696571))","(np.float64(323.28498038129175), np.float64(229.10403878973767), np.float64(82.15028133896071), np.float64(165.60741488962526), np.float64(160.72899057333728), np.float64(198.2795480680303), np.float64(80.30825407080621))"
1689,"((12, 17), (7, 17), (9, 14), (3, 18), (9, 18))","(np.float64(0.1266051916524779), np.float64(0.13707253408637574), np.float64(0.14802646692533625), np.float64(0.14262258685061066), np.float64(0.14920678323902362))","(np.float64(253.7471067084717), np.float64(355.34287782094543), np.float64(88.31340271509916), np.float64(319.2360012596577), np.float64(336.9014722154937))"
1690,"((17, 19),)","(np.float64(0.14726883932175133),)","(np.float64(96.16757957533488),)"
1691,"((11, 13),)","(np.float64(0.07179590783306226),)","(np.float64(223.0776313096772),)"
1692,"((14, 15),)","(np.float64(0.11429653149321385),)","(np.float64(77.34953115121696),)"
1694,"((1, 11), (6, 17), (7, 19), (1, 4))","(np.float64(0.09015024086290734), np.float64(0.13518172379049412), np.float64(0.12156305720853285), np.float64(0.14318206610538406))","(np.float64(182.07021684012688), np.float64(40.83000709279915), np.float64(110.96288442570166), np.float64(341.22913191691987))"
1697,"((0, 4), (7, 10))","(np.float64(0.1254039123311604), np.float64(0.0898727765843258))","(np.float64(350.7941773373607), np.float64(337.35217251309615))"
1698,"((1, 13), (11, 18))","(np.float64(0.14861698074263832), np.float64(0.1319491145217675))","(np.float64(282.06704385005344), np.float64(199.9928011432931))"
1700,"((14, 18),)","(np.float64(0.12892604473847036),)","(np.float64(238.86510119840398),)"
1702,"((0, 17), (12, 14), (0, 9), (9, 17))","(np.float64(0.11008428309860896), np.float64(0.14320284175925263), np.float64(0.13077663322828822), np.float64(0.1336976725669989))","(np.float64(16.265525582861816), np.float64(50.998859853253975), np.float64(309.47121934751544), np.float64(80.29219923540983))"
1703,"((3, 17), (12, 17))","(np.float64(0.14829700558735423), np.float64(0.13200399850413774))","(np.float64(87.9194551630736), np.float64(36.55119901426228))"
1704,"((0, 11), (6, 16))","(np.float64(0.14018034077110939), np.float64(0.11260988790026104))","(np.float64(305.6255762373263), np.float64(140.13518331030468))"
1705,"((0, 2), (9, 14))","(np.float64(0.10898086613087389), np.float64(0.1248769120122098))","(np.float64(93.46194567206112), np.float64(138.1413579330214))"
1706,"((0, 10),)","(np.float64(0.045278778792668506),)","(np.float64(214.47686720426455),)"
1707,"((6, 17), (12, 14))","(np.float64(0.021484326379823525), np.float64(0.08889204911925723))","(np.float64(19.99848295275509), np.float64(12.00951139709869))"
1708,"((2, 10), (3, 4), (7, 16), (2, 7), (7, 11), (4, 14))","(np.float64(0.14281237117731163), np.float64(0.13812043068208726), np.float64(0.11221393050167801), np.float64(0.0508599645267628), np.float64(0.13961205110201438), np.float64(0.13627858596528475))","(np.float64(17.213749706734685), np.float64(92.48102473778599), np.float64(166.1489828169534), np.float64(273.6253911868322), np.float64(309.69502426699785), np.float64(334.8009574579597))"
1710,"((1, 3),)","(np.float64(0.09388813619530328),)","(np.float64(146.33084327843807),)"
1711,"((2, 10), (5, 6), (5, 9), (13, 17))","(np.float64(0.13537179538047173), np.float64(0.13362239640675266), np.float64(0.07192199614243616), np.float64(0.0991713356952116))","(np.float64(7.545426030970882), np.float64(279.76769106476183), np.float64(194.5971160458599), np.float64(154.6070808903333))"
1712,"((3, 8), (3, 13), (6, 17), (8, 13), (10, 17), (10, 16))","(np.float64(0.11940703597184), np.float64(0.015283105049220485), np.float64(0.13752383837564366), np.float64(0.09049831968497773), np.float64(0.11886481833318732), np.float64(0.14535838894941097))","(np.float64(251.9154171195431), np.float64(322.7656606687904), np.float64(40.84986509700546), np.float64(107.51351701715535), np.float64(298.82947822764646), np.float64(301.28276018430245))"
1713,"((14, 19),)","(np.float64(0.14868120841246574),)","(np.float64(300.14534035599127),)"
1716,"((9, 17),)","(np.float64(0.11520894146564647),)","(np.float64(120.69851759069907),)"
1717,"((13, 15),)","(np.float64(0.13988012291061963),)","(np.float64(305.6490782218523),)"
1718,"((2, 9),)","(np.float64(0.08598731388214301),)","(np.float64(29.83288677450968),)"
1719,"((0, 18), (4, 15))","(np.float64(0.13580218590284732), np.float64(0.11937795933986947))","(np.float64(245.48294021584383), np.float64(356.5772452557353))"
1720,"((0, 7), (0, 16))","(np.float64(0.07293400821330964), np.float64(0.0693689383663077))","(np.float64(329.47540397007305), np.float64(263.6807650425588))"
1721,"((3, 5),)","(np.float64(0.1161479643528952),)","(np.float64(224.53226097235347),)"
1722,"((0, 2), (2, 13), (4, 9), (6, 12), (11, 14), (0, 5), (0, 8), (5, 9), (8, 13), (9, 15))","(np.float64(0.12901963237379785), np.float64(0.0433735988761763), np.float64(0.14345050883189486), np.float64(0.10979330489883493), np.float64(0.1246000171506465), np.float64(0.12775572291578402), np.float64(0.0785120226952436), np.float64(0.12973959018707867), np.float64(0.14735547590345596), np.float64(0.14932508749876122))","(np.float64(321.07508404735006), np.float64(191.57994945061722), np.float64(343.37065181278365), np.float64(93.3051237431645), np.float64(320.7796521944252), np.float64(203.62849945118103), np.float64(86.56931705958422), np.float64(169.26100498678665), np.float64(349.104487211846), np.float64(198.2371935749181))"
1723,"((10, 11), (9, 16))","(np.float64(0.14285328447632292), np.float64(0.14554056293609213))","(np.float64(173.05026836452032), np.float64(325.47472817331993))"
1726,"((4, 15), (6, 16), (4, 18))","(np.float64(0.14005991048350613), np.float64(0.13831471949395524), np.float64(0.12340051756984458))","(np.float64(294.8967145290573), np.float64(22.59407219323931), np.float64(90.14712986552806))"
1727,"((3, 12), (10, 19), (13, 17))","(np.float64(0.10191002777206498), np.float64(0.13428820213745526), np.float64(0.09952227439195784))","(np.float64(281.3345773918204), np.float64(113.21383461813342), np.float64(247.86704305474188))"
1728,"((12, 18),)","(np.float64(0.14331279741843866),)","(np.float64(287.7086848247966),)"
1729,"((5, 12), (5, 14), (6, 10), (5, 10))","(np.float64(0.11114052233274578), np.float64(0.1129946812243484), np.float64(0.12445997841924177), np.float64(0.0932172012901759))","(np.float64(62.56575287353293), np.float64(212.0725796691466), np.float64(214.585317223251), np.float64(45.44301710770578))"
1730,"((0, 5), (3, 13))","(np.float64(0.1175713375947135), np.float64(0.13980321687764974))","(np.float64(221.93577129017342), np.float64(94.15442092963087))"
1731,"((1, 16), (2, 19), (5, 15))","(np.float64(0.09900044893437245), np.float64(0.1341799281924781), np.float64(0.1451024746875586))","(np.float64(192.56211675043582), np.float64(275.5676829544646), np.float64(270.2864332663868))"
1732,"((1, 5), (1, 8), (2, 13), (3, 9), (5, 8), (14, 15), (1, 7))","(np.float64(0.04143734579057774), np.float64(0.11863899867920454), np.float64(0.0500549592177257), np.float64(0.12026552866873776), np.float64(0.12463381858014182), np.float64(0.04863541698357574), np.float64(0.13186747185302514))","(np.float64(239.76886051287886), np.float64(328.26099458968116), np.float64(36.49570883535425), np.float64(217.0070238707038), np.float64(347.6725503445497), np.float64(212.1378117982824), np.float64(288.81526837689296))"
1733,"((1, 3), (5, 17), (1, 10), (10, 17), (13, 14), (12, 13))","(np.float64(0.05804934328319777), np.float64(0.12057874578032639), np.float64(0.1284643144675194), np.float64(0.13609419428531705), np.float64(0.14649820138396807), np.float64(0.14628196347469397))","(np.float64(63.584489125429286), np.float64(91.52959757197861), np.float64(185.23924806032144), np.float64(357.8300220033877), np.float64(21.7866099595531), np.float64(334.7184032857567))"
1734,"((3, 10), (7, 10), (9, 18), (12, 14), (5, 14), (7, 13))","(np.float64(0.14428042152582315), np.float64(0.12748181105375864), np.float64(0.1015483790082222), np.float64(0.13964195439226187), np.float64(0.13927131045741534), np.float64(0.1328221767824067))","(np.float64(115.65883836849288), np.float64(305.5268474098325), np.float64(116.96144796358885), np.float64(39.28890967211372), np.float64(2.5872138191130554), np.float64(354.1882904732938))"
1735,"((2, 6), (4, 17), (8, 12), (12, 18))","(np.float64(0.13424001132507205), np.float64(0.12967555042590098), np.float64(0.11171519611191554), np.float64(0.06518060761845422))","(np.float64(43.43073737485926), np.float64(205.4988018257103), np.float64(23.249301086385916), np.float64(133.06037365709733))"
1736,"((0, 9), (0, 16), (6, 19), (9, 16), (2, 16))","(np.float64(0.1429982906043413), np.float64(0.03776127406103866), np.float64(0.0897422041271259), np.float64(0.11014558556145247), np.float64(0.1481574652485277))","(np.float64(347.82838318944374), np.float64(13.39256953347477), np.float64(134.29878883271158), np.float64(159.32110339834512), np.float64(223.97362111912025))"
1737,"((9, 15), (16, 19), (9, 18))","(np.float64(0.13374951287559192), np.float64(0.11350444618221611), np.float64(0.14367929102480367))","(np.float64(351.65118312736774), np.float64(62.46697129222879), np.float64(68.69680303404758))"
1738,"((0, 14), (0, 16), (12, 14))","(np.float64(0.14847542441943098), np.float64(0.10454376263105301), np.float64(0.11144072313420302))","(np.float64(101.5223417849941), np.float64(325.3647751865392), np.float64(343.4052652958008))"
1739,"((2, 4), (3, 18), (15, 19), (1, 15))","(np.float64(0.09895884311669467), np.float64(0.14807742110001337), np.float64(0.09276882412079303), np.float64(0.10065578841212659))","(np.float64(282.5520684663989), np.float64(33.530331598479634), np.float64(231.21126811320616), np.float64(327.8911215280615))"
1740,"((8, 10), (8, 19))","(np.float64(0.10845279222661937), np.float64(0.06984216010928702))","(np.float64(345.7571315495894), np.float64(113.34854275928036))"
1741,"((2, 3), (9, 11))","(np.float64(0.1400942725587153), np.float64(0.11228967384373735))","(np.float64(101.26679215502375), np.float64(240.47515525908983))"
1744,"((1, 7), (1, 19))","(np.float64(0.1175363288152234), np.float64(0.1486287429471642))","(np.float64(265.2367608857803), np.float64(75.32803079785774))"
1747,"((4, 17), (5, 7))","(np.float64(0.08793648077497632), np.float64(0.1157613534246175))","(np.float64(65.66908586385459), np.float64(146.36666597213))"
1748,"((6, 13), (7, 17), (10, 12), (1, 8), (4, 17))","(np.float64(0.1479543928433074), np.float64(0.0390173575023277), np.float64(0.10535105841957049), np.float64(0.13881557497527863), np.float64(0.12051205025471186))","(np.float64(70.37395180143261), np.float64(296.858973476507), np.float64(76.62530849508592), np.float64(280.9873387616458), np.float64(38.708590596865065))"
1749,"((12, 19), (9, 14))","(np.float64(0.08352329722046516), np.float64(0.13809651397021339))","(np.float64(124.10028758474758), np.float64(116.0034603568359))"
1750,"((3, 6), (15, 18))","(np.float64(0.1266725260135507), np.float64(0.07268489092159401))","(np.float64(261.9454156050403), np.float64(184.9877675352866))"
1751,"((11, 16), (13, 18), (16, 18))","(np.float64(0.1418975571929343), np.float64(0.09051644029410728), np.float64(0.12947315767172135))","(np.float64(289.1290859354132), np.float64(123.93217948191891), np.float64(60.84079669686392))"
1752,"((2, 4),)","(np.float64(0.14823835349453637),)","(np.float64(50.0178775863383),)"
1753,"((5, 13), (2, 9))","(np.float64(0.058511795059254766), np.float64(0.14959826371986942))","(np.float64(52.38140948955241), np.float64(278.1136556128601))"
1754,"((7, 9), (10, 18), (13, 16))","(np.float64(0.0849901045758639), np.float64(0.13298641995538074), np.float64(0.1454961662910782))","(np.float64(196.4067823025447), np.float64(310.8450345560256), np.float64(70.27430830556153))"
1755,"((4, 16),)","(np.float64(0.09754479679609784),)","(np.float64(82.85884038431792),)"
1756,"((11, 18), (15, 17), (1, 11))","(np.float64(0.10956856856157424), np.float64(0.11663171824509368), np.float64(0.12147824730563478))","(np.float64(82.81953918928397), np.float64(128.7630286544482), np.float64(198.6018385445917))"
1757,"((6, 19), (3, 16))","(np.float64(0.09203192164565635), np.float64(0.09781278650489958))","(np.float64(212.3065945988434), np.float64(38.04400968934827))"
1758,"((5, 16), (6, 15))","(np.float64(0.10700539690687057), np.float64(0.1483734929710714))","(np.float64(22.579712327078216), np.float64(230.8924289099867))"
1759,"((0, 5), (5, 12), (6, 18), (8, 10), (2, 10))","(np.float64(0.12967738967879894), np.float64(0.12616340061679798), np.float64(0.1201144782819326), np.float64(0.14384250049503275), np.float64(0.09488867797608637))","(np.float64(266.8371270605336), np.float64(274.9816035814973), np.float64(212.04385891802843), np.float64(121.96088672365389), np.float64(332.00073878619156))"
1760,"((4, 6), (9, 19), (12, 16), (4, 14), (3, 10))","(np.float64(0.12451542649097186), np.float64(0.12522251000575751), np.float64(0.0563268439516687), np.float64(0.10723559789304045), np.float64(0.1440994585901782))","(np.float64(334.1226522748799), np.float64(110.06511733744368), np.float64(146.5727513699537), np.float64(141.72517624030309), np.float64(262.7449126764061))"
1761,"((2, 11), (6, 15))","(np.float64(0.1475608935394637), np.float64(0.13509925444609328))","(np.float64(30.6417874807954), np.float64(41.048215727754204))"
1763,"((4, 13), (6, 19))","(np.float64(0.08413673344827068), np.float64(0.131302459137572))","(np.float64(164.40688521315482), np.float64(105.36446094135353))"
1764,"((3, 5),)","(np.float64(0.12642122922383042),)","(np.float64(355.4989317119168),)"
1765,"((4, 9),)","(np.float64(0.12141757168742066),)","(np.float64(233.0398903931912),)"
1766,"((3, 12), (8, 11))","(np.float64(0.1165990559976186), np.float64(0.07735701747210261))","(np.float64(166.05095037549103), np.float64(47.01185569850433))"
1767,"((11, 19), (2, 13))","(np.float64(0.12043741942898945), np.float64(0.119606766779068))","(np.float64(267.5923909442757), np.float64(275.4239650921598))"
1768,"((5, 7),)","(np.float64(0.08987901037566096),)","(np.float64(90.1342181720401),)"
1769,"((5, 10),)","(np.float64(0.043570817063075355),)","(np.float64(70.51331710126175),)"
1770,"((1, 19), (6, 14))","(np.float64(0.0776301226993434), np.float64(0.11971902000526906))","(np.float64(21.529241036413577), np.float64(91.82653909729696))"
1771,"((0, 1), (15, 18))","(np.float64(0.10755730581382181), np.float64(0.1188605344850722))","(np.float64(237.55971698533176), np.float64(334.38237453507935))"
1772,"((4, 12),)","(np.float64(0.1248893896816585),)","(np.float64(340.59368075942615),)"
1773,"((9, 12), (2, 12))","(np.float64(0.11064252167076194), np.float64(0.1270179962126653))","(np.float64(282.398342808387), np.float64(21.969868325887525))"
1774,"((3, 17), (10, 19))","(np.float64(0.08148425346968256), np.float64(0.10541898716656667))","(np.float64(248.15864773686445), np.float64(309.4658743649907))"
1775,"((12, 13),)","(np.float64(0.10639496007886648),)","(np.float64(67.0092298589757),)"
1776,"((7, 18),)","(np.float64(0.12089414047157844),)","(np.float64(111.67673892853604),)"
1777,"((11, 12),)","(np.float64(0.08721135618523099),)","(np.float64(122.60877410453223),)"
1778,"((3, 12), (7, 16), (12, 19))","(np.float64(0.09318163983657549), np.float64(0.11870613085966397), np.float64(0.11430576386294262))","(np.float64(351.17703887164885), np.float64(241.32091589321973), np.float64(1.8678356879829625))"
1779,"((4, 11), (9, 17))","(np.float64(0.11797489401670332), np.float64(0.14441658044429437))","(np.float64(36.173470624953254), np.float64(95.47734541351447))"
1780,"((13, 17),)","(np.float64(0.12080105792939437),)","(np.float64(265.88024210509127),)"
1781,"((1, 10), (6, 7), (11, 18))","(np.float64(0.13407254909796165), np.float64(0.1362903139969255), np.float64(0.14078305866468754))","(np.float64(150.62083646846293), np.float64(71.90459460332919), np.float64(13.844994583527821))"
1782,"((12, 15), (16, 19))","(np.float64(0.0706584039122761), np.float64(0.1367293785015072))","(np.float64(12.491791508798467), np.float64(59.62973060030754))"
1783,"((2, 9), (10, 15))","(np.float64(0.14640749343923537), np.float64(0.13427878138202787))","(np.float64(64.34376736185351), np.float64(216.54715572190767))"
1784,"((8, 11), (14, 15), (8, 16))","(np.float64(0.1293362238614168), np.float64(0.13764111694846637), np.float64(0.11353131137941617))","(np.float64(125.15996057551023), np.float64(241.62222009941115), np.float64(323.15267970731514))"
1785,"((4, 18),)","(np.float64(0.12188609706385213),)","(np.float64(242.5868746333341),)"
1786,"((15, 17), (0, 12), (2, 9))","(np.float64(0.12059449629489888), np.float64(0.1433017730627798), np.float64(0.1449235315056468))","(np.float64(248.7576001627719), np.float64(139.65253253609959), np.float64(118.70330288477034))"
1787,"((2, 14), (0, 9))","(np.float64(0.1057454875452218), np.float64(0.14801547035975687))","(np.float64(138.6294716940536), np.float64(193.52051537561547))"
1788,"((2, 18),)","(np.float64(0.0912046619554606),)","(np.float64(158.48613980612194),)"
1789,"((2, 15), (7, 19), (8, 18))","(np.float64(0.1121729052719025), np.float64(0.10623750116577334), np.float64(0.11811892950448838))","(np.float64(126.72407806064766), np.float64(170.43104847517472), np.float64(177.76432772912423))"
1790,"((3, 5), (7, 13), (3, 16))","(np.float64(0.119911973786545), np.float64(0.027768286688568528), np.float64(0.11014807200066389))","(np.float64(105.40282223271593), np.float64(134.51528656686475), np.float64(326.54977120174556))"
1792,"((2, 12), (5, 9), (9, 13))","(np.float64(0.14080167054082093), np.float64(0.12342148751410886), np.float64(0.13898678063520228))","(np.float64(52.66430503421777), np.float64(29.185469718006257), np.float64(136.26225463390017))"
1793,"((3, 6), (4, 12))","(np.float64(0.13368653629029026), np.float64(0.13127645572716218))","(np.float64(228.25403933582416), np.float64(216.787433436487))"
1794,"((1, 5),)","(np.float64(0.07056416042410481),)","(np.float64(188.92748353693113),)"
1795,"((9, 16),)","(np.float64(0.1491602787999906),)","(np.float64(89.49972592071786),)"
1796,"((7, 16), (10, 17), (12, 19), (16, 17))","(np.float64(0.12456665159312302), np.float64(0.09382495462562429), np.float64(0.05593740285901493), np.float64(0.11996930966265165))","(np.float64(304.2816383449352), np.float64(282.3763641462376), np.float64(353.4236146642745), np.float64(43.9619427147209))"
1797,"((4, 10),)","(np.float64(0.14380589772952188),)","(np.float64(280.2105508584321),)"
1799,"((0, 19),)","(np.float64(0.05383465581711773),)","(np.float64(124.7496003826974),)"
1800,"((9, 14), (15, 18))","(np.float64(0.1098913759071999), np.float64(0.1317427700436634))","(np.float64(0.10503363995045337), np.float64(109.92851598242545))"
1801,"((7, 9), (7, 19), (9, 19))","(np.float64(0.03438697871969358), np.float64(0.12810472069407425), np.float64(0.13676356216312205))","(np.float64(9.445537882408289), np.float64(106.69115720104753), np.float64(121.1348051919741))"
1802,"((1, 19), (16, 18), (9, 19), (1, 9), (10, 14), (6, 17))","(np.float64(0.13936952320663434), np.float64(0.14860098896054208), np.float64(0.11896295665331397), np.float64(0.12039591694991618), np.float64(0.13265318489927325), np.float64(0.11563402743476293))","(np.float64(286.44877413284183), np.float64(171.87397554479597), np.float64(348.47207815833667), np.float64(275.07499554845765), np.float64(341.96604970363234), np.float64(323.05975054253554))"
1803,"((5, 12), (2, 15))","(np.float64(0.1377031890855508), np.float64(0.14905219587373136))","(np.float64(279.80692512239887), np.float64(174.6322695423624))"
1804,"((7, 15), (9, 18), (3, 13))","(np.float64(0.07112088135349148), np.float64(0.10044954959652679), np.float64(0.04144558317235645))","(np.float64(359.92320613887415), np.float64(68.70767363101567), np.float64(124.73891232829247))"
1807,"((5, 15), (9, 12), (13, 14), (16, 19), (6, 17))","(np.float64(0.13951305262247596), np.float64(0.1462634382159148), np.float64(0.14044914518719934), np.float64(0.048807063512835806), np.float64(0.137195015931435))","(np.float64(176.89434014618948), np.float64(323.0590037895482), np.float64(292.8895460385102), np.float64(230.0784156000462), np.float64(17.049972198032474))"
1808,"((13, 19),)","(np.float64(0.12832977553507532),)","(np.float64(142.9940040443272),)"
1809,"((3, 14),)","(np.float64(0.08048891429931863),)","(np.float64(129.8308235396764),)"
1810,"((2, 15),)","(np.float64(0.1416549784093415),)","(np.float64(249.27841700414726),)"
1811,"((5, 13), (8, 9), (8, 12), (8, 15))","(np.float64(0.1158958875782832), np.float64(0.11685561527267109), np.float64(0.12202399908098152), np.float64(0.14208264864613335))","(np.float64(194.43665267184505), np.float64(286.7674129485408), np.float64(120.69182509331047), np.float64(31.7195679852825))"
1812,"((0, 3), (2, 6), (3, 8))","(np.float64(0.13865845852165803), np.float64(0.12256877943214348), np.float64(0.14221108018172499))","(np.float64(211.66100257927638), np.float64(97.38437116973928), np.float64(218.82925137580077))"
1813,"((9, 15),)","(np.float64(0.14758802934167903),)","(np.float64(338.0525883895543),)"
1814,"((0, 19), (7, 12), (7, 13), (11, 16), (4, 19), (0, 8))","(np.float64(0.10427757335488491), np.float64(0.11641198044226611), np.float64(0.09366593414077057), np.float64(0.008783432590276963), np.float64(0.1455351359366876), np.float64(0.1319844040611233))","(np.float64(134.28182393055982), np.float64(126.97569372417686), np.float64(236.77734104160857), np.float64(91.73631803576228), np.float64(329.9507656322211), np.float64(241.7740990190679))"
1815,"((0, 4),)","(np.float64(0.10265224969835549),)","(np.float64(155.13109192094953),)"
1816,"((3, 14), (6, 18), (7, 12), (5, 12), (12, 18))","(np.float64(0.02144673145958218), np.float64(0.1482177622418317), np.float64(0.1483346346479619), np.float64(0.07411295507557135), np.float64(0.11080630440326479))","(np.float64(53.262584512262215), np.float64(61.48208588943889), np.float64(49.62592357520933), np.float64(330.26366176627926), np.float64(39.39821898043576))"
1817,"((4, 12), (4, 10))","(np.float64(0.1335196322078803), np.float64(0.12377298337189861))","(np.float64(309.1639334717035), np.float64(320.2564382145426))"
1818,"((0, 4), (0, 16), (4, 16), (6, 14), (7, 9), (10, 11), (11, 17))","(np.float64(0.12939890650956726), np.float64(0.10897914689545332), np.float64(0.13526115334956285), np.float64(0.12139092837145056), np.float64(0.06745303110130813), np.float64(0.1430202500275834), np.float64(0.14868530321046244))","(np.float64(76.434939352917), np.float64(7.9082373425892065), np.float64(305.0050060970428), np.float64(245.63096873968408), np.float64(343.94622335605067), np.float64(235.8077721771391), np.float64(314.1501243839082))"
1819,"((2, 5), (4, 6), (8, 19), (11, 15), (1, 14))","(np.float64(0.14452712904689008), np.float64(0.12804785996327114), np.float64(0.1093661164303928), np.float64(0.14567785141028305), np.float64(0.114795817624024))","(np.float64(239.48619901432997), np.float64(336.0403353067154), np.float64(188.7446039372723), np.float64(193.81771164325568), np.float64(340.0066863135869))"
1822,"((1, 4), (4, 8), (12, 18), (14, 15))","(np.float64(0.14533429454707908), np.float64(0.03947125846919773), np.float64(0.14749901869414997), np.float64(0.07370547257171373))","(np.float64(124.15377501927436), np.float64(162.0879377653358), np.float64(252.90906288061376), np.float64(279.2312107890434))"
1823,"((11, 12),)","(np.float64(0.1480405282113832),)","(np.float64(227.88457644934056),)"
1824,"((6, 18),)","(np.float64(0.10337979230430017),)","(np.float64(44.60909909056552),)"
1825,"((2, 19), (11, 18))","(np.float64(0.09675692347305452), np.float64(0.10057137884663082))","(np.float64(87.28169577075438), np.float64(106.31248345240932))"
1827,"((11, 14),)","(np.float64(0.13349131089190586),)","(np.float64(118.41070150407424),)"
1828,"((1, 12), (12, 18))","(np.float64(0.13864590068061963), np.float64(0.12728566214051326))","(np.float64(157.97104393156152), np.float64(74.30440208561421))"
1829,"((14, 17),)","(np.float64(0.1359458871363961),)","(np.float64(208.543145359358),)"
1830,"((13, 15), (2, 11))","(np.float64(0.13189477966803434), np.float64(0.1046880556105742))","(np.float64(303.10380044646803), np.float64(264.19195192914674))"
1831,"((0, 13), (6, 17))","(np.float64(0.13729188189339323), np.float64(0.14904445341685482))","(np.float64(47.04232399038013), np.float64(346.7288129902504))"
1833,"((5, 15), (7, 15), (9, 13))","(np.float64(0.13547235032118354), np.float64(0.10730019248676602), np.float64(0.0740508116547268))","(np.float64(272.189332151685), np.float64(96.29636557596005), np.float64(145.96644446642844))"
1834,"((2, 17),)","(np.float64(0.09543170988639364),)","(np.float64(222.72243769978127),)"
1836,"((2, 11), (3, 5), (3, 15))","(np.float64(0.12175682773309437), np.float64(0.10940617878650481), np.float64(0.10769418010905965))","(np.float64(113.64847088153154), np.float64(357.23027586535426), np.float64(196.97443256182726))"
1837,"((11, 16),)","(np.float64(0.13884588174153392),)","(np.float64(8.3397247693971),)"
1839,"((3, 18), (4, 18), (4, 15))","(np.float64(0.07683691833073338), np.float64(0.046688892029374554), np.float64(0.030076111945465854))","(np.float64(340.3131425764777), np.float64(115.99679581231597), np.float64(356.26834802075865))"
1843,"((11, 15), (18, 19))","(np.float64(0.08182318012714788), np.float64(0.13747901339092503))","(np.float64(263.6578399662553), np.float64(182.9156137765589))"
1844,"((10, 18), (2, 17))","(np.float64(0.14907217510672066), np.float64(0.13973852648571752))","(np.float64(52.19293544709684), np.float64(284.61590548455285))"
1845,"((7, 17), (2, 7))","(np.float64(0.07131236339275808), np.float64(0.10619597255068719))","(np.float64(107.09593016158061), np.float64(232.73256855256304))"
1846,"((4, 13),)","(np.float64(0.08226019889293318),)","(np.float64(219.2022688294352),)"
1847,"((16, 17),)","(np.float64(0.08307868066575566),)","(np.float64(254.8190161933962),)"
1849,"((15, 18),)","(np.float64(0.12988771936169796),)","(np.float64(257.1028800058148),)"
1850,"((8, 17), (10, 17))","(np.float64(0.07560961152033358), np.float64(0.13189985084004796))","(np.float64(337.96573589684846), np.float64(116.73958462598418))"
1851,"((6, 18), (8, 15))","(np.float64(0.08774766149593723), np.float64(0.04365950777188843))","(np.float64(229.86851173771635), np.float64(317.42567487023746))"
1852,"((2, 13), (7, 18), (2, 15))","(np.float64(0.08099502914780297), np.float64(0.14844367652708082), np.float64(0.1491780166009869))","(np.float64(49.7934027520346), np.float64(112.2460942679176), np.float64(268.21405931932236))"
1853,"((1, 19), (2, 16))","(np.float64(0.08073466229866093), np.float64(0.14146180212596274))","(np.float64(151.5274205151383), np.float64(296.99354605237005))"
1855,"((1, 11), (7, 19))","(np.float64(0.12207284953072517), np.float64(0.11538406272281157))","(np.float64(150.80745116645772), np.float64(198.7256438010632))"
1856,"((2, 13),)","(np.float64(0.0944658389589888),)","(np.float64(220.0497647147242),)"
1857,"((11, 18), (13, 15))","(np.float64(0.07290528390120128), np.float64(0.1300157232349654))","(np.float64(90.38646161848926), np.float64(72.34107302068394))"
1858,"((1, 2), (5, 18))","(np.float64(0.12439647648275547), np.float64(0.1447213657872902))","(np.float64(87.15174353196825), np.float64(43.71027152898371))"
1859,"((1, 10), (2, 19), (7, 14))","(np.float64(0.12585173299636696), np.float64(0.14491944650022903), np.float64(0.13494291464479685))","(np.float64(27.5557854731966), np.float64(194.35642933076957), np.float64(325.47262283079687))"
1860,"((14, 15),)","(np.float64(0.12721074039441688),)","(np.float64(326.8027494338747),)"
1861,"((6, 11), (15, 19))","(np.float64(0.12140391920840515), np.float64(0.10932817127402603))","(np.float64(157.2141589460632), np.float64(45.70875855427536))"
1863,"((15, 18),)","(np.float64(0.09812042120614135),)","(np.float64(252.18303708764427),)"
1864,"((7, 10),)","(np.float64(0.11580081277251278),)","(np.float64(129.7003599752775),)"
1865,"((5, 8), (5, 17), (13, 19))","(np.float64(0.10224183868167473), np.float64(0.10682030282892152), np.float64(0.12914582035962885))","(np.float64(39.182822866374366), np.float64(334.88728802574536), np.float64(80.94601183935208))"
1866,"((0, 12), (3, 12), (0, 11))","(np.float64(0.11638314200148571), np.float64(0.13202441834149375), np.float64(0.1398681248821337))","(np.float64(72.75260654177195), np.float64(172.60467709789955), np.float64(160.52947379520003))"
1867,"((1, 13), (2, 7), (16, 19), (5, 14), (5, 11), (5, 16), (1, 16), (11, 16), (4, 14))","(np.float64(0.14583933190747775), np.float64(0.0339642463641489), np.float64(0.14753833987917), np.float64(0.12402760473319709), np.float64(0.11531732457036245), np.float64(0.1253410874400406), np.float64(0.14210526344178673), np.float64(0.11588666560021356), np.float64(0.1147824110590016))","(np.float64(273.6919669506602), np.float64(30.643571728296934), np.float64(53.54240976714083), np.float64(26.48716601809695), np.float64(271.76510549669246), np.float64(59.919981323298565), np.float64(354.8894145393937), np.float64(126.71438041480567), np.float64(322.56429880931097))"
1868,"((12, 14), (7, 13))","(np.float64(0.14839029923969935), np.float64(0.12925490203680629))","(np.float64(350.36438106938317), np.float64(318.8140916774275))"
1869,"((7, 8),)","(np.float64(0.13930603311950604),)","(np.float64(155.81477233499842),)"
1870,"((16, 19),)","(np.float64(0.147892440827643),)","(np.float64(104.57764424591956),)"
1871,"((10, 17), (1, 13))","(np.float64(0.03555892762899669), np.float64(0.14831205292139377))","(np.float64(355.3771208202832), np.float64(281.35880732870226))"
1872,"((9, 15), (1, 12), (2, 14))","(np.float64(0.09914195755949427), np.float64(0.14678625309866503), np.float64(0.1276494056250651))","(np.float64(247.32932687250027), np.float64(186.59625915451483), np.float64(318.6310062203673))"
1873,"((0, 18),)","(np.float64(0.13469062811136545),)","(np.float64(249.73372572602727),)"
1874,"((3, 13), (5, 19), (8, 11), (8, 14), (11, 14))","(np.float64(0.07800411248999733), np.float64(0.14915997613054863), np.float64(0.14260469377640614), np.float64(0.04556826701642877), np.float64(0.11419959397652013))","(np.float64(200.6084567205119), np.float64(147.5807646390474), np.float64(328.49545045455176), np.float64(12.355784510056898), np.float64(132.44534181913107))"
1876,"((10, 19), (12, 15))","(np.float64(0.10829881271520019), np.float64(0.03393275522723012))","(np.float64(280.8745619981207), np.float64(266.9675084002039))"
1877,"((7, 14), (8, 15), (10, 13), (7, 15))","(np.float64(0.11116604991662114), np.float64(0.1368660375845552), np.float64(0.0877593809151927), np.float64(0.12916629005295446))","(np.float64(206.72120079508406), np.float64(184.23908774592195), np.float64(242.922989966419), np.float64(263.34562247275596))"
1878,"((2, 16), (2, 10), (2, 8))","(np.float64(0.13895861193466966), np.float64(0.11506156314944731), np.float64(0.12162679442247368))","(np.float64(67.10052669916266), np.float64(238.8044553761335), np.float64(261.6640158446811))"
1879,"((8, 13), (8, 15), (9, 13), (0, 7))","(np.float64(0.0626815666404581), np.float64(0.138321375078458), np.float64(0.13602794073969368), np.float64(0.13083058599157335))","(np.float64(98.98623110866245), np.float64(206.8281324969224), np.float64(40.055832112631826), np.float64(238.7992553672616))"
1881,"((1, 17), (9, 14), (0, 9), (8, 13))","(np.float64(0.14110327869972955), np.float64(0.12959553606244317), np.float64(0.06001843483121391), np.float64(0.14808917586510922))","(np.float64(112.64844951579748), np.float64(37.57349895548576), np.float64(93.72419419280888), np.float64(6.291001389614357))"
1882,"((0, 10), (4, 17), (3, 8))","(np.float64(0.06125750612079764), np.float64(0.1474915095684051), np.float64(0.14385320016021816))","(np.float64(168.89491239050463), np.float64(247.03112998113335), np.float64(310.1828900768906))"
1883,"((2, 6), (2, 10), (3, 19), (6, 10), (15, 17))","(np.float64(0.019522592466857957), np.float64(0.10218270512526835), np.float64(0.11851592024605513), np.float64(0.14048267826851366), np.float64(0.122048197806246))","(np.float64(48.516574066948436), np.float64(95.30958893141978), np.float64(90.37843617441627), np.float64(91.49292344985993), np.float64(274.5652416839313))"
1884,"((0, 5),)","(np.float64(0.1396790787387354),)","(np.float64(243.30387768592618),)"
1885,"((0, 2), (1, 14), (15, 19))","(np.float64(0.1292817290823737), np.float64(0.042478957565921724), np.float64(0.14090813556412826))","(np.float64(168.17743065179528), np.float64(246.7382019712815), np.float64(8.759004991359177))"
1886,"((4, 7), (5, 19), (6, 13), (11, 17), (7, 16), (4, 17), (11, 15), (12, 15))","(np.float64(0.11341276535368343), np.float64(0.08097028614835552), np.float64(0.11940872330610157), np.float64(0.10961473645880314), np.float64(0.12167530702177672), np.float64(0.029964349594157363), np.float64(0.11439054519399144), np.float64(0.09703915672567943))","(np.float64(285.3379186197777), np.float64(315.47727437351267), np.float64(90.86279013009921), np.float64(22.92471694374842), np.float64(6.4254564989309575), np.float64(97.34184953234453), np.float64(269.41230787672475), np.float64(296.10359709795983))"
1888,"((9, 18),)","(np.float64(0.07699210761677903),)","(np.float64(58.50402011226916),)"
1889,"((3, 18), (16, 19))","(np.float64(0.12330748526886146), np.float64(0.11968347543425838))","(np.float64(278.38968331415265), np.float64(59.80176512633497))"
1893,"((6, 18), (9, 14))","(np.float64(0.14526300662809943), np.float64(0.1432235220597888))","(np.float64(110.16662165483667), np.float64(52.31954291583332))"
1894,"((5, 10),)","(np.float64(0.10310585943270115),)","(np.float64(302.786977417766),)"
1895,"((2, 10), (1, 16))","(np.float64(0.12163410576360918), np.float64(0.14163207341465386))","(np.float64(101.79198670997678), np.float64(288.5177397396578))"
1896,"((1, 13), (5, 7), (10, 17), (10, 11))","(np.float64(0.12640835681130508), np.float64(0.1373371974054235), np.float64(0.11541009297475863), np.float64(0.12826976345313615))","(np.float64(281.78610710600526), np.float64(122.02014235329911), np.float64(89.40369257408724), np.float64(230.14743334665633))"
1898,"((1, 5), (6, 19), (5, 15))","(np.float64(0.05810396354963482), np.float64(0.14323085427238674), np.float64(0.14470105506347697))","(np.float64(294.68857527946534), np.float64(1.2615826216263357), np.float64(28.49713906292899))"
1899,"((4, 16), (11, 18))","(np.float64(0.058726181224803), np.float64(0.1300819812613974))","(np.float64(246.4276965570641), np.float64(86.94711291227607))"
1900,"((7, 19),)","(np.float64(0.09439766036164617),)","(np.float64(209.83341318903618),)"
1902,"((4, 9), (5, 13), (9, 12))","(np.float64(0.10348493387196768), np.float64(0.08694181399439443), np.float64(0.12399940140411908))","(np.float64(175.68528453556775), np.float64(175.3765786269022), np.float64(198.84820788923625))"
1903,"((9, 17), (8, 18), (7, 19))","(np.float64(0.10605476867700027), np.float64(0.1496875157658989), np.float64(0.148145178086489))","(np.float64(125.14420568324525), np.float64(12.686892968022478), np.float64(341.7748001971722))"
1904,"((7, 15),)","(np.float64(0.14379532492746525),)","(np.float64(358.3657151731407),)"
1905,"((0, 2), (11, 12), (6, 9))","(np.float64(0.06979045722258015), np.float64(0.10975261680587725), np.float64(0.1495235013542555))","(np.float64(313.9856459004416), np.float64(54.7048382615936), np.float64(287.5222171444491))"
1906,"((2, 15), (8, 18))","(np.float64(0.14660004045050143), np.float64(0.054422923673891864))","(np.float64(333.272901969915), np.float64(155.99978296414687))"
1907,"((0, 12), (7, 13))","(np.float64(0.10116791020504795), np.float64(0.14377144320318808))","(np.float64(11.310515681288203), np.float64(41.91134693343873))"
1908,"((12, 16),)","(np.float64(0.08968715230549523),)","(np.float64(144.1047951006349),)"
1910,"((0, 11),)","(np.float64(0.12678966982914774),)","(np.float64(195.4281271178878),)"
1911,"((0, 9), (3, 6), (5, 7), (8, 9), (8, 17), (3, 14))","(np.float64(0.12578481543019507), np.float64(0.08824039423850784), np.float64(0.04525606317423527), np.float64(0.061397297681104926), np.float64(0.1487789719527168), np.float64(0.14899682541415882))","(np.float64(329.61461427696753), np.float64(28.300929477314444), np.float64(228.45571076810396), np.float64(111.72206682573027), np.float64(5.986119937198189), np.float64(302.59927782111833))"
1913,"((7, 17), (11, 18))","(np.float64(0.13198365434482542), np.float64(0.14490684499866455))","(np.float64(148.11313047540585), np.float64(155.88821207592633))"
1914,"((11, 12),)","(np.float64(0.08738396356761141),)","(np.float64(178.43768736545633),)"
1915,"((4, 11), (6, 7), (13, 14))","(np.float64(0.09540704842268931), np.float64(0.10893630200369973), np.float64(0.08979369224942295))","(np.float64(26.40594170903882), np.float64(331.1321142520997), np.float64(242.32902095255204))"
1916,"((5, 12),)","(np.float64(0.14245097179832558),)","(np.float64(95.96480385326916),)"
1917,"((0, 15),)","(np.float64(0.13362842491536378),)","(np.float64(343.9442381068116),)"
1918,"((0, 17), (1, 15), (9, 16))","(np.float64(0.11018283567837299), np.float64(0.12842206360372038), np.float64(0.11674738301976555))","(np.float64(37.687637550466164), np.float64(25.527986983719728), np.float64(336.2436439673565))"
1919,"((12, 16),)","(np.float64(0.14231896408254707),)","(np.float64(299.4355580140892),)"
1920,"((2, 8), (10, 18))","(np.float64(0.1498509668034237), np.float64(0.13747728681494287))","(np.float64(115.30764730211426), np.float64(31.427767756062146))"
1921,"((2, 14), (4, 8), (6, 9), (6, 15), (9, 15), (9, 18), (5, 9))","(np.float64(0.10097571128489902), np.float64(0.11962156104076722), np.float64(0.12106948470781784), np.float64(0.05148173860967375), np.float64(0.07815341792314918), np.float64(0.14840449095649902), np.float64(0.14173475900983473))","(np.float64(353.5160533742376), np.float64(133.838371066534), np.float64(356.3846174491477), np.float64(31.35924123142215), np.float64(211.50034628472335), np.float64(69.049561085453), np.float64(154.89453589164577))"
1922,"((16, 19),)","(np.float64(0.11947820764539237),)","(np.float64(285.84970429102384),)"
1923,"((10, 13),)","(np.float64(0.1466160886270418),)","(np.float64(311.15202430692756),)"
1925,"((12, 15),)","(np.float64(0.14709884596579398),)","(np.float64(162.28685776370975),)"
1926,"((4, 15), (5, 13), (14, 17))","(np.float64(0.08718601870824527), np.float64(0.07379900535438326), np.float64(0.12882655738716806))","(np.float64(106.43573374031178), np.float64(164.93792414875347), np.float64(279.0332607100103))"
1928,"((3, 9), (3, 13), (7, 16), (9, 13), (5, 11))","(np.float64(0.12238186689474834), np.float64(0.1295229728032656), np.float64(0.09339685714937478), np.float64(0.12724555293848228), np.float64(0.14985670193226217))","(np.float64(124.73785517228156), np.float64(185.338311448543), np.float64(21.814431654623267), np.float64(242.2612615556475), np.float64(200.5208334088318))"
1929,"((3, 16),)","(np.float64(0.11469587742968465),)","(np.float64(278.8825050260036),)"
1931,"((2, 10), (0, 7))","(np.float64(0.036621725979186316), np.float64(0.14877483128374488))","(np.float64(135.30834774904005), np.float64(190.85693680824107))"
1932,"((2, 4), (14, 18), (4, 7))","(np.float64(0.10589177927065054), np.float64(0.07914323080446106), np.float64(0.1351617790367279))","(np.float64(152.58444836597513), np.float64(301.42582211935826), np.float64(259.52115025062017))"
1933,"((2, 9),)","(np.float64(0.05825573804184828),)","(np.float64(161.37873235964895),)"
1934,"((2, 19), (5, 17), (8, 11), (14, 16))","(np.float64(0.14891787756130992), np.float64(0.11233707212954444), np.float64(0.06955524402298195), np.float64(0.06863830952877512))","(np.float64(25.08336261043834), np.float64(258.1819235995823), np.float64(140.98095140541838), np.float64(37.48198302503453))"
1936,"((10, 15), (7, 16))","(np.float64(0.07009701037572784), np.float64(0.051778055762630594))","(np.float64(143.69114887554866), np.float64(83.77029155995957))"
1937,"((3, 10),)","(np.float64(0.14227679264969997),)","(np.float64(276.42005805702),)"
1938,"((0, 12),)","(np.float64(0.14655262337775068),)","(np.float64(28.127239570316995),)"
1939,"((8, 11), (10, 15), (3, 10))","(np.float64(0.0822645726245196), np.float64(0.14080138268636327), np.float64(0.14073681323388748))","(np.float64(232.5648130228992), np.float64(244.12032459262383), np.float64(89.15869853864162))"
1940,"((5, 7),)","(np.float64(0.026169651373538785),)","(np.float64(26.435351540640216),)"
1941,"((2, 13), (3, 14), (0, 14), (4, 8))","(np.float64(0.07023053268981941), np.float64(0.1121035482195884), np.float64(0.14919705968727315), np.float64(0.1441035008306377))","(np.float64(219.59879560475295), np.float64(295.80468647838404), np.float64(272.2293630205299), np.float64(356.1913006920151))"
1942,"((4, 10),)","(np.float64(0.061079767235312485),)","(np.float64(16.280100963060978),)"
1943,"((13, 14), (3, 11))","(np.float64(0.14527406602250695), np.float64(0.11304922724635105))","(np.float64(80.96531044713606), np.float64(311.533461906579))"
1946,"((1, 17), (11, 18), (13, 14))","(np.float64(0.03266520820744848), np.float64(0.13052791299648697), np.float64(0.14755255354779123))","(np.float64(140.38680773495864), np.float64(301.719917472789), np.float64(63.036438378243226))"
1948,"((3, 6), (8, 15))","(np.float64(0.11828772100712674), np.float64(0.14067367697293662))","(np.float64(220.15636413101416), np.float64(164.81787107793824))"
1949,"((13, 17),)","(np.float64(0.14784832972626238),)","(np.float64(28.082272174857863),)"
1950,"((2, 11), (9, 13), (10, 11), (10, 15))","(np.float64(0.1124722398504754), np.float64(0.13194862133145446), np.float64(0.08239096231052137), np.float64(0.1487332075647986))","(np.float64(180.1771370392589), np.float64(74.12732328409105), np.float64(318.7720460101706), np.float64(229.75189309739275))"
1951,"((5, 13), (8, 18), (14, 17))","(np.float64(0.14234465259418125), np.float64(0.1427794541853639), np.float64(0.07979068104083355))","(np.float64(152.50698939461694), np.float64(283.3746157405925), np.float64(194.00788296622926))"
1952,"((7, 10), (10, 18), (16, 18), (10, 16), (3, 13))","(np.float64(0.11169485802664016), np.float64(0.06068681623717088), np.float64(0.09677643859616895), np.float64(0.053353477873541895), np.float64(0.12299058128486802))","(np.float64(312.80437564424574), np.float64(358.9962196154709), np.float64(241.65793114251733), np.float64(133.54943642710776), np.float64(10.651596338405067))"
1953,"((2, 4), (4, 5), (4, 7), (0, 7))","(np.float64(0.13684245639453255), np.float64(0.10434515151668379), np.float64(0.14375902470856644), np.float64(0.1279500573622))","(np.float64(4.802386375997863), np.float64(5.0075940953748175), np.float64(236.8485747677404), np.float64(293.4528939939235))"
1957,"((1, 6), (8, 14), (5, 14), (5, 16), (8, 19), (12, 16), (5, 18))","(np.float64(0.13993252116594665), np.float64(0.12360891835491468), np.float64(0.13786791192381753), np.float64(0.1045792420309528), np.float64(0.14335248869095307), np.float64(0.14645059478604713), np.float64(0.11611590309949489))","(np.float64(345.49499561990797), np.float64(87.41353400151607), np.float64(236.4803300548828), np.float64(275.0630543607492), np.float64(359.2439256839179), np.float64(69.79474061167535), np.float64(36.70262211921023))"
1959,"((0, 8),)","(np.float64(0.09079589549261746),)","(np.float64(304.96677400673485),)"
1960,"((1, 11),)","(np.float64(0.1491198873614636),)","(np.float64(314.33124420227034),)"
1961,"((3, 4), (12, 14))","(np.float64(0.14947759566275198), np.float64(0.10637774985138825))","(np.float64(50.33758664455207), np.float64(63.50544987025688))"
1962,"((0, 12),)","(np.float64(0.1335844256394775),)","(np.float64(231.4655888737849),)"
1963,"((0, 16), (1, 9), (1, 15))","(np.float64(0.11571582641747093), np.float64(0.10714114489902037), np.float64(0.12865731365097527))","(np.float64(156.718886315076), np.float64(142.44975849256892), np.float64(320.2221721104842))"
1964,"((0, 11),)","(np.float64(0.11609475866504386),)","(np.float64(48.323688789056),)"
1965,"((0, 7),)","(np.float64(0.13537350151064748),)","(np.float64(317.91456913072165),)"
1966,"((13, 19),)","(np.float64(0.03037482501360024),)","(np.float64(117.60328472190805),)"
1967,"((7, 14),)","(np.float64(0.07723498113118718),)","(np.float64(281.58056351586424),)"
1969,"((0, 19), (4, 18))","(np.float64(0.05425440107393929), np.float64(0.14838172655940632))","(np.float64(149.21137561503073), np.float64(69.07760402027697))"
1970,"((9, 10),)","(np.float64(0.1455798733539598),)","(np.float64(196.32065147833634),)"
1972,"((8, 10), (7, 19), (2, 12))","(np.float64(0.14742689162971495), np.float64(0.13449146094889047), np.float64(0.14027685482419572))","(np.float64(335.32680623132444), np.float64(297.005271690348), np.float64(213.58077835413005))"
1973,"((5, 7), (7, 16))","(np.float64(0.12196362122178142), np.float64(0.14029477774595184))","(np.float64(358.30029022543823), np.float64(88.59830220870009))"
1974,"((0, 14), (12, 17))","(np.float64(0.11417566473995013), np.float64(0.11766874647205128))","(np.float64(128.51212905088968), np.float64(117.91062628218022))"
1978,"((5, 13), (7, 11))","(np.float64(0.14480639262448344), np.float64(0.13722012518190166))","(np.float64(250.0536752310887), np.float64(221.92431740223319))"
1979,"((1, 5),)","(np.float64(0.13941161540485533),)","(np.float64(283.4909962317567),)"
1980,"((3, 17), (4, 15), (9, 10))","(np.float64(0.10443441983276859), np.float64(0.09697394273302885), np.float64(0.12897169838331748))","(np.float64(98.25041700268184), np.float64(213.89915028197922), np.float64(113.61479599157322))"
1982,"((10, 11), (12, 16), (10, 14))","(np.float64(0.14294211948287383), np.float64(0.12613167243840276), np.float64(0.14933412808141144))","(np.float64(106.04140294760488), np.float64(145.47378000995332), np.float64(340.0665905893147))"
1984,"((10, 14), (12, 13), (3, 9))","(np.float64(0.125055599448925), np.float64(0.11259649446471845), np.float64(0.13742645838233697))","(np.float64(241.1406316626192), np.float64(83.52553698923587), np.float64(304.8282419346525))"
1985,"((1, 5), (2, 12), (7, 14))","(np.float64(0.119121922147543), np.float64(0.1332355754171759), np.float64(0.06883214779722129))","(np.float64(198.01189991639382), np.float64(69.03629504242028), np.float64(55.43381969381065))"
1986,"((0, 11),)","(np.float64(0.07985185781183933),)","(np.float64(15.638588501519076),)"
1987,"((8, 10), (11, 18))","(np.float64(0.11561955474607569), np.float64(0.14198315562504643))","(np.float64(104.46967567501986), np.float64(177.24038149826535))"
1988,"((17, 18),)","(np.float64(0.0813356768625598),)","(np.float64(180.14609957018735),)"
1991,"((8, 11),)","(np.float64(0.12207798394183783),)","(np.float64(298.10422521969105),)"
1992,"((0, 19), (10, 13), (11, 17))","(np.float64(0.04428761638049351), np.float64(0.13246562235927364), np.float64(0.12325649130162807))","(np.float64(175.3933676085272), np.float64(127.83361126727218), np.float64(197.2480031742897))"
1993,"((0, 1), (0, 8), (5, 17), (17, 18), (3, 14))","(np.float64(0.11843106305707732), np.float64(0.14468642931224746), np.float64(0.11541553834894885), np.float64(0.13571771341681238), np.float64(0.12853118709114417))","(np.float64(234.14042326459395), np.float64(100.16632447036253), np.float64(255.6794795668291), np.float64(291.6351871728341), np.float64(260.77193845916474))"
1994,"((2, 16), (5, 7), (8, 18))","(np.float64(0.028537016598207586), np.float64(0.14939399401170733), np.float64(0.14550597542360943))","(np.float64(116.35411109420826), np.float64(238.86082890072197), np.float64(328.48461131511834))"
1995,"((0, 6), (0, 16), (1, 18))","(np.float64(0.05847691339055399), np.float64(0.1155531435023129), np.float64(0.13881867483507945))","(np.float64(279.25066957201204), np.float64(161.9224747414802), np.float64(312.1610229478297))"
1996,"((14, 16),)","(np.float64(0.10364001347184353),)","(np.float64(150.14122939578616),)"
1997,"((4, 6),)","(np.float64(0.07517293774392587),)","(np.float64(355.0929493348539),)"
1998,"((2, 8), (2, 12), (8, 12), (9, 18), (10, 16), (6, 16), (12, 16))","(np.float64(0.11947868114342279), np.float64(0.04047069596992188), np.float64(0.13159448022255893), np.float64(0.10500415445102099), np.float64(0.14946477540887743), np.float64(0.14770417074701256), np.float64(0.14889024360378955))","(np.float64(171.05319211660506), np.float64(270.6932962560314), np.float64(329.4115480315608), np.float64(162.68075847499395), np.float64(197.97276279465757), np.float64(134.22818793653877), np.float64(199.75603519513342))"
1999,"((3, 19), (6, 13), (18, 19))","(np.float64(0.14335810676735633), np.float64(0.0551797664202717), np.float64(0.10608510331951797))","(np.float64(53.442716798066364), np.float64(182.16230307611357), np.float64(340.475619300411))"
2000,"((2, 7), (4, 14))","(np.float64(0.1340189295432132), np.float64(0.1393330139134832))","(np.float64(41.05672990223845), np.float64(78.45531870918326))"
2001,"((6, 12), (6, 19), (12, 18), (14, 16), (12, 19), (16, 19), (14, 17), (5, 16))","(np.float64(0.11524147859227668), np.float64(0.12505350396043194), np.float64(0.1430767738043891), np.float64(0.03334168030880094), np.float64(0.0883920473160299), np.float64(0.1370749178480246), np.float64(0.14177879088116307), np.float64(0.13984620072461712))","(np.float64(11.176217292263741), np.float64(57.05744659627231), np.float64(292.57378054230674), np.float64(314.91118838056144), np.float64(122.40922772035805), np.float64(254.35787294856658), np.float64(270.7647643520312), np.float64(195.0064596947243))"
2002,"((3, 17), (11, 17), (5, 11))","(np.float64(0.13546213448256175), np.float64(0.13592398455011626), np.float64(0.14124576454064816))","(np.float64(36.44126916011974), np.float64(342.3064009510172), np.float64(247.87026636430113))"
2003,"((2, 8), (6, 17))","(np.float64(0.1431521152157041), np.float64(0.0930925349282143))","(np.float64(162.9674552129481), np.float64(192.4433160087069))"
2004,"((2, 15),)","(np.float64(0.07759462094822404),)","(np.float64(14.066268872674065),)"
2008,"((16, 19),)","(np.float64(0.06373003435944496),)","(np.float64(218.4000699546604),)"
2009,"((2, 6), (5, 15))","(np.float64(0.04977273314120928), np.float64(0.04330317830029406))","(np.float64(86.27988869699257), np.float64(39.955208456485536))"
2010,"((2, 15), (7, 18), (14, 18), (15, 19), (8, 17), (0, 9))","(np.float64(0.12876493530223368), np.float64(0.12530897182025352), np.float64(0.06133851711169895), np.float64(0.0867176587758207), np.float64(0.1062526877057088), np.float64(0.11575162345068425))","(np.float64(86.34395622758824), np.float64(211.91950756121767), np.float64(78.24951617692494), np.float64(156.89004108621546), np.float64(315.8607237182761), np.float64(238.8324050159702))"
2011,"((2, 8), (4, 10), (10, 15), (2, 15))","(np.float64(0.1416080251707231), np.float64(0.11309671859528536), np.float64(0.13933982182023694), np.float64(0.11959210085331085))","(np.float64(152.26735266926642), np.float64(14.960748298832947), np.float64(75.93227741995607), np.float64(300.12789213912106))"
2012,"((0, 12), (1, 5), (4, 8), (7, 19), (3, 15))","(np.float64(0.01612468731093802), np.float64(0.07274618196859421), np.float64(0.13767695647420536), np.float64(0.09417313876518052), np.float64(0.11211854157748814))","(np.float64(188.90961100780547), np.float64(282.34011034381615), np.float64(142.18463364070777), np.float64(193.09156721794946), np.float64(130.073079690693))"
2013,"((4, 11),)","(np.float64(0.08136839745390434),)","(np.float64(298.22864781308914),)"
2014,"((5, 6), (0, 10))","(np.float64(0.10761146701893513), np.float64(0.14492197684668676))","(np.float64(152.3853872990833), np.float64(358.1902791577549))"
2015,"((5, 16), (9, 15), (2, 8), (1, 6))","(np.float64(0.07044671768787968), np.float64(0.06365271708180473), np.float64(0.09766323163768115), np.float64(0.14495993444273259))","(np.float64(252.18101544354442), np.float64(150.44934322040842), np.float64(237.15086760690707), np.float64(181.00998858642504))"
2016,"((0, 13),)","(np.float64(0.1469138969465673),)","(np.float64(24.344240805296685),)"
2017,"((0, 19), (2, 14), (2, 19), (3, 4), (4, 14), (14, 19), (0, 14), (4, 19), (5, 19), (12, 19))","(np.float64(0.10855539438274679), np.float64(0.09718397206400659), np.float64(0.11589186198111529), np.float64(0.14847487643506982), np.float64(0.1319942481798004), np.float64(0.02087260175199225), np.float64(0.12369843019264336), np.float64(0.04685823207641431), np.float64(0.13796497678741132), np.float64(0.14813581260011832))","(np.float64(289.50343965514367), np.float64(151.867073201892), np.float64(123.78452918385163), np.float64(89.52315896731326), np.float64(23.79815051285516), np.float64(156.6615688947383), np.float64(296.61057095399565), np.float64(134.1572361998892), np.float64(51.65221283223699), np.float64(94.90974610077204))"
2018,"((1, 9),)","(np.float64(0.12600717821839508),)","(np.float64(236.01324801065948),)"
2019,"((10, 13),)","(np.float64(0.1254666415115364),)","(np.float64(10.309301245905989),)"
2020,"((2, 7),)","(np.float64(0.10917745351075914),)","(np.float64(337.71167771220945),)"
2021,"((1, 18),)","(np.float64(0.11175671694092125),)","(np.float64(40.4859604284951),)"
2022,"((11, 12), (12, 19))","(np.float64(0.1243650630373487), np.float64(0.14445045887193322))","(np.float64(143.35197209255716), np.float64(15.293746437832827))"
2023,"((0, 8), (1, 9), (7, 17), (15, 18), (0, 6))","(np.float64(0.1006734509377444), np.float64(0.13286035970665322), np.float64(0.11163644733113702), np.float64(0.12865348089649126), np.float64(0.13287305488072632))","(np.float64(259.4828761694969), np.float64(170.02066643973194), np.float64(38.6190453014807), np.float64(18.379183965177546), np.float64(82.52726867998386))"
2024,"((0, 18), (1, 5))","(np.float64(0.13895451252422933), np.float64(0.1492273612684132))","(np.float64(40.59659966359201), np.float64(289.0770893189249))"
2025,"((7, 18), (15, 18), (4, 13))","(np.float64(0.1375747796070492), np.float64(0.048420181985807824), np.float64(0.1467785620406368))","(np.float64(306.38955794194925), np.float64(71.64926272114857), np.float64(61.16249392520304))"
2027,"((7, 13), (5, 17))","(np.float64(0.14057205081990748), np.float64(0.14357787722198959))","(np.float64(131.17334765841318), np.float64(292.5740530210263))"
2028,"((4, 7),)","(np.float64(0.10470323802205875),)","(np.float64(221.31329569562692),)"
2029,"((0, 6), (0, 9), (2, 12), (4, 14), (5, 14), (6, 9), (0, 15), (9, 19))","(np.float64(0.051013360712200854), np.float64(0.10857109303353406), np.float64(0.07350840620363168), np.float64(0.05318467675977358), np.float64(0.11276234170484471), np.float64(0.07283750730266174), np.float64(0.1105689909365643), np.float64(0.1469480355657091))","(np.float64(199.8454914827336), np.float64(164.9441252983839), np.float64(169.00578525943502), np.float64(261.287381337323), np.float64(185.8793491743331), np.float64(141.31989402884886), np.float64(226.3130239395503), np.float64(158.33754569158768))"
2030,"((2, 15),)","(np.float64(0.02003671667254692),)","(np.float64(334.6414935024992),)"
2031,"((2, 16), (6, 17))","(np.float64(0.07236916356386917), np.float64(0.11294366021097477))","(np.float64(106.23189644244796), np.float64(353.6241196582004))"
2032,"((14, 19), (0, 2))","(np.float64(0.09795849086709237), np.float64(0.14786402175659805))","(np.float64(55.22659608459272), np.float64(270.3704649750115))"
2033,"((16, 17),)","(np.float64(0.1476172208853439),)","(np.float64(79.20015332612414),)"
2034,"((2, 15), (3, 11), (1, 9))","(np.float64(0.1173628684496271), np.float64(0.13047200787342328), np.float64(0.13496166717190786))","(np.float64(330.95527112856075), np.float64(217.93942459326297), np.float64(27.364600470626396))"
2035,"((10, 13),)","(np.float64(0.023664609034022906),)","(np.float64(319.97290686396707),)"
2036,"((9, 19),)","(np.float64(0.10847617627690594),)","(np.float64(201.29069665884168),)"
2037,"((8, 13), (9, 18), (9, 16))","(np.float64(0.14684670764151062), np.float64(0.1380635435967154), np.float64(0.14288662733145702))","(np.float64(21.111514931539915), np.float64(28.456406664118255), np.float64(268.3010091498448))"
2038,"((11, 19), (14, 15))","(np.float64(0.14803638554966034), np.float64(0.0771415564765524))","(np.float64(186.541161854805), np.float64(294.3572807993206))"
2039,"((7, 15), (3, 12))","(np.float64(0.08435151360253532), np.float64(0.11757808630580031))","(np.float64(316.83699124388914), np.float64(262.17647899276665))"
2040,"((1, 17), (3, 12))","(np.float64(0.11668995315073458), np.float64(0.08644707782222108))","(np.float64(232.76965904531437), np.float64(64.29765487009166))"
2041,"((0, 3), (0, 10), (3, 14))","(np.float64(0.11193292403771578), np.float64(0.1309639638401521), np.float64(0.05942363598180494))","(np.float64(331.3252919420366), np.float64(76.71460753918505), np.float64(6.760601011726569))"
2045,"((4, 7),)","(np.float64(0.08948603534312723),)","(np.float64(33.44444855317903),)"
2046,"((4, 17), (7, 19))","(np.float64(0.052755600258849296), np.float64(0.14907817170732177))","(np.float64(159.44541881945275), np.float64(146.67443124015017))"
2047,"((13, 17), (4, 8))","(np.float64(0.09718595400626226), np.float64(0.12990199376111736))","(np.float64(194.26148672298686), np.float64(297.2621639740629))"
2048,"((7, 16),)","(np.float64(0.13055420642317303),)","(np.float64(124.13645137916393),)"
2049,"((4, 11),)","(np.float64(0.13261045918561842),)","(np.float64(69.11768978423898),)"
2050,"((0, 7), (9, 17))","(np.float64(0.059009376457939716), np.float64(0.13615921665605873))","(np.float64(114.44511439254146), np.float64(37.662703717859635))"
2051,"((6, 14),)","(np.float64(0.0825232409752596),)","(np.float64(129.88458831205068),)"
2052,"((1, 7), (7, 12))","(np.float64(0.11334193078138496), np.float64(0.09222523363314854))","(np.float64(73.99384645915767), np.float64(120.1640972209627))"
2053,"((1, 16), (4, 18), (5, 14), (4, 12), (1, 12), (5, 19))","(np.float64(0.0549608284079656), np.float64(0.10375709607505193), np.float64(0.13424757908359514), np.float64(0.12629235179790582), np.float64(0.14989239492413772), np.float64(0.14802816382843917))","(np.float64(63.21592856258253), np.float64(289.74120082298225), np.float64(247.17951569603673), np.float64(152.41958723638731), np.float64(226.66180459135745), np.float64(6.468378973826463))"
2054,"((0, 12), (14, 15))","(np.float64(0.08303869714433164), np.float64(0.09096098017971685))","(np.float64(96.36717939226077), np.float64(122.41588439985888))"
2055,"((0, 18), (1, 18), (10, 18))","(np.float64(0.05630555831768796), np.float64(0.1045339770157734), np.float64(0.1425527674222508))","(np.float64(242.05563949322436), np.float64(55.1691501323942), np.float64(131.49405036720765))"
2056,"((5, 10),)","(np.float64(0.12856049217000326),)","(np.float64(35.02591086988068),)"
2057,"((0, 14), (1, 5), (1, 9), (2, 11), (5, 9), (4, 16))","(np.float64(0.0637878665340318), np.float64(0.13958285985000474), np.float64(0.0655763555208103), np.float64(0.09636183514131821), np.float64(0.1196679959229409), np.float64(0.1436005957323834))","(np.float64(276.68848590199525), np.float64(15.245454837166381), np.float64(74.11942106186983), np.float64(53.19628274169959), np.float64(167.2707486440429), np.float64(40.07151116609485))"
2058,"((0, 10), (4, 16))","(np.float64(0.13233279554968658), np.float64(0.13364352147636072))","(np.float64(74.95144069759883), np.float64(27.295153155790654))"
2059,"((16, 18), (12, 18))","(np.float64(0.14689620258886696), np.float64(0.14705999503108017))","(np.float64(47.619010747179495), np.float64(141.96066447793575))"
2060,"((1, 12), (7, 13))","(np.float64(0.10906341883544711), np.float64(0.09797393286222325))","(np.float64(182.95881590989103), np.float64(336.8375902132047))"
2062,"((0, 7),)","(np.float64(0.07460874877210702),)","(np.float64(187.61213022807698),)"
2064,"((3, 16), (3, 18), (7, 13), (7, 18))","(np.float64(0.12839420060902562), np.float64(0.14057586056663723), np.float64(0.1302460528031092), np.float64(0.11665006466307143))","(np.float64(80.051672847634), np.float64(341.4319372733332), np.float64(305.9583294457056), np.float64(72.72991556675093))"
2065,"((0, 7), (7, 12), (11, 15))","(np.float64(0.07632418672654236), np.float64(0.12696968912515766), np.float64(0.14899819993403243))","(np.float64(104.73047129616144), np.float64(42.01499670126941), np.float64(225.64814893550493))"
2067,"((0, 19), (5, 8), (10, 13))","(np.float64(0.11929045548972007), np.float64(0.14694018903473677), np.float64(0.023252305151915998))","(np.float64(45.16922848971453), np.float64(105.40645578003935), np.float64(207.45804169124958))"
2068,"((2, 11), (4, 17), (1, 6))","(np.float64(0.10413787812120748), np.float64(0.13092286053110747), np.float64(0.0463467918335378))","(np.float64(133.9235537310609), np.float64(205.81401520689712), np.float64(222.95830929724877))"
2069,"((10, 12),)","(np.float64(0.12812149150646218),)","(np.float64(197.0565187655334),)"
2070,"((0, 18), (9, 17), (11, 12), (11, 13), (12, 13))","(np.float64(0.1365470512582846), np.float64(0.14808411112474373), np.float64(0.1406544086057664), np.float64(0.14115019399026535), np.float64(0.04481756899993378))","(np.float64(266.83969385240505), np.float64(106.42242366105397), np.float64(198.61251401858505), np.float64(216.91308439143265), np.float64(297.1363392698188))"
2071,"((4, 13), (6, 15), (8, 14), (8, 16))","(np.float64(0.0892926297145153), np.float64(0.13394052317263772), np.float64(0.141062983235018), np.float64(0.09536731269253987))","(np.float64(16.05184585004887), np.float64(193.3276476493312), np.float64(72.32024515269696), np.float64(185.29705388155074))"
2072,"((9, 11),)","(np.float64(0.13385874582781834),)","(np.float64(261.5231086060146),)"
2075,"((2, 14), (8, 10), (12, 16), (7, 14))","(np.float64(0.06680771004356498), np.float64(0.14861770688748055), np.float64(0.07079175244113635), np.float64(0.02587457139364706))","(np.float64(42.9343321281084), np.float64(46.75284429447763), np.float64(254.58860424016927), np.float64(278.34193843386913))"
2076,"((10, 16), (15, 19))","(np.float64(0.11793209774876356), np.float64(0.04957527695575781))","(np.float64(99.42723119278293), np.float64(234.64331484657606))"
2078,"((4, 7), (8, 18))","(np.float64(0.09175643350781554), np.float64(0.12910151628401798))","(np.float64(205.0013124505603), np.float64(173.15041483731602))"
2079,"((1, 5), (13, 18))","(np.float64(0.12016458308397811), np.float64(0.07375402959968502))","(np.float64(260.54670649308116), np.float64(222.201007333929))"
2080,"((2, 5), (2, 16), (3, 4), (5, 16), (16, 18), (14, 18))","(np.float64(0.006632581830878373), np.float64(0.10758055608007451), np.float64(0.14551432646129595), np.float64(0.11418320002231859), np.float64(0.13482827939321013), np.float64(0.14327596914718674))","(np.float64(67.88967431398216), np.float64(253.49954778894994), np.float64(46.65900144120377), np.float64(253.17420277454545), np.float64(289.10575082215786), np.float64(58.53858120123378))"
2081,"((5, 13), (7, 15))","(np.float64(0.10248652245249745), np.float64(0.06789950659392356))","(np.float64(150.10060288815757), np.float64(110.0722065700497))"
2082,"((4, 9), (5, 13))","(np.float64(0.09599417125040595), np.float64(0.12742849021708952))","(np.float64(173.58329733091642), np.float64(238.88909912313107))"
2083,"((9, 10), (8, 17), (8, 14))","(np.float64(0.08634724816224547), np.float64(0.14771521857566697), np.float64(0.1450376088748509))","(np.float64(66.87042418941562), np.float64(58.37403740412342), np.float64(341.76578689440504))"
2084,"((0, 9), (11, 18))","(np.float64(0.09417176466271478), np.float64(0.06310488610091092))","(np.float64(40.32791232210035), np.float64(181.0913168007004))"
2085,"((3, 18), (9, 12), (9, 15), (10, 19), (12, 15), (3, 15))","(np.float64(0.12028128080398995), np.float64(0.11448929110959867), np.float64(0.12440706966811972), np.float64(0.14482457492481965), np.float64(0.0911686311576428), np.float64(0.02851447979872362))","(np.float64(222.60874119963646), np.float64(130.2980600467619), np.float64(174.92580300605783), np.float64(125.31568710895813), np.float64(236.836507639589), np.float64(350.8097880715597))"
2086,"((3, 10),)","(np.float64(0.14258420122874452),)","(np.float64(169.08017716440062),)"
2087,"((1, 9), (6, 17), (18, 19), (4, 10), (5, 11), (9, 17))","(np.float64(0.09493879829691193), np.float64(0.10821985536258716), np.float64(0.12578873635802174), np.float64(0.09445713159823337), np.float64(0.14533704824339955), np.float64(0.13309258261185344))","(np.float64(290.1630297492822), np.float64(183.93107247926048), np.float64(230.33227113146668), np.float64(191.57879091627368), np.float64(314.3905255718768), np.float64(53.26725377142464))"
2089,"((8, 14), (3, 9))","(np.float64(0.09656496257726248), np.float64(0.13900004365046809))","(np.float64(196.33556458009943), np.float64(290.79345814224473))"
2090,"((3, 15), (4, 7))","(np.float64(0.11395585997266408), np.float64(0.13902886605619544))","(np.float64(95.98410656624199), np.float64(303.54496382073165))"
2091,"((2, 13), (5, 11), (5, 13))","(np.float64(0.1082593764185441), np.float64(0.1405167087653508), np.float64(0.13574748477816262))","(np.float64(231.38607595385483), np.float64(358.8771178568908), np.float64(301.1264207512868))"
2092,"((5, 14),)","(np.float64(0.13856023947283852),)","(np.float64(72.55655929215037),)"
2093,"((10, 13), (0, 3), (12, 16), (3, 17), (6, 16))","(np.float64(0.1351176888510918), np.float64(0.1464901602861207), np.float64(0.11554209362974163), np.float64(0.12966456463236758), np.float64(0.14598664684586118))","(np.float64(189.79262143056542), np.float64(303.5843215784168), np.float64(21.377429103966865), np.float64(113.05703267991794), np.float64(16.889765933306844))"
2094,"((4, 13), (6, 10))","(np.float64(0.11970572551838415), np.float64(0.09327298159807436))","(np.float64(105.15318526499759), np.float64(82.28746779791263))"
2095,"((1, 12), (13, 19))","(np.float64(0.09054571586403495), np.float64(0.11147624581942425))","(np.float64(60.99814226566708), np.float64(256.5393160642857))"
2096,"((14, 17), (8, 10), (8, 11), (12, 17))","(np.float64(0.12075879017309722), np.float64(0.06497321635450938), np.float64(0.13046299391483251), np.float64(0.13326645701680334))","(np.float64(226.3440990784177), np.float64(10.032892191685844), np.float64(45.14787309896879), np.float64(174.3174525630044))"
2097,"((10, 16), (13, 14))","(np.float64(0.09896478673645491), np.float64(0.14553630572140497))","(np.float64(202.2994830990029), np.float64(276.6222554606535))"
2098,"((10, 16), (11, 13), (2, 11), (7, 17))","(np.float64(0.017576346382545495), np.float64(0.1243053890157168), np.float64(0.02069714668295643), np.float64(0.1453340988648763))","(np.float64(68.36545639993126), np.float64(134.02044267274994), np.float64(207.8478224778096), np.float64(125.01541745459394))"
2099,"((5, 13), (3, 14))","(np.float64(0.0896219013460102), np.float64(0.14677745953818658))","(np.float64(14.039861161079674), np.float64(359.72493600367756))"
2100,"((7, 10), (10, 17))","(np.float64(0.03640983821490876), np.float64(0.13228626349669503))","(np.float64(253.8704792842616), np.float64(136.63041555930408))"
2101,"((4, 15), (4, 19), (13, 14), (15, 18), (4, 18), (1, 3), (7, 16))","(np.float64(0.058802523533373834), np.float64(0.045376264444734325), np.float64(0.11821919640979493), np.float64(0.10392625042766009), np.float64(0.1475088206806781), np.float64(0.1430817706109888), np.float64(0.13707156029615347))","(np.float64(8.020014644095832), np.float64(188.0635644078911), np.float64(190.64018464732015), np.float64(98.02785740151711), np.float64(72.29743656344131), np.float64(264.23655813186406), np.float64(42.643397487587336))"
2102,"((3, 8),)","(np.float64(0.13783934753450372),)","(np.float64(206.065320330276),)"
2103,"((3, 14),)","(np.float64(0.14852712752016525),)","(np.float64(290.9977466460355),)"
2104,"((4, 17), (12, 15))","(np.float64(0.10992847495478979), np.float64(0.1297222989309023))","(np.float64(182.82518415430988), np.float64(105.63675076319934))"
2105,"((4, 10), (5, 15), (13, 16))","(np.float64(0.12691646849246907), np.float64(0.07983049785471578), np.float64(0.05530535019303257))","(np.float64(98.3131374456183), np.float64(77.90673269420694), np.float64(254.4943111030259))"
2106,"((4, 14), (13, 18))","(np.float64(0.08932035069853057), np.float64(0.022377047733337922))","(np.float64(207.29863967454025), np.float64(123.56509964214364))"
2107,"((0, 8),)","(np.float64(0.11079889799451308),)","(np.float64(268.5682601004366),)"
2110,"((4, 10), (5, 19), (10, 17))","(np.float64(0.049543963126378036), np.float64(0.03578909564733725), np.float64(0.1435115884809909))","(np.float64(163.66453340839814), np.float64(279.44741992346394), np.float64(144.47626019133224))"
2111,"((8, 14),)","(np.float64(0.14786573706725106),)","(np.float64(45.382381093323716),)"
2112,"((9, 11),)","(np.float64(0.11563427377507461),)","(np.float64(143.3652349075901),)"
2113,"((3, 12), (5, 10), (10, 17))","(np.float64(0.11025796049179301), np.float64(0.06362941140013643), np.float64(0.14480317159032055))","(np.float64(151.8957087490764), np.float64(48.274961349368965), np.float64(95.00545880081877))"
2114,"((1, 19), (8, 17), (9, 14))","(np.float64(0.1029613144015473), np.float64(0.11968295524930293), np.float64(0.11026412167784037))","(np.float64(124.52584206664046), np.float64(293.8447417877637), np.float64(150.39942266613667))"
2115,"((1, 5), (10, 19), (15, 17))","(np.float64(0.06149460291810924), np.float64(0.0010793273008623328), np.float64(0.13891084660762873))","(np.float64(345.2989589683057), np.float64(313.0005601581539), np.float64(339.5964402883808))"
2116,"((5, 14),)","(np.float64(0.04315750738824746),)","(np.float64(278.9581359151398),)"
2117,"((8, 11), (3, 13), (5, 8), (3, 19))","(np.float64(0.14393155093197646), np.float64(0.14573017226287513), np.float64(0.0926579432916702), np.float64(0.138794382225181))","(np.float64(283.4370635328688), np.float64(57.55223696230041), np.float64(226.7839176645564), np.float64(341.27189604505685))"
2118,"((10, 14), (14, 19))","(np.float64(0.13513284087886424), np.float64(0.13936073367317436))","(np.float64(102.60541487445869), np.float64(89.91212195517475))"
2119,"((13, 19),)","(np.float64(0.14919433659722434),)","(np.float64(140.5651620667378),)"
2121,"((4, 17), (6, 19), (6, 7), (7, 8))","(np.float64(0.0510882340401918), np.float64(0.09711461901741109), np.float64(0.1208438874145629), np.float64(0.06490967918853378))","(np.float64(149.69063800659603), np.float64(98.32279808373228), np.float64(186.90377840304103), np.float64(113.38621858697282))"
2122,"((3, 17), (13, 17), (10, 15), (10, 18), (14, 15), (13, 16))","(np.float64(0.09656184360464451), np.float64(0.11192817576022261), np.float64(0.10021969406957343), np.float64(0.1351722815127674), np.float64(0.1283830343292748), np.float64(0.12275852638002056))","(np.float64(135.6174696417578), np.float64(347.6430847708064), np.float64(60.85932081579752), np.float64(96.45617314221053), np.float64(0.030554059496137462), np.float64(5.372689329065536))"
2123,"((8, 12),)","(np.float64(0.12648833586001515),)","(np.float64(209.83601924307024),)"
2124,"((3, 5), (7, 19))","(np.float64(0.13055998007204117), np.float64(0.09654563861221716))","(np.float64(350.2135142247922), np.float64(252.10190611401046))"
2125,"((1, 4), (3, 17), (5, 9), (16, 19))","(np.float64(0.09219531700272086), np.float64(0.09723651271984789), np.float64(0.14959846687491984), np.float64(0.13136032244732293))","(np.float64(274.06001504635014), np.float64(265.9536579710404), np.float64(254.92208554503244), np.float64(7.381954120107854))"
2126,"((6, 16), (11, 18), (14, 17), (17, 19), (6, 17))","(np.float64(0.1481534609398858), np.float64(0.11017366872746281), np.float64(0.14921943242996985), np.float64(0.06763757531004572), np.float64(0.1253168280836167))","(np.float64(37.267453348417575), np.float64(339.2756340429445), np.float64(354.34073133797307), np.float64(167.62861720067875), np.float64(2.7664570340803745))"
2127,"((6, 12),)","(np.float64(0.08865249890174506),)","(np.float64(89.2984060760735),)"
2128,"((0, 5),)","(np.float64(0.1392488823537645),)","(np.float64(344.33168200780676),)"
2130,"((4, 15), (16, 17))","(np.float64(0.12687847900325666), np.float64(0.14602949269184798))","(np.float64(299.9849002702104), np.float64(21.4333452575625))"
2131,"((9, 19),)","(np.float64(0.09289544387636202),)","(np.float64(196.47120155994617),)"
2134,"((3, 11),)","(np.float64(0.14424570465989606),)","(np.float64(120.1056395623139),)"
2135,"((2, 10), (3, 16))","(np.float64(0.14841684008106024), np.float64(0.13538842109132884))","(np.float64(206.52884432958575), np.float64(245.72353894662734))"
2138,"((6, 10), (0, 10))","(np.float64(0.1459320970699638), np.float64(0.12947897911390172))","(np.float64(226.3324241010297), np.float64(152.87242847142898))"
2139,"((4, 18),)","(np.float64(0.1252990175574336),)","(np.float64(314.75312252621575),)"
2141,"((3, 8), (8, 18), (13, 19), (14, 18), (6, 14), (8, 15))","(np.float64(0.13997186636651476), np.float64(0.1066296400362558), np.float64(0.1296015111068551), np.float64(0.14219105419243344), np.float64(0.14043275247892575), np.float64(0.14472275901483506))","(np.float64(209.5495391111832), np.float64(158.70488121732512), np.float64(126.10723084022516), np.float64(231.44027367357867), np.float64(220.95920012958157), np.float64(294.2711324730137))"
2142,"((5, 14), (5, 16))","(np.float64(0.1461836522942338), np.float64(0.1365387289639193))","(np.float64(305.99802860870017), np.float64(309.5361269212492))"
2143,"((13, 16),)","(np.float64(0.14389004866076227),)","(np.float64(197.681702097939),)"
2144,"((3, 6), (3, 7), (6, 7), (15, 17))","(np.float64(0.10892078835215807), np.float64(0.11476815231399015), np.float64(0.08061280469972963), np.float64(0.009567074392231369))","(np.float64(351.9878142978886), np.float64(309.84159510817693), np.float64(244.7952168206042), np.float64(18.932891147270837))"
2145,"((2, 10),)","(np.float64(0.12820883394318527),)","(np.float64(183.32127355120932),)"
2147,"((0, 11), (3, 15), (3, 17), (6, 16), (3, 16))","(np.float64(0.12268646134450803), np.float64(0.11942300901591149), np.float64(0.12928824346585877), np.float64(0.13743241463080344), np.float64(0.12056856354769042))","(np.float64(88.89103574966526), np.float64(248.25275679238405), np.float64(294.419822146993), np.float64(244.4865061469431), np.float64(211.73579634424416))"
2148,"((1, 9), (15, 17), (1, 15), (9, 18), (15, 18))","(np.float64(0.12204582625312184), np.float64(0.11894973907409291), np.float64(0.08964644607726421), np.float64(0.1383656262525219), np.float64(0.11299586432431985))","(np.float64(231.68164596821651), np.float64(1.5671969356337867), np.float64(212.13260912026288), np.float64(101.59427858161342), np.float64(345.4453579784089))"
2149,"((13, 19),)","(np.float64(0.14516856935671488),)","(np.float64(339.26173363586497),)"
2151,"((8, 16),)","(np.float64(0.049363500277779526),)","(np.float64(73.3429545224602),)"
2152,"((0, 2), (1, 4), (7, 14))","(np.float64(0.13124233957361225), np.float64(0.10575995848873206), np.float64(0.046322421442603075))","(np.float64(313.40613056940356), np.float64(215.71928132560535), np.float64(21.76884861358907))"
2153,"((6, 15),)","(np.float64(0.11173392271003041),)","(np.float64(244.88986041314365),)"
2154,"((3, 15), (0, 14))","(np.float64(0.1393355707471366), np.float64(0.13842935810061743))","(np.float64(2.497400274837727), np.float64(249.66278357588425))"
2155,"((1, 12), (2, 19))","(np.float64(0.07345084755954505), np.float64(0.14567762467683218))","(np.float64(192.313812163586), np.float64(327.8184627789582))"
2156,"((4, 10), (7, 9))","(np.float64(0.13535530571817317), np.float64(0.1440546492917864))","(np.float64(326.1413809215642), np.float64(168.25276367581523))"
2157,"((1, 12), (2, 11), (5, 18))","(np.float64(0.10593548566214189), np.float64(0.14354393112124358), np.float64(0.013955662475748056))","(np.float64(10.426353455953567), np.float64(215.2903195673278), np.float64(132.98082955922902))"
2160,"((0, 9), (4, 15), (16, 17), (1, 15))","(np.float64(0.06940085126884675), np.float64(0.08111823457102732), np.float64(0.14811922504758543), np.float64(0.14925123128075923))","(np.float64(325.9697334353155), np.float64(321.62733864240784), np.float64(76.3713608797847), np.float64(341.45931871661713))"
2161,"((1, 6),)","(np.float64(0.032635591126011734),)","(np.float64(253.85889482154306),)"
2162,"((5, 11),)","(np.float64(0.14669626579485398),)","(np.float64(354.6914588392614),)"
2163,"((5, 12),)","(np.float64(0.043206136420853185),)","(np.float64(348.5142398076188),)"
2165,"((5, 8), (6, 11), (10, 13), (13, 19))","(np.float64(0.0847467087273963), np.float64(0.12383726067724903), np.float64(0.12922620586938444), np.float64(0.10728978596512785))","(np.float64(161.3583664239742), np.float64(75.48477426750395), np.float64(168.30058646432252), np.float64(265.61335155717626))"
2166,"((11, 19),)","(np.float64(0.12035581501383663),)","(np.float64(200.95846557463435),)"
2167,"((8, 15), (11, 17))","(np.float64(0.06990735825571742), np.float64(0.10799010173773717))","(np.float64(357.7961444500341), np.float64(43.52924693166195))"
2168,"((4, 13), (16, 19))","(np.float64(0.08155937319251552), np.float64(0.06359611514277595))","(np.float64(56.313649053202866), np.float64(331.75499833726815))"
2169,"((4, 15), (8, 17), (13, 16))","(np.float64(0.14452886240658475), np.float64(0.11447142556708198), np.float64(0.07312528369019793))","(np.float64(60.81480002634664), np.float64(300.2563987389978), np.float64(232.9363386009259))"
2170,"((8, 10), (2, 15))","(np.float64(0.028570433965699197), np.float64(0.13998291406231983))","(np.float64(358.21641447379585), np.float64(268.10272538179646))"
2171,"((3, 8), (3, 10), (8, 10), (11, 14), (0, 14))","(np.float64(0.05614773970905109), np.float64(0.12557214451608725), np.float64(0.07671055836643809), np.float64(0.11175569391411314), np.float64(0.10924129771484539))","(np.float64(335.3381054575809), np.float64(312.9291502768321), np.float64(296.72724506358344), np.float64(210.57854479826452), np.float64(236.7288870007734))"
2172,"((0, 13), (6, 8), (6, 13), (11, 14))","(np.float64(0.13618828732833768), np.float64(0.14882619596274319), np.float64(0.140110032634811), np.float64(0.13604166210365912))","(np.float64(182.81829355933306), np.float64(223.64596911654118), np.float64(28.832978375019096), np.float64(75.06448802131256))"
2173,"((1, 19), (4, 7), (2, 12))","(np.float64(0.06097198520312764), np.float64(0.12244169263372004), np.float64(0.1295980102079031))","(np.float64(224.06035850082242), np.float64(149.23767946305705), np.float64(19.09993092399802))"
2174,"((2, 8),)","(np.float64(0.12325115464442293),)","(np.float64(303.4736380663471),)"
2175,"((0, 4), (8, 13))","(np.float64(0.1306156680153195), np.float64(0.06545552891288006))","(np.float64(77.64423947787678), np.float64(96.3147479119663))"
2176,"((3, 10),)","(np.float64(0.14717771425334766),)","(np.float64(143.03398660155952),)"
2177,"((0, 3),)","(np.float64(0.14147070311399115),)","(np.float64(295.6338848052944),)"
2178,"((0, 11), (6, 13), (0, 10))","(np.float64(0.13733307790702862), np.float64(0.0805567591193445), np.float64(0.14775075640851235))","(np.float64(162.23036008965727), np.float64(121.90096186224532), np.float64(279.2552837892381))"
2179,"((12, 18),)","(np.float64(0.11443734203849415),)","(np.float64(113.88376046630562),)"
2180,"((2, 4),)","(np.float64(0.054152132440442265),)","(np.float64(289.2999272142811),)"
2181,"((0, 13), (10, 18), (1, 10), (13, 16))","(np.float64(0.10259881274919126), np.float64(0.14399195786202132), np.float64(0.14175233515644167), np.float64(0.10491350124442793))","(np.float64(310.33676206246673), np.float64(77.7862163557193), np.float64(269.3146394023116), np.float64(99.85300454949936))"
2182,"((1, 5), (1, 7), (4, 17), (6, 19), (7, 15), (14, 16), (2, 9), (11, 16))","(np.float64(0.05032179449232974), np.float64(0.1474009867439059), np.float64(0.08872274652470208), np.float64(0.08302140006571644), np.float64(0.06297734630853088), np.float64(0.14823488735695473), np.float64(0.14802848879385314), np.float64(0.05988199973880363))","(np.float64(339.9142696709887), np.float64(2.164626792867764), np.float64(154.05232412908697), np.float64(6.227120881042498), np.float64(318.547629373761), np.float64(113.03666751529003), np.float64(354.13474498591137), np.float64(326.70855798617345))"
2183,"((8, 17), (9, 12), (9, 14), (12, 14), (6, 16))","(np.float64(0.11799173329356202), np.float64(0.12160084010346935), np.float64(0.07448475319745758), np.float64(0.12570964206928675), np.float64(0.04913032500257055))","(np.float64(48.77544354958575), np.float64(284.7871952568424), np.float64(216.3812517777892), np.float64(137.38293538319988), np.float64(48.73619989908317))"
2184,"((0, 1), (3, 11), (4, 18), (7, 15), (14, 18), (5, 14))","(np.float64(0.08381938033414967), np.float64(0.10579314887003956), np.float64(0.09784456339498426), np.float64(0.12726207773200052), np.float64(0.11233452518405175), np.float64(0.13370067483512374))","(np.float64(134.99325005862022), np.float64(151.52143477401634), np.float64(117.93107927282833), np.float64(191.3620325054654), np.float64(338.1804800986127), np.float64(205.40835695974425))"
2185,"((5, 6),)","(np.float64(0.10260481504577784),)","(np.float64(129.02900942586538),)"
2187,"((0, 11),)","(np.float64(0.09781029713238285),)","(np.float64(1.686041477351468),)"
2188,"((1, 13), (1, 12), (0, 13))","(np.float64(0.12131372216064414), np.float64(0.12751217638169446), np.float64(0.051996200871094224))","(np.float64(310.2833786067546), np.float64(347.146797857865), np.float64(24.154563066115596))"
2191,"((4, 8), (4, 18))","(np.float64(0.1451542210550848), np.float64(0.10256857075892867))","(np.float64(238.13366496848778), np.float64(86.92141737607476))"
2192,"((3, 5),)","(np.float64(0.08853276636671426),)","(np.float64(170.5591136987002),)"
2194,"((2, 12), (5, 14), (6, 8), (10, 13))","(np.float64(0.1388910155101225), np.float64(0.12635565737682694), np.float64(0.13224809434090687), np.float64(0.02332611242307271))","(np.float64(118.8310038971581), np.float64(255.25238924244996), np.float64(251.87976813953588), np.float64(292.0118793288302))"
2195,"((1, 9), (4, 5), (13, 15))","(np.float64(0.13754274203637112), np.float64(0.12107430508422388), np.float64(0.1251815997505352))","(np.float64(119.49160973279498), np.float64(169.63966784432122), np.float64(134.06931089746536))"
2197,"((7, 10), (13, 19))","(np.float64(0.1255835001827091), np.float64(0.10207770771706293))","(np.float64(17.05494469672324), np.float64(351.6598896806092))"
2198,"((3, 4), (3, 13), (4, 13))","(np.float64(0.13107032775089378), np.float64(0.08392525137554352), np.float64(0.05164583866357953))","(np.float64(54.583312684836564), np.float64(322.41671303718914), np.float64(245.11504364958333))"
2199,"((6, 18), (11, 13), (7, 14))","(np.float64(0.09033459756638272), np.float64(0.04446771982505382), np.float64(0.12718641338662617))","(np.float64(53.32754339577539), np.float64(172.46509668660048), np.float64(316.6593636470667))"
2200,"((2, 10), (4, 14), (4, 17), (10, 12), (11, 15), (11, 18), (14, 17), (0, 2), (15, 16), (4, 16))","(np.float64(0.08100827308023899), np.float64(0.11522696266164978), np.float64(0.07632026439004018), np.float64(0.13993942368374748), np.float64(0.1066184345513417), np.float64(0.13228878967261662), np.float64(0.0678125689634912), np.float64(0.09712053726536524), np.float64(0.13976406383605028), np.float64(0.10974621573030119))","(np.float64(171.98478611302218), np.float64(267.4707560306376), np.float64(233.02030029244196), np.float64(249.385295218106), np.float64(222.2713361095929), np.float64(302.82608806398594), np.float64(127.01436315152988), np.float64(168.210660507728), np.float64(266.1628067985801), np.float64(22.902944993603665))"
2201,"((8, 17), (13, 14), (2, 17), (11, 15))","(np.float64(0.1327486607291199), np.float64(0.11693632455360381), np.float64(0.1428004818799146), np.float64(0.14706606965273655))","(np.float64(180.6016498722768), np.float64(21.732703128876736), np.float64(87.14922727065263), np.float64(141.71559502039335))"
2203,"((5, 17),)","(np.float64(0.14383433096358034),)","(np.float64(4.248300879147796),)"
2205,"((12, 13),)","(np.float64(0.10575066510049015),)","(np.float64(198.031116728051),)"
2206,"((5, 14),)","(np.float64(0.1412181814477792),)","(np.float64(31.424041081075554),)"
2207,"((18, 19), (7, 18))","(np.float64(0.1467091170795813), np.float64(0.14881193773272802))","(np.float64(84.9985401959531), np.float64(98.40318053892021))"
2208,"((0, 17), (9, 16), (0, 9), (9, 17))","(np.float64(0.1353820990554205), np.float64(0.09945130171018711), np.float64(0.04037515738264027), np.float64(0.0913128916006617))","(np.float64(110.26103914147737), np.float64(207.72226359210126), np.float64(0.01260137508634932), np.float64(222.37448265867425))"
2209,"((6, 11),)","(np.float64(0.145215568268754),)","(np.float64(17.785551597514605),)"
2210,"((6, 10), (18, 19))","(np.float64(0.11502481323577474), np.float64(0.1335211843549801))","(np.float64(160.52501724478202), np.float64(200.94168639628916))"
2211,"((5, 17), (7, 9), (10, 11))","(np.float64(0.08690227995889759), np.float64(0.11416913611088667), np.float64(0.0401330740598326))","(np.float64(203.4792323834153), np.float64(199.94188512097665), np.float64(166.70517496049317))"
2213,"((4, 6), (6, 12))","(np.float64(0.14222712672565016), np.float64(0.013577541848209916))","(np.float64(24.56258626332181), np.float64(42.45411705465264))"
2214,"((6, 15), (7, 14), (11, 12), (1, 10))","(np.float64(0.11378093489919418), np.float64(0.13420746019470522), np.float64(0.10140822254287865), np.float64(0.14376622705215197))","(np.float64(110.28360992289888), np.float64(189.4385017062722), np.float64(183.9946429521454), np.float64(249.5559271242471))"
2215,"((5, 7), (8, 11))","(np.float64(0.12624204028484984), np.float64(0.10998828023194944))","(np.float64(307.72922848542424), np.float64(16.600150663046097))"
2217,"((16, 18), (11, 19))","(np.float64(0.08976704796934298), np.float64(0.13677972380429887))","(np.float64(336.0899034026333), np.float64(18.68232983187322))"
2218,"((0, 2), (12, 15))","(np.float64(0.11107665822547744), np.float64(0.12886850307677508))","(np.float64(25.61257894733853), np.float64(262.4770729388023))"
2219,"((3, 5), (3, 18), (4, 7), (9, 14))","(np.float64(0.08140342330328446), np.float64(0.0957432246271004), np.float64(0.08549416168345039), np.float64(0.14500710571178105))","(np.float64(318.0255833697502), np.float64(127.70493164068961), np.float64(152.8439535960979), np.float64(65.77679903001184))"
2220,"((1, 15), (7, 13))","(np.float64(0.1222791607418495), np.float64(0.12517825533912788))","(np.float64(117.9743371716745), np.float64(16.374646662525507))"
2221,"((2, 3), (6, 19), (2, 19))","(np.float64(0.0904974462563403), np.float64(0.03318737790753274), np.float64(0.14248398138145357))","(np.float64(279.7047234886054), np.float64(194.25463372536825), np.float64(56.51869193442748))"
2222,"((3, 11), (16, 17))","(np.float64(0.0836117411269645), np.float64(0.09766517646237052))","(np.float64(218.90644548414525), np.float64(43.43961902016655))"
2223,"((8, 15), (5, 15))","(np.float64(0.02955025516826658), np.float64(0.11678359066720902))","(np.float64(188.06543596848834), np.float64(280.6245625788593))"
2224,"((6, 7),)","(np.float64(0.13641975572806042),)","(np.float64(214.84967592734682),)"
2225,"((2, 3), (13, 18))","(np.float64(0.0672512642386892), np.float64(0.07889067892104525))","(np.float64(42.67850235573479), np.float64(355.91316284262274))"
2227,"((2, 16),)","(np.float64(0.14119783515627213),)","(np.float64(251.2596225764848),)"
2228,"((7, 15),)","(np.float64(0.07945032481445996),)","(np.float64(267.9389504506326),)"
2229,"((3, 19), (10, 13), (0, 16))","(np.float64(0.08667005638642358), np.float64(0.10396622943614167), np.float64(0.13141773343384086))","(np.float64(261.9013550919922), np.float64(10.191744830500701), np.float64(356.9866716925866))"
2230,"((2, 19), (5, 16), (8, 18))","(np.float64(0.12764840723098228), np.float64(0.05436144196790762), np.float64(0.12693075207885984))","(np.float64(132.50927307859487), np.float64(63.561543424604025), np.float64(108.12477509690157))"
2233,"((0, 4), (7, 15), (13, 19))","(np.float64(0.07700723040006735), np.float64(0.05251729252115477), np.float64(0.09546561016101825))","(np.float64(345.80554046046916), np.float64(41.551790143877696), np.float64(359.2429993963472))"
2234,"((0, 11), (2, 6), (2, 13), (9, 17))","(np.float64(0.12434982068730085), np.float64(0.08676924813252261), np.float64(0.13605108779765931), np.float64(0.08472785846581309))","(np.float64(55.16477153721146), np.float64(193.81556864054758), np.float64(81.64603933891547), np.float64(141.71310216733445))"
2235,"((4, 13), (2, 10))","(np.float64(0.11816536764861889), np.float64(0.13910322101064443))","(np.float64(129.76356955628896), np.float64(353.0901866574667))"
2236,"((9, 18),)","(np.float64(0.13550857059681048),)","(np.float64(169.08453972665814),)"
2238,"((11, 15),)","(np.float64(0.14862200504943301),)","(np.float64(343.7187050585075),)"
2239,"((2, 16), (6, 15))","(np.float64(0.11088966922624535), np.float64(0.14129027875612066))","(np.float64(102.78823452439362), np.float64(0.15396750207912266))"
2240,"((1, 16), (4, 5), (8, 13))","(np.float64(0.046856029426204086), np.float64(0.11363845291232279), np.float64(0.1275818835723544))","(np.float64(344.8641931163001), np.float64(28.252841263006115), np.float64(221.56505954472962))"
2241,"((3, 16), (9, 15))","(np.float64(0.14212070231933716), np.float64(0.1344586898381745))","(np.float64(339.3946889626674), np.float64(184.40671625278105))"
2242,"((2, 12), (2, 14), (3, 7), (3, 19), (5, 19), (7, 19), (0, 10))","(np.float64(0.09268336434971558), np.float64(0.11403540451585113), np.float64(0.05965554381596915), np.float64(0.1309742752104028), np.float64(0.06367773331039302), np.float64(0.11148309057773312), np.float64(0.1479801481868521))","(np.float64(59.54636993982404), np.float64(211.96351007064467), np.float64(343.39381175618064), np.float64(289.1483206797459), np.float64(131.5626554086571), np.float64(263.4647675814007), np.float64(240.7659006052166))"
2243,"((0, 7),)","(np.float64(0.089509565953174),)","(np.float64(325.55038579133213),)"
2244,"((2, 9), (14, 19), (0, 10))","(np.float64(0.08341708099288528), np.float64(0.11277081752145537), np.float64(0.14965329560669435))","(np.float64(49.01282915166231), np.float64(300.58146307934874), np.float64(18.053973121788932))"
2245,"((2, 9), (3, 18))","(np.float64(0.12235206351889978), np.float64(0.11848904751513131))","(np.float64(212.84479173106874), np.float64(89.0368958941667))"
2246,"((3, 4), (7, 8))","(np.float64(0.12484100264923202), np.float64(0.09373987276767135))","(np.float64(104.77331781991371), np.float64(345.75690500836083))"
2247,"((3, 7), (7, 15), (11, 12), (8, 18))","(np.float64(0.11962131173266777), np.float64(0.13274289028764485), np.float64(0.08655962405830886), np.float64(0.14298175825186307))","(np.float64(77.29692252052685), np.float64(117.29188598197463), np.float64(72.4536157285928), np.float64(266.35193213302045))"
2248,"((0, 10),)","(np.float64(0.11594495185646214),)","(np.float64(334.59990007177333),)"
2249,"((10, 18),)","(np.float64(0.03881981508501522),)","(np.float64(297.8782882279053),)"
2250,"((0, 5),)","(np.float64(0.06668546387571993),)","(np.float64(37.03943306683559),)"
2251,"((9, 11), (10, 16))","(np.float64(0.14664951549328872), np.float64(0.1482677197687415))","(np.float64(267.4454796550692), np.float64(329.898492253613))"
2253,"((4, 17), (11, 19), (13, 19))","(np.float64(0.13228504476954944), np.float64(0.1458817606022481), np.float64(0.12394607767132969))","(np.float64(134.17071663991973), np.float64(345.0555738989388), np.float64(121.56425791742933))"
2254,"((8, 12), (12, 18))","(np.float64(0.12255132112280807), np.float64(0.11752110100453823))","(np.float64(31.089903743110607), np.float64(136.2117866366715))"
2255,"((0, 14),)","(np.float64(0.13898315054402682),)","(np.float64(254.28882546234402),)"
2256,"((6, 12), (6, 13))","(np.float64(0.10322412835119027), np.float64(0.07539945964828848))","(np.float64(114.03438116014881), np.float64(340.1541558668319))"
2257,"((1, 17), (2, 10), (3, 4), (8, 9))","(np.float64(0.11449744884673775), np.float64(0.05064671211439306), np.float64(0.023301680227807077), np.float64(0.11071504602546518))","(np.float64(133.13894522238422), np.float64(2.0205082386244464), np.float64(311.9160353568675), np.float64(22.960153128112474))"
2258,"((8, 17),)","(np.float64(0.13042213269007394),)","(np.float64(95.14014279112705),)"
2260,"((2, 16),)","(np.float64(0.13056109265536261),)","(np.float64(20.375134123525957),)"
2261,"((9, 19),)","(np.float64(0.039836693424091685),)","(np.float64(220.7676058121807),)"
2262,"((3, 16),)","(np.float64(0.14063575932710237),)","(np.float64(250.76820147050412),)"
2264,"((10, 14), (11, 17), (12, 15), (0, 10))","(np.float64(0.07511020635974504), np.float64(0.10030988473175369), np.float64(0.14095638376274092), np.float64(0.14545753998663055))","(np.float64(57.183406934795265), np.float64(80.31878045695919), np.float64(310.48777964220335), np.float64(265.7107898822236))"
2265,"((5, 10), (5, 11), (10, 11))","(np.float64(0.06625998680991096), np.float64(0.04591707975130887), np.float64(0.09187556380422775))","(np.float64(240.90106280569938), np.float64(308.7851684758349), np.float64(340.2519613467819))"
2268,"((1, 15), (17, 19))","(np.float64(0.060660921838748744), np.float64(0.10421242751458484))","(np.float64(11.858328567316534), np.float64(2.6206281630913106))"
2269,"((3, 16),)","(np.float64(0.08664162932517505),)","(np.float64(235.11750569359106),)"
2270,"((4, 19), (0, 4))","(np.float64(0.14788947331555283), np.float64(0.13241671244114162))","(np.float64(34.805141655228226), np.float64(196.0630721612767))"
2271,"((1, 5), (4, 14), (7, 14), (12, 13), (1, 10))","(np.float64(0.08244584758452493), np.float64(0.11090249522805143), np.float64(0.14395265149884248), np.float64(0.10185456847523824), np.float64(0.13644233020988059))","(np.float64(333.96029167096725), np.float64(38.78616596863471), np.float64(231.64164331178986), np.float64(75.12385563873373), np.float64(287.6232784527665))"
2272,"((6, 12),)","(np.float64(0.060888493624295756),)","(np.float64(51.76028762905981),)"
2273,"((5, 17),)","(np.float64(0.10816558381875409),)","(np.float64(6.104279878511494),)"
2274,"((7, 11), (9, 18))","(np.float64(0.026459720617346527), np.float64(0.12169214871006019))","(np.float64(229.49924716696356), np.float64(84.42168180686777))"
2275,"((15, 18), (5, 18))","(np.float64(0.13852393392777648), np.float64(0.14908115500412908))","(np.float64(9.440858244414036), np.float64(308.40049416338604))"
2276,"((3, 7), (4, 8), (14, 19))","(np.float64(0.1330652552372059), np.float64(0.11150544527552282), np.float64(0.1341269055709072))","(np.float64(162.8951033435875), np.float64(150.78400765478403), np.float64(316.33630439450553))"
2277,"((0, 4), (8, 10), (10, 18))","(np.float64(0.0030376292719284117), np.float64(0.09258375721049407), np.float64(0.1303337191300962))","(np.float64(135.83093628358628), np.float64(5.766087283011071), np.float64(78.43503562319532))"
2278,"((3, 13), (7, 9), (12, 17))","(np.float64(0.12756285847865484), np.float64(0.13277933910762493), np.float64(0.08727871622365849))","(np.float64(312.97294647379164), np.float64(203.23733732486437), np.float64(41.124872255806665))"
2279,"((0, 19), (1, 4), (4, 16))","(np.float64(0.0990946873531449), np.float64(0.08386946536697795), np.float64(0.1137866018279524))","(np.float64(214.211075923617), np.float64(73.45588995026962), np.float64(149.51448733519666))"
2280,"((4, 8), (6, 16), (10, 13), (11, 13), (0, 7))","(np.float64(0.10872508174765173), np.float64(0.06125912980067928), np.float64(0.1223178199424394), np.float64(0.07678950403016552), np.float64(0.14565629852801734))","(np.float64(275.54361538328544), np.float64(287.99120096595016), np.float64(103.41429389263621), np.float64(269.530391647863), np.float64(46.542721870649935))"
2281,"((6, 13), (7, 13), (14, 18), (7, 15), (3, 9))","(np.float64(0.1383614072787363), np.float64(0.11911886931462883), np.float64(0.10547029838106256), np.float64(0.045570564001356215), np.float64(0.1254845002326421))","(np.float64(76.52054786476869), np.float64(287.82620506264016), np.float64(139.80443862760296), np.float64(339.3583410057014), np.float64(200.55759342903843))"
2282,"((0, 19), (1, 16), (14, 19))","(np.float64(0.14120013869259912), np.float64(0.1412597322237744), np.float64(0.1278220428063844))","(np.float64(333.8099629983032), np.float64(71.53536163710015), np.float64(77.01878344583557))"
2283,"((1, 8),)","(np.float64(0.03139682673998048),)","(np.float64(14.292605363373857),)"
2284,"((2, 16), (18, 19))","(np.float64(0.0751423413138756), np.float64(0.13424321981915233))","(np.float64(69.47352307907553), np.float64(170.03081530703534))"
2285,"((1, 9), (3, 11), (2, 3), (0, 8), (10, 19), (11, 17))","(np.float64(0.056734692734200426), np.float64(0.1245161677096859), np.float64(0.139444615439955), np.float64(0.1356070818376723), np.float64(0.10419047183381919), np.float64(0.14285491947598655))","(np.float64(341.4358640447229), np.float64(345.7990805122157), np.float64(356.11781473877863), np.float64(276.96928784938575), np.float64(51.6441529455286), np.float64(108.59444501997572))"
2286,"((3, 14),)","(np.float64(0.14776549509884457),)","(np.float64(247.06453752886637),)"
2287,"((1, 11), (3, 10), (11, 12), (0, 11))","(np.float64(0.13938291653474819), np.float64(0.09339293863960246), np.float64(0.03572607838287284), np.float64(0.14199069165053607))","(np.float64(70.98412895354768), np.float64(51.4951403808174), np.float64(144.17167041710206), np.float64(356.27640823695293))"
2288,"((8, 10),)","(np.float64(0.10369953301304606),)","(np.float64(28.98769804798795),)"
2289,"((10, 12), (15, 16), (3, 16))","(np.float64(0.07497493947077433), np.float64(0.11295496257396075), np.float64(0.12728838352440994))","(np.float64(153.82559468952036), np.float64(97.21338447557582), np.float64(252.325321644308))"
2290,"((4, 9),)","(np.float64(0.06323315672673797),)","(np.float64(46.601348659774274),)"
2291,"((2, 16), (7, 18), (11, 16), (4, 7))","(np.float64(0.1455599419971939), np.float64(0.1065121294758159), np.float64(0.0707044378556244), np.float64(0.1399838739874876))","(np.float64(59.8441904535816), np.float64(302.56717341035284), np.float64(226.46961911233853), np.float64(207.5809104761007))"
2292,"((10, 16),)","(np.float64(0.06769391659093112),)","(np.float64(217.8686079733444),)"
2293,"((8, 9), (10, 18))","(np.float64(0.14398298633873485), np.float64(0.13782277477643595))","(np.float64(26.58638523528326), np.float64(334.94290279284905))"
2294,"((3, 6), (9, 19), (3, 7))","(np.float64(0.14910803164947686), np.float64(0.11866654713982497), np.float64(0.13973784226231434))","(np.float64(133.38055793257175), np.float64(69.85733745212028), np.float64(104.40028930929259))"
2295,"((9, 11),)","(np.float64(0.1433262814012884),)","(np.float64(265.90971265912833),)"
2296,"((4, 7), (9, 19))","(np.float64(0.1452704020789527), np.float64(0.07122220825614183))","(np.float64(332.50129039734054), np.float64(119.3275492375621))"
2297,"((1, 16),)","(np.float64(0.14610303418628123),)","(np.float64(218.5283050186261),)"
2298,"((1, 12), (3, 10))","(np.float64(0.13725394296702398), np.float64(0.07605304841457347))","(np.float64(331.33455227424645), np.float64(219.67321994128693))"
2299,"((1, 12), (2, 4), (4, 16))","(np.float64(0.12416532699302907), np.float64(0.12912830486892202), np.float64(0.1370364519355202))","(np.float64(297.5126814340416), np.float64(22.572758336416534), np.float64(257.1869343980391))"
2300,"((10, 17),)","(np.float64(0.14437359841319655),)","(np.float64(186.43947357339695),)"
2301,"((0, 1), (0, 12), (1, 12), (3, 12), (0, 9))","(np.float64(0.07045442949914818), np.float64(0.14087271220474515), np.float64(0.12783928380745602), np.float64(0.1167398754032123), np.float64(0.1465581288854449))","(np.float64(97.60787346703962), np.float64(32.85342732562422), np.float64(2.9547270750122445), np.float64(277.32923987102185), np.float64(215.47874346112135))"
2302,"((4, 16), (16, 19))","(np.float64(0.1362028778741266), np.float64(0.10013608338141577))","(np.float64(25.153681892778405), np.float64(162.64033008036327))"
2303,"((10, 18),)","(np.float64(0.11998671814860028),)","(np.float64(127.1609586882834),)"
2305,"((3, 9),)","(np.float64(0.1262489399359205),)","(np.float64(93.03565966755342),)"
2306,"((5, 13),)","(np.float64(0.10036815743558658),)","(np.float64(217.8566790158812),)"
2307,"((9, 19), (8, 13))","(np.float64(0.1430363221839446), np.float64(0.13651084590439197))","(np.float64(199.1503328482356), np.float64(278.1504214506222))"
2308,"((7, 15), (9, 16))","(np.float64(0.1306472074600491), np.float64(0.1496824390048595))","(np.float64(71.36774409188253), np.float64(301.47650243218857))"
2309,"((1, 13),)","(np.float64(0.1437986062064486),)","(np.float64(352.4661405385515),)"
2310,"((2, 17), (7, 9))","(np.float64(0.08859905893368328), np.float64(0.11243212244279152))","(np.float64(267.9127565143216), np.float64(215.11525920825974))"
2311,"((2, 19),)","(np.float64(0.09828445653824207),)","(np.float64(59.34951817086699),)"
2312,"((0, 15), (10, 19))","(np.float64(0.06667594471743957), np.float64(0.05398749246820269))","(np.float64(324.76785473167723), np.float64(263.2596487594172))"
2313,"((0, 15), (17, 18), (9, 16))","(np.float64(0.13198305894695644), np.float64(0.14611022944111424), np.float64(0.11683058466582885))","(np.float64(64.51698250822811), np.float64(6.630143918070052), np.float64(27.660051550016416))"
2314,"((0, 16),)","(np.float64(0.014770155224236015),)","(np.float64(341.7669190238179),)"
2315,"((2, 17), (6, 13))","(np.float64(0.09832088371716159), np.float64(0.1461214902154217))","(np.float64(198.76466688843522), np.float64(258.17488636266734))"
2316,"((13, 14), (17, 19))","(np.float64(0.0829430333659521), np.float64(0.11246438859425927))","(np.float64(239.14936697389052), np.float64(154.92737153887694))"
2317,"((8, 9),)","(np.float64(0.12396268132914579),)","(np.float64(47.01845492067729),)"
2318,"((6, 8),)","(np.float64(0.14240711549785873),)","(np.float64(264.1506106057475),)"
2319,"((5, 8), (6, 19), (4, 15))","(np.float64(0.10956676697714178), np.float64(0.12087327330613558), np.float64(0.13049382560230532))","(np.float64(49.9844779132862), np.float64(144.61101792390312), np.float64(238.92962963412072))"
2320,"((7, 18),)","(np.float64(0.09797649504265318),)","(np.float64(56.09503207608421),)"
2322,"((8, 16),)","(np.float64(0.10770424776960444),)","(np.float64(158.53704243333468),)"
2323,"((8, 14), (11, 17))","(np.float64(0.05643917636066954), np.float64(0.14543964307313845))","(np.float64(118.33713763312052), np.float64(221.1091529377263))"
2325,"((7, 9), (7, 13))","(np.float64(0.1352954652056033), np.float64(0.14443769080689844))","(np.float64(82.92617095146994), np.float64(17.897252023335135))"
2326,"((3, 4), (3, 6))","(np.float64(0.12385958095972092), np.float64(0.13472037101636897))","(np.float64(330.090484600285), np.float64(217.76348866392092))"
2327,"((0, 7), (17, 19))","(np.float64(0.13413227061639568), np.float64(0.11904948016289513))","(np.float64(41.543182830109465), np.float64(72.40052229370109))"
2328,"((0, 1), (0, 12), (1, 10), (1, 12), (15, 17), (0, 10), (3, 15))","(np.float64(0.09523030153674489), np.float64(0.12814159384282459), np.float64(0.13761007908627793), np.float64(0.07423516837598677), np.float64(0.09250040246191919), np.float64(0.13901026660812865), np.float64(0.14159391888416795))","(np.float64(179.35024711352838), np.float64(144.29399459567696), np.float64(267.35910939872105), np.float64(96.8310321777193), np.float64(137.00932625478896), np.float64(223.49811337166528), np.float64(24.724119259565516))"
2329,"((0, 9), (0, 17))","(np.float64(0.05825151026293583), np.float64(0.13090587261814768))","(np.float64(192.456745510161), np.float64(86.08947062854062))"
2330,"((1, 6),)","(np.float64(0.11265019355407607),)","(np.float64(297.6324255663618),)"
2331,"((5, 9), (1, 11), (0, 8))","(np.float64(0.14520722416218573), np.float64(0.13962252671813283), np.float64(0.12710907688382286))","(np.float64(118.16776656248685), np.float64(246.91413167775647), np.float64(202.03383081253457))"
2332,"((6, 19), (0, 12))","(np.float64(0.13540268779033202), np.float64(0.14816739517171293))","(np.float64(124.28809040289248), np.float64(334.0532409359503))"
2333,"((1, 4), (2, 10), (6, 9), (8, 9), (3, 16))","(np.float64(0.08080230871055911), np.float64(0.10733201297950702), np.float64(0.1059535016401928), np.float64(0.12968441753388069), np.float64(0.14570280231272156))","(np.float64(263.82252385527704), np.float64(254.6803389258145), np.float64(169.4001085682229), np.float64(335.9157799802073), np.float64(308.04935717362395))"
2334,"((16, 17), (18, 19), (9, 18))","(np.float64(0.1271212577167896), np.float64(0.12803632992512212), np.float64(0.12534652122905612))","(np.float64(96.9128935354643), np.float64(130.8757636033686), np.float64(121.54745871707483))"
2335,"((1, 2), (12, 16))","(np.float64(0.13682767714731775), np.float64(0.13326856171273718))","(np.float64(226.28105786440355), np.float64(327.44643390783085))"
2336,"((4, 9), (9, 12), (1, 14))","(np.float64(0.04184663053120091), np.float64(0.11361421306101195), np.float64(0.12189383357278015))","(np.float64(318.0282018995479), np.float64(49.84773568569948), np.float64(281.5442268601048))"
2337,"((0, 10), (7, 14), (12, 17), (15, 17), (11, 19))","(np.float64(0.12027923543820707), np.float64(0.14305921283579143), np.float64(0.10726971056759178), np.float64(0.14370155498998025), np.float64(0.12831831695562027))","(np.float64(182.28732480170794), np.float64(155.3894805252882), np.float64(260.3896125921834), np.float64(337.3660104858542), np.float64(52.58933113775411))"
2338,"((1, 9), (2, 11), (13, 19), (14, 16))","(np.float64(0.12576733894376202), np.float64(0.04988983261495175), np.float64(0.08966091700381665), np.float64(0.12474953036915519))","(np.float64(164.11210338789164), np.float64(126.04999211043518), np.float64(159.41237383800157), np.float64(135.56503728694148))"
2339,"((0, 3), (2, 4), (6, 12), (6, 11), (3, 10))","(np.float64(0.14378085518611577), np.float64(0.017171022230767795), np.float64(0.031678524569547964), np.float64(0.13892426174620295), np.float64(0.09403116490563229))","(np.float64(151.82221824417897), np.float64(122.20989364728084), np.float64(72.00771256320716), np.float64(296.3413900676314), np.float64(167.01308390630086))"
2340,"((1, 12), (6, 11))","(np.float64(0.07257439767134452), np.float64(0.08479252336682698))","(np.float64(122.39430113980971), np.float64(309.5224944817084))"
2341,"((5, 9), (10, 18), (14, 17))","(np.float64(0.1275204652161291), np.float64(0.07889476383376288), np.float64(0.10695497126579051))","(np.float64(304.8460203175107), np.float64(291.8651919091384), np.float64(281.58463563207124))"
2342,"((12, 15),)","(np.float64(0.1444790238679406),)","(np.float64(262.9784225276061),)"
2343,"((0, 12),)","(np.float64(0.14339231847294295),)","(np.float64(179.37004133732142),)"
2344,"((7, 13), (11, 18), (1, 18))","(np.float64(0.14720568721842767), np.float64(0.08348445023014332), np.float64(0.14987702239593265))","(np.float64(165.15602508257186), np.float64(128.21985552671038), np.float64(293.8008287219137))"
2345,"((5, 17),)","(np.float64(0.059107229520069006),)","(np.float64(192.97372980885186),)"
2346,"((1, 3), (9, 11), (9, 13), (0, 14), (1, 14))","(np.float64(0.1331815849268984), np.float64(0.13087921917547674), np.float64(0.14885914623510044), np.float64(0.13871240687124947), np.float64(0.14290891632878822))","(np.float64(131.5964966401045), np.float64(32.980800578694186), np.float64(185.50647643386284), np.float64(3.765828545797133), np.float64(286.529595002855))"
2347,"((10, 11),)","(np.float64(0.10954822874537336),)","(np.float64(73.80399566879743),)"
2348,"((15, 18),)","(np.float64(0.12734194049331266),)","(np.float64(37.35739697661932),)"
2349,"((2, 19), (6, 13))","(np.float64(0.11703452270144253), np.float64(0.07512422799350442))","(np.float64(308.0845886930505), np.float64(120.42163665970467))"
2350,"((10, 19), (16, 18), (10, 15), (13, 16))","(np.float64(0.14164305080171333), np.float64(0.08919038690374216), np.float64(0.14895092000287552), np.float64(0.13988783932709586))","(np.float64(120.70308105502636), np.float64(37.86318209907084), np.float64(63.39411774183528), np.float64(339.3908601480731))"
2352,"((2, 15), (8, 11))","(np.float64(0.12208732881034516), np.float64(0.05230829142677636))","(np.float64(3.41697593257344), np.float64(210.10254799033055))"
2353,"((10, 13), (4, 12))","(np.float64(0.08027130611783978), np.float64(0.13746505999580613))","(np.float64(166.17379267566503), np.float64(282.2598796488236))"
2354,"((7, 11), (13, 17))","(np.float64(0.14665489267237533), np.float64(0.1071194125162668))","(np.float64(169.50990991450888), np.float64(236.54153601511229))"
2355,"((0, 8), (3, 7), (5, 15), (14, 19), (2, 7), (3, 11))","(np.float64(0.1327776225947643), np.float64(0.10658376237987344), np.float64(0.08707679545426757), np.float64(0.1467460081299697), np.float64(0.13890547915021131), np.float64(0.14094566710192935))","(np.float64(315.1235681613229), np.float64(136.16239446136763), np.float64(62.989231378607464), np.float64(81.20188596544212), np.float64(187.07743752398446), np.float64(314.1534605515061))"
2356,"((5, 6),)","(np.float64(0.12729819669385042),)","(np.float64(340.48995982267166),)"
2357,"((0, 1), (7, 17), (14, 15), (15, 18), (3, 12))","(np.float64(0.09136658245439612), np.float64(0.09194925658182745), np.float64(0.1306471916631382), np.float64(0.11512425851927634), np.float64(0.14976943527117598))","(np.float64(316.98568515663004), np.float64(335.87630078963423), np.float64(158.58985903507292), np.float64(100.4468617707497), np.float64(308.2325493670999))"
2359,"((0, 5), (3, 9), (6, 13), (7, 15))","(np.float64(0.12757980771448726), np.float64(0.09801769428232975), np.float64(0.13708841292333807), np.float64(0.14719276423230512))","(np.float64(13.355230897624304), np.float64(334.7411733261307), np.float64(99.88376263950421), np.float64(348.6202778024019))"
2360,"((9, 10), (12, 13))","(np.float64(0.016529516142680608), np.float64(0.1337385953391445))","(np.float64(263.3204629634073), np.float64(55.24868546446025))"
2362,"((0, 8), (3, 9), (7, 14), (10, 19))","(np.float64(0.03668528915559346), np.float64(0.09242152500020091), np.float64(0.14086368057701493), np.float64(0.1496827812735212))","(np.float64(226.6356924444939), np.float64(322.5945875274597), np.float64(118.63807823670412), np.float64(91.04283995690413))"
2363,"((0, 15), (0, 17), (4, 18), (15, 17))","(np.float64(0.12697458013973173), np.float64(0.07705719703413128), np.float64(0.1295658306040593), np.float64(0.05803703405753897))","(np.float64(108.34604569914576), np.float64(91.13160854248231), np.float64(5.473451293895362), np.float64(311.48368859493274))"
2364,"((4, 18), (6, 7))","(np.float64(0.12176485302503), np.float64(0.10604655682965186))","(np.float64(218.0959100997811), np.float64(211.8847904234514))"
2365,"((0, 11),)","(np.float64(0.10913674231946234),)","(np.float64(34.72454200924266),)"
2366,"((6, 10),)","(np.float64(0.09969651460487731),)","(np.float64(14.299894088605674),)"
2367,"((11, 18), (17, 19), (8, 11))","(np.float64(0.1255952658516628), np.float64(0.04883932144969975), np.float64(0.11851225439993841))","(np.float64(276.2048790961455), np.float64(155.6271762518868), np.float64(306.6030115615395))"
2369,"((9, 11),)","(np.float64(0.10037454045685155),)","(np.float64(36.03271827853169),)"
2371,"((0, 2), (3, 5), (7, 14), (7, 16), (13, 15), (11, 17))","(np.float64(0.14366787430225256), np.float64(0.14729352771737367), np.float64(0.13487501765897864), np.float64(0.07987029887965486), np.float64(0.09220115189249518), np.float64(0.14814572927207992))","(np.float64(67.3201473490508), np.float64(89.95741055111884), np.float64(267.03005495785567), np.float64(90.51472472827521), np.float64(176.70026517469853), np.float64(67.42107639807836))"
2373,"((2, 10), (6, 7), (6, 8), (7, 8), (9, 12))","(np.float64(0.06812345493771214), np.float64(0.024767551044388263), np.float64(0.114812282274125), np.float64(0.11983067937537731), np.float64(0.14889146553492166))","(np.float64(330.82739065310324), np.float64(136.68780182983795), np.float64(66.65989638909004), np.float64(54.47863064890721), np.float64(184.98950786472722))"
2374,"((15, 16),)","(np.float64(0.1326173007770457),)","(np.float64(242.5784006710999),)"
2375,"((3, 7),)","(np.float64(0.06179650501781686),)","(np.float64(130.53179622387154),)"
2376,"((3, 11),)","(np.float64(0.06752357700350237),)","(np.float64(348.60481966056),)"
2377,"((11, 16),)","(np.float64(0.14347664447054864),)","(np.float64(90.42558895337376),)"
2378,"((5, 14),)","(np.float64(0.055424237481458485),)","(np.float64(258.5290881193159),)"
2379,"((2, 3), (9, 18))","(np.float64(0.0817187740383278), np.float64(0.07244172791905108))","(np.float64(346.46102109183346), np.float64(153.85864994942992))"
2380,"((3, 11), (8, 17))","(np.float64(0.10729840884648124), np.float64(0.13517442605223734))","(np.float64(246.06078451415237), np.float64(271.53496154926256))"
2381,"((5, 17),)","(np.float64(0.07217479898986359),)","(np.float64(66.83924573169236),)"
2383,"((1, 5), (9, 11), (6, 13))","(np.float64(0.09531929589352732), np.float64(0.14731848328224192), np.float64(0.14305136742285038))","(np.float64(217.43013661746724), np.float64(17.706399176110725), np.float64(281.3187037864803))"
2384,"((4, 5),)","(np.float64(0.11182563284578427),)","(np.float64(123.40703629880046),)"
2385,"((1, 4),)","(np.float64(0.1175779699913955),)","(np.float64(318.1074597035144),)"
2386,"((5, 18), (8, 17))","(np.float64(0.1316655847303581), np.float64(0.10112213401586465))","(np.float64(218.16002708547907), np.float64(4.665591636774819))"
2387,"((2, 16), (0, 10), (3, 17))","(np.float64(0.0681311200072091), np.float64(0.14379376289210088), np.float64(0.14262283751866262))","(np.float64(189.29430132533415), np.float64(129.12123801132216), np.float64(307.61180705885226))"
2388,"((3, 12), (7, 18))","(np.float64(0.13020709483637677), np.float64(0.10293451457943195))","(np.float64(86.33804434471227), np.float64(142.33205063703664))"
2389,"((15, 17),)","(np.float64(0.06617055177176087),)","(np.float64(226.79208639620532),)"
2390,"((2, 13), (4, 13), (7, 15), (5, 14), (6, 14))","(np.float64(0.07499980757338881), np.float64(0.09780758805728193), np.float64(0.09968643744437179), np.float64(0.14341076221255897), np.float64(0.14105847746971661))","(np.float64(129.1064604665917), np.float64(6.974561841313948), np.float64(67.34255900772412), np.float64(324.94531556834477), np.float64(328.08774053929704))"
2391,"((3, 15),)","(np.float64(0.13202084190647667),)","(np.float64(306.4951802418764),)"
2394,"((0, 14), (15, 18), (5, 18))","(np.float64(0.10002074498188651), np.float64(0.034918275141247734), np.float64(0.12961924553125145))","(np.float64(242.65967884010018), np.float64(219.87063746306703), np.float64(345.150448018489))"
2395,"((0, 9), (1, 8), (3, 16), (0, 7), (5, 17), (0, 5))","(np.float64(0.023428873636696147), np.float64(0.14994224586194252), np.float64(0.1395885775785798), np.float64(0.13253943103228435), np.float64(0.14061190952930133), np.float64(0.1288895061350718))","(np.float64(98.88303446587805), np.float64(58.36208410939129), np.float64(264.2776436721192), np.float64(142.4361664632222), np.float64(354.14312024644244), np.float64(260.4937705846895))"
2396,"((2, 19), (10, 18))","(np.float64(0.10083859022894494), np.float64(0.14691565495174863))","(np.float64(309.354697484376), np.float64(50.24257402670136))"
2399,"((1, 9), (2, 6), (3, 15), (4, 16))","(np.float64(0.10790884961997708), np.float64(0.044668607572085996), np.float64(0.09258397972895524), np.float64(0.10643007718189303))","(np.float64(155.75032023337386), np.float64(122.0395069073522), np.float64(169.3900354440925), np.float64(180.2775226771924))"
2400,"((9, 19), (14, 16), (6, 16), (8, 9), (11, 12))","(np.float64(0.12397726715166943), np.float64(0.09736207947629752), np.float64(0.14288946505847977), np.float64(0.14243857470957735), np.float64(0.13704919899388607))","(np.float64(197.90114050842425), np.float64(26.052222715036432), np.float64(288.0831350942539), np.float64(78.44518198267333), np.float64(98.978397482999))"
2401,"((0, 16),)","(np.float64(0.13812933534366575),)","(np.float64(201.89317127278),)"
2402,"((0, 3), (5, 16))","(np.float64(0.08661892927057804), np.float64(0.12374490114185129))","(np.float64(348.01803473506), np.float64(158.2071310017705))"
2403,"((2, 3), (17, 19))","(np.float64(0.08673899495824444), np.float64(0.13970632159220728))","(np.float64(331.6364648678), np.float64(100.24834595696498))"
2405,"((6, 10), (12, 19))","(np.float64(0.07468043479358497), np.float64(0.1459626214493867))","(np.float64(263.06952460703906), np.float64(319.8645359737063))"
2406,"((8, 15), (11, 18), (3, 8), (0, 8))","(np.float64(0.11859161942537168), np.float64(0.1451180554927396), np.float64(0.14459685076876452), np.float64(0.05600990429550257))","(np.float64(99.8780721275682), np.float64(356.01962316250024), np.float64(300.72878942385256), np.float64(226.2458631981869))"
2407,"((6, 13), (13, 15), (17, 19))","(np.float64(0.13905987310442564), np.float64(0.06425316223669647), np.float64(0.13753200218528736))","(np.float64(329.68445571675574), np.float64(300.8476304178782), np.float64(282.2647758698323))"
2409,"((2, 15),)","(np.float64(0.0788881784755088),)","(np.float64(162.34801039079932),)"
2410,"((0, 16), (1, 11), (7, 10), (8, 12), (12, 15))","(np.float64(0.04812808183612057), np.float64(0.14054067268957815), np.float64(0.14609038535896837), np.float64(0.06921605864702045), np.float64(0.10483197366173871))","(np.float64(15.250741344325702), np.float64(279.5820074347331), np.float64(184.60497239655024), np.float64(188.71908290111563), np.float64(179.83950934069438))"
2412,"((4, 7),)","(np.float64(0.0935690796445304),)","(np.float64(154.87212279257878),)"
2414,"((17, 19),)","(np.float64(0.07894050682063501),)","(np.float64(271.8373675297087),)"
2415,"((15, 18),)","(np.float64(0.06842421307693246),)","(np.float64(298.77289179517084),)"
2416,"((1, 11), (10, 13))","(np.float64(0.04747923859739649), np.float64(0.12151820525012844))","(np.float64(290.2166144746637), np.float64(22.67042920721174))"
2417,"((0, 18), (16, 19))","(np.float64(0.1276804489899723), np.float64(0.14693641012479156))","(np.float64(131.20673194700402), np.float64(15.326401286755646))"
2418,"((6, 17),)","(np.float64(0.1362449043095714),)","(np.float64(2.7574712065335056),)"
2419,"((3, 15), (11, 19), (14, 19))","(np.float64(0.08233980112563884), np.float64(0.013830194497139814), np.float64(0.10116036010609258))","(np.float64(1.6151763971956719), np.float64(186.5835294037845), np.float64(164.79397658708987))"
2420,"((6, 14), (6, 12))","(np.float64(0.12763567885886223), np.float64(0.13449649497614807))","(np.float64(260.18423087665974), np.float64(317.41258320911766))"
2421,"((7, 10), (11, 12), (11, 13), (12, 13), (12, 18), (13, 18))","(np.float64(0.1297555371083896), np.float64(0.09504271866961021), np.float64(0.12693201919050784), np.float64(0.14405070946367124), np.float64(0.06295968106467335), np.float64(0.10950796250535333))","(np.float64(152.1629558115743), np.float64(200.60211195562266), np.float64(280.1076972302796), np.float64(320.55492322708005), np.float64(327.05889908815135), np.float64(59.500701805745436))"
2422,"((3, 16), (4, 18))","(np.float64(0.13625463664564758), np.float64(0.14136665927075667))","(np.float64(259.7970834068944), np.float64(72.87852266502168))"
2424,"((11, 14),)","(np.float64(0.1108839584262392),)","(np.float64(257.2096249479622),)"
2426,"((2, 6),)","(np.float64(0.13654532068597677),)","(np.float64(19.020443646344642),)"
2427,"((0, 10), (0, 16))","(np.float64(0.10459764643592541), np.float64(0.1201735710516657))","(np.float64(191.22184178492134), np.float64(26.047476550211286))"
2429,"((9, 18),)","(np.float64(0.14046131973223175),)","(np.float64(254.23474796771308),)"
2430,"((4, 18),)","(np.float64(0.14004970310188478),)","(np.float64(197.01878668212518),)"
2431,"((1, 13), (2, 5), (8, 9), (11, 16))","(np.float64(0.0554064561007561), np.float64(0.1131355110041592), np.float64(0.12243123114997069), np.float64(0.10576878335858104))","(np.float64(192.16219263051948), np.float64(133.39038263992737), np.float64(71.92485648123736), np.float64(196.4424048312847))"
2432,"((7, 9), (15, 19))","(np.float64(0.13302109997512712), np.float64(0.04553974216245791))","(np.float64(327.4843409937021), np.float64(184.86660256402808))"
2433,"((2, 10), (9, 14))","(np.float64(0.12567706701059897), np.float64(0.14436603624817163))","(np.float64(74.91208799981592), np.float64(35.254568223240355))"
2434,"((0, 2), (0, 4), (0, 6), (2, 4))","(np.float64(0.13923116305966138), np.float64(0.0799133107039363), np.float64(0.07130425553662473), np.float64(0.12959518122816238))","(np.float64(237.34464971990334), np.float64(148.94664903116458), np.float64(343.2253206981677), np.float64(112.25224993402132))"
2435,"((11, 16),)","(np.float64(0.13640298462962078),)","(np.float64(15.215865830003882),)"
2436,"((9, 16), (1, 10))","(np.float64(0.08615449265040388), np.float64(0.147148285459856))","(np.float64(210.43010878003773), np.float64(35.10197587892052))"
2437,"((3, 15), (4, 12), (8, 15))","(np.float64(0.149591589092875), np.float64(0.13982435858062497), np.float64(0.1487936865433319))","(np.float64(42.45057875409234), np.float64(168.9840063049908), np.float64(321.03015050654966))"
2438,"((0, 15), (15, 17))","(np.float64(0.1340152174289422), np.float64(0.07916133725906326))","(np.float64(332.9653546649228), np.float64(315.44462956749487))"
2439,"((1, 18), (4, 16), (6, 11))","(np.float64(0.07860519577319165), np.float64(0.05474822149923428), np.float64(0.1346477157706071))","(np.float64(21.77539053981737), np.float64(159.26690449020018), np.float64(12.654378941391254))"
2441,"((16, 19),)","(np.float64(0.11823604660159762),)","(np.float64(28.226854858568174),)"
2442,"((6, 14),)","(np.float64(0.14435277966466442),)","(np.float64(311.55207162945794),)"
2444,"((1, 16), (15, 19))","(np.float64(0.09170476305440589), np.float64(0.08229325152220515))","(np.float64(98.75841196429761), np.float64(319.99443104898353))"
2445,"((3, 14), (5, 9), (8, 13), (3, 16))","(np.float64(0.14225550501016163), np.float64(0.14798042807162284), np.float64(0.1224710044594188), np.float64(0.13066743630276328))","(np.float64(0.037158281003397284), np.float64(106.30353808560506), np.float64(69.02282108169014), np.float64(282.20055262505036))"
2446,"((10, 17), (8, 18))","(np.float64(0.043602546888705365), np.float64(0.143710876319063))","(np.float64(55.42033210347772), np.float64(139.4068848215975))"
2447,"((5, 8), (5, 18), (12, 18), (16, 19), (8, 18))","(np.float64(0.10739472637946432), np.float64(0.0980815989194254), np.float64(0.1353200314398702), np.float64(0.12859949826295466), np.float64(0.13752930424699997))","(np.float64(196.29690766455067), np.float64(134.42953545126), np.float64(327.9348193464852), np.float64(263.8746873659303), np.float64(36.41409473452783))"
2449,"((9, 12), (10, 17), (0, 19))","(np.float64(0.12206883807199376), np.float64(0.14430335805411923), np.float64(0.14662752019007522))","(np.float64(99.39855492539587), np.float64(178.40349180858897), np.float64(355.5854620949371))"
2450,"((4, 11), (10, 18), (4, 18))","(np.float64(0.1376563758532438), np.float64(0.14160050877978408), np.float64(0.12445689445243825))","(np.float64(101.08726828147181), np.float64(1.7198167688286135), np.float64(351.05040810694686))"
2451,"((6, 7), (9, 13), (9, 19))","(np.float64(0.12569206352557488), np.float64(0.03298140752095476), np.float64(0.13353297013618673))","(np.float64(78.204926589285), np.float64(0.2280853536002469), np.float64(54.29812108527606))"
2452,"((4, 17),)","(np.float64(0.03245282337025681),)","(np.float64(328.1093248146963),)"
2453,"((0, 12), (2, 4), (5, 10))","(np.float64(0.11164918336443365), np.float64(0.1493228155666692), np.float64(0.06099354029086432))","(np.float64(217.55246508951416), np.float64(99.63158694529334), np.float64(141.1048660203369))"
2455,"((11, 14), (15, 18))","(np.float64(0.14427463387090705), np.float64(0.14691080375487706))","(np.float64(324.9913319521464), np.float64(233.3969776882421))"
2456,"((1, 12), (2, 4), (5, 15))","(np.float64(0.1221845490058956), np.float64(0.11142021152055774), np.float64(0.1284679752948915))","(np.float64(229.68158510787143), np.float64(145.0223551889751), np.float64(279.9236532390949))"
2457,"((5, 18),)","(np.float64(0.09777643150855198),)","(np.float64(259.2219818050569),)"
2458,"((2, 8), (5, 12))","(np.float64(0.1332173867469757), np.float64(0.12165006231570918))","(np.float64(126.87674266348492), np.float64(26.243185891804906))"
2459,"((3, 17), (11, 17), (15, 17), (5, 14))","(np.float64(0.11778912352890959), np.float64(0.14515918737912284), np.float64(0.1298991472323053), np.float64(0.13274269109872122))","(np.float64(23.95125533816606), np.float64(48.316451742406066), np.float64(204.93041887889552), np.float64(86.36729362339446))"
2460,"((10, 18), (7, 13))","(np.float64(0.1493847458563849), np.float64(0.10865999497390615))","(np.float64(151.37641228065021), np.float64(108.52623110637971))"
2462,"((1, 11),)","(np.float64(0.14468091324845614),)","(np.float64(326.3724922783028),)"
2463,"((7, 17),)","(np.float64(0.1452700428600997),)","(np.float64(16.600808310201653),)"
2464,"((0, 18), (1, 19), (8, 19), (0, 16), (2, 14))","(np.float64(0.1419930115896391), np.float64(0.12997675700997136), np.float64(0.1414165052835619), np.float64(0.13794627294611944), np.float64(0.14829988705884473))","(np.float64(58.784598087888554), np.float64(66.57095582470129), np.float64(155.59220723823907), np.float64(297.3313780329656), np.float64(314.563189901602))"
2465,"((1, 13), (7, 19))","(np.float64(0.05497211106024931), np.float64(0.13691192101767705))","(np.float64(71.638010262326), np.float64(121.33539257399445))"
2466,"((10, 17),)","(np.float64(0.1418020469120737),)","(np.float64(147.83071143959123),)"
2467,"((1, 13),)","(np.float64(0.13072721299422974),)","(np.float64(292.85442421198604),)"
2468,"((1, 15), (10, 17), (11, 14), (17, 18), (10, 18))","(np.float64(0.0750667809784077), np.float64(0.05097004588031868), np.float64(0.10513946392981617), np.float64(0.11868985434046153), np.float64(0.11190448830977441))","(np.float64(209.72577874299176), np.float64(55.09139164263339), np.float64(54.80496516562657), np.float64(34.208479420869125), np.float64(66.29552506562763))"
2469,"((4, 5),)","(np.float64(0.10506188076266315),)","(np.float64(146.61832390088176),)"
2470,"((0, 14),)","(np.float64(0.1346413373862731),)","(np.float64(130.1133981201273),)"
2471,"((4, 6),)","(np.float64(0.12010210220635806),)","(np.float64(357.3120543567766),)"
2473,"((2, 13), (0, 15))","(np.float64(0.11876866870477162), np.float64(0.1455867314596575))","(np.float64(157.10743625106062), np.float64(208.98821071706945))"
2474,"((0, 2), (6, 11), (8, 18), (6, 19))","(np.float64(0.1351829417113962), np.float64(0.13754397646864794), np.float64(0.055514557840291114), np.float64(0.13884505379329087))","(np.float64(183.16679616137074), np.float64(215.24252771773246), np.float64(44.112134285658094), np.float64(354.04624959717495))"
2475,"((1, 2), (5, 11))","(np.float64(0.1105896906679742), np.float64(0.08590499964408785))","(np.float64(220.78821188241378), np.float64(59.90954124262152))"
2477,"((1, 4),)","(np.float64(0.13562525408729484),)","(np.float64(290.7526263552989),)"
2479,"((8, 16),)","(np.float64(0.1273211967930782),)","(np.float64(285.96622514429623),)"
2480,"((7, 13), (3, 9))","(np.float64(0.09476680129320408), np.float64(0.11813517976139375))","(np.float64(333.2660981313812), np.float64(17.851364821368612))"
2481,"((3, 11), (4, 13), (4, 14), (5, 6))","(np.float64(0.12269347395533481), np.float64(0.0909230383464304), np.float64(0.12411497319290915), np.float64(0.09266438857769292))","(np.float64(17.68243584065246), np.float64(211.70996246113313), np.float64(67.41528035104184), np.float64(298.27722228592313))"
2482,"((0, 15), (11, 19))","(np.float64(0.12063534790657772), np.float64(0.012327869268598942))","(np.float64(138.1395942454222), np.float64(276.83751941787426))"
2485,"((3, 10), (16, 17))","(np.float64(0.1475897130611637), np.float64(0.14821165104176579))","(np.float64(289.34647511391415), np.float64(143.6001691202229))"
2486,"((0, 16),)","(np.float64(0.1269800021805586),)","(np.float64(1.6973349104466346),)"
2488,"((0, 9), (18, 19), (8, 18))","(np.float64(0.1272025264075174), np.float64(0.14136125919300027), np.float64(0.14654862829933346))","(np.float64(117.03230973427404), np.float64(25.45089445111914), np.float64(336.4586394743999))"
2489,"((10, 14), (4, 7), (6, 7))","(np.float64(0.13599388486773667), np.float64(0.12886360285820922), np.float64(0.1306695912929863))","(np.float64(292.142552310929), np.float64(268.987646016987), np.float64(252.38096260060547))"
2490,"((6, 12), (13, 16))","(np.float64(0.09497475841749324), np.float64(0.10732026953564737))","(np.float64(77.3557973968328), np.float64(339.724170260896))"
2491,"((12, 15), (1, 13))","(np.float64(0.12109013627548701), np.float64(0.13565277728395905))","(np.float64(140.2081380584256), np.float64(46.52864504397605))"
2492,"((14, 17), (4, 18))","(np.float64(0.09015233520162547), np.float64(0.12494234690892017))","(np.float64(330.5713711554258), np.float64(66.2753173091723))"
2493,"((12, 17), (9, 18))","(np.float64(0.02622033033915984), np.float64(0.14302346625244858))","(np.float64(185.68527927561075), np.float64(52.562509166176575))"
2494,"((3, 10), (7, 16))","(np.float64(0.10268091316901286), np.float64(0.0774642690845181))","(np.float64(177.9259009581497), np.float64(14.460956247883036))"
2495,"((6, 9),)","(np.float64(0.07417592198871453),)","(np.float64(62.981731641080046),)"
2496,"((0, 7),)","(np.float64(0.11838736649976726),)","(np.float64(241.78844048930318),)"
2497,"((5, 14), (15, 16))","(np.float64(0.1465108494177478), np.float64(0.09406703353515558))","(np.float64(127.4686537157453), np.float64(202.90919608256166))"
2498,"((7, 8), (8, 19), (11, 14), (12, 15), (5, 14), (5, 17), (2, 12), (12, 13))","(np.float64(0.14432090824450658), np.float64(0.10894982753362341), np.float64(0.10921585771102366), np.float64(0.047510850639734314), np.float64(0.08850521068585948), np.float64(0.14855361495807928), np.float64(0.14159544521743422), np.float64(0.14962525800874063))","(np.float64(122.61561419848752), np.float64(130.18030523808787), np.float64(214.47272792098363), np.float64(137.35278228443772), np.float64(305.89738459320796), np.float64(83.59563373687298), np.float64(232.43534133069), np.float64(180.43983388353826))"
2499,"((1, 19), (0, 11), (1, 15))","(np.float64(0.14682745510603562), np.float64(0.14891300372819838), np.float64(0.1494083681172751))","(np.float64(119.16208389409266), np.float64(9.449242051581509), np.float64(44.36206456674018))"
2500,"((5, 13), (5, 17), (9, 12), (13, 17), (11, 19), (12, 17), (2, 14))","(np.float64(0.03858061885507862), np.float64(0.1113363844795101), np.float64(0.13888580527466415), np.float64(0.10888076103592115), np.float64(0.136023329409872), np.float64(0.14915310001811868), np.float64(0.14504157954309305))","(np.float64(279.2662045830916), np.float64(22.367904161343393), np.float64(265.2180378707341), np.float64(58.06835972512381), np.float64(32.944123122807504), np.float64(48.59440529056419), np.float64(201.40099887345636))"
2502,"((2, 7), (2, 19), (7, 19), (8, 18))","(np.float64(0.0710171427143323), np.float64(0.10534003362679069), np.float64(0.0989137521328422), np.float64(0.09769321290654868))","(np.float64(211.27130891551852), np.float64(276.13167866759187), np.float64(316.67021849341097), np.float64(173.7310061250455))"
2503,"((7, 16),)","(np.float64(0.10576081913143875),)","(np.float64(204.59557667851033),)"
2504,"((5, 19), (9, 19))","(np.float64(0.12120498836098668), np.float64(0.13141189178074156))","(np.float64(216.34449365874974), np.float64(94.81176688827857))"
2505,"((0, 10),)","(np.float64(0.11507540751265753),)","(np.float64(282.5405192849314),)"
2506,"((1, 19), (2, 5), (6, 17), (3, 5))","(np.float64(0.05532442631351068), np.float64(0.10972310925573092), np.float64(0.05593942856309931), np.float64(0.14430879539765412))","(np.float64(117.97646465920975), np.float64(174.8583527832632), np.float64(167.97293209103125), np.float64(201.62786105476883))"
2507,"((2, 8), (9, 10), (7, 18))","(np.float64(0.13214239496551908), np.float64(0.14486453787371362), np.float64(0.14654649618067456))","(np.float64(153.25611005119765), np.float64(124.50571729547443), np.float64(68.71219731563073))"
2509,"((10, 18), (1, 7), (1, 10))","(np.float64(0.1290628108884245), np.float64(0.14296849305932569), np.float64(0.13319196470995595))","(np.float64(44.93809173034397), np.float64(318.76398561312186), np.float64(14.603838955878677))"
2510,"((6, 16), (7, 15), (11, 17))","(np.float64(0.10879294046314611), np.float64(0.08600213189178514), np.float64(0.1285153005373376))","(np.float64(15.591509546004055), np.float64(177.90571212122532), np.float64(0.311545089725203))"
2511,"((1, 3), (1, 13), (3, 8), (8, 19), (0, 8))","(np.float64(0.0879845811910321), np.float64(0.12166881551774034), np.float64(0.041241792825940454), np.float64(0.0814894625249627), np.float64(0.14114085450390954))","(np.float64(345.00331835065987), np.float64(184.4057768214302), np.float64(348.1987307622585), np.float64(289.33801090929177), np.float64(343.7566223395953))"
2512,"((4, 10),)","(np.float64(0.12326358499487816),)","(np.float64(209.9934420842142),)"
2513,"((2, 6), (7, 14), (8, 10))","(np.float64(0.08349723789013692), np.float64(0.13355866063824057), np.float64(0.14458498734070335))","(np.float64(124.39272023735104), np.float64(64.38285981089017), np.float64(52.9755143617776))"
2515,"((2, 19), (6, 13), (7, 11), (6, 17))","(np.float64(0.06551203372526605), np.float64(0.047691998245588195), np.float64(0.128065208684931), np.float64(0.08400986408886452))","(np.float64(96.59853013693174), np.float64(2.1858881443411313), np.float64(55.18360046202795), np.float64(330.0342825653706))"
2516,"((11, 14), (0, 10))","(np.float64(0.13396140036793083), np.float64(0.14033935886481774))","(np.float64(293.1238847990501), np.float64(257.88982118730644))"
2517,"((6, 11),)","(np.float64(0.1366746626336812),)","(np.float64(207.79469937282812),)"
2518,"((7, 16), (9, 16), (2, 15), (2, 8), (2, 6), (5, 13))","(np.float64(0.1436350243517498), np.float64(0.09142098503628084), np.float64(0.056685760388666274), np.float64(0.14163595716070215), np.float64(0.1432112338726494), np.float64(0.14496603887618978))","(np.float64(217.6989966545136), np.float64(311.52847041441703), np.float64(232.3141473000901), np.float64(317.08457858760175), np.float64(178.0913217511335), np.float64(246.71815329053845))"
2519,"((0, 6), (4, 12), (8, 16))","(np.float64(0.1305778377982063), np.float64(0.0952708861600503), np.float64(0.11978100465760726))","(np.float64(16.184171978919967), np.float64(224.5103080602101), np.float64(170.70079838792924))"
2520,"((0, 7),)","(np.float64(0.08979258831663871),)","(np.float64(15.36945143821162),)"
2522,"((1, 18), (15, 18), (11, 17))","(np.float64(0.1054220680887842), np.float64(0.14040493415723126), np.float64(0.13468052538117103))","(np.float64(1.6241477498822354), np.float64(161.6906473170854), np.float64(237.1426352876677))"
2523,"((4, 5), (15, 18), (4, 15))","(np.float64(0.08453064493326579), np.float64(0.10487165997856437), np.float64(0.14458219631264108))","(np.float64(179.54004639042407), np.float64(84.21101012136077), np.float64(284.1747089838051))"
2524,"((3, 9),)","(np.float64(0.1396522601012705),)","(np.float64(352.40752839047167),)"
2525,"((14, 15), (15, 17), (10, 15))","(np.float64(0.05475543192263866), np.float64(0.13853053272111476), np.float64(0.13619335519361528))","(np.float64(187.1939447630421), np.float64(114.26864082540767), np.float64(356.6698078984621))"
2526,"((2, 10), (7, 14))","(np.float64(0.11661385363184762), np.float64(0.1022915231036029))","(np.float64(200.57016705004895), np.float64(100.39869363514546))"
2527,"((4, 12), (11, 17), (2, 9))","(np.float64(0.07355461137973354), np.float64(0.07367052392307885), np.float64(0.1376032769485612))","(np.float64(193.04161876588358), np.float64(63.85158940006304), np.float64(7.466125548208669))"
2528,"((4, 19), (5, 19), (8, 11), (6, 13), (1, 10))","(np.float64(0.14767414137914672), np.float64(0.04491115455503793), np.float64(0.0946111476406386), np.float64(0.14812686789437657), np.float64(0.09948068173634737))","(np.float64(115.88696308855783), np.float64(247.82235346819746), np.float64(189.03099361975646), np.float64(64.34579775724028), np.float64(353.50376409717666))"
2529,"((9, 18),)","(np.float64(0.04969623720732613),)","(np.float64(186.56912171108937),)"
2530,"((2, 9),)","(np.float64(0.147048605592011),)","(np.float64(219.34792793092828),)"
2531,"((6, 15), (13, 14), (6, 17), (1, 11))","(np.float64(0.1359581414792265), np.float64(0.1483884643706645), np.float64(0.01889974044397163), np.float64(0.13812673588570712))","(np.float64(174.20882137665427), np.float64(357.01303361962607), np.float64(299.27323283396345), np.float64(182.1061611094875))"
2532,"((9, 16),)","(np.float64(0.11418200945359222),)","(np.float64(205.85472837468217),)"
2533,"((1, 15), (12, 15))","(np.float64(0.12506115510592747), np.float64(0.13677305107495347))","(np.float64(97.72134266459214), np.float64(100.90350171619615))"
2534,"((1, 8), (2, 13), (4, 6), (14, 19))","(np.float64(0.126961435955747), np.float64(0.021728105485327928), np.float64(0.10384182557329705), np.float64(0.12900505045138552))","(np.float64(19.686492001025456), np.float64(240.47032433948118), np.float64(133.88666142711116), np.float64(358.38343013891466))"
2535,"((6, 11), (13, 19), (16, 17), (4, 12))","(np.float64(0.14391428951976587), np.float64(0.07170006425467292), np.float64(0.12619496462301374), np.float64(0.13614409600900035))","(np.float64(125.40575522930659), np.float64(256.3703722588081), np.float64(17.289468377006337), np.float64(341.907557205154))"
2537,"((9, 17),)","(np.float64(0.1251085526300494),)","(np.float64(216.34771161706277),)"
2539,"((17, 18),)","(np.float64(0.08446602822832526),)","(np.float64(59.75733461563117),)"
2540,"((1, 14), (3, 17), (4, 17), (7, 9), (11, 16), (3, 12), (13, 16))","(np.float64(0.14329170273708713), np.float64(0.1168633601221901), np.float64(0.04820173873433961), np.float64(0.14623554591040092), np.float64(0.09081468122378769), np.float64(0.14882023970801592), np.float64(0.1437875912312696))","(np.float64(47.045807260792174), np.float64(60.44093501137858), np.float64(283.2652635191895), np.float64(176.87661363896092), np.float64(201.952801617843), np.float64(240.44224525460652), np.float64(44.342910612886946))"
2541,"((2, 12), (11, 13), (12, 19))","(np.float64(0.11271522860469059), np.float64(0.14732769963966527), np.float64(0.12291097268924871))","(np.float64(321.6245853901446), np.float64(343.7172126607334), np.float64(38.37898140159382))"
2542,"((4, 5), (15, 19), (10, 16), (6, 15), (6, 16))","(np.float64(0.13652502766731475), np.float64(0.14061383955670317), np.float64(0.12651735409303405), np.float64(0.12885229081437), np.float64(0.125694689081596))","(np.float64(128.63963020311814), np.float64(30.72986474738488), np.float64(266.2616939249938), np.float64(279.66100613459986), np.float64(301.8062413382832))"
2543,"((0, 1), (0, 7), (2, 3), (2, 14), (4, 12), (11, 12), (11, 15), (12, 15))","(np.float64(0.14502923710262094), np.float64(0.12197857410661576), np.float64(0.12150086263314655), np.float64(0.12750861629638596), np.float64(0.10272246039516116), np.float64(0.14875678782310603), np.float64(0.08971391758990625), np.float64(0.07547002541840828))","(np.float64(290.7324486211085), np.float64(114.03035510289591), np.float64(226.55329657883848), np.float64(13.240027849872813), np.float64(339.9181294493506), np.float64(82.93738802290015), np.float64(59.458690091660316), np.float64(291.205644579423))"
2544,"((0, 8), (6, 17), (17, 19), (13, 19), (13, 17))","(np.float64(0.13198326094494842), np.float64(0.13664003125320734), np.float64(0.1455887533632543), np.float64(0.11078966784566056), np.float64(0.1055691832008717))","(np.float64(168.66207908920828), np.float64(4.2542313238609575), np.float64(58.79348347722231), np.float64(66.93893255936317), np.float64(243.79573203884001))"
2546,"((2, 3), (9, 19), (5, 15), (3, 15))","(np.float64(0.14236106168544915), np.float64(0.05641739232641072), np.float64(0.14698102189792905), np.float64(0.12694335770565052))","(np.float64(161.14323900262403), np.float64(129.48568362779292), np.float64(65.9833054675252), np.float64(303.876420170776))"
2548,"((1, 6), (7, 16))","(np.float64(0.11432889255174236), np.float64(0.14315019450938976))","(np.float64(12.538133009026385), np.float64(23.304158576859233))"
2549,"((0, 10), (1, 14))","(np.float64(0.07999206326461482), np.float64(0.13873117632777188))","(np.float64(111.0804439810155), np.float64(67.77469488843568))"
2550,"((0, 3), (12, 19))","(np.float64(0.11458236722487512), np.float64(0.14636088659627652))","(np.float64(99.98746550755632), np.float64(153.85532649430502))"
2551,"((13, 17), (14, 18))","(np.float64(0.12586381066551072), np.float64(0.08901060598098667))","(np.float64(106.7940306799037), np.float64(134.08762221238558))"
2553,"((1, 19),)","(np.float64(0.13194821109317967),)","(np.float64(108.81565482977977),)"
2555,"((6, 17), (11, 12))","(np.float64(0.026069808070378106), np.float64(0.06827519481127646))","(np.float64(185.62433713968994), np.float64(173.24891111194728))"
2556,"((1, 18), (3, 6))","(np.float64(0.08618673507526524), np.float64(0.08507321352312361))","(np.float64(92.40305325996664), np.float64(111.12986203046862))"
2557,"((7, 18),)","(np.float64(0.11542028982333452),)","(np.float64(224.0327448463868),)"
2558,"((8, 13),)","(np.float64(0.03848930709273277),)","(np.float64(180.1753578385456),)"
2559,"((1, 8), (14, 17))","(np.float64(0.1330079033965961), np.float64(0.1408167080526573))","(np.float64(27.44122801299547), np.float64(153.5629009153315))"
2560,"((0, 7), (9, 17), (3, 15))","(np.float64(0.13602625354819214), np.float64(0.13607835367932075), np.float64(0.1353313106916206))","(np.float64(112.69923188906813), np.float64(340.5031607290207), np.float64(359.76860443474175))"
2561,"((3, 9), (7, 18))","(np.float64(0.13430127565489886), np.float64(0.06860916917155971))","(np.float64(328.16506296633105), np.float64(20.84993988066512))"
2563,"((10, 12), (15, 19), (1, 6), (6, 18))","(np.float64(0.12636903805402394), np.float64(0.10226896153622958), np.float64(0.13964543316134695), np.float64(0.1261532348816104))","(np.float64(139.10014659099286), np.float64(83.31867120558044), np.float64(116.31245629918428), np.float64(40.85289651590097))"
2564,"((2, 14),)","(np.float64(0.11175692815568043),)","(np.float64(119.30200171300538),)"
2566,"((4, 11),)","(np.float64(0.11377917879634501),)","(np.float64(290.8655206044782),)"
2567,"((10, 19),)","(np.float64(0.1124777849534771),)","(np.float64(204.93913945493185),)"
2568,"((0, 13),)","(np.float64(0.11406928188965518),)","(np.float64(332.5404300727153),)"
2569,"((3, 6), (10, 13), (0, 11))","(np.float64(0.1300665322120614), np.float64(0.1359801919486375), np.float64(0.13729922060371402))","(np.float64(285.3228884672485), np.float64(213.83396282559713), np.float64(10.881485454872346))"
2570,"((0, 13), (4, 6), (1, 11))","(np.float64(0.11702855672303596), np.float64(0.0923511068853689), np.float64(0.14609838930782135))","(np.float64(112.08841836052038), np.float64(355.2690356565246), np.float64(142.50108384476545))"
2571,"((6, 14), (13, 15))","(np.float64(0.09304105190362588), np.float64(0.1430726281973614))","(np.float64(140.5090345470648), np.float64(95.05901208773332))"
2572,"((2, 13), (14, 16))","(np.float64(0.10270202635787445), np.float64(0.047375982115617075))","(np.float64(21.26620247814298), np.float64(182.65422720818825))"
2573,"((2, 9), (12, 18))","(np.float64(0.13995003668142217), np.float64(0.14420475281106007))","(np.float64(46.794238289739965), np.float64(82.3537764786797))"
2575,"((1, 17),)","(np.float64(0.039517768340733055),)","(np.float64(298.83601584905927),)"
2576,"((0, 17), (10, 15), (0, 9))","(np.float64(0.11240626219121805), np.float64(0.12540670221233627), np.float64(0.13995353188741155))","(np.float64(311.84309627182284), np.float64(251.67609937710924), np.float64(112.82666620846318))"
2577,"((8, 11), (13, 19))","(np.float64(0.14290577766403134), np.float64(0.0591907647529818))","(np.float64(24.00297739134943), np.float64(1.5796328786463014))"
2578,"((2, 13), (9, 10), (1, 12), (0, 12))","(np.float64(0.09660269182432546), np.float64(0.09484865358402131), np.float64(0.13032537831207278), np.float64(0.14767811309127254))","(np.float64(272.7202471492706), np.float64(157.19080986401013), np.float64(0.6703267972100795), np.float64(27.61214905005074))"
2579,"((7, 13), (6, 10))","(np.float64(0.11458798674399137), np.float64(0.13287788121981722))","(np.float64(326.8802152877449), np.float64(330.6931464246924))"
2582,"((5, 19),)","(np.float64(0.08538538570441206),)","(np.float64(47.241278066857554),)"
2583,"((10, 16), (14, 17))","(np.float64(0.13178306158646888), np.float64(0.14091223265142483))","(np.float64(153.43031905097), np.float64(270.49578135255956))"
2584,"((1, 12), (4, 19), (7, 17))","(np.float64(0.11912411534625912), np.float64(0.12987071990784596), np.float64(0.09980633764416169))","(np.float64(257.47097258270844), np.float64(100.71550443810015), np.float64(305.41400175977))"
2585,"((2, 12),)","(np.float64(0.13834941805925588),)","(np.float64(108.46316936268744),)"
2586,"((8, 13),)","(np.float64(0.11176743905474106),)","(np.float64(278.9294602346173),)"
2587,"((0, 1), (0, 13))","(np.float64(0.078114870688411), np.float64(0.13419820503405847))","(np.float64(294.051392166443), np.float64(255.06795132617265))"
2588,"((8, 9),)","(np.float64(0.12090344428954294),)","(np.float64(286.46470389118815),)"
2589,"((2, 16),)","(np.float64(0.12001446110669067),)","(np.float64(115.90230377279758),)"
2590,"((0, 2), (1, 4), (3, 14), (8, 11), (8, 18), (0, 13))","(np.float64(0.14337226385750457), np.float64(0.10813505778913449), np.float64(0.05666171571116799), np.float64(0.10470521583498453), np.float64(0.10295019779004037), np.float64(0.14254211617062099))","(np.float64(184.0184962733748), np.float64(70.38163429895351), np.float64(170.86474402251923), np.float64(334.53289826137046), np.float64(125.1221535684143), np.float64(239.20660803736152))"
2591,"((1, 18), (3, 16), (0, 9))","(np.float64(0.14236824681696725), np.float64(0.08326184609134658), np.float64(0.1465271629524938))","(np.float64(115.04972434497385), np.float64(309.2263215066237), np.float64(73.13308386840905))"
2592,"((2, 19), (7, 14), (12, 14))","(np.float64(0.14086257646082698), np.float64(0.10520480836897796), np.float64(0.11571771211131376))","(np.float64(65.06999826024195), np.float64(241.68140148078294), np.float64(326.9365167196456))"
2593,"((5, 14),)","(np.float64(0.14876963691486872),)","(np.float64(13.774922222891004),)"
2594,"((13, 18),)","(np.float64(0.10688558722784887),)","(np.float64(33.848961157355774),)"
2595,"((2, 11), (7, 14))","(np.float64(0.06024143001461322), np.float64(0.14664833019169748))","(np.float64(146.46865628781975), np.float64(74.70111614740092))"
2598,"((7, 8),)","(np.float64(0.11418283716314442),)","(np.float64(330.16579137347645),)"
2600,"((4, 9), (5, 19), (8, 13), (16, 17), (4, 19))","(np.float64(0.11599193180273772), np.float64(0.05580338985400899), np.float64(0.12211083706132009), np.float64(0.1044498536821558), np.float64(0.07901417746995051))","(np.float64(2.1674773140244663), np.float64(134.2868537007518), np.float64(109.7905197637797), np.float64(49.91623164992126), np.float64(25.82952532297887))"
2602,"((15, 16),)","(np.float64(0.14249703980276135),)","(np.float64(246.9017876772221),)"
2603,"((3, 15),)","(np.float64(0.1404838382804464),)","(np.float64(339.97322508121),)"
2604,"((3, 7), (3, 15), (7, 15), (12, 17), (17, 18), (15, 17))","(np.float64(0.07227715433383457), np.float64(0.11784493205614836), np.float64(0.05646863250364062), np.float64(0.10233269188896221), np.float64(0.06711335249489811), np.float64(0.05239322923533614))","(np.float64(86.20251788004275), np.float64(75.54727067629119), np.float64(39.605195588010304), np.float64(245.67484735324473), np.float64(198.41578017982872), np.float64(103.33421772380166))"
2605,"((2, 4),)","(np.float64(0.06465408747912693),)","(np.float64(23.968077751066264),)"
2607,"((10, 11),)","(np.float64(0.14807307370737485),)","(np.float64(247.10256721727194),)"
2609,"((6, 11), (11, 15))","(np.float64(0.11682538638704461), np.float64(0.13841149052901108))","(np.float64(293.7346191818235), np.float64(55.61502571738868))"
2610,"((2, 12),)","(np.float64(0.14920558124827993),)","(np.float64(196.11510385660088),)"
2611,"((1, 15), (2, 6), (6, 13), (1, 10))","(np.float64(0.14563888859940802), np.float64(0.14103735926821812), np.float64(0.1417133150214289), np.float64(0.13924441954044137))","(np.float64(271.3522887352768), np.float64(244.35122609669162), np.float64(212.61171555513044), np.float64(204.84090380706658))"
2613,"((1, 15),)","(np.float64(0.13461370626647207),)","(np.float64(318.7090828904701),)"
2614,"((9, 14),)","(np.float64(0.11382609852417193),)","(np.float64(311.296196615814),)"
2617,"((2, 12), (9, 10), (10, 17), (9, 18))","(np.float64(0.12855330761201256), np.float64(0.11298962585895934), np.float64(0.1045476528430724), np.float64(0.10813888745670525))","(np.float64(16.93717293593439), np.float64(281.0205229206648), np.float64(258.17636196000086), np.float64(307.87345877000894))"
2620,"((3, 7), (4, 6), (10, 14))","(np.float64(0.13948185058968382), np.float64(0.13243422670876195), np.float64(0.10465702711468819))","(np.float64(119.66239555200711), np.float64(143.78194831076814), np.float64(84.97451710536967))"
2621,"((3, 18),)","(np.float64(0.10091565716223745),)","(np.float64(111.59582086471052),)"
2622,"((6, 11), (11, 18), (13, 18))","(np.float64(0.12303826709505548), np.float64(0.1289344380612294), np.float64(0.12822942718048472))","(np.float64(92.33775338524178), np.float64(43.02394295840402), np.float64(12.319736061304425))"
2623,"((2, 3), (1, 12))","(np.float64(0.13042262425803844), np.float64(0.14152910600190746))","(np.float64(60.02605043624004), np.float64(210.87050826776715))"
2624,"((4, 15), (4, 17), (15, 17))","(np.float64(0.1352624599486328), np.float64(0.11634904359173784), np.float64(0.10000247688252924))","(np.float64(50.36744293541738), np.float64(96.44862412230306), np.float64(173.4321347425851))"
2625,"((4, 11), (9, 17))","(np.float64(0.02356100437003315), np.float64(0.14587819224931345))","(np.float64(219.3838293588144), np.float64(29.53675776272657))"
2626,"((12, 13), (9, 14))","(np.float64(0.1297195376394458), np.float64(0.13338904831002257))","(np.float64(275.9174963375456), np.float64(42.38234213395352))"
2627,"((5, 9), (7, 15))","(np.float64(0.09893808584797917), np.float64(0.06118346022828923))","(np.float64(195.10647563170554), np.float64(283.8111725081496))"
2628,"((6, 15), (1, 10))","(np.float64(0.13165111358390333), np.float64(0.13951230390160602))","(np.float64(290.651703041065), np.float64(191.55444168944717))"
2629,"((7, 15),)","(np.float64(0.12453240464670529),)","(np.float64(282.2424149954914),)"
2630,"((2, 17), (9, 18))","(np.float64(0.041433888667626186), np.float64(0.11777987826979373))","(np.float64(237.79254839080383), np.float64(249.66465846102903))"
2631,"((0, 6), (0, 7))","(np.float64(0.14597893513347573), np.float64(0.14593097702739447))","(np.float64(296.91341134470554), np.float64(159.57084389025178))"
2633,"((10, 18),)","(np.float64(0.10992232558850376),)","(np.float64(2.5158672930402175),)"
2634,"((3, 17),)","(np.float64(0.12365454087493502),)","(np.float64(150.3469729365104),)"
2635,"((7, 16), (12, 13), (14, 15))","(np.float64(0.11242783105013884), np.float64(0.11636793217527222), np.float64(0.1369990566954062))","(np.float64(96.5544425082931), np.float64(55.195806518887004), np.float64(267.7096488999666))"
2637,"((9, 15), (13, 15), (18, 19))","(np.float64(0.08433631645032025), np.float64(0.11158290958094863), np.float64(0.13777633372824166))","(np.float64(116.2500669120951), np.float64(322.57504291965006), np.float64(160.30394999705226))"
2638,"((9, 12),)","(np.float64(0.13802697048093115),)","(np.float64(67.49114757049527),)"
2639,"((9, 17), (10, 14))","(np.float64(0.11632097987326151), np.float64(0.1399439580249242))","(np.float64(302.29459223579255), np.float64(290.35377790754916))"
2642,"((1, 2),)","(np.float64(0.1413251153849966),)","(np.float64(136.2228107400893),)"
2643,"((3, 11),)","(np.float64(0.1447380884117286),)","(np.float64(336.5735617369577),)"
2645,"((1, 3), (4, 15), (4, 19), (5, 19), (14, 16), (8, 16), (7, 14))","(np.float64(0.1338635473532043), np.float64(0.08920558820925543), np.float64(0.12798984091696905), np.float64(0.12708843532329503), np.float64(0.13023233775902546), np.float64(0.07264474872893882), np.float64(0.136140868667261))","(np.float64(124.12009092025339), np.float64(309.3482638363809), np.float64(110.89883810626101), np.float64(259.9724510838821), np.float64(167.7523948033184), np.float64(134.54339892445762), np.float64(25.15841656747124))"
2648,"((11, 14),)","(np.float64(0.04445287852957634),)","(np.float64(151.1672384329678),)"
2649,"((2, 11), (3, 18))","(np.float64(0.08064051924101252), np.float64(0.06865497932710425))","(np.float64(194.94660957097503), np.float64(134.96124458294392))"
2650,"((2, 15), (3, 4), (8, 9), (9, 14), (1, 14))","(np.float64(0.13217593255701302), np.float64(0.12059478224761692), np.float64(0.0876393853758339), np.float64(0.1281822193249201), np.float64(0.14745660215031278))","(np.float64(146.64583680027647), np.float64(55.66096137345195), np.float64(161.62796348639694), np.float64(119.67180145124856), np.float64(298.7297984181762))"
2651,"((13, 18),)","(np.float64(0.1467327638063378),)","(np.float64(89.88088936451057),)"
2652,"((0, 1), (9, 18), (12, 15))","(np.float64(0.1235345637087615), np.float64(0.12408635007793987), np.float64(0.0522531813277929))","(np.float64(292.3642980046701), np.float64(59.152911448320374), np.float64(56.91036081781563))"
2653,"((8, 19), (9, 15), (0, 9))","(np.float64(0.12666856396159656), np.float64(0.14426728556854848), np.float64(0.14263846412286488))","(np.float64(344.378868395261), np.float64(356.32786768581275), np.float64(249.98591479688713))"
2655,"((0, 11), (7, 14), (5, 12), (0, 14))","(np.float64(0.1200937354455705), np.float64(0.127536308270617), np.float64(0.1374901150852707), np.float64(0.07506023026208467))","(np.float64(163.04257905953315), np.float64(192.4875938307802), np.float64(273.82386023023554), np.float64(246.740000318839))"
2656,"((4, 12),)","(np.float64(0.12750982070614694),)","(np.float64(310.15953190000477),)"
2657,"((1, 16), (5, 14), (6, 16), (7, 19), (10, 14))","(np.float64(0.09589141268525642), np.float64(0.11343802875017284), np.float64(0.0847471691223217), np.float64(0.14203853493838484), np.float64(0.004429939813639115))","(np.float64(273.3933145224418), np.float64(156.2667670926022), np.float64(122.77843384617945), np.float64(169.7995102278578), np.float64(55.459377334295745))"
2659,"((15, 16),)","(np.float64(0.13691401056930808),)","(np.float64(345.4631320959985),)"
2660,"((9, 13),)","(np.float64(0.12295055007976137),)","(np.float64(125.20342138301328),)"
2661,"((7, 10), (13, 19))","(np.float64(0.056282865543290005), np.float64(0.08927092978979623))","(np.float64(351.59980704477766), np.float64(321.42940762417163))"
2662,"((11, 18), (11, 19))","(np.float64(0.09772732286685958), np.float64(0.1401242481613655))","(np.float64(230.50637500975566), np.float64(137.21356472310495))"
2663,"((1, 13), (9, 18))","(np.float64(0.024789078329078274), np.float64(0.14775156396574232))","(np.float64(128.5501394070489), np.float64(100.33998066461913))"
2666,"((2, 10),)","(np.float64(0.1248619183515032),)","(np.float64(229.48059264931877),)"
2667,"((2, 9),)","(np.float64(0.1473031859465571),)","(np.float64(356.5846312810056),)"
2668,"((0, 13),)","(np.float64(0.14774105990289801),)","(np.float64(249.9841832048004),)"
2669,"((0, 17), (5, 8))","(np.float64(0.13854188602834058), np.float64(0.09822073241977687))","(np.float64(300.5142611316645), np.float64(89.18927044746754))"
2670,"((2, 15), (10, 17), (14, 19), (5, 10))","(np.float64(0.10838943862653141), np.float64(0.0989036152677536), np.float64(0.13790725068531687), np.float64(0.07131489845148238))","(np.float64(287.41690774197593), np.float64(187.23293460278893), np.float64(340.2637059171281), np.float64(143.80369134555932))"
2671,"((0, 18), (9, 19), (10, 16))","(np.float64(0.1139615976490663), np.float64(0.05672163504323944), np.float64(0.14278460372161295))","(np.float64(269.8398010232753), np.float64(280.2452264230209), np.float64(71.65201497830478))"
2672,"((2, 10),)","(np.float64(0.03523336752238385),)","(np.float64(291.6781251966336),)"
2673,"((3, 7), (7, 12), (13, 19))","(np.float64(0.12297957384891424), np.float64(0.14520996898470118), np.float64(0.14450811825023138))","(np.float64(331.31790134419913), np.float64(237.63771612975037), np.float64(103.25457867502611))"
2674,"((0, 18), (0, 6), (6, 18), (6, 7), (6, 12))","(np.float64(0.10098038954425018), np.float64(0.13968399823013797), np.float64(0.11470836346554641), np.float64(0.1379925452811627), np.float64(0.13042280235116394))","(np.float64(7.845304657684104), np.float64(232.52023664696037), np.float64(43.29011690192306), np.float64(196.23275305605318), np.float64(348.9913342099601))"
2675,"((0, 18), (7, 14))","(np.float64(0.07617958997542372), np.float64(0.14532804107477157))","(np.float64(98.41000305909336), np.float64(23.086012712389063))"
2676,"((7, 10),)","(np.float64(0.13106049929693778),)","(np.float64(160.79344908425156),)"
2679,"((7, 13),)","(np.float64(0.13215479619486847),)","(np.float64(60.11979142402457),)"
2680,"((1, 6),)","(np.float64(0.14325673330600378),)","(np.float64(241.37341179728975),)"
2681,"((3, 5),)","(np.float64(0.13872960453299457),)","(np.float64(33.72262314394739),)"
2684,"((1, 9), (18, 19))","(np.float64(0.05549550830835826), np.float64(0.0900503263807789))","(np.float64(116.70809680518278), np.float64(119.56856079929076))"
2685,"((5, 13),)","(np.float64(0.1355159230010605),)","(np.float64(331.25257994290155),)"
2686,"((1, 16),)","(np.float64(0.11569511679387838),)","(np.float64(130.623258370433),)"
2687,"((0, 12), (17, 18))","(np.float64(0.11367428302820795), np.float64(0.14223955016598797))","(np.float64(343.39432185776553), np.float64(181.93346016254404))"
2688,"((3, 12),)","(np.float64(0.14419514548411919),)","(np.float64(255.8689523459602),)"
2690,"((0, 15), (8, 15), (14, 18), (4, 7), (0, 7), (0, 9))","(np.float64(0.14690155270090263), np.float64(0.10136160791977845), np.float64(0.14125074683929612), np.float64(0.14621412721628996), np.float64(0.12091708853978676), np.float64(0.13372593144544553))","(np.float64(192.25314488600537), np.float64(296.3524259619284), np.float64(29.61981851877365), np.float64(204.2410071128626), np.float64(273.87242845818366), np.float64(287.72592274036424))"
2691,"((6, 10),)","(np.float64(0.05006294793651538),)","(np.float64(51.90572388878352),)"
2692,"((12, 13),)","(np.float64(0.08389008627878365),)","(np.float64(98.14653533524833),)"
2693,"((4, 19), (5, 6), (9, 19), (8, 19))","(np.float64(0.12954857247582355), np.float64(0.018491918272143682), np.float64(0.14755187055652833), np.float64(0.14593585552048485))","(np.float64(6.758722918415199), np.float64(245.40193167335036), np.float64(132.85469310102582), np.float64(105.63471922126337))"
2694,"((3, 10), (4, 5), (6, 19), (16, 17))","(np.float64(0.14356615530878314), np.float64(0.07093619590037287), np.float64(0.04930638927904833), np.float64(0.10983887224768123))","(np.float64(258.0429520407118), np.float64(84.40232793639156), np.float64(268.56387784992455), np.float64(177.0249912034311))"
2695,"((1, 14), (9, 11))","(np.float64(0.1095175660080474), np.float64(0.13317016093922643))","(np.float64(75.52071825101703), np.float64(178.6295752848409))"
2696,"((2, 5),)","(np.float64(0.14733147210308217),)","(np.float64(259.86595081267876),)"
2697,"((4, 8), (6, 19))","(np.float64(0.05106099288604393), np.float64(0.14842383651624017))","(np.float64(182.59872779435537), np.float64(31.845805004293016))"
2698,"((2, 17), (7, 11), (5, 19), (9, 19), (5, 15))","(np.float64(0.09235171606502239), np.float64(0.13008421932861255), np.float64(0.13473968757789087), np.float64(0.14074704515983597), np.float64(0.14968499335687757))","(np.float64(132.17999711670583), np.float64(315.60262413978637), np.float64(294.065249667988), np.float64(346.3979254595286), np.float64(285.63641782274215))"
2699,"((3, 13), (5, 17), (8, 13), (3, 14))","(np.float64(0.10872547270070046), np.float64(0.12813910867024939), np.float64(0.13998150911233845), np.float64(0.13142439021570468))","(np.float64(20.346297771892097), np.float64(182.46528946775888), np.float64(97.12586889467839), np.float64(67.92685428609796))"
2700,"((2, 13), (3, 6))","(np.float64(0.14374847029458307), np.float64(0.1210216759911772))","(np.float64(189.33672150885963), np.float64(330.9738782944588))"
2702,"((5, 12), (11, 16), (9, 17))","(np.float64(0.11998197243753785), np.float64(0.07167367826754822), np.float64(0.13080787109536654))","(np.float64(201.6444080074003), np.float64(318.3484392387014), np.float64(26.04903548643817))"
2705,"((0, 11),)","(np.float64(0.033933408434016744),)","(np.float64(202.000312509454),)"
2706,"((1, 5), (8, 10))","(np.float64(0.11982198463157284), np.float64(0.13052622503499445))","(np.float64(202.97556512441128), np.float64(6.91370547869255))"
2707,"((0, 11), (0, 13), (11, 13))","(np.float64(0.14244038379833995), np.float64(0.11765007115911273), np.float64(0.14612600293683556))","(np.float64(241.05865147317633), np.float64(308.6480051096591), np.float64(12.957068697916997))"
2708,"((1, 3), (12, 18))","(np.float64(0.146168246510503), np.float64(0.10083340939603137))","(np.float64(230.84786993802854), np.float64(169.4515920251226))"
2709,"((5, 17),)","(np.float64(0.14388741076202108),)","(np.float64(52.02275449689645),)"
2711,"((0, 8),)","(np.float64(0.06539431882951421),)","(np.float64(8.665499241303813),)"
2712,"((2, 5), (2, 9), (5, 10))","(np.float64(0.1271269126674152), np.float64(0.12944801223786814), np.float64(0.11721688398627385))","(np.float64(297.36769190859394), np.float64(138.4518460857238), np.float64(4.399037064876573))"
2713,"((1, 9),)","(np.float64(0.11240908835014718),)","(np.float64(349.5712845374059),)"
2714,"((9, 10),)","(np.float64(0.12366146843379269),)","(np.float64(166.78711229416768),)"
2715,"((6, 18),)","(np.float64(0.07344230118111549),)","(np.float64(302.7188163316423),)"
2716,"((3, 16), (8, 13), (11, 16))","(np.float64(0.1495576882656725), np.float64(0.13779647171497553), np.float64(0.07943803425707333))","(np.float64(93.11293464325676), np.float64(183.44739842974482), np.float64(202.1976724582999))"
2718,"((13, 18),)","(np.float64(0.1431481219368106),)","(np.float64(36.623276695119614),)"
2719,"((4, 5), (6, 14), (7, 15), (2, 7))","(np.float64(0.06519692419286807), np.float64(0.1498510604931821), np.float64(0.11624682177522407), np.float64(0.14581915488050926))","(np.float64(13.45043963812689), np.float64(239.11968688829194), np.float64(267.3188533897636), np.float64(348.16707524672535))"
2720,"((2, 5), (12, 17))","(np.float64(0.10095256495676133), np.float64(0.14224751626664134))","(np.float64(52.05409313917011), np.float64(173.7862768816458))"
2721,"((3, 12), (4, 5), (7, 18), (7, 12))","(np.float64(0.11151031350786003), np.float64(0.08946428587340313), np.float64(0.1412550406235482), np.float64(0.13750445524479876))","(np.float64(203.23934188671203), np.float64(92.04906455009714), np.float64(7.97649616973886), np.float64(231.26953944802545))"
2722,"((8, 18), (14, 17), (6, 17))","(np.float64(0.12505552994294855), np.float64(0.13037658995276818), np.float64(0.14870001530103708))","(np.float64(263.99248164337655), np.float64(312.32769312415763), np.float64(72.7084982931347))"
2723,"((16, 18),)","(np.float64(0.12377369826658323),)","(np.float64(199.9830490258692),)"
2724,"((0, 6),)","(np.float64(0.14739516442372486),)","(np.float64(94.00884240013018),)"
2725,"((6, 12), (10, 19))","(np.float64(0.07594231634321671), np.float64(0.14560645205211614))","(np.float64(275.5080948860826), np.float64(66.70303136933997))"
2726,"((0, 19),)","(np.float64(0.11542662342831862),)","(np.float64(45.81403725145727),)"
2727,"((1, 2), (3, 17))","(np.float64(0.12898434564725092), np.float64(0.05600501458184325))","(np.float64(147.95982035147603), np.float64(125.30156437223117))"
2730,"((5, 13), (9, 17), (10, 18))","(np.float64(0.12869494937880588), np.float64(0.0889009396263982), np.float64(0.11506589171115907))","(np.float64(74.05738855856144), np.float64(257.9818611009095), np.float64(210.88379198067517))"
2731,"((7, 15),)","(np.float64(0.0932761548309375),)","(np.float64(340.83916530592126),)"
2732,"((4, 17), (4, 16))","(np.float64(0.06638725403881018), np.float64(0.10805607337520524))","(np.float64(357.98295243260606), np.float64(127.74984586464052))"
2733,"((0, 4), (2, 18), (2, 11))","(np.float64(0.08856215143596687), np.float64(0.10616699905540931), np.float64(0.14756520399859013))","(np.float64(156.720901116984), np.float64(131.01352828502684), np.float64(19.39208806494522))"
2735,"((2, 19), (2, 14), (4, 11))","(np.float64(0.03672024018574139), np.float64(0.14405647643311306), np.float64(0.1383704189433838))","(np.float64(358.71211510179296), np.float64(344.1170199805098), np.float64(195.41650872209217))"
2736,"((5, 13), (1, 5))","(np.float64(0.10239258661679647), np.float64(0.13110221083273704))","(np.float64(252.7895573368854), np.float64(236.64217940904513))"
2737,"((0, 18), (12, 14))","(np.float64(0.13332121321412668), np.float64(0.11127841023370273))","(np.float64(78.86694353937342), np.float64(103.00434712232295))"
2738,"((0, 11), (1, 12), (8, 18), (12, 17))","(np.float64(0.12149264840890125), np.float64(0.057468250575288184), np.float64(0.14219949086507425), np.float64(0.14545495302302186))","(np.float64(53.408181737819056), np.float64(347.7014326767029), np.float64(327.2727517863659), np.float64(348.44922791957237))"
2739,"((7, 19), (13, 14))","(np.float64(0.14866455475333784), np.float64(0.051680854272778624))","(np.float64(199.7363801122954), np.float64(4.3804557175292995))"
2740,"((3, 9), (3, 14), (5, 16), (9, 14), (10, 15), (12, 17))","(np.float64(0.02023379598539481), np.float64(0.1390242946916061), np.float64(0.13188837690944583), np.float64(0.10790109530487749), np.float64(0.06844622342980301), np.float64(0.10675800784569214))","(np.float64(123.52146416906136), np.float64(324.4594207856645), np.float64(320.88856172778435), np.float64(349.2143820960307), np.float64(242.50198344997955), np.float64(14.012407043684435))"
2741,"((1, 18), (10, 15))","(np.float64(0.08068006670729282), np.float64(0.11627752719924729))","(np.float64(322.1053544519747), np.float64(36.47883434600443))"
2743,"((2, 5), (15, 16), (7, 15))","(np.float64(0.08898250557802245), np.float64(0.10614489283362676), np.float64(0.13116073953766458))","(np.float64(113.088569396037), np.float64(95.94564298914622), np.float64(286.81111655136976))"
2744,"((1, 15),)","(np.float64(0.1340950964490084),)","(np.float64(79.54494638585398),)"
2745,"((9, 16), (8, 13))","(np.float64(0.11407970905642557), np.float64(0.14693847202741658))","(np.float64(117.4875143626065), np.float64(235.7366760277297))"
2746,"((2, 14), (4, 17), (5, 12))","(np.float64(0.11179894022961397), np.float64(0.08068005133792734), np.float64(0.03559650551069047))","(np.float64(244.77045628603165), np.float64(253.20141054969855), np.float64(8.397463721422142))"
2747,"((1, 15), (7, 12), (2, 12), (0, 8))","(np.float64(0.1018606157983491), np.float64(0.05275812652017731), np.float64(0.14547550672146153), np.float64(0.1294910018908407))","(np.float64(206.1739862840556), np.float64(97.94888236333604), np.float64(38.32720353753219), np.float64(267.6430764659718))"
2748,"((9, 14),)","(np.float64(0.14207804703265806),)","(np.float64(306.40006584407087),)"
2749,"((5, 17), (6, 16))","(np.float64(0.09731431402824615), np.float64(0.14177016410472082))","(np.float64(225.19984327705743), np.float64(328.3161718673008))"
2750,"((8, 11), (5, 12))","(np.float64(0.10002951882346867), np.float64(0.14892304486071745))","(np.float64(19.815146056266425), np.float64(295.6952141578575))"
2751,"((2, 16), (5, 12), (7, 13))","(np.float64(0.14329871302570493), np.float64(0.1390879181604841), np.float64(0.14969691809626762))","(np.float64(30.872914760013423), np.float64(179.18989550115472), np.float64(8.230897094423836))"
2752,"((5, 9),)","(np.float64(0.06226915758465269),)","(np.float64(346.7626456835791),)"
2753,"((13, 17), (13, 19), (17, 19))","(np.float64(0.07756027141233506), np.float64(0.025165402666715943), np.float64(0.10113500521724435))","(np.float64(101.97396119170502), np.float64(239.91604738323832), np.float64(319.0362518310434))"
2754,"((11, 16), (9, 14), (9, 19))","(np.float64(0.11337025628542394), np.float64(0.1260318941831427), np.float64(0.11378880642639988))","(np.float64(276.3199214999172), np.float64(43.68544724577256), np.float64(351.112433416293))"
2755,"((10, 13), (12, 16))","(np.float64(0.13185408124605888), np.float64(0.05140733757877553))","(np.float64(251.81564310752123), np.float64(290.2678791768916))"
2756,"((5, 16), (9, 19), (2, 14))","(np.float64(0.1197092042886274), np.float64(0.05621157478621019), np.float64(0.14738220670256347))","(np.float64(114.83165657511654), np.float64(135.50092902833936), np.float64(341.5006490944387))"
2757,"((8, 16), (15, 19))","(np.float64(0.12341976504958603), np.float64(0.12571814239057172))","(np.float64(173.09692317322478), np.float64(349.0334980333303))"
2759,"((10, 15), (16, 19))","(np.float64(0.09297307124886774), np.float64(0.08213201956451086))","(np.float64(8.569013927130646), np.float64(298.77148949194543))"
2760,"((1, 9), (11, 13), (18, 19), (14, 17))","(np.float64(0.0816262432704181), np.float64(0.09521323104441698), np.float64(0.050318955839810976), np.float64(0.14646044085005624))","(np.float64(47.21177734058965), np.float64(295.1470775768215), np.float64(127.06412852276495), np.float64(14.10556015497932))"
2761,"((3, 9), (7, 12), (5, 14))","(np.float64(0.069317858923747), np.float64(0.06581295078416258), np.float64(0.13315531344529488))","(np.float64(306.44191316524905), np.float64(244.79478707428956), np.float64(18.80155436068562))"
2762,"((7, 17),)","(np.float64(0.12462137166465975),)","(np.float64(108.75214559264494),)"
2764,"((4, 19), (5, 18), (3, 16))","(np.float64(0.1499596122635378), np.float64(0.12098636074785864), np.float64(0.1234837196334331))","(np.float64(355.8479064264987), np.float64(44.672351744259), np.float64(203.49256374685254))"
2766,"((1, 15), (4, 5), (5, 8))","(np.float64(0.12112653480076052), np.float64(0.09859249636657823), np.float64(0.14201215122880553))","(np.float64(4.294748587634819), np.float64(158.54148260412197), np.float64(121.22886275326098))"
2767,"((2, 3), (3, 15))","(np.float64(0.053785909568976185), np.float64(0.12373122779869025))","(np.float64(272.79769826159736), np.float64(356.0975630867373))"
2768,"((3, 19), (12, 17))","(np.float64(0.06305685147549427), np.float64(0.12531044634582666))","(np.float64(130.97424232641478), np.float64(259.48681110226323))"
2769,"((1, 7), (2, 9), (4, 6))","(np.float64(0.10757575499815068), np.float64(0.14246036078240762), np.float64(0.1458959409754683))","(np.float64(118.91586840495853), np.float64(277.46258642601765), np.float64(109.29222283218127))"
2770,"((18, 19),)","(np.float64(0.13021275956986061),)","(np.float64(222.35112749946754),)"
2771,"((7, 11),)","(np.float64(0.03339580450248273),)","(np.float64(166.37222303170742),)"
2772,"((2, 7), (13, 19))","(np.float64(0.1467975701000075), np.float64(0.11808065217113914))","(np.float64(195.79400526996358), np.float64(8.625032024665687))"
2773,"((5, 8), (0, 7))","(np.float64(0.08147245415213279), np.float64(0.13651481662081819))","(np.float64(47.47858774484158), np.float64(259.2344970862459))"
2774,"((0, 11),)","(np.float64(0.10809797639307506),)","(np.float64(8.769018125676812),)"
2775,"((2, 11), (4, 8), (7, 17))","(np.float64(0.1179667231718732), np.float64(0.1482050924329223), np.float64(0.046610839479132166))","(np.float64(81.47105639861998), np.float64(155.4609419247627), np.float64(70.63804751960564))"
2776,"((2, 11), (5, 8), (16, 18), (5, 16))","(np.float64(0.08855247216125373), np.float64(0.086009155025187), np.float64(0.12070689140886795), np.float64(0.14270417661644558))","(np.float64(183.41389328406925), np.float64(354.8645713081166), np.float64(115.48172799832568), np.float64(178.36816376478066))"
2777,"((0, 10), (7, 18))","(np.float64(0.09942962632029345), np.float64(0.035285242625492375))","(np.float64(30.451809136003035), np.float64(203.94298781692626))"
2778,"((2, 7), (2, 11), (4, 13))","(np.float64(0.09961315036072965), np.float64(0.10704119390440806), np.float64(0.10584419140397927))","(np.float64(210.98493345637897), np.float64(12.890464610640844), np.float64(242.57205784890613))"
2779,"((1, 6), (2, 19), (7, 13), (5, 9), (0, 15), (5, 8))","(np.float64(0.12784920345074696), np.float64(0.14597254439963184), np.float64(0.10134650674811349), np.float64(0.060572160527398645), np.float64(0.13261952954127143), np.float64(0.14204341165060105))","(np.float64(37.92267410916413), np.float64(344.3420660805709), np.float64(163.1970291216491), np.float64(185.4128883587267), np.float64(11.435316090854515), np.float64(281.7389422840135))"
2780,"((9, 10), (10, 18))","(np.float64(0.0932624591785576), np.float64(0.14610945982082657))","(np.float64(223.05496844937898), np.float64(213.60398591574793))"
2781,"((5, 13), (6, 7), (9, 19), (11, 15))","(np.float64(0.10527115448474642), np.float64(0.08824849507374924), np.float64(0.12683255498098786), np.float64(0.13907122872793617))","(np.float64(138.7902195126407), np.float64(105.7789174655428), np.float64(113.30924607866979), np.float64(6.301732436638593))"
2782,"((3, 16), (6, 13), (9, 17), (15, 17), (6, 17))","(np.float64(0.06606134156974922), np.float64(0.14256657084160423), np.float64(0.11675367656662512), np.float64(0.13866559482047955), np.float64(0.07029420265024783))","(np.float64(52.524864951269244), np.float64(146.26164609489052), np.float64(305.0399055781769), np.float64(78.37019209557272), np.float64(47.06883982840634))"
2784,"((7, 11),)","(np.float64(0.14411315328010166),)","(np.float64(121.49179943573641),)"
2786,"((1, 18), (2, 12), (2, 13), (4, 10))","(np.float64(0.13718317113490186), np.float64(0.08909534717700415), np.float64(0.08804430469875488), np.float64(0.1384472346352888))","(np.float64(261.3550008025708), np.float64(328.10841644909067), np.float64(161.6169970425248), np.float64(301.21350087071784))"
2787,"((2, 11), (2, 13), (4, 16))","(np.float64(0.0881639495838), np.float64(0.12336046327152402), np.float64(0.141415928459284))","(np.float64(108.22038447503718), np.float64(243.34735886896607), np.float64(143.1455778274576))"
2788,"((1, 11), (2, 11))","(np.float64(0.109668506228524), np.float64(0.14925115341434064))","(np.float64(329.01319581230166), np.float64(269.1906960004575))"
2789,"((2, 13),)","(np.float64(0.13172859598034606),)","(np.float64(335.53237386548915),)"
2790,"((0, 17), (6, 16), (10, 11), (13, 16), (1, 8))","(np.float64(0.14184775488400872), np.float64(0.06559009337103139), np.float64(0.0943580960317313), np.float64(0.11491385480032394), np.float64(0.12587318567356987))","(np.float64(218.63435658682758), np.float64(329.28250972423194), np.float64(251.9249136834611), np.float64(162.69890942621245), np.float64(233.80198637522787))"
2791,"((2, 4), (5, 8), (9, 16))","(np.float64(0.04146806170806963), np.float64(0.09561756011262147), np.float64(0.013840560495661397))","(np.float64(326.3055605410067), np.float64(347.4720995198651), np.float64(139.48465917978044))"
2792,"((0, 10), (2, 4), (3, 18))","(np.float64(0.013564396242259602), np.float64(0.13939976192113723), np.float64(0.11154043875835161))","(np.float64(162.968539778523), np.float64(2.113240940281007), np.float64(53.04504772473822))"
2793,"((1, 2),)","(np.float64(0.09108702273574334),)","(np.float64(351.3970090512232),)"
2794,"((6, 19), (8, 10), (2, 13), (4, 11))","(np.float64(0.1207578495015253), np.float64(0.07161442279283793), np.float64(0.13714574962999604), np.float64(0.1446309118527086))","(np.float64(279.48623531339115), np.float64(353.8783535192329), np.float64(249.51794396173085), np.float64(226.79338000481823))"
2797,"((3, 19), (4, 8), (8, 18))","(np.float64(0.03325602185249742), np.float64(0.13709100776751587), np.float64(0.13616663848170898))","(np.float64(113.73025755245152), np.float64(159.27799932864573), np.float64(319.4544031720609))"
2798,"((6, 14), (6, 17), (7, 14), (9, 17))","(np.float64(0.1365139328304984), np.float64(0.1222630037312133), np.float64(0.1193394728108826), np.float64(0.1137181867600749))","(np.float64(174.27992982904024), np.float64(32.007075049208346), np.float64(251.2446831775983), np.float64(38.69278621734557))"
2799,"((5, 15),)","(np.float64(0.12171842344280644),)","(np.float64(93.76968209776751),)"
2800,"((11, 19), (5, 12), (8, 9))","(np.float64(0.14630332289265344), np.float64(0.14568860656140772), np.float64(0.13411029299880445))","(np.float64(64.90979429808348), np.float64(266.4601993751913), np.float64(334.90214806616086))"
2801,"((0, 18),)","(np.float64(0.146898001902029),)","(np.float64(229.7171887853127),)"
2802,"((9, 19), (10, 16), (14, 15))","(np.float64(0.13202280002749534), np.float64(0.1148388202977906), np.float64(0.0859807084422937))","(np.float64(127.15248946647499), np.float64(237.62268658895357), np.float64(190.07218032142566))"
2803,"((0, 14), (0, 16), (4, 8))","(np.float64(0.12713698623614042), np.float64(0.10437736022087984), np.float64(0.11648045222116331))","(np.float64(279.2410270487847), np.float64(170.9366867969882), np.float64(128.30750667247946))"
2804,"((8, 10), (17, 18))","(np.float64(0.06698818678102793), np.float64(0.14641236067801588))","(np.float64(146.599187661612), np.float64(206.14324349894605))"
2806,"((2, 5), (2, 10), (8, 11), (8, 15), (9, 13), (11, 15))","(np.float64(0.11483194365731704), np.float64(0.13864615259103433), np.float64(0.07507676049593703), np.float64(0.07530066974746998), np.float64(0.11609270023684695), np.float64(0.01773336698958497))","(np.float64(288.6455392825861), np.float64(35.32474997285736), np.float64(349.50862653793604), np.float64(336.1783334027832), np.float64(237.64322825842825), np.float64(229.77439523824884))"
2807,"((1, 7), (2, 12), (2, 19))","(np.float64(0.12943867303923307), np.float64(0.030415776937619612), np.float64(0.14920667924031178))","(np.float64(163.9345835917277), np.float64(218.16698554898298), np.float64(184.51067586955693))"
2808,"((4, 15),)","(np.float64(0.12214302403797246),)","(np.float64(48.6911152071268),)"
2809,"((17, 18),)","(np.float64(0.07795942868479228),)","(np.float64(267.00729939461075),)"
2810,"((11, 16),)","(np.float64(0.14846028630382163),)","(np.float64(304.09869892805534),)"
2811,"((9, 19), (12, 17), (14, 17), (16, 18), (10, 19), (0, 9), (10, 14))","(np.float64(0.12348224152473074), np.float64(0.10888210675693405), np.float64(0.10155900898002357), np.float64(0.12214915333836873), np.float64(0.14807055099302666), np.float64(0.1448070489914739), np.float64(0.14559988896025328))","(np.float64(301.7520710670048), np.float64(21.272989607267043), np.float64(164.48559163709416), np.float64(147.15079748896255), np.float64(63.59022578816434), np.float64(11.328935694391758), np.float64(187.27329651942225))"
2812,"((2, 8), (9, 19))","(np.float64(0.12519721167685863), np.float64(0.031420242364611765))","(np.float64(45.21004782766992), np.float64(319.46568717825835))"
2817,"((2, 17),)","(np.float64(0.12554775633451898),)","(np.float64(154.29314550316877),)"
2818,"((5, 7), (7, 12))","(np.float64(0.11197064921674749), np.float64(0.10250550465280689))","(np.float64(50.786566273460956), np.float64(357.3157258772455))"
2819,"((2, 12), (7, 18), (8, 15), (12, 14))","(np.float64(0.1479262758920314), np.float64(0.05928011530223727), np.float64(0.12440507927867397), np.float64(0.13498329954887014))","(np.float64(292.2997909919305), np.float64(261.524035305575), np.float64(175.0110424829609), np.float64(108.54065771415597))"
2820,"((6, 17), (13, 14))","(np.float64(0.10158624405168955), np.float64(0.06454083590655257))","(np.float64(264.64150856534843), np.float64(254.58825039889643))"
2821,"((3, 6), (5, 19))","(np.float64(0.13561917290585188), np.float64(0.04583232326067503))","(np.float64(299.44139110852035), np.float64(153.11117725871833))"
2822,"((0, 12), (3, 8), (2, 10))","(np.float64(0.12452200779004527), np.float64(0.12800794870340867), np.float64(0.13116702865755087))","(np.float64(71.11776181027138), np.float64(313.96853362454783), np.float64(319.72315387277524))"
2823,"((5, 9), (5, 16), (9, 16), (2, 16))","(np.float64(0.0360273682051721), np.float64(0.1395574373672056), np.float64(0.1156559214416266), np.float64(0.13890279606439676))","(np.float64(142.95238526857662), np.float64(185.5862485151007), np.float64(197.76668264926684), np.float64(342.3534661122535))"
2824,"((2, 15),)","(np.float64(0.14362505125095196),)","(np.float64(321.90198099594176),)"
2825,"((8, 18), (7, 17))","(np.float64(0.03736612723011941), np.float64(0.12724242777770137))","(np.float64(87.14421017562924), np.float64(41.694749953027696))"
2826,"((4, 9), (5, 12))","(np.float64(0.13970679010183895), np.float64(0.09463006390215191))","(np.float64(169.0608661682339), np.float64(145.81280063123413))"
2827,"((14, 17),)","(np.float64(0.1345229137922676),)","(np.float64(27.156953555486265),)"
2828,"((3, 13), (5, 16))","(np.float64(0.10020109214614972), np.float64(0.10095200935120992))","(np.float64(83.2309015107893), np.float64(294.5844391458625))"
2829,"((6, 13), (7, 8), (9, 12), (9, 16), (12, 16), (18, 19), (10, 12))","(np.float64(0.13860213362437693), np.float64(0.10148453725122948), np.float64(0.08938336515544383), np.float64(0.0593740399032739), np.float64(0.14756198505896617), np.float64(0.133401060725221), np.float64(0.14559099869830613))","(np.float64(328.2003905994291), np.float64(71.61012568008661), np.float64(303.75907650946465), np.float64(108.91644476642097), np.float64(117.84301580761948), np.float64(187.77258395146558), np.float64(120.17797115232017))"
2830,"((1, 2), (1, 18), (17, 19))","(np.float64(0.10759957130945537), np.float64(0.0992622371814796), np.float64(0.10615630047573306))","(np.float64(304.522153610819), np.float64(46.453982458476325), np.float64(101.51060848141437))"
2831,"((10, 13), (12, 17))","(np.float64(0.14208059646115367), np.float64(0.11442843233479))","(np.float64(64.38238159101287), np.float64(81.03912337680315))"
2832,"((1, 13), (6, 13))","(np.float64(0.12408052842328067), np.float64(0.08777727692999582))","(np.float64(100.09415428018347), np.float64(234.02736341885208))"
2833,"((14, 16), (11, 17))","(np.float64(0.14693184465546483), np.float64(0.1364812111632512))","(np.float64(167.31031725732646), np.float64(56.12884533313552))"
2834,"((4, 12), (8, 14))","(np.float64(0.10933448955629599), np.float64(0.11613854522510639))","(np.float64(299.6082349874832), np.float64(246.0154834141283))"
2835,"((7, 15), (12, 18), (5, 16))","(np.float64(0.10095535913071242), np.float64(0.13887203489442457), np.float64(0.1477316163154523))","(np.float64(80.69029425581822), np.float64(5.6147531911507516), np.float64(13.28282466259816))"
2836,"((2, 12), (5, 8), (5, 12), (13, 18))","(np.float64(0.12264063057494926), np.float64(0.10253077324443506), np.float64(0.10324643434435923), np.float64(0.10832344684008981))","(np.float64(317.2981822345739), np.float64(306.63386429691747), np.float64(153.16008115665124), np.float64(153.13629896623746))"
2837,"((4, 12), (5, 17), (0, 12), (5, 12))","(np.float64(0.10098316870460239), np.float64(0.09169680222957315), np.float64(0.147697957622297), np.float64(0.1252781587745726))","(np.float64(17.142576974542955), np.float64(294.0134470973892), np.float64(227.1033280141581), np.float64(247.98079684137952))"
2838,"((1, 14),)","(np.float64(0.10674698107864508),)","(np.float64(136.9367076020854),)"
2839,"((0, 12), (0, 3))","(np.float64(0.10305637828095372), np.float64(0.11643031723576867))","(np.float64(348.1060508430279), np.float64(217.13834256368293))"
2840,"((0, 2), (5, 8))","(np.float64(0.12929796035516594), np.float64(0.11839060732855201))","(np.float64(338.445136927413), np.float64(17.183265849818643))"
2842,"((9, 11),)","(np.float64(0.11760900453164629),)","(np.float64(179.65006627254328),)"
2845,"((5, 12), (9, 12))","(np.float64(0.1288722070721935), np.float64(0.13107912876953756))","(np.float64(14.95557191339769), np.float64(286.19569556006957))"
2846,"((6, 8), (6, 14), (8, 12), (8, 14), (12, 14))","(np.float64(0.06576365177416897), np.float64(0.12346981053266452), np.float64(0.13460730198842383), np.float64(0.057770612012569104), np.float64(0.07797598221315834))","(np.float64(28.458755109382906), np.float64(26.724267823276456), np.float64(16.1128113773812), np.float64(24.7497511683171), np.float64(189.72503669393708))"
2847,"((0, 9), (4, 18), (9, 10), (3, 18))","(np.float64(0.14293214206426622), np.float64(0.13151174257097856), np.float64(0.08489273029084393), np.float64(0.12944022913406944))","(np.float64(54.264201118697656), np.float64(200.56504022266114), np.float64(341.5038227470716), np.float64(66.63153655980217))"
2848,"((4, 14), (2, 12))","(np.float64(0.136503420008422), np.float64(0.1320214570020774))","(np.float64(345.0802479429594), np.float64(202.9538382079256))"
2849,"((4, 11), (5, 7), (4, 14))","(np.float64(0.12261945179998669), np.float64(0.10388936600058901), np.float64(0.050162513154361106))","(np.float64(162.47502692845958), np.float64(293.0824803791801), np.float64(185.5658536716611))"
2850,"((1, 5), (4, 5))","(np.float64(0.1454657346270651), np.float64(0.12130235135904145))","(np.float64(126.69427816240946), np.float64(303.5753379490138))"
2851,"((2, 11), (5, 17), (5, 18))","(np.float64(0.09378315723492894), np.float64(0.1463256918890497), np.float64(0.12524636673228506))","(np.float64(103.10779995021399), np.float64(318.8756810658892), np.float64(303.7103834937896))"
2852,"((3, 4), (6, 8), (4, 19))","(np.float64(0.14941405213294612), np.float64(0.07599401251158938), np.float64(0.1408064518160607))","(np.float64(337.5922149749099), np.float64(10.801724457111602), np.float64(41.313108927009885))"
2853,"((3, 15), (1, 15), (1, 16))","(np.float64(0.14688379127411738), np.float64(0.12621067587435617), np.float64(0.14057947433803156))","(np.float64(90.1335588648446), np.float64(48.61825393097864), np.float64(54.96982787219822))"
2855,"((6, 11), (9, 14), (12, 16))","(np.float64(0.14099203920314884), np.float64(0.0484451763447561), np.float64(0.1436717479894897))","(np.float64(224.5276335482769), np.float64(80.93770862887226), np.float64(31.82273220943216))"
2856,"((18, 19), (4, 14))","(np.float64(0.09616295316265418), np.float64(0.08220604104381488))","(np.float64(190.51314353334294), np.float64(275.44778000509933))"
2857,"((0, 2), (10, 19))","(np.float64(0.06551273396810513), np.float64(0.1499545194010535))","(np.float64(102.02200702008425), np.float64(94.04124583392748))"
2858,"((3, 18), (4, 11), (4, 18), (12, 19), (0, 9))","(np.float64(0.07406506073045846), np.float64(0.13380376289189871), np.float64(0.006540482362539984), np.float64(0.1388227182377415), np.float64(0.14442313329540468))","(np.float64(105.19061464253073), np.float64(58.83296225857716), np.float64(72.23647663575203), np.float64(107.14110240341672), np.float64(329.4548823497481))"
2859,"((9, 17), (2, 15))","(np.float64(0.13266336475997764), np.float64(0.14837888163554874))","(np.float64(194.0794243240903), np.float64(109.97722564449924))"
2861,"((1, 15), (15, 16), (6, 14), (1, 17), (14, 17), (12, 17))","(np.float64(0.10413479058805682), np.float64(0.06087795068360625), np.float64(0.0792034273645089), np.float64(0.14597444420077282), np.float64(0.10867186563140122), np.float64(0.10470152111263599))","(np.float64(95.81868537338512), np.float64(100.07177534176247), np.float64(45.39013763438819), np.float64(289.2320781690787), np.float64(349.6077036196681), np.float64(73.89134973541744))"
2863,"((0, 1), (8, 14), (16, 18), (2, 16), (0, 16))","(np.float64(0.09641323869998637), np.float64(0.13869586337606057), np.float64(0.12101655981470755), np.float64(0.12125952947995762), np.float64(0.1304414025948348))","(np.float64(239.52042065380033), np.float64(76.91881414515271), np.float64(257.54982416383666), np.float64(239.07283040778327), np.float64(294.02553334692584))"
2864,"((4, 19),)","(np.float64(0.1433661010752955),)","(np.float64(124.44736645836343),)"
2865,"((5, 18), (6, 19), (9, 18), (1, 12), (12, 18))","(np.float64(0.11975235729384276), np.float64(0.12197375112951855), np.float64(0.14087131729620353), np.float64(0.1342429718315641), np.float64(0.1284470459438928))","(np.float64(315.39292027680926), np.float64(328.1361225998743), np.float64(60.83375708111683), np.float64(196.3399879250614), np.float64(15.36669434127347))"
2866,"((7, 14), (16, 18))","(np.float64(0.1454805062608928), np.float64(0.09068287545453617))","(np.float64(182.35179667939758), np.float64(270.0323500181805))"
2867,"((6, 14),)","(np.float64(0.06646664437067679),)","(np.float64(208.0560488645673),)"
2869,"((10, 18), (4, 13))","(np.float64(0.12321668703393662), np.float64(0.12449528433591169))","(np.float64(304.09878209721444), np.float64(298.102807432031))"
2870,"((0, 17),)","(np.float64(0.09550514879750742),)","(np.float64(314.5092251649746),)"
2871,"((0, 6),)","(np.float64(0.05344872154470986),)","(np.float64(296.7662983274025),)"
2872,"((5, 9),)","(np.float64(0.13211679616832056),)","(np.float64(258.89503071344495),)"
2873,"((1, 4), (1, 7), (1, 12), (4, 12), (18, 19), (5, 11))","(np.float64(0.08262418995384493), np.float64(0.13892152096704888), np.float64(0.09711281650078087), np.float64(0.04330505555676233), np.float64(0.1262388775407176), np.float64(0.13271453149247617))","(np.float64(162.2326212163546), np.float64(329.1281570707343), np.float64(129.24947767203844), np.float64(238.1362510490645), np.float64(69.16794829044002), np.float64(310.07307584818767))"
2874,"((7, 14),)","(np.float64(0.13072143176687648),)","(np.float64(30.883204983850842),)"
2875,"((4, 10),)","(np.float64(0.07691919036354078),)","(np.float64(22.73188284386661),)"
2876,"((6, 15), (9, 12))","(np.float64(0.13556036791159612), np.float64(0.14910328727172872))","(np.float64(175.43980817147116), np.float64(0.5457922604485382))"
2877,"((1, 9),)","(np.float64(0.14326290952877346),)","(np.float64(172.76504178968236),)"
2878,"((2, 15), (5, 10))","(np.float64(0.03296504368894443), np.float64(0.13812247527280946))","(np.float64(349.07277503943857), np.float64(232.4044323307691))"
2880,"((6, 7), (0, 8), (9, 16))","(np.float64(0.1266500731341307), np.float64(0.11829222599917075), np.float64(0.09314739843365642))","(np.float64(193.03211823803045), np.float64(223.4593856555528), np.float64(350.1278492558474))"
2882,"((1, 11), (1, 12), (7, 18), (11, 12))","(np.float64(0.09914113039474323), np.float64(0.04174502705773548), np.float64(0.08939486553425804), np.float64(0.1159201624320634))","(np.float64(342.38176286778685), np.float64(37.56099410697879), np.float64(232.8782414094892), np.float64(245.72146262216881))"
2883,"((7, 12),)","(np.float64(0.11010871109097972),)","(np.float64(257.5183126688722),)"
2884,"((9, 17), (6, 16))","(np.float64(0.14275901985382974), np.float64(0.12634346808668054))","(np.float64(63.45519892916726), np.float64(15.80108325196158))"
2885,"((0, 4), (4, 18), (5, 16), (3, 16))","(np.float64(0.0727135025189751), np.float64(0.07647682555508682), np.float64(0.13257984874197964), np.float64(0.14837826119748043))","(np.float64(49.34021439380592), np.float64(23.864528034355423), np.float64(288.3188577440522), np.float64(260.5541373985106))"
2886,"((17, 19), (15, 19))","(np.float64(0.08933870250811772), np.float64(0.13925882278731805))","(np.float64(259.273562217774), np.float64(81.45385196036061))"
2887,"((5, 14), (8, 12), (15, 18))","(np.float64(0.11939872386163228), np.float64(0.1322043221405372), np.float64(0.0929554219328727))","(np.float64(132.44774120428144), np.float64(108.57608477946516), np.float64(149.14836644464302))"
2888,"((5, 12), (2, 18))","(np.float64(0.08671116863758609), np.float64(0.1442843615372034))","(np.float64(324.27336984584485), np.float64(356.94681650841846))"
2889,"((5, 15), (6, 15), (13, 15), (9, 19), (10, 15))","(np.float64(0.1340028792548975), np.float64(0.14063572903493565), np.float64(0.12020774986671161), np.float64(0.10874856122962581), np.float64(0.13336560025908956))","(np.float64(256.19415115197825), np.float64(343.0429247397041), np.float64(131.37963191948552), np.float64(340.55512796157956), np.float64(121.13838567779014))"
2890,"((4, 13), (10, 18))","(np.float64(0.1163783531623561), np.float64(0.14572586034639526))","(np.float64(58.35304601602562), np.float64(328.5474423173465))"
2891,"((2, 7), (4, 11))","(np.float64(0.0729114669765963), np.float64(0.13211333908947884))","(np.float64(78.18151734750192), np.float64(265.80763402304484))"
2892,"((0, 10), (7, 14), (11, 17))","(np.float64(0.12168965095617044), np.float64(0.12578297038190814), np.float64(0.13726046953947138))","(np.float64(47.428196140073844), np.float64(108.11498407205839), np.float64(64.62139289007187))"
2893,"((13, 14),)","(np.float64(0.10171240358879662),)","(np.float64(112.87526700133742),)"
2894,"((6, 18), (1, 11), (7, 15))","(np.float64(0.1112929641883373), np.float64(0.1493876545786687), np.float64(0.12355536605007915))","(np.float64(265.2738716161557), np.float64(308.1433246419495), np.float64(285.8401093778052))"
2895,"((5, 16), (10, 19))","(np.float64(0.04322577837564668), np.float64(0.13370731663439117))","(np.float64(162.1449661707419), np.float64(92.5616819792046))"
2896,"((2, 6),)","(np.float64(0.14459909975810856),)","(np.float64(60.78854825385817),)"
2897,"((5, 19), (5, 14))","(np.float64(0.1480095070223849), np.float64(0.14244566266841988))","(np.float64(227.5896298628843), np.float64(66.25351238171264))"
2898,"((6, 14),)","(np.float64(0.07854236552187481),)","(np.float64(337.0205894534793),)"
2899,"((7, 15),)","(np.float64(0.08187582012413554),)","(np.float64(188.4026193152602),)"
2900,"((8, 11),)","(np.float64(0.08101700690906224),)","(np.float64(135.01665675240855),)"
2901,"((6, 12),)","(np.float64(0.14755421450892559),)","(np.float64(16.619612960554466),)"
2902,"((1, 13), (6, 14))","(np.float64(0.14916641534101482), np.float64(0.09814112623757563))","(np.float64(156.11255664929013), np.float64(155.43252570561546))"
2905,"((2, 10),)","(np.float64(0.059414692977813405),)","(np.float64(348.70756545384415),)"
2906,"((1, 14), (8, 18))","(np.float64(0.14571800892846862), np.float64(0.14944257626174962))","(np.float64(189.94427608085866), np.float64(67.2422982853801))"
2907,"((0, 18), (0, 19), (5, 15))","(np.float64(0.12739339624393173), np.float64(0.052948665422314724), np.float64(0.14195238724606007))","(np.float64(187.3852619262659), np.float64(36.488354577301905), np.float64(283.6751628136436))"
2908,"((4, 9), (4, 14), (5, 13))","(np.float64(0.093931433170782), np.float64(0.11031134312996917), np.float64(0.034022723608495856))","(np.float64(262.84930622106646), np.float64(358.09387573273284), np.float64(143.4405050365947))"
2909,"((0, 3), (0, 6), (5, 14), (11, 19), (12, 13))","(np.float64(0.08362755540627698), np.float64(0.06794018107535454), np.float64(0.13703278590516202), np.float64(0.017616434277927483), np.float64(0.09574465539256737))","(np.float64(183.38735124552676), np.float64(40.71867657774059), np.float64(191.48155342517268), np.float64(316.6629999767336), np.float64(330.0260615177852))"
2910,"((6, 8), (6, 13), (8, 13), (10, 18), (2, 12))","(np.float64(0.07674645933260259), np.float64(0.08026414572040011), np.float64(0.1434202301690784), np.float64(0.05829299925052564), np.float64(0.14284241712338672))","(np.float64(334.72938274763237), np.float64(106.68886150506651), np.float64(130.1372933992056), np.float64(180.0159648402533), np.float64(314.948018833119))"
2911,"((14, 15),)","(np.float64(0.12556889046318037),)","(np.float64(28.143731656001957),)"
2912,"((0, 17),)","(np.float64(0.06496173123045036),)","(np.float64(6.003719372289198),)"
2913,"((4, 8),)","(np.float64(0.10362770313553395),)","(np.float64(272.13942228615304),)"
2914,"((3, 12), (8, 17), (14, 16), (3, 18))","(np.float64(0.1356976103340904), np.float64(0.10589624438705834), np.float64(0.07493538408622434), np.float64(0.14230116943149346))","(np.float64(60.237289277278364), np.float64(145.14056419495316), np.float64(166.22239751676443), np.float64(94.78836030202726))"
2915,"((8, 14), (8, 15))","(np.float64(0.12456724319289986), np.float64(0.13259112245330285))","(np.float64(304.28810941876424), np.float64(77.23589681860912))"
2916,"((14, 15),)","(np.float64(0.04260216331255168),)","(np.float64(264.2277970864382),)"
2918,"((4, 16), (6, 17))","(np.float64(0.11204577578577511), np.float64(0.07761747749950376))","(np.float64(66.74213748802843), np.float64(294.6336370974983))"
2920,"((0, 5), (0, 18), (5, 18), (14, 15))","(np.float64(0.0852312519418245), np.float64(0.14458864782734004), np.float64(0.061529825103034064), np.float64(0.10020445481282708))","(np.float64(10.635914718971799), np.float64(340.89271917155617), np.float64(263.50159682733704), np.float64(229.13757763100472))"
2921,"((5, 11),)","(np.float64(0.13230294407445425),)","(np.float64(250.3758060612149),)"
2922,"((3, 4),)","(np.float64(0.08304714619600959),)","(np.float64(300.96046638564803),)"
2923,"((4, 13), (13, 19))","(np.float64(0.12235391577703278), np.float64(0.13325525905012803))","(np.float64(21.02415040908172), np.float64(124.16052299986089))"
2924,"((7, 15), (7, 17), (9, 19), (15, 17))","(np.float64(0.12407917475099729), np.float64(0.1356520550378565), np.float64(0.0739333582348489), np.float64(0.06165586018472874))","(np.float64(131.53700081662495), np.float64(104.54323877332915), np.float64(48.884970113752075), np.float64(38.557730540845114))"
2925,"((3, 18),)","(np.float64(0.1349895363388894),)","(np.float64(359.1385076276871),)"
2926,"((0, 1), (11, 15))","(np.float64(0.1086105039484624), np.float64(0.11138319594642337))","(np.float64(75.54551784381553), np.float64(347.7789117493414))"
2927,"((2, 10), (8, 14), (6, 14))","(np.float64(0.09922256113286766), np.float64(0.13329327186342949), np.float64(0.12186005946844035))","(np.float64(82.5785663129449), np.float64(76.55125336215629), np.float64(355.4733818796049))"
2928,"((11, 17),)","(np.float64(0.13546207106725533),)","(np.float64(262.8612364023768),)"
2929,"((0, 9), (1, 13))","(np.float64(0.05088549460117278), np.float64(0.14437059915472206))","(np.float64(287.0128192377836), np.float64(310.79761882150814))"
2931,"((2, 9), (2, 19), (9, 19))","(np.float64(0.03753870656559098), np.float64(0.1140637983531799), np.float64(0.1189052259375731))","(np.float64(312.81133313450334), np.float64(193.6167934742697), np.float64(172.12215532412208))"
2932,"((14, 19),)","(np.float64(0.1461472209854858),)","(np.float64(320.37668983346595),)"
2933,"((1, 13),)","(np.float64(0.0831651253819382),)","(np.float64(272.48112738586184),)"
2934,"((5, 8), (6, 10))","(np.float64(0.10617187925832765), np.float64(0.029309213375165063))","(np.float64(21.029695245085865), np.float64(256.404621611972))"
2935,"((7, 12), (2, 13))","(np.float64(0.08782480840308798), np.float64(0.13554460409917707))","(np.float64(268.0110041708947), np.float64(0.4660433163434567))"
2936,"((1, 9), (2, 19), (13, 19), (9, 18))","(np.float64(0.0598990113854784), np.float64(0.12122597271283209), np.float64(0.10298740213439082), np.float64(0.10462120560197062))","(np.float64(268.93887479989866), np.float64(119.61064847193175), np.float64(245.97742524696355), np.float64(350.65673733188567))"
2937,"((0, 16), (3, 19), (12, 14))","(np.float64(0.12976086502749604), np.float64(0.13712908622047543), np.float64(0.11646074541984983))","(np.float64(267.6833373781403), np.float64(237.03206681837742), np.float64(302.89836626348017))"
2938,"((11, 19), (1, 17))","(np.float64(0.14971838797159898), np.float64(0.14427373326836776))","(np.float64(139.22659766224717), np.float64(279.05226734590894))"
2939,"((9, 16), (1, 12))","(np.float64(0.05370661581313812), np.float64(0.1426543522834073))","(np.float64(268.0418167256207), np.float64(310.8667126135797))"
2940,"((7, 14),)","(np.float64(0.025670772428596552),)","(np.float64(218.3058159853415),)"
2941,"((2, 4), (5, 8))","(np.float64(0.1439028855899639), np.float64(0.1259255621450741))","(np.float64(339.6254466541371), np.float64(228.1647040474329))"
2942,"((6, 14), (9, 16))","(np.float64(0.11841600567107792), np.float64(0.047390965699954275))","(np.float64(147.89431780794695), np.float64(28.085389209217066))"
2944,"((1, 17),)","(np.float64(0.08457539187207773),)","(np.float64(106.68135261750196),)"
2947,"((3, 18), (6, 8), (9, 17), (11, 12), (4, 14))","(np.float64(0.05049915098320666), np.float64(0.08209445506315306), np.float64(0.10110606042498199), np.float64(0.07777114679298928), np.float64(0.1423072810386631))","(np.float64(137.6919174627301), np.float64(84.00199569731554), np.float64(130.2821210202505), np.float64(219.05813768237837), np.float64(224.13698597021119))"
2948,"((2, 16),)","(np.float64(0.13559100679074895),)","(np.float64(134.18420279409324),)"
2950,"((13, 19), (13, 18), (7, 19))","(np.float64(0.14705482468394757), np.float64(0.14108650031083958), np.float64(0.11754194844885063))","(np.float64(235.19786638831), np.float64(159.99207312663034), np.float64(352.2651230123684))"
2951,"((3, 12),)","(np.float64(0.13374259540995093),)","(np.float64(352.4439227164996),)"
2952,"((6, 18),)","(np.float64(0.10137720311062484),)","(np.float64(274.63095945278104),)"
2953,"((5, 8),)","(np.float64(0.10525075790516779),)","(np.float64(295.2104386548621),)"
2955,"((0, 6), (1, 4), (1, 13), (8, 18), (1, 16))","(np.float64(0.038329930749207035), np.float64(0.06957026026250815), np.float64(0.13603352289537216), np.float64(0.10892949384347472), np.float64(0.11766107523204263))","(np.float64(171.76821531520986), np.float64(253.59957206747376), np.float64(109.9129301641908), np.float64(136.36074236869362), np.float64(247.62948920764273))"
2956,"((0, 10),)","(np.float64(0.1305065084162839),)","(np.float64(232.9551977906713),)"
2957,"((2, 3), (3, 10), (11, 18), (5, 11), (5, 19))","(np.float64(0.09962825634745628), np.float64(0.06836783111806725), np.float64(0.14135800460863918), np.float64(0.12025597125471389), np.float64(0.10229557108560416))","(np.float64(12.748844708969708), np.float64(49.51728031433177), np.float64(125.28909606864032), np.float64(212.33663884394926), np.float64(98.54392375834308))"
2958,"((1, 5), (15, 19))","(np.float64(0.09213737796376019), np.float64(0.10733367119180266))","(np.float64(264.92816408331123), np.float64(5.651655501653894))"
2959,"((6, 8), (13, 18), (0, 13), (0, 8))","(np.float64(0.09285089315384597), np.float64(0.13481618351012853), np.float64(0.1341942202032574), np.float64(0.13551942674871922))","(np.float64(238.9257323675311), np.float64(343.8210484979656), np.float64(304.82453351481877), np.float64(266.1410134272336))"
2960,"((5, 19),)","(np.float64(0.1184214676252093),)","(np.float64(318.4899411380628),)"
2961,"((0, 12), (2, 15), (4, 7), (5, 18), (1, 12))","(np.float64(0.10403381035741471), np.float64(0.0572556187104865), np.float64(0.1253865352010277), np.float64(0.13886547911628852), np.float64(0.14079977536490648))","(np.float64(143.05143807350055), np.float64(346.60237747151604), np.float64(16.723431657859287), np.float64(337.8878542694114), np.float64(283.9186881019406))"
2962,"((2, 11),)","(np.float64(0.09687214063569446),)","(np.float64(3.9193099389474577),)"
2963,"((1, 14), (2, 15))","(np.float64(0.055518522588889896), np.float64(0.11678239075035661))","(np.float64(181.6611475441948), np.float64(283.2391087050944))"
2964,"((2, 12), (15, 16))","(np.float64(0.1306159223166315), np.float64(0.126796400616339))","(np.float64(138.83469167120086), np.float64(30.97116625439654))"
2965,"((3, 11), (6, 19))","(np.float64(0.13829802664584456), np.float64(0.12254216806694675))","(np.float64(319.4232364057035), np.float64(241.13988209589183))"
2966,"((8, 9), (11, 15))","(np.float64(0.09298887047326791), np.float64(0.12125990077840446))","(np.float64(294.9782770851075), np.float64(121.1281164790894))"
2967,"((2, 13), (3, 18), (7, 19), (11, 12), (3, 6))","(np.float64(0.13204943375322659), np.float64(0.1164746209168085), np.float64(0.14633839793859807), np.float64(0.07629971952224811), np.float64(0.14285267244093686))","(np.float64(153.56849122230756), np.float64(119.26312021472037), np.float64(26.568412862394208), np.float64(287.79600151333915), np.float64(248.96980287570375))"
2969,"((5, 9), (12, 18))","(np.float64(0.1461559453038236), np.float64(0.13875422772561527))","(np.float64(0.9318976204461513), np.float64(68.40810596157921))"
2971,"((6, 12), (1, 11))","(np.float64(0.1358337150901628), np.float64(0.13112455754637173))","(np.float64(212.8850387067628), np.float64(142.8403047407989))"
2972,"((14, 19),)","(np.float64(0.14695072311422644),)","(np.float64(138.71549436785298),)"
2973,"((3, 16),)","(np.float64(0.1463034387458847),)","(np.float64(279.59645161394474),)"
2974,"((7, 15), (1, 11))","(np.float64(0.14707552047079384), np.float64(0.14789875394381855))","(np.float64(162.3647983031734), np.float64(302.08093223112604))"
2975,"((2, 8), (4, 9), (5, 17))","(np.float64(0.025550457091115697), np.float64(0.1121115394792764), np.float64(0.12670790648463323))","(np.float64(30.607298780337743), np.float64(66.54528067144653), np.float64(135.198702137737))"
2976,"((6, 16), (5, 16), (12, 14))","(np.float64(0.04720858087277464), np.float64(0.14436916629943855), np.float64(0.1412085448369137))","(np.float64(210.53548054939364), np.float64(52.19061364380321), np.float64(10.151725335902881))"
2977,"((7, 16), (1, 9))","(np.float64(0.13082771043431418), np.float64(0.12231600935747405))","(np.float64(2.6951966793825086), np.float64(151.74787562555628))"
2978,"((5, 14), (4, 14))","(np.float64(0.14711041668938585), np.float64(0.11118020505744698))","(np.float64(303.9714104593268), np.float64(239.77954492053152))"
2979,"((11, 17),)","(np.float64(0.14229197912577715),)","(np.float64(112.91790672567177),)"
2981,"((3, 10), (3, 9))","(np.float64(0.12367247645880265), np.float64(0.115313383619498))","(np.float64(356.4502285085036), np.float64(189.91514483513433))"
2983,"((8, 14),)","(np.float64(0.05931311869268872),)","(np.float64(183.1017408370176),)"
2984,"((3, 8), (5, 17))","(np.float64(0.09796939673929815), np.float64(0.04937797726653247))","(np.float64(114.49973536029385), np.float64(57.283394071576076))"
2986,"((12, 18),)","(np.float64(0.14308008821114593),)","(np.float64(56.45957932244627),)"
2987,"((6, 13), (14, 18), (3, 14))","(np.float64(0.13080308149717682), np.float64(0.12631580283991728), np.float64(0.14292273380710221))","(np.float64(246.68923912008523), np.float64(273.5993544995425), np.float64(26.676457823310916))"
2988,"((9, 11), (16, 19))","(np.float64(0.0549757693923973), np.float64(0.1106323655470296))","(np.float64(263.619076896273), np.float64(2.7275638591309335))"
2989,"((3, 5), (6, 14))","(np.float64(0.11344412549787097), np.float64(0.12041147355177963))","(np.float64(98.73987721359217), np.float64(210.78084578248817))"
2990,"((4, 7), (5, 6), (7, 19))","(np.float64(0.10612419360951113), np.float64(0.08257662921201327), np.float64(0.14512733065380584))","(np.float64(217.12299262018135), np.float64(338.07316479727956), np.float64(120.9438602461959))"
2991,"((9, 14),)","(np.float64(0.13042569058116496),)","(np.float64(239.2372862051664),)"
2993,"((4, 12),)","(np.float64(0.14692164078109377),)","(np.float64(339.35194425188894),)"
2994,"((8, 14),)","(np.float64(0.1210825562568143),)","(np.float64(344.17663315834494),)"
2995,"((6, 14),)","(np.float64(0.12043870405652135),)","(np.float64(72.92956652277074),)"
2996,"((0, 11),)","(np.float64(0.10515873266275236),)","(np.float64(353.5241313906734),)"
2997,"((9, 15),)","(np.float64(0.11921441414414712),)","(np.float64(343.2889123904333),)"
2998,"((7, 18), (9, 12), (0, 14))","(np.float64(0.13652333687276597), np.float64(0.12927306779441694), np.float64(0.12522136297596806))","(np.float64(250.952196920156), np.float64(64.15490917672643), np.float64(31.450491428856335))"
2999,"((6, 10), (10, 16), (13, 18))","(np.float64(0.12686845120917578), np.float64(0.11837709170147669), np.float64(0.13794669084548725))","(np.float64(311.9390254817299), np.float64(1.8860874038103623), np.float64(311.1766223007278))"
3000,"((4, 18), (7, 14))","(np.float64(0.14361855083755057), np.float64(0.12126001856407392))","(np.float64(34.6076898717683), np.float64(212.49000930915705))"
3001,"((13, 15),)","(np.float64(0.1434246943291514),)","(np.float64(173.85580629015644),)"
3002,"((9, 11), (10, 13))","(np.float64(0.13655904799066476), np.float64(0.11594197497148584))","(np.float64(332.6911615893921), np.float64(185.97588086702))"
3003,"((14, 19),)","(np.float64(0.11367988232534934),)","(np.float64(219.0779596308487),)"
3004,"((0, 13), (1, 2), (3, 19))","(np.float64(0.06861025803203802), np.float64(0.11404798842383833), np.float64(0.12092908881417001))","(np.float64(90.28854572174735), np.float64(308.4823994134392), np.float64(285.2408761023968))"
3005,"((1, 9), (4, 5))","(np.float64(0.10453606187249753), np.float64(0.11458729785156978))","(np.float64(25.422069047945236), np.float64(197.52748304969194))"
3006,"((6, 16),)","(np.float64(0.020701542214033645),)","(np.float64(123.21625984895985),)"
3007,"((0, 15),)","(np.float64(0.10621905466118194),)","(np.float64(95.67031274816573),)"
3008,"((10, 15), (13, 17), (0, 6))","(np.float64(0.09681504826141299), np.float64(0.10515620175919967), np.float64(0.12361551897200287))","(np.float64(175.71040641555285), np.float64(195.39216570708936), np.float64(309.0619286737491))"
3009,"((5, 15),)","(np.float64(0.06422333499149085),)","(np.float64(102.70300292582833),)"
3010,"((10, 19),)","(np.float64(0.14981466218952655),)","(np.float64(162.65784006463318),)"
3011,"((6, 11), (11, 15))","(np.float64(0.13625137327222683), np.float64(0.10490341362430208))","(np.float64(94.95107429539001), np.float64(41.64980818141739))"
3012,"((1, 18), (0, 10))","(np.float64(0.1026200465673911), np.float64(0.13449835086823925))","(np.float64(162.54108970318737), np.float64(273.23685178424864))"
3013,"((2, 9),)","(np.float64(0.14818612480384769),)","(np.float64(270.2134584684554),)"
3014,"((0, 17),)","(np.float64(0.13116820124536518),)","(np.float64(164.3723959598043),)"
3015,"((2, 11), (4, 19), (7, 18), (8, 15), (12, 19))","(np.float64(0.13743214530479692), np.float64(0.1019569514490225), np.float64(0.1162489352613468), np.float64(0.06499221480516297), np.float64(0.1161354842864971))","(np.float64(346.8350031661301), np.float64(203.99807149225467), np.float64(254.90238186537624), np.float64(161.57646205947574), np.float64(311.56355551101433))"
3016,"((6, 16), (8, 13))","(np.float64(0.09223384009116732), np.float64(0.13631861278405621))","(np.float64(213.87600492712295), np.float64(278.5704518280713))"
3017,"((4, 10), (6, 11), (12, 14))","(np.float64(0.09036912379353859), np.float64(0.13557637758501606), np.float64(0.12534459691837696))","(np.float64(35.82528605197413), np.float64(186.14859840590842), np.float64(355.73617543377424))"
3018,"((9, 18),)","(np.float64(0.08739112170065669),)","(np.float64(127.12817032344675),)"
3019,"((0, 1), (3, 8))","(np.float64(0.1103673997160482), np.float64(0.0411139183711839))","(np.float64(287.7176201370176), np.float64(231.4880098227497))"
3020,"((3, 9), (4, 16), (7, 18))","(np.float64(0.09309103149465982), np.float64(0.016130199905877957), np.float64(0.07476043190810841))","(np.float64(356.8197601575919), np.float64(263.58056894787615), np.float64(130.43505239884482))"
3021,"((0, 7), (3, 7), (0, 11))","(np.float64(0.14650780331076244), np.float64(0.044818662169595264), np.float64(0.13843654254336948))","(np.float64(80.50129921042235), np.float64(163.70514210247336), np.float64(41.588206373575574))"
3022,"((1, 10), (5, 12), (7, 18), (7, 16), (3, 7), (3, 10))","(np.float64(0.14304642320088717), np.float64(0.11111536757879568), np.float64(0.04386210415313171), np.float64(0.1182304811273997), np.float64(0.12700923969462274), np.float64(0.13841981216759877))","(np.float64(233.33555760333337), np.float64(162.21921735994667), np.float64(173.16207739876293), np.float64(328.3000372092106), np.float64(333.57683533991275), np.float64(221.13698022647876))"
3023,"((1, 19), (12, 15))","(np.float64(0.08297988481824192), np.float64(0.03890394860263645))","(np.float64(137.8995945701374), np.float64(280.4619931383083))"
3024,"((2, 16), (6, 8), (10, 12))","(np.float64(0.13112270157822759), np.float64(0.07807164850925263), np.float64(0.12549299399892166))","(np.float64(146.0767475341364), np.float64(119.39504101023654), np.float64(350.10927345876934))"
3025,"((11, 15), (12, 16), (8, 13))","(np.float64(0.10256568386669253), np.float64(0.1310307051081849), np.float64(0.13189581875956877))","(np.float64(149.03161918521184), np.float64(190.1761719178629), np.float64(269.58012707840743))"
3026,"((0, 16), (10, 11), (10, 15))","(np.float64(0.12497151937377311), np.float64(0.14123087363893466), np.float64(0.07356715635913731))","(np.float64(181.40568688144603), np.float64(154.60572556233927), np.float64(300.15651836797167))"
3027,"((8, 10),)","(np.float64(0.09627082055726793),)","(np.float64(252.6407429205011),)"
3028,"((1, 12), (11, 13))","(np.float64(0.06477013691680175), np.float64(0.13976921654166877))","(np.float64(306.9042082376643), np.float64(333.2775295552418))"
3030,"((10, 13),)","(np.float64(0.10741040076722085),)","(np.float64(92.27557088700615),)"
3031,"((6, 9), (10, 16))","(np.float64(0.13609752903479064), np.float64(0.11458719767109946))","(np.float64(228.43596941652504), np.float64(245.3902916539714))"
3032,"((4, 17), (2, 13))","(np.float64(0.14956316923533253), np.float64(0.1433394124934741))","(np.float64(134.80090662867246), np.float64(2.086405306734931))"
3033,"((4, 12), (5, 7), (11, 17))","(np.float64(0.10100701379402188), np.float64(0.12197273262808393), np.float64(0.1033287738115114))","(np.float64(35.025935207688256), np.float64(215.81998029130128), np.float64(33.97842984434694))"
3034,"((7, 16),)","(np.float64(0.10038461863330263),)","(np.float64(223.28321546910223),)"
3035,"((0, 11), (0, 15), (11, 15))","(np.float64(0.10200474090892683), np.float64(0.07741403846934247), np.float64(0.025589205060570306))","(np.float64(0.09391688271518256), np.float64(4.659152649450526), np.float64(166.16083705159235))"
3036,"((1, 14), (1, 17), (4, 18), (14, 16), (14, 17), (1, 8))","(np.float64(0.08909420535218796), np.float64(0.04437903213928319), np.float64(0.14772497290480754), np.float64(0.07152465703764956), np.float64(0.0666945280626613), np.float64(0.1415484509561668))","(np.float64(230.32482230207347), np.float64(276.66780352785855), np.float64(329.7510374027703), np.float64(149.5330235086287), np.float64(21.546800042598775), np.float64(328.0672480568072))"
3037,"((3, 5), (3, 6), (11, 19))","(np.float64(0.12084493433656752), np.float64(0.08032891907449889), np.float64(0.10255332765425523))","(np.float64(297.3895370633972), np.float64(104.07987803869878), np.float64(77.65360584770792))"
3038,"((2, 5),)","(np.float64(0.12335745867750365),)","(np.float64(73.44557111396739),)"
3039,"((8, 14), (2, 12), (0, 14), (16, 19))","(np.float64(0.08865119355425), np.float64(0.0713036029968415), np.float64(0.08727930602519118), np.float64(0.13321706331994237))","(np.float64(71.7421035598235), np.float64(307.8991752024471), np.float64(243.31855312931867), np.float64(73.82188443260962))"
3040,"((2, 9), (8, 19), (10, 17), (6, 14), (0, 13))","(np.float64(0.09336574921811117), np.float64(0.08212119624161911), np.float64(0.12394779779142462), np.float64(0.14544432444345962), np.float64(0.1394516932944544))","(np.float64(304.9096091730844), np.float64(60.24809890549742), np.float64(19.457279076116272), np.float64(322.168354341847), np.float64(164.30448464325315))"
3041,"((9, 19), (14, 17), (2, 6), (7, 18), (5, 18), (6, 14))","(np.float64(0.1069122962051186), np.float64(0.10560082196375607), np.float64(0.11328499808666408), np.float64(0.14680432488447595), np.float64(0.1393059799163967), np.float64(0.08062438409376714))","(np.float64(292.6250710603998), np.float64(143.08287214916732), np.float64(142.18755138673964), np.float64(118.7119738593653), np.float64(300.87323279155567), np.float64(298.3567226362202))"
3042,"((10, 14),)","(np.float64(0.13497980291068482),)","(np.float64(79.89461103660561),)"
3043,"((4, 12), (10, 16), (15, 17))","(np.float64(0.06789619576961652), np.float64(0.06580820830241803), np.float64(0.1209315817179403))","(np.float64(310.0367965995416), np.float64(249.13769128724735), np.float64(218.99513977805427))"
3044,"((0, 2), (6, 14))","(np.float64(0.13179929645607605), np.float64(0.11781613186015237))","(np.float64(302.4859324617261), np.float64(313.7876283490853))"
3045,"((0, 10), (6, 16), (11, 17), (1, 9))","(np.float64(0.07528175230478706), np.float64(0.1390001277362536), np.float64(0.08424994894490137), np.float64(0.13466950713143008))","(np.float64(253.4725577593473), np.float64(268.61905763776855), np.float64(72.34365054022479), np.float64(264.3597332689628))"
3046,"((4, 19),)","(np.float64(0.020819859676387664),)","(np.float64(9.347671728606304),)"
3049,"((12, 14),)","(np.float64(0.11125700056552625),)","(np.float64(319.1558034505711),)"
3050,"((2, 10), (16, 17), (17, 18))","(np.float64(0.07925135703020786), np.float64(0.10762754427450906), np.float64(0.11056512251413284))","(np.float64(145.39680967250732), np.float64(66.72981463682152), np.float64(134.1995886044121))"
3051,"((12, 19),)","(np.float64(0.13354992241154917),)","(np.float64(156.24908234285968),)"
3052,"((3, 5), (15, 18))","(np.float64(0.13156305607308785), np.float64(0.11331754589795885))","(np.float64(320.9132818769516), np.float64(51.18037487244819))"
3053,"((3, 8),)","(np.float64(0.1487748428911655),)","(np.float64(126.28045958462985),)"
3054,"((2, 15), (4, 16), (10, 17), (3, 6))","(np.float64(0.14219619595858973), np.float64(0.10598284133204149), np.float64(0.1321138271127802), np.float64(0.10713690552385083))","(np.float64(177.20529009009994), np.float64(359.99555209609616), np.float64(200.60371460706602), np.float64(278.7196285846122))"
3055,"((1, 2), (1, 3), (1, 14), (2, 3), (3, 14), (9, 18), (13, 17), (2, 11), (2, 9))","(np.float64(0.05711280808734478), np.float64(0.08257922526298164), np.float64(0.146949379315493), np.float64(0.11962103451646376), np.float64(0.06439885381383513), np.float64(0.10508418531075248), np.float64(0.10289321976704803), np.float64(0.12280685420676211), np.float64(0.09169333667019437))","(np.float64(330.3885250255873), np.float64(213.7582383319914), np.float64(214.75772821993525), np.float64(188.49330750024205), np.float64(216.0394536882263), np.float64(47.822218806982846), np.float64(156.93253271393894), np.float64(321.56779642726616), np.float64(212.95010295173552))"
3056,"((2, 12),)","(np.float64(0.11418944024757326),)","(np.float64(35.20090325911269),)"
3057,"((10, 19), (0, 10))","(np.float64(0.1301653690151785), np.float64(0.1307914516129436))","(np.float64(37.81173868693676), np.float64(195.23979825252678))"
3058,"((2, 12), (6, 11), (6, 15), (6, 19), (11, 19), (13, 14), (11, 18))","(np.float64(0.1146266466301768), np.float64(0.06208248556627819), np.float64(0.06048305325795832), np.float64(0.13546639553728565), np.float64(0.08168317329313722), np.float64(0.13216804811512467), np.float64(0.12298190126307405))","(np.float64(226.9905624364028), np.float64(164.78165797436196), np.float64(26.84540440603898), np.float64(187.3398203993177), np.float64(204.29207439948607), np.float64(111.80549934667735), np.float64(6.834877483882568))"
3060,"((6, 16),)","(np.float64(0.11666254307688392),)","(np.float64(190.88448856527745),)"
3061,"((3, 13), (5, 15), (7, 16), (8, 16), (8, 11))","(np.float64(0.13259656092429364), np.float64(0.13288740893968495), np.float64(0.08257170184294929), np.float64(0.14960629972700254), np.float64(0.1436460573947216))","(np.float64(248.32272958691877), np.float64(135.742893314797), np.float64(9.103747521592826), np.float64(110.36623531298832), np.float64(9.92080755598018))"
3062,"((0, 12),)","(np.float64(0.05057999068390081),)","(np.float64(149.10767119131805),)"
3063,"((5, 12), (8, 15), (2, 13))","(np.float64(0.1440559777878594), np.float64(0.0731182928155459), np.float64(0.14000755755931488))","(np.float64(196.30416720242846), np.float64(233.72599403612918), np.float64(263.82059096396205))"
3064,"((0, 10), (0, 15), (2, 13), (7, 8), (7, 15), (10, 15), (11, 16), (7, 10), (13, 18))","(np.float64(0.14592206751831882), np.float64(0.12066095995889324), np.float64(0.14705090194351086), np.float64(0.10891798237696354), np.float64(0.1379354768872026), np.float64(0.06479773070974847), np.float64(0.05487624287625126), np.float64(0.14560632819245653), np.float64(0.14891261374062015))","(np.float64(40.17032838732088), np.float64(66.15838514894766), np.float64(168.7264384148161), np.float64(169.48392988760307), np.float64(261.8614151302666), np.float64(165.49064972771103), np.float64(259.538712764195), np.float64(269.7323351412075), np.float64(122.89345986768461))"
3065,"((0, 6), (7, 9), (16, 17), (2, 14))","(np.float64(0.09254215649362292), np.float64(0.13931349538623133), np.float64(0.08723529470351724), np.float64(0.10421127158761204))","(np.float64(212.3105037952753), np.float64(77.01023854527274), np.float64(280.33547721713205), np.float64(232.73182091067923))"
3066,"((13, 14),)","(np.float64(0.128104130206043),)","(np.float64(190.52565073890497),)"
3067,"((2, 5), (8, 10))","(np.float64(0.08987377656932861), np.float64(0.14605315265235153))","(np.float64(318.58011738766015), np.float64(51.87723979540666))"
3068,"((7, 13), (7, 19))","(np.float64(0.05791966714366192), np.float64(0.13233301889321689))","(np.float64(310.052948462832), np.float64(18.965700884541192))"
3069,"((9, 15),)","(np.float64(0.13223843351004483),)","(np.float64(141.77572347642726),)"
3070,"((0, 14),)","(np.float64(0.08575110723180966),)","(np.float64(78.03225763947376),)"
3072,"((6, 7), (11, 12))","(np.float64(0.12776867132698405), np.float64(0.05393623781861191))","(np.float64(13.064713678206346), np.float64(211.66103800492672))"
3074,"((1, 9), (1, 17))","(np.float64(0.04790367473189694), np.float64(0.14878795155562885))","(np.float64(102.87442071273198), np.float64(308.92663580625236))"
3076,"((6, 8), (10, 16))","(np.float64(0.14479576201429897), np.float64(0.10919944797580702))","(np.float64(139.4804977967857), np.float64(194.38258833042806))"
3077,"((13, 14), (9, 13), (3, 14), (3, 9))","(np.float64(0.04245981225740651), np.float64(0.06560520808450668), np.float64(0.11922634283932151), np.float64(0.026935747828775846))","(np.float64(308.0117439586006), np.float64(28.02614237970632), np.float64(268.35195698366283), np.float64(262.1152048649483))"
3078,"((5, 18),)","(np.float64(0.12315323580648521),)","(np.float64(297.95510181788),)"
3079,"((4, 7), (11, 19))","(np.float64(0.124582117010257), np.float64(0.10367255931205825))","(np.float64(291.8478710008804), np.float64(297.557749888636))"
3080,"((1, 16), (11, 18), (13, 17))","(np.float64(0.13434549684526254), np.float64(0.13409539780683413), np.float64(0.13290891908634925))","(np.float64(100.32439659840885), np.float64(317.6113726736678), np.float64(104.81385791640331))"
3081,"((10, 19), (4, 11), (1, 10))","(np.float64(0.14381051197149464), np.float64(0.13265654168659452), np.float64(0.14934638798846023))","(np.float64(74.73874633741899), np.float64(235.7842204103433), np.float64(160.35742294018138))"
3082,"((0, 12),)","(np.float64(0.07206619902437733),)","(np.float64(316.5223275666464),)"
3083,"((0, 5), (8, 12), (0, 7))","(np.float64(0.09413959353694872), np.float64(0.057563208296902625), np.float64(0.13212981251089614))","(np.float64(214.35389168838938), np.float64(298.2102298712928), np.float64(291.9636908831839))"
3084,"((6, 13), (6, 12))","(np.float64(0.05994293521777135), np.float64(0.14286930513456225))","(np.float64(266.25184279890607), np.float64(8.708509985093563))"
3085,"((1, 11), (10, 13), (11, 19))","(np.float64(0.0785539315724369), np.float64(0.12255137132123413), np.float64(0.13984193918438487))","(np.float64(309.1516901173357), np.float64(306.37268834757697), np.float64(98.44630096957643))"
3086,"((4, 6),)","(np.float64(0.08892105772022241),)","(np.float64(316.6224981791457),)"
3087,"((3, 17), (0, 7))","(np.float64(0.1295753966398366), np.float64(0.14243318819903694))","(np.float64(49.51067180563701), np.float64(147.63513481691618))"
3088,"((5, 10),)","(np.float64(0.14580926352117263),)","(np.float64(36.21675315865569),)"
3089,"((11, 19),)","(np.float64(0.10689273073963729),)","(np.float64(211.9511790483903),)"
3090,"((0, 1), (8, 19))","(np.float64(0.1030361881723139), np.float64(0.13938643811068746))","(np.float64(281.0369263353909), np.float64(254.74409760675294))"
3091,"((7, 10),)","(np.float64(0.09957671961589391),)","(np.float64(294.6805335619397),)"
3092,"((2, 12), (2, 16), (9, 10), (12, 16), (10, 16), (10, 19))","(np.float64(0.14387337385839652), np.float64(0.1422853333879011), np.float64(0.10177499098853761), np.float64(0.03293876017051711), np.float64(0.09366665578225818), np.float64(0.13672640075144807))","(np.float64(154.5366741281059), np.float64(167.74064895272033), np.float64(158.78235425649174), np.float64(253.88422252410396), np.float64(146.84260329745365), np.float64(171.83519352533722))"
3093,"((0, 17),)","(np.float64(0.05696556654247522),)","(np.float64(183.55201744857493),)"
3094,"((7, 9), (9, 16), (9, 18))","(np.float64(0.10458148798657871), np.float64(0.05799832973233696), np.float64(0.13440841532504405))","(np.float64(191.71892108601034), np.float64(153.06226951873955), np.float64(44.691564037812775))"
3095,"((8, 15),)","(np.float64(0.14358476602593803),)","(np.float64(57.38457498615131),)"
3096,"((7, 9), (11, 17), (5, 18))","(np.float64(0.11770590806213206), np.float64(0.0448291942427016), np.float64(0.12974057719299778))","(np.float64(283.3601759543934), np.float64(228.00457059838294), np.float64(358.545048592043))"
3097,"((1, 7), (2, 13), (11, 16))","(np.float64(0.11789686586045502), np.float64(0.1087621302408759), np.float64(0.08133250510135691))","(np.float64(253.39611996324268), np.float64(334.51502772622445), np.float64(83.83773049913677))"
3098,"((0, 2), (5, 14), (11, 14), (15, 19))","(np.float64(0.10508698148485975), np.float64(0.14523615869283124), np.float64(0.0903542151356112), np.float64(0.13896734616948342))","(np.float64(271.36333584064397), np.float64(184.9722893869481), np.float64(288.956669969464), np.float64(156.33601719694687))"
3099,"((2, 14),)","(np.float64(0.04528486826074803),)","(np.float64(225.3019215763662),)"
3100,"((1, 18), (4, 6), (4, 11), (6, 11), (7, 17))","(np.float64(0.07452367279757877), np.float64(0.030060141063332838), np.float64(0.10015447021564013), np.float64(0.10533469263590295), np.float64(0.14764690936225827))","(np.float64(79.70716781961275), np.float64(306.919860832756), np.float64(38.45169535196663), np.float64(55.026759082156936), np.float64(22.124320164194664))"
3101,"((3, 13),)","(np.float64(0.1383249842793243),)","(np.float64(14.226537867847016),)"
3104,"((10, 18), (9, 18))","(np.float64(0.13564912071382976), np.float64(0.10733444102609932))","(np.float64(228.04450236321708), np.float64(250.00325929757616))"
3106,"((4, 16), (6, 17))","(np.float64(0.11869531796565239), np.float64(0.146624976639777))","(np.float64(149.17113290857108), np.float64(43.63677030681113))"
3107,"((5, 6),)","(np.float64(0.09352117454103948),)","(np.float64(36.5186447699257),)"
3108,"((0, 16), (12, 18), (15, 18))","(np.float64(0.1269333711112949), np.float64(0.14618160775907799), np.float64(0.13130128625892273))","(np.float64(267.5036598865204), np.float64(124.30358279064487), np.float64(272.8907095787413))"
3109,"((14, 15), (0, 9))","(np.float64(0.10173925570458639), np.float64(0.14905125351658335))","(np.float64(179.05568601672243), np.float64(188.13294619434677))"
3110,"((14, 17), (0, 5))","(np.float64(0.10524515810735316), np.float64(0.13945257756691443))","(np.float64(69.29781562942068), np.float64(247.4210272746117))"
3111,"((0, 8),)","(np.float64(0.1481548132850086),)","(np.float64(282.15561923244195),)"
3112,"((6, 10),)","(np.float64(0.04703004181259208),)","(np.float64(109.74466122271521),)"
3113,"((5, 18), (0, 7))","(np.float64(0.0638206999486294), np.float64(0.14234137594571147))","(np.float64(306.09548672729017), np.float64(212.35369997206192))"
3114,"((2, 9),)","(np.float64(0.1448319465369096),)","(np.float64(333.4187888098658),)"
3115,"((17, 18),)","(np.float64(0.06966423632536548),)","(np.float64(58.26858709715124),)"
3117,"((0, 9), (0, 17), (6, 8), (9, 17), (3, 9))","(np.float64(0.13681067766672167), np.float64(0.035323409769109256), np.float64(0.11801649380537235), np.float64(0.10528837007316227), np.float64(0.08568598449716054))","(np.float64(285.02072979547313), np.float64(261.7556584586327), np.float64(79.0250303828218), np.float64(112.63559908978968), np.float64(269.9048491799722))"
3119,"((2, 8), (2, 19), (3, 6), (3, 8), (7, 9), (8, 19), (4, 14), (3, 13), (2, 12), (6, 12), (4, 12))","(np.float64(0.047272744508953315), np.float64(0.09122177528495722), np.float64(0.1292404322354239), np.float64(0.12358786825647435), np.float64(0.08317998272806736), np.float64(0.13815232442897685), np.float64(0.12026898383992222), np.float64(0.12077917244046413), np.float64(0.12523035251769202), np.float64(0.11747647853980434), np.float64(0.1378475964131064))","(np.float64(133.4354773565539), np.float64(321.93151882787004), np.float64(105.55309366054335), np.float64(343.62054356040943), np.float64(110.33220480361591), np.float64(319.03380241958365), np.float64(344.648058497859), np.float64(296.4497011512253), np.float64(2.287802521672574), np.float64(318.4937778402123), np.float64(273.79484900991406))"
3120,"((0, 16), (0, 17), (1, 10))","(np.float64(0.1267773033680416), np.float64(0.14459164049752854), np.float64(0.04813904099068934))","(np.float64(124.79339110036848), np.float64(248.3246664720104), np.float64(297.1665272499712))"
3121,"((4, 7), (12, 19))","(np.float64(0.0899313029613283), np.float64(0.1270131242268501))","(np.float64(342.64298199889413), np.float64(258.83765823763827))"
3122,"((3, 6), (3, 19), (10, 18))","(np.float64(0.14809583941344123), np.float64(0.14361211406582594), np.float64(0.09670908274362681))","(np.float64(92.88165615271355), np.float64(255.64399643825743), np.float64(67.39494741677737))"
3124,"((1, 16), (3, 12), (4, 16), (1, 4))","(np.float64(0.12966912322972937), np.float64(0.11045320048178695), np.float64(0.14946837167083127), np.float64(0.144657259947633))","(np.float64(313.24513024780487), np.float64(268.5412885128382), np.float64(43.52888797235516), np.float64(289.2946015735437))"
3125,"((3, 12), (11, 18))","(np.float64(0.10425792095931946), np.float64(0.13941727173738952))","(np.float64(346.9554273937718), np.float64(68.9449803497423))"
3126,"((4, 14), (5, 19), (7, 18), (12, 15))","(np.float64(0.144244615638381), np.float64(0.12347514136782513), np.float64(0.11044177268024039), np.float64(0.08964969162585805))","(np.float64(83.45187194541563), np.float64(282.11630234543014), np.float64(270.3862405210609), np.float64(331.5163424331521))"
3127,"((1, 5), (2, 18))","(np.float64(0.11779624702054957), np.float64(0.0848415427135772))","(np.float64(351.8912782730858), np.float64(108.17619355503648))"
3128,"((0, 13), (4, 17), (5, 10), (9, 12), (1, 13))","(np.float64(0.10802498350869952), np.float64(0.12042256995749175), np.float64(0.12050232526075241), np.float64(0.1467715358229289), np.float64(0.09652404936658329))","(np.float64(202.22594871956105), np.float64(168.95953403093634), np.float64(121.93172275293512), np.float64(148.45527751687544), np.float64(10.902566105178021))"
3129,"((4, 11),)","(np.float64(0.11904294429685887),)","(np.float64(132.71964780915343),)"
3130,"((4, 6),)","(np.float64(0.14842516133895464),)","(np.float64(273.41810034711045),)"
3131,"((2, 15), (3, 17), (17, 19), (0, 8))","(np.float64(0.14986061294336034), np.float64(0.11107399591121223), np.float64(0.059164695945954), np.float64(0.012027512368348663))","(np.float64(307.41870346893194), np.float64(270.97255415539917), np.float64(326.61315268568933), np.float64(166.0249338689571))"
3132,"((0, 10), (3, 4))","(np.float64(0.039058514562969826), np.float64(0.1260082220082537))","(np.float64(352.36204096680365), np.float64(144.43818490502792))"
3133,"((7, 10), (12, 14), (1, 10), (7, 16))","(np.float64(0.061576562863311535), np.float64(0.14837727895303338), np.float64(0.14948391079439932), np.float64(0.14308754157481196))","(np.float64(137.9394224356863), np.float64(187.04432601058292), np.float64(294.7269728643014), np.float64(352.87515211149343))"
3134,"((2, 12), (4, 13), (8, 10), (9, 18))","(np.float64(0.09317784461764832), np.float64(0.04707010638583106), np.float64(0.12120239509184885), np.float64(0.12681844089358354))","(np.float64(183.46462872484355), np.float64(87.28519757690394), np.float64(183.73708357574762), np.float64(51.48083883098645))"
3135,"((5, 18),)","(np.float64(0.1334680232540383),)","(np.float64(269.8603123107408),)"
3136,"((7, 19),)","(np.float64(0.03243105175240188),)","(np.float64(77.63693966453025),)"
3137,"((5, 19),)","(np.float64(0.06319164511738541),)","(np.float64(201.86197628330524),)"
3139,"((11, 12), (5, 15))","(np.float64(0.0905106902338323), np.float64(0.12903512004315884))","(np.float64(297.3384574030094), np.float64(332.40516197895295))"
3140,"((3, 18), (14, 19))","(np.float64(0.10451717220551261), np.float64(0.10641308732600611))","(np.float64(44.656725191799225), np.float64(89.21269742596274))"
3141,"((5, 12), (9, 16), (10, 12))","(np.float64(0.0745553045573578), np.float64(0.07441829822779918), np.float64(0.11800705508565233))","(np.float64(204.01012380412303), np.float64(96.7958934799739), np.float64(311.2728744715473))"
3142,"((3, 9), (4, 14))","(np.float64(0.1343838817055648), np.float64(0.144774867809432))","(np.float64(196.87977735023847), np.float64(322.4098109659828))"
3143,"((8, 15), (16, 17))","(np.float64(0.12313859859010888), np.float64(0.11424711705872032))","(np.float64(140.03027527565246), np.float64(228.89386532521922))"
3144,"((1, 13), (5, 16))","(np.float64(0.09543229208629712), np.float64(0.14451451070336463))","(np.float64(63.044634906062676), np.float64(64.17504711465041))"
3145,"((2, 4), (8, 14), (2, 12))","(np.float64(0.0011274381902650651), np.float64(0.0789559635751065), np.float64(0.1481108005324974))","(np.float64(128.52372287993978), np.float64(258.12007774767204), np.float64(211.75894573626044))"
3146,"((9, 19),)","(np.float64(0.08482334694074484),)","(np.float64(62.85213008715109),)"
3148,"((0, 8), (11, 15))","(np.float64(0.1039779421757596), np.float64(0.01739687332899436))","(np.float64(81.25342601090699), np.float64(165.89136016876552))"
3149,"((4, 8), (6, 19), (7, 15))","(np.float64(0.11217919736311374), np.float64(0.14634059102677605), np.float64(0.1391251071156916))","(np.float64(244.41446895722862), np.float64(283.416055906448), np.float64(21.16056149707049))"
3151,"((0, 13), (10, 11))","(np.float64(0.09369931896667671), np.float64(0.14813003761597762))","(np.float64(99.25505241165783), np.float64(175.53534835789534))"
3153,"((1, 13),)","(np.float64(0.08643685192506467),)","(np.float64(289.40901853042965),)"
3155,"((1, 6), (3, 4), (12, 18))","(np.float64(0.13371035457744423), np.float64(0.13452315709002247), np.float64(0.1392835942442225))","(np.float64(89.99359489196335), np.float64(356.0276177476219), np.float64(142.9689182043954))"
3156,"((3, 6),)","(np.float64(0.08928855592498407),)","(np.float64(198.4486074002064),)"
3157,"((3, 5), (5, 11), (9, 18))","(np.float64(0.11936177534566184), np.float64(0.08110944890127857), np.float64(0.08610769756480718))","(np.float64(264.6190556056349), np.float64(220.35981220530533), np.float64(190.26056314451688))"
3158,"((0, 18), (2, 13), (3, 14))","(np.float64(0.14710071832836055), np.float64(0.14617277583681254), np.float64(0.13910534133128108))","(np.float64(128.6737168203005), np.float64(224.2008385094028), np.float64(27.301222640391533))"
3159,"((9, 13),)","(np.float64(0.1397554850426941),)","(np.float64(263.61235309600374),)"
3160,"((1, 4),)","(np.float64(0.1351161874898412),)","(np.float64(154.5275993587161),)"
3161,"((4, 18), (6, 12), (13, 18))","(np.float64(0.025078991557824153), np.float64(0.13129920014618537), np.float64(0.1410922050414876))","(np.float64(317.67551486184544), np.float64(40.06828557687871), np.float64(124.48679175688805))"
3162,"((8, 15), (8, 19))","(np.float64(0.13282886983347153), np.float64(0.09387074184740467))","(np.float64(344.93510119659516), np.float64(152.69185420730065))"
3163,"((11, 12),)","(np.float64(0.14361402442933424),)","(np.float64(356.0547344072847),)"
3164,"((5, 12), (5, 14), (12, 17))","(np.float64(0.14834713418609025), np.float64(0.10823968382453336), np.float64(0.1258356556461691))","(np.float64(348.9019726789407), np.float64(129.19137252508105), np.float64(302.2735433563569))"
3165,"((11, 12), (7, 16), (0, 6))","(np.float64(0.07069612582068896), np.float64(0.13207082209029866), np.float64(0.1292984420231167))","(np.float64(84.13224532831711), np.float64(102.0157330075645), np.float64(128.97316200054397))"
3166,"((0, 17), (2, 11))","(np.float64(0.10376492149770493), np.float64(0.07068269186532188))","(np.float64(146.82894377674478), np.float64(117.96488809303685))"
3168,"((0, 10), (10, 12))","(np.float64(0.09985836820849105), np.float64(0.12421750486745271))","(np.float64(223.63048526642896), np.float64(182.61292387555915))"
3169,"((3, 6), (0, 14))","(np.float64(0.12903796609526133), np.float64(0.14834129556724537))","(np.float64(156.2747654346011), np.float64(251.82760377791152))"
3170,"((0, 7), (4, 16), (7, 18), (13, 18))","(np.float64(0.08023994047476876), np.float64(0.08790790023877897), np.float64(0.14229113655108117), np.float64(0.12259069475316281))","(np.float64(106.66471736663858), np.float64(80.15160304027135), np.float64(131.4723113942584), np.float64(252.37780518311797))"
3171,"((3, 13), (14, 17))","(np.float64(0.0921367909736149), np.float64(0.13706647833123228))","(np.float64(305.07807073113764), np.float64(21.046907436322588))"
3172,"((0, 15), (9, 16), (7, 19), (0, 13), (0, 9))","(np.float64(0.12404763115519693), np.float64(0.027126810326374314), np.float64(0.14159690133517305), np.float64(0.12470689786805228), np.float64(0.14134040156302907))","(np.float64(239.39935755044172), np.float64(4.018167334740896), np.float64(83.40196017569396), np.float64(329.43039445040245), np.float64(273.7220341307527))"
3175,"((2, 3), (8, 14))","(np.float64(0.11294577096919801), np.float64(0.11435133258919608))","(np.float64(117.15601851596611), np.float64(86.73543396992854))"
3176,"((1, 3), (8, 10))","(np.float64(0.14124547747382313), np.float64(0.1407705296346903))","(np.float64(13.703761516307416), np.float64(215.3659701126159))"
3177,"((2, 13),)","(np.float64(0.07157501000556635),)","(np.float64(137.5847715527687),)"
3178,"((6, 16), (15, 17))","(np.float64(0.06290497928077016), np.float64(0.14899123175783732))","(np.float64(325.13180655128315), np.float64(122.01508362915072))"
3179,"((4, 7), (8, 11), (12, 15))","(np.float64(0.09414195926048607), np.float64(0.13618204754493696), np.float64(0.10977926519453043))","(np.float64(278.6001226747522), np.float64(88.34786757494793), np.float64(347.46943971010785))"
3180,"((1, 19), (5, 19))","(np.float64(0.11203415602792667), np.float64(0.07444349660690816))","(np.float64(34.21106510402303), np.float64(259.7856401537645))"
3181,"((14, 18),)","(np.float64(0.11585867222214512),)","(np.float64(307.0179874670257),)"
3182,"((8, 10), (8, 15), (11, 18), (14, 16), (15, 17))","(np.float64(0.037511264815487486), np.float64(0.10691329231392108), np.float64(0.11280913148919715), np.float64(0.14789688786676455), np.float64(0.12885094428976737))","(np.float64(236.2635164619827), np.float64(11.027301665766894), np.float64(159.74063466641212), np.float64(315.4076385826831), np.float64(95.89917499427706))"
3183,"((7, 18), (9, 13))","(np.float64(0.14884821761486725), np.float64(0.11351961768866403))","(np.float64(167.37669684555016), np.float64(238.2941419033622))"
3184,"((6, 15),)","(np.float64(0.14934578169380844),)","(np.float64(290.63516060903424),)"
3185,"((4, 6), (6, 7))","(np.float64(0.14920495985403315), np.float64(0.14048875695710997))","(np.float64(199.5820969093476), np.float64(215.00058020799815))"
3186,"((4, 18),)","(np.float64(0.1387371577244796),)","(np.float64(213.78804051179284),)"
3187,"((0, 13), (2, 6), (4, 18), (5, 19), (2, 12), (18, 19))","(np.float64(0.13697085468124018), np.float64(0.08629460090752969), np.float64(0.029319897236754402), np.float64(0.06274521952935906), np.float64(0.10192577767817866), np.float64(0.12147364118029902))","(np.float64(76.51657422727125), np.float64(10.204804802118668), np.float64(64.26272308115111), np.float64(133.68433390376177), np.float64(146.214663609605), np.float64(82.85328918518798))"
3188,"((2, 15), (14, 17))","(np.float64(0.14525176455603997), np.float64(0.14978524319387918))","(np.float64(310.2464625972124), np.float64(75.47498374240799))"
3190,"((4, 15), (15, 17), (2, 18), (2, 15))","(np.float64(0.13024236236114645), np.float64(0.03302686068233108), np.float64(0.039696680965132396), np.float64(0.12229795515300709))","(np.float64(139.59064596276954), np.float64(192.15356036358264), np.float64(173.12245018240748), np.float64(285.8466530228859))"
3191,"((6, 15), (10, 12))","(np.float64(0.11628344929998893), np.float64(0.14154293340965599))","(np.float64(165.6946088517484), np.float64(235.42302356394785))"
3192,"((0, 10),)","(np.float64(0.13738353009987606),)","(np.float64(161.87311532955405),)"
3193,"((2, 11), (7, 17))","(np.float64(0.031916753957582006), np.float64(0.0935820080023167))","(np.float64(99.90403337256181), np.float64(274.98910465117194))"
3196,"((8, 12),)","(np.float64(0.1467863058448821),)","(np.float64(8.083570172251402),)"
3197,"((17, 19),)","(np.float64(0.11975777015679888),)","(np.float64(122.37035255144036),)"
3200,"((2, 19), (3, 7), (5, 17), (0, 14), (5, 14))","(np.float64(0.14899437637290777), np.float64(0.024110514979182096), np.float64(0.1267596909127764), np.float64(0.11912366821087646), np.float64(0.13059185974818502))","(np.float64(280.4229125815135), np.float64(54.99596820511201), np.float64(293.73779830571505), np.float64(160.81575107123223), np.float64(258.10204796891327))"
3201,"((5, 19),)","(np.float64(0.1204479428183279),)","(np.float64(286.93066608260136),)"
3202,"((2, 8), (9, 15), (4, 17))","(np.float64(0.0375232890802987), np.float64(0.04778459090496107), np.float64(0.14947847172272521))","(np.float64(81.02271596196833), np.float64(223.98455469515932), np.float64(70.19387739754202))"
3203,"((0, 7), (0, 9), (1, 9), (12, 19), (5, 14))","(np.float64(0.10966953938913555), np.float64(0.12312438689612555), np.float64(0.0953555172170445), np.float64(0.11357856167599412), np.float64(0.1043512189349565))","(np.float64(114.24498969528491), np.float64(249.83817779682477), np.float64(259.8782986772976), np.float64(62.53932575514348), np.float64(77.61265151312864))"
3204,"((1, 8), (3, 13), (12, 17))","(np.float64(0.09910113207302748), np.float64(0.06023861733480583), np.float64(0.0913943964058193))","(np.float64(312.843433223024), np.float64(349.07704347284056), np.float64(130.13866587678424))"
3205,"((2, 14), (12, 19), (1, 12))","(np.float64(0.005169718090915879), np.float64(0.1175425348364946), np.float64(0.1468026749406427))","(np.float64(32.83395381152828), np.float64(87.53477140260756), np.float64(306.5649224677729))"
3206,"((2, 5),)","(np.float64(0.1346954469279325),)","(np.float64(49.05010732784757),)"
3207,"((2, 12), (15, 18))","(np.float64(0.051605962197775954), np.float64(0.1229326955842539))","(np.float64(157.62855160226596), np.float64(173.77075308753322))"
3208,"((6, 13),)","(np.float64(0.10978487549616614),)","(np.float64(4.05287300490066),)"
3209,"((4, 9),)","(np.float64(0.06184288132096906),)","(np.float64(199.58445487896165),)"
3210,"((1, 3), (4, 6), (0, 15), (3, 13))","(np.float64(0.034066520443117185), np.float64(0.13879312206756597), np.float64(0.1410438826615202), np.float64(0.14836044213294536))","(np.float64(7.501518128714882), np.float64(250.9309666795237), np.float64(244.42680449389357), np.float64(265.780276530008))"
3211,"((0, 14),)","(np.float64(0.09136407931598266),)","(np.float64(289.3468088823428),)"
3212,"((11, 18),)","(np.float64(0.14799828066344936),)","(np.float64(236.38898425465214),)"
3214,"((5, 11), (6, 15), (7, 17), (7, 19), (13, 16), (17, 19), (11, 17), (4, 7))","(np.float64(0.06855019576912785), np.float64(0.0504158141575814), np.float64(0.10669511302359691), np.float64(0.0441620370614104), np.float64(0.11199638272855456), np.float64(0.1200257762837085), np.float64(0.14968887647836499), np.float64(0.13422911113132938))","(np.float64(176.0621605556157), np.float64(14.657905484557814), np.float64(151.3163056087733), np.float64(247.84748749613598), np.float64(44.413854610729565), np.float64(309.87447572145874), np.float64(356.5970257725103), np.float64(178.03616866532116))"
3215,"((3, 14),)","(np.float64(0.11519894533548625),)","(np.float64(255.5545984036795),)"
3217,"((2, 11),)","(np.float64(0.1472986642429708),)","(np.float64(260.33413151734544),)"
3218,"((12, 19),)","(np.float64(0.06139332496086192),)","(np.float64(341.40530641058075),)"
3219,"((1, 12),)","(np.float64(0.12044458881514629),)","(np.float64(246.1129283944253),)"
3220,"((2, 6), (2, 15), (6, 15))","(np.float64(0.09793570920861216), np.float64(0.10477135696537027), np.float64(0.043953103870425336))","(np.float64(18.66292848866267), np.float64(43.41395977500787), np.float64(112.30149102719922))"
3221,"((7, 15), (6, 14))","(np.float64(0.13789274653233943), np.float64(0.1284111215417077))","(np.float64(283.3240795548169), np.float64(18.04810198755053))"
3223,"((1, 19), (3, 18), (8, 9))","(np.float64(0.0687048702285512), np.float64(0.08242580863273809), np.float64(0.14340954923554136))","(np.float64(30.26736542436936), np.float64(165.21766128775835), np.float64(36.83132143225423))"
3225,"((3, 17), (7, 18), (14, 16))","(np.float64(0.1100926029637273), np.float64(0.06539842044286723), np.float64(0.1394954541728939))","(np.float64(92.18198899893184), np.float64(12.992534862252734), np.float64(211.65486872322342))"
3226,"((0, 8), (1, 2), (1, 19), (2, 12), (12, 19), (9, 12))","(np.float64(0.06681921976837714), np.float64(0.11819866022448863), np.float64(0.13881407157539982), np.float64(0.08569735353151868), np.float64(0.14757501340498458), np.float64(0.14803729372773575))","(np.float64(13.15025563445729), np.float64(169.2467917819042), np.float64(97.25903155930216), np.float64(120.95523945576747), np.float64(7.153225977421002), np.float64(324.5977103646335))"
3227,"((1, 4), (2, 14))","(np.float64(0.11952499830417701), np.float64(0.03758751028285903))","(np.float64(125.73069362057804), np.float64(199.1144771553047))"
3228,"((0, 14),)","(np.float64(0.05976996620027745),)","(np.float64(116.81581486117217),)"
3229,"((6, 13), (17, 19), (4, 19), (7, 17))","(np.float64(0.12466223537563954), np.float64(0.14971854432604817), np.float64(0.1402744125083391), np.float64(0.13782635235358662))","(np.float64(329.3924893844829), np.float64(121.29656500982715), np.float64(85.9585275605436), np.float64(336.49076297577454))"
3231,"((9, 17),)","(np.float64(0.14525694291592062),)","(np.float64(194.87816461928384),)"
3232,"((3, 13), (14, 16))","(np.float64(0.1493062248471238), np.float64(0.1497153548135183))","(np.float64(129.36856564543058), np.float64(112.9561443076076))"
3233,"((13, 16),)","(np.float64(0.07342803346947667),)","(np.float64(173.58656252497528),)"
3234,"((4, 10), (8, 11), (11, 14), (12, 18), (10, 16))","(np.float64(0.14053658910515912), np.float64(0.11146073846406639), np.float64(0.1137245455417692), np.float64(0.052963344446038514), np.float64(0.1372581716241721))","(np.float64(112.37282909958321), np.float64(308.13773889302786), np.float64(233.24370101108735), np.float64(122.91219281918191), np.float64(6.313780433380163))"
3235,"((3, 5), (14, 16), (5, 16))","(np.float64(0.13653896423978068), np.float64(0.11332155157522551), np.float64(0.14568507425808333))","(np.float64(116.00719498508055), np.float64(243.93656416718932), np.float64(105.61685368976276))"
3236,"((2, 14), (9, 18), (2, 11))","(np.float64(0.14155707529101608), np.float64(0.14101345926410927), np.float64(0.08662314402760792))","(np.float64(55.284280512770486), np.float64(267.5612048866778), np.float64(317.85808774974737))"
3237,"((7, 19),)","(np.float64(0.10020301556981218),)","(np.float64(143.87852959324363),)"
3238,"((0, 7), (15, 18))","(np.float64(0.06763984222396283), np.float64(0.09211128680439264))","(np.float64(352.1342738959519), np.float64(102.68029734181566))"
3239,"((7, 10), (1, 15))","(np.float64(0.1016330870143732), np.float64(0.13247349963015156))","(np.float64(247.15755358257712), np.float64(315.7037052968165))"
3241,"((2, 11), (4, 14), (17, 19), (18, 19), (0, 4))","(np.float64(0.07920029213871962), np.float64(0.061607723083682), np.float64(0.14712295451195873), np.float64(0.09347639352091865), np.float64(0.13545700060234375))","(np.float64(15.890898850100422), np.float64(205.27999154546856), np.float64(281.4846220875518), np.float64(101.49565028013387), np.float64(267.78109308135015))"
3242,"((4, 15),)","(np.float64(0.13616333638291434),)","(np.float64(277.5972676142756),)"
3243,"((6, 16), (14, 17))","(np.float64(0.13054645320995312), np.float64(0.07692569845703345))","(np.float64(190.67297528409375), np.float64(12.297544709594176))"
3244,"((5, 6), (10, 16), (3, 13))","(np.float64(0.11370441964796364), np.float64(0.06816010889348488), np.float64(0.14002330697289844))","(np.float64(208.16175563961053), np.float64(174.2398840233199), np.float64(82.31334745537956))"
3245,"((3, 9), (4, 17), (5, 19))","(np.float64(0.03973719485723941), np.float64(0.09459447281533288), np.float64(0.13180922533499995))","(np.float64(64.56777387454147), np.float64(191.70919432476933), np.float64(224.83889215092933))"
3246,"((12, 14),)","(np.float64(0.09557737076433445),)","(np.float64(235.56496733529173),)"
3248,"((9, 13), (13, 15), (4, 14))","(np.float64(0.10093177169372458), np.float64(0.14764460779120278), np.float64(0.14056566028648684))","(np.float64(177.3224314296146), np.float64(190.54322268331833), np.float64(222.81204512213253))"
3249,"((2, 7), (7, 15), (11, 19), (13, 19), (2, 11))","(np.float64(0.14864079717307993), np.float64(0.12721753921947385), np.float64(0.08268069281221772), np.float64(0.09980458621430914), np.float64(0.14313333328522676))","(np.float64(254.73184290027103), np.float64(231.78729733333822), np.float64(142.54457739992236), np.float64(269.20536036882305), np.float64(180.34393297172923))"
3250,"((3, 14), (3, 19), (4, 10))","(np.float64(0.09469117740875418), np.float64(0.140282620978411), np.float64(0.07673600847566721))","(np.float64(71.93211998336083), np.float64(347.8295246069399), np.float64(153.3405305138282))"
3251,"((0, 16), (5, 10), (4, 17))","(np.float64(0.12868867559558894), np.float64(0.10207098283520386), np.float64(0.14988469109020156))","(np.float64(277.5750367847436), np.float64(49.7910116672889), np.float64(262.3597911286494))"
3252,"((9, 13),)","(np.float64(0.14638702075276594),)","(np.float64(40.91524217503382),)"
3253,"((3, 14), (18, 19), (1, 13))","(np.float64(0.10670262661984578), np.float64(0.11421967958057846), np.float64(0.13756539180483804))","(np.float64(103.40132153933575), np.float64(348.5090879665795), np.float64(243.57097212139126))"
3256,"((11, 15), (11, 13), (4, 16))","(np.float64(0.14860294370636137), np.float64(0.142373434358142), np.float64(0.14054346324977143))","(np.float64(65.70149909734076), np.float64(10.526369313093582), np.float64(3.727249171036415))"
3258,"((3, 18),)","(np.float64(0.13780250492575924),)","(np.float64(273.8456940927157),)"
3260,"((6, 18), (8, 18), (2, 11))","(np.float64(0.09530343258739425), np.float64(0.12973389833796964), np.float64(0.14155772607151662))","(np.float64(64.76575373679317), np.float64(163.48831018162664), np.float64(240.27956115870532))"
3261,"((1, 9), (8, 16))","(np.float64(0.08591418424566451), np.float64(0.10394428338272392))","(np.float64(7.792351461869242), np.float64(123.5929434060068))"
3262,"((0, 18), (9, 17))","(np.float64(0.09548281018364442), np.float64(0.10599016810157404))","(np.float64(52.918356668954566), np.float64(115.52812709708714))"
3263,"((8, 10), (8, 11))","(np.float64(0.1283454619591169), np.float64(0.14907556221130067))","(np.float64(81.68065549141203), np.float64(271.9326831587816))"
3264,"((7, 8),)","(np.float64(0.14605687423299218),)","(np.float64(225.78838249448575),)"
3265,"((7, 18),)","(np.float64(0.06392531665286824),)","(np.float64(348.73545517442864),)"
3266,"((1, 3),)","(np.float64(0.11240846615195345),)","(np.float64(33.88723932667786),)"
3267,"((5, 11), (7, 19), (9, 17))","(np.float64(0.00726880934918715), np.float64(0.13119259824311671), np.float64(0.14824118242991935))","(np.float64(176.8478991431688), np.float64(215.68031040731523), np.float64(124.58778299814095))"
3268,"((4, 16), (7, 18), (14, 19), (2, 10))","(np.float64(0.09063154800054453), np.float64(0.1443251999547325), np.float64(0.07833537313866938), np.float64(0.1458075719038335))","(np.float64(66.7834379132996), np.float64(283.4419284694027), np.float64(156.3081966558533), np.float64(215.23602641347787))"
3269,"((2, 12), (8, 18))","(np.float64(0.14856558345895776), np.float64(0.12545957373642427))","(np.float64(357.5364731290281), np.float64(81.11920584430099))"
3270,"((4, 5), (11, 17))","(np.float64(0.13196675613355816), np.float64(0.14963026067613844))","(np.float64(46.26665911621315), np.float64(299.73055941542094))"
3271,"((2, 4), (2, 8), (4, 8), (7, 11), (12, 18))","(np.float64(0.05633156277266904), np.float64(0.024363662996782973), np.float64(0.05955006039896094), np.float64(0.09653638532808759), np.float64(0.14279440266866536))","(np.float64(190.80348412587276), np.float64(234.85919703951336), np.float64(296.01378800408776), np.float64(20.58508862738896), np.float64(76.55064558108981))"
3272,"((4, 13), (11, 18))","(np.float64(0.12410202656645325), np.float64(0.0934209420971956))","(np.float64(52.276416521891655), np.float64(77.05826250014341))"
3273,"((6, 15), (10, 18), (10, 17), (10, 16))","(np.float64(0.12183712288252176), np.float64(0.07654063302971917), np.float64(0.134461266090059), np.float64(0.1474168818678381))","(np.float64(113.77147312058798), np.float64(170.85389829187804), np.float64(107.97462547359395), np.float64(31.40791658913957))"
3274,"((4, 7), (6, 11))","(np.float64(0.07712988076878748), np.float64(0.09013266559385533))","(np.float64(289.2960420297645), np.float64(71.95216641962067))"
3275,"((3, 11),)","(np.float64(0.1300817050283318),)","(np.float64(159.46847067043794),)"
3276,"((9, 16), (2, 10), (3, 11), (11, 17))","(np.float64(0.13422662985698447), np.float64(0.14992555669205543), np.float64(0.07136038180978288), np.float64(0.10486626346908487))","(np.float64(61.33995290642246), np.float64(160.8888662726645), np.float64(150.2436159185322), np.float64(356.66807643566636))"
3277,"((14, 17),)","(np.float64(0.1481794002548594),)","(np.float64(129.4514577399184),)"
3278,"((2, 14), (4, 15), (10, 13), (13, 14), (10, 16), (3, 16))","(np.float64(0.10551657587327833), np.float64(0.11185041321321576), np.float64(0.12851586704621643), np.float64(0.13772919366915473), np.float64(0.1380208676689455), np.float64(0.11786627626394529))","(np.float64(18.872768409751522), np.float64(115.05402983726046), np.float64(140.6736760491154), np.float64(180.0988388934075), np.float64(353.7039835170891), np.float64(71.6162752072082))"
3279,"((2, 18), (3, 11), (7, 9), (9, 15), (2, 7), (3, 10), (9, 18), (2, 9), (2, 12), (0, 12))","(np.float64(0.10666342692011828), np.float64(0.016961890446928068), np.float64(0.14553261970288323), np.float64(0.0833902220874554), np.float64(0.14236052187071993), np.float64(0.028940597443747048), np.float64(0.1433819043960578), np.float64(0.10566041633937684), np.float64(0.09542324376865552), np.float64(0.13960718057763197))","(np.float64(359.0764049557449), np.float64(218.22798425216263), np.float64(311.2148103476885), np.float64(310.2884162342598), np.float64(225.60840471968567), np.float64(147.7330346073574), np.float64(31.75459402055543), np.float64(274.798126157421), np.float64(301.37566531595263), np.float64(52.366825808480115))"
3280,"((5, 10), (6, 10), (3, 9))","(np.float64(0.10636433376578806), np.float64(0.12972934778963072), np.float64(0.14100688571651399))","(np.float64(18.55811949873698), np.float64(166.53861545653825), np.float64(319.09578545757114))"
3281,"((3, 13), (6, 14), (3, 14), (3, 9))","(np.float64(0.14097602621086464), np.float64(0.08449302440528077), np.float64(0.13777853471444165), np.float64(0.1376633241834006))","(np.float64(133.70055861007572), np.float64(27.724134914049642), np.float64(269.57703855473096), np.float64(187.10749631413748))"
3282,"((2, 13),)","(np.float64(0.12442117953019233),)","(np.float64(294.67364718809677),)"
3283,"((3, 16), (1, 13))","(np.float64(0.14058630232347738), np.float64(0.1355036475271002))","(np.float64(79.1836000314814), np.float64(271.36161446981436))"
3284,"((2, 8), (0, 7))","(np.float64(0.1481719586679639), np.float64(0.12287423402784899))","(np.float64(245.91962012719648), np.float64(328.57639097389716))"
3285,"((9, 13),)","(np.float64(0.11357099364043997),)","(np.float64(23.3158488351335),)"
3286,"((7, 8), (12, 16), (14, 17), (2, 14), (3, 19))","(np.float64(0.147108907205645), np.float64(0.10244816340954525), np.float64(0.11887769481226221), np.float64(0.14332055125475185), np.float64(0.14841434333820835))","(np.float64(56.007517593549856), np.float64(112.48353909957576), np.float64(62.999573130268764), np.float64(28.66922611408883), np.float64(302.1282292551263))"
3287,"((0, 5), (1, 5), (2, 18), (4, 11), (5, 19))","(np.float64(0.12772826657744826), np.float64(0.1298531650475964), np.float64(0.1473438890684407), np.float64(0.12227248896600779), np.float64(0.0937208279811924))","(np.float64(29.964015105999515), np.float64(283.4590981826262), np.float64(295.4935785110965), np.float64(82.98505598468982), np.float64(100.46858509958354))"
3288,"((0, 15),)","(np.float64(0.1391216012762717),)","(np.float64(235.8993636210062),)"
3289,"((1, 14), (5, 18))","(np.float64(0.14930727760679233), np.float64(0.11649628716688448))","(np.float64(193.67975340331589), np.float64(176.51080128207948))"
3290,"((7, 17), (10, 13), (11, 19), (12, 19))","(np.float64(0.1427163641106656), np.float64(0.08696741715763102), np.float64(0.08841146034615205), np.float64(0.14429861907350752))","(np.float64(132.21474448590357), np.float64(242.74305395954758), np.float64(33.96630643477349), np.float64(37.71609191317621))"
3291,"((4, 12), (9, 11), (0, 9))","(np.float64(0.12127760985359819), np.float64(0.13457639486229844), np.float64(0.1291273495808495))","(np.float64(291.01450233825176), np.float64(178.77013609610543), np.float64(222.2183219910564))"
3292,"((3, 17), (3, 18), (9, 15), (12, 18), (6, 9), (10, 16), (10, 14))","(np.float64(0.13075415487505634), np.float64(0.1355003784915658), np.float64(0.08281361442268712), np.float64(0.132779616415978), np.float64(0.14689526559333219), np.float64(0.12847878646420136), np.float64(0.11924062646600195))","(np.float64(217.79542946858498), np.float64(39.87302126228612), np.float64(338.7743526604483), np.float64(128.48661006841735), np.float64(351.2665640217177), np.float64(349.589213236504), np.float64(69.22253241811082))"
3294,"((2, 9),)","(np.float64(0.14687027742422454),)","(np.float64(213.8137285535855),)"
3296,"((1, 19),)","(np.float64(0.12598865524684708),)","(np.float64(39.617982784960674),)"
3297,"((13, 15),)","(np.float64(0.07296203843387093),)","(np.float64(251.1230477039556),)"
3298,"((2, 11), (5, 15), (13, 18), (3, 11), (10, 18))","(np.float64(0.056929391616159605), np.float64(0.1343498289517747), np.float64(0.09669043007946695), np.float64(0.13530607712775766), np.float64(0.05671823050325001))","(np.float64(153.95980820010868), np.float64(132.77591818291384), np.float64(164.32671047975595), np.float64(268.85083773246555), np.float64(140.95342527002876))"
3300,"((1, 8), (7, 13), (11, 15))","(np.float64(0.13147161935435048), np.float64(0.1239091006115826), np.float64(0.11308108468247045))","(np.float64(263.992562370564), np.float64(192.807243830833), np.float64(163.43594892409502))"
3301,"((0, 3), (7, 14))","(np.float64(0.05343138783200418), np.float64(0.09670530593653914))","(np.float64(29.059386602198686), np.float64(354.1086477278472))"
3302,"((7, 13), (8, 13), (6, 19))","(np.float64(0.14056628270095187), np.float64(0.13656544509360047), np.float64(0.14060024978826863))","(np.float64(130.38432661400114), np.float64(259.80263382543967), np.float64(97.94703736477057))"
3303,"((9, 12), (11, 15), (8, 17))","(np.float64(0.10529268085684344), np.float64(0.1489251957673234), np.float64(0.13591092013124262))","(np.float64(138.17936352057944), np.float64(303.9312797925285), np.float64(187.51303147208364))"
3304,"((2, 10), (2, 15), (14, 15))","(np.float64(0.12032748329351697), np.float64(0.11426411574183382), np.float64(0.1445518612518973))","(np.float64(269.83761858286044), np.float64(84.85345388879139), np.float64(208.25285684692815))"
3305,"((7, 17), (5, 16), (3, 15))","(np.float64(0.10517636655699011), np.float64(0.1457912796025047), np.float64(0.14559065576986205))","(np.float64(328.4507681505351), np.float64(79.83440770588417), np.float64(300.60283316319703))"
3306,"((5, 15), (16, 17), (1, 8))","(np.float64(0.13269469624216337), np.float64(0.09525773916793727), np.float64(0.14773868501908116))","(np.float64(158.90419190716426), np.float64(299.60679251092466), np.float64(0.8009760562775093))"
3307,"((0, 15), (4, 17))","(np.float64(0.0880485528104646), np.float64(0.10662590023557691))","(np.float64(179.70510404346678), np.float64(237.71796898248544))"
3308,"((0, 4), (10, 18), (15, 17))","(np.float64(0.1308728189065857), np.float64(0.09073380558397258), np.float64(0.12256812305887113))","(np.float64(63.891207774446514), np.float64(245.78006310504128), np.float64(53.462121205916006))"
3309,"((0, 8), (0, 19))","(np.float64(0.13288830213267197), np.float64(0.13140259014266514))","(np.float64(231.77237776832993), np.float64(20.27012513200645))"
3310,"((11, 19),)","(np.float64(0.10969919886674064),)","(np.float64(168.5481733810198),)"
3311,"((0, 12), (6, 19))","(np.float64(0.13070167082204864), np.float64(0.14518643216016858))","(np.float64(264.5590311420389), np.float64(299.42870651765975))"
3312,"((1, 5), (3, 17), (0, 7))","(np.float64(0.10506415396410704), np.float64(0.12606506584119637), np.float64(0.13704314829543254))","(np.float64(224.96329030971012), np.float64(65.48532941809287), np.float64(215.09967307836777))"
3314,"((3, 17),)","(np.float64(0.10394327455228881),)","(np.float64(154.88718990566875),)"
3316,"((1, 17), (2, 11))","(np.float64(0.1310620057643074), np.float64(0.14553098093060496))","(np.float64(197.8528921708025), np.float64(335.63168620565085))"
3317,"((0, 17), (3, 12))","(np.float64(0.07033588922983153), np.float64(0.14692103684515265))","(np.float64(65.71816235192075), np.float64(2.54711356151415))"
3318,"((14, 18),)","(np.float64(0.09571947484740649),)","(np.float64(13.441629609003328),)"
3319,"((9, 19), (12, 15))","(np.float64(0.046949380427086754), np.float64(0.06662500272255827))","(np.float64(107.90624705723278), np.float64(327.0640139775688))"
3320,"((7, 18),)","(np.float64(0.0788253461036164),)","(np.float64(102.11744708460412),)"
3321,"((8, 15),)","(np.float64(0.10916779871408472),)","(np.float64(295.5527142616804),)"
3322,"((4, 13), (6, 7), (3, 17), (3, 7), (3, 6))","(np.float64(0.1094899741791167), np.float64(0.11507686700178926), np.float64(0.13660665529565216), np.float64(0.14920358311153675), np.float64(0.07801840259444608))","(np.float64(3.9995275392644594), np.float64(20.87563332836626), np.float64(78.67247282108879), np.float64(4.964482176820372), np.float64(293.31069246886193))"
3323,"((4, 11), (4, 14), (8, 16))","(np.float64(0.1167418170696983), np.float64(0.03725620313962731), np.float64(0.12945851074705975))","(np.float64(50.1064764548071), np.float64(123.87494538469151), np.float64(324.39249477812575))"
3324,"((2, 8), (4, 18))","(np.float64(0.14265790299033998), np.float64(0.08057791899614496))","(np.float64(61.67470117285557), np.float64(116.15418724318974))"
3325,"((9, 13), (9, 14), (12, 14), (13, 14))","(np.float64(0.12969070455735843), np.float64(0.10869409197196711), np.float64(0.1265283643271053), np.float64(0.12751592965726158))","(np.float64(96.45957440290924), np.float64(32.49200900689918), np.float64(217.3464976756268), np.float64(326.4483981423024))"
3326,"((1, 8), (2, 6), (5, 11))","(np.float64(0.04825913439936597), np.float64(0.12078353673790802), np.float64(0.13169786691121155))","(np.float64(26.794522830510694), np.float64(267.33311865611313), np.float64(97.18215005871275))"
3327,"((3, 10), (15, 18))","(np.float64(0.14953858279692658), np.float64(0.1175874756387997))","(np.float64(128.76110212434392), np.float64(298.7408677180503))"
3328,"((1, 17), (6, 9))","(np.float64(0.088156516919583), np.float64(0.1416889104840715))","(np.float64(333.6042449651747), np.float64(120.9689288147749))"
3330,"((2, 19), (10, 16))","(np.float64(0.06975596132867751), np.float64(0.07254928895528345))","(np.float64(218.16262645541153), np.float64(89.03983859836066))"
3331,"((1, 16), (8, 11), (11, 12), (12, 18))","(np.float64(0.0963544446486124), np.float64(0.07752516745647749), np.float64(0.05625008837755519), np.float64(0.10182027962914515))","(np.float64(89.77726849219303), np.float64(300.78310510338775), np.float64(296.25484809066256), np.float64(340.38426602762456))"
3333,"((1, 16), (18, 19), (14, 19))","(np.float64(0.11584066039579337), np.float64(0.10742108503655194), np.float64(0.12624246785274393))","(np.float64(240.89243369935053), np.float64(278.86711831638274), np.float64(77.82783821788925))"
3334,"((11, 18),)","(np.float64(0.13702666063330732),)","(np.float64(256.297358618766),)"
3335,"((1, 18), (5, 6), (6, 9), (6, 15))","(np.float64(0.12971977663015535), np.float64(0.07898212112003618), np.float64(0.132283555226441), np.float64(0.12855004235764345))","(np.float64(59.746008826212325), np.float64(304.26253934015796), np.float64(249.2185018376578), np.float64(11.787645276338976))"
3336,"((9, 13),)","(np.float64(0.14006117888489797),)","(np.float64(268.9376048202029),)"
3337,"((3, 4), (3, 11), (4, 11), (5, 7), (1, 11))","(np.float64(0.008105881716615299), np.float64(0.03860157448445988), np.float64(0.030542231232981217), np.float64(0.10876893416825198), np.float64(0.09135729687576775))","(np.float64(198.3385042205647), np.float64(192.87721164981429), np.float64(191.42981903390975), np.float64(171.0660295571939), np.float64(312.41734545463015))"
3338,"((8, 18),)","(np.float64(0.08988378817316163),)","(np.float64(346.33938113218176),)"
3340,"((3, 13), (16, 17), (3, 8), (15, 18), (3, 9), (3, 6))","(np.float64(0.04877352748134309), np.float64(0.11111090528857243), np.float64(0.14509998778696165), np.float64(0.14847302881217672), np.float64(0.10048005285871088), np.float64(0.14973848985370514))","(np.float64(37.19674986182487), np.float64(77.8100798672831), np.float64(203.12241356253983), np.float64(73.2794207103501), np.float64(348.56834492233827), np.float64(355.475470819817))"
3341,"((3, 6), (3, 8), (6, 8))","(np.float64(0.024307527717365857), np.float64(0.09281310305297753), np.float64(0.13059843673460908))","(np.float64(23.00700483002955), np.float64(18.890773360457796), np.float64(312.1653822228404))"
3342,"((3, 6),)","(np.float64(0.12792390518881613),)","(np.float64(149.55590958148247),)"
3344,"((11, 13), (13, 18), (5, 19))","(np.float64(0.14261830550430382), np.float64(0.046813037016894064), np.float64(0.14037247360390365))","(np.float64(53.5713363124992), np.float64(69.65729929812923), np.float64(77.72227903944899))"
3347,"((1, 8),)","(np.float64(0.13902891315153124),)","(np.float64(251.72681944526227),)"
3348,"((9, 17), (10, 13))","(np.float64(0.13161794701530408), np.float64(0.11665338510463164))","(np.float64(77.69101266229956), np.float64(290.4213235635117))"
3349,"((0, 3), (2, 4), (2, 10), (3, 9), (10, 14), (11, 19), (3, 14))","(np.float64(0.12074709460105543), np.float64(0.08417634675320486), np.float64(0.1288383055784529), np.float64(0.13948948571726708), np.float64(0.04117661078679327), np.float64(0.08038720810884255), np.float64(0.12147390034818958))","(np.float64(44.431270166339196), np.float64(83.51447579068706), np.float64(186.4111229109812), np.float64(148.2535436309971), np.float64(113.51290132275878), np.float64(182.77171022636404), np.float64(38.02720569358062))"
3350,"((5, 14),)","(np.float64(0.058217122706828224),)","(np.float64(309.4457302021407),)"
3351,"((1, 18), (2, 3), (3, 19))","(np.float64(0.14758140213764145), np.float64(0.11386155805246939), np.float64(0.14167066282580587))","(np.float64(89.37289227430264), np.float64(322.2124265955486), np.float64(19.491108967696935))"
3352,"((1, 11), (5, 13), (7, 12), (12, 13), (1, 12), (1, 13))","(np.float64(0.08361776956712562), np.float64(0.10823828555639937), np.float64(0.12753674445446742), np.float64(0.1415978661045223), np.float64(0.11697744227032228), np.float64(0.12439057398241361))","(np.float64(233.90209881220525), np.float64(137.33152298960525), np.float64(152.76411347799012), np.float64(241.3662732346657), np.float64(2.804851783660435), np.float64(236.79733993787278))"
3353,"((13, 17),)","(np.float64(0.14492949889185122),)","(np.float64(150.0715832698145),)"
3354,"((9, 17), (2, 14))","(np.float64(0.04739371888583407), np.float64(0.10043323383553295))","(np.float64(78.97859564812804), np.float64(209.6557764743562))"
3355,"((1, 9), (5, 19), (7, 10))","(np.float64(0.12388533627808858), np.float64(0.04961942928050296), np.float64(0.1374228224071399))","(np.float64(0.6050824868031076), np.float64(300.14279600915404), np.float64(100.76184379792105))"
3356,"((1, 5), (12, 18))","(np.float64(0.08674666820177564), np.float64(0.14764360926763992))","(np.float64(0.49979759569045173), np.float64(86.63954162927821))"
3358,"((4, 18), (6, 15), (13, 19))","(np.float64(0.12821015317794693), np.float64(0.11714665641827683), np.float64(0.09865366563544527))","(np.float64(3.284318514216457), np.float64(346.1178458455853), np.float64(25.41462991043661))"
3359,"((6, 7),)","(np.float64(0.12259557538683542),)","(np.float64(331.5360874875248),)"
3360,"((1, 3), (6, 14))","(np.float64(0.0907511265044002), np.float64(0.138478580555918))","(np.float64(11.826158373492706), np.float64(11.852218371074523))"
3361,"((0, 1), (3, 15), (7, 15), (7, 17), (15, 17))","(np.float64(0.09366643513275684), np.float64(0.14393838529155137), np.float64(0.12825078063668802), np.float64(0.13776337233598288), np.float64(0.03625410116012278))","(np.float64(322.05876452935036), np.float64(187.01280154878833), np.float64(44.85993527215694), np.float64(59.9838351624567), np.float64(127.34672255759696))"
3362,"((8, 13), (8, 16), (9, 10), (13, 16))","(np.float64(0.10650861135768395), np.float64(0.09979373018827187), np.float64(0.14245620766139167), np.float64(0.10977338357635166))","(np.float64(233.03805349650978), np.float64(267.3917609206527), np.float64(60.581068601782135), np.float64(340.24439684751553))"
3363,"((2, 10),)","(np.float64(0.12936262945011107),)","(np.float64(232.4291881592668),)"
3364,"((2, 12),)","(np.float64(0.11076120177467047),)","(np.float64(283.8693258522176),)"
3365,"((8, 11), (3, 11), (4, 16))","(np.float64(0.1285214372659678), np.float64(0.09651176283273778), np.float64(0.13322047962312156))","(np.float64(32.17077404481527), np.float64(267.4037867599825), np.float64(14.7726471841734))"
3366,"((3, 15), (16, 19), (0, 13))","(np.float64(0.12407551555107268), np.float64(0.10908852518669461), np.float64(0.1387280949163798))","(np.float64(123.23681014518472), np.float64(256.99744117333876), np.float64(151.8118366444723))"
3367,"((0, 9), (4, 19), (4, 16), (4, 13))","(np.float64(0.10631150912805028), np.float64(0.08723073373154952), np.float64(0.0943853308488525), np.float64(0.14618438883329674))","(np.float64(118.41207355715615), np.float64(107.86303543647406), np.float64(204.74221284141902), np.float64(6.638254872309003))"
3368,"((6, 14),)","(np.float64(0.11334125096469783),)","(np.float64(73.37768930226233),)"
3369,"((0, 16), (0, 17), (6, 15))","(np.float64(0.09145432608150704), np.float64(0.05967582781060298), np.float64(0.13722528690254687))","(np.float64(96.3666384093519), np.float64(221.82676117519077), np.float64(66.98005804729713))"
3370,"((1, 3),)","(np.float64(0.11137387241276984),)","(np.float64(17.592864455993087),)"
3371,"((2, 3), (9, 18))","(np.float64(0.14745393144392513), np.float64(0.12043222755023227))","(np.float64(228.34937622126927), np.float64(12.994906830638342))"
3372,"((0, 19), (7, 12))","(np.float64(0.1366540061520645), np.float64(0.14867667656310873))","(np.float64(246.23060736384002), np.float64(204.42772297642884))"
3373,"((13, 14),)","(np.float64(0.10435609973736948),)","(np.float64(189.91544288948077),)"
3377,"((14, 19),)","(np.float64(0.1419199686260029),)","(np.float64(48.341758351196155),)"
3378,"((1, 5),)","(np.float64(0.14970951791391893),)","(np.float64(227.0846336295047),)"
3379,"((0, 2), (7, 19))","(np.float64(0.11661532950088883), np.float64(0.12094841338389345))","(np.float64(95.81146759240366), np.float64(34.670155697763185))"
3380,"((0, 18), (9, 13), (11, 12))","(np.float64(0.06102808735468211), np.float64(0.11947186661544647), np.float64(0.08667154211658432))","(np.float64(123.91950319516341), np.float64(336.3547699490569), np.float64(292.18094844714665))"
3381,"((0, 10), (12, 19))","(np.float64(0.1291018728942283), np.float64(0.13221320680374124))","(np.float64(13.274388203848403), np.float64(201.64228579599563))"
3382,"((5, 9), (3, 5), (3, 9))","(np.float64(0.11049337486632198), np.float64(0.13275133077418894), np.float64(0.12562025929156515))","(np.float64(215.3397405599933), np.float64(285.12879679691616), np.float64(299.29483985884025))"
3383,"((10, 16),)","(np.float64(0.10523572598419785),)","(np.float64(116.64428857772188),)"
3384,"((3, 12), (15, 16))","(np.float64(0.14324718343061965), np.float64(0.14479952467616589))","(np.float64(7.221876187696505), np.float64(47.20615917555589))"
3385,"((6, 8),)","(np.float64(0.08463514419324564),)","(np.float64(165.3205308113092),)"
3388,"((1, 15), (13, 18), (10, 19))","(np.float64(0.12161011044515849), np.float64(0.1469805419978193), np.float64(0.10880083685286882))","(np.float64(94.92843916430766), np.float64(186.66971361190022), np.float64(106.34562520591187))"
3389,"((4, 17),)","(np.float64(0.06445859345003069),)","(np.float64(307.16244286295733),)"
3390,"((0, 1), (4, 11), (4, 17), (1, 11))","(np.float64(0.10633202135226963), np.float64(0.08280206936617784), np.float64(0.1497544883114896), np.float64(0.13494246565667936))","(np.float64(150.49874019305668), np.float64(341.99415353842716), np.float64(222.96203070334937), np.float64(326.07104528705077))"
3391,"((11, 17), (13, 19), (6, 16))","(np.float64(0.11396511435553276), np.float64(0.05438038129639382), np.float64(0.12150270128017267))","(np.float64(141.24711307908768), np.float64(247.92981040509073), np.float64(81.99902058281324))"
3393,"((1, 9), (5, 14), (5, 15), (14, 15), (1, 15), (13, 18))","(np.float64(0.09638799606890301), np.float64(0.12896044341800517), np.float64(0.09778498769793605), np.float64(0.03256364410341723), np.float64(0.14108777435233089), np.float64(0.14067157333591893))","(np.float64(214.81514361947598), np.float64(217.4578640769651), np.float64(222.25878685007567), np.float64(22.901741817882296), np.float64(229.4754656035452), np.float64(111.71573990583435))"
3395,"((16, 19),)","(np.float64(0.0768749440223943),)","(np.float64(273.47311524191895),)"
3396,"((4, 9), (13, 16))","(np.float64(0.08312593190642185), np.float64(0.13326554561798112))","(np.float64(143.54547973763854), np.float64(145.74277158533656))"
3397,"((17, 18),)","(np.float64(0.10301580781210821),)","(np.float64(234.18336652806283),)"
3398,"((1, 4), (4, 14), (1, 13))","(np.float64(0.09507062514130087), np.float64(0.13025383894100756), np.float64(0.1310294778099972))","(np.float64(88.54465497949398), np.float64(280.516959692009), np.float64(258.48534319086406))"
3399,"((0, 18), (2, 10), (15, 18))","(np.float64(0.10943908574578637), np.float64(0.0562114753059161), np.float64(0.0675331756789972))","(np.float64(359.5827120081046), np.float64(6.7487504064022685), np.float64(158.1807232535554))"
3400,"((4, 12), (16, 19))","(np.float64(0.03247797614345726), np.float64(0.14726113334501095))","(np.float64(243.6633017627541), np.float64(89.5557650117303))"
3401,"((10, 11),)","(np.float64(0.13313118477015976),)","(np.float64(178.26515264467042),)"
3403,"((5, 14), (10, 18), (13, 19), (5, 15), (1, 4))","(np.float64(0.09269447829440072), np.float64(0.10204229779079366), np.float64(0.14296292476625483), np.float64(0.14766350263933517), np.float64(0.11687016883859395))","(np.float64(323.89013824861246), np.float64(255.0855316458119), np.float64(207.3070706922686), np.float64(84.63641932131716), np.float64(268.13700972481))"
3404,"((8, 12), (10, 13))","(np.float64(0.08252731773933661), np.float64(0.12752181210354416))","(np.float64(272.9454486989098), np.float64(339.09233624883956))"
3405,"((13, 14),)","(np.float64(0.08087492153894835),)","(np.float64(170.8704754069858),)"
3406,"((2, 3), (4, 9), (4, 12))","(np.float64(0.1255038687015457), np.float64(0.09299040769544607), np.float64(0.12166621276599737))","(np.float64(4.689695704440991), np.float64(155.65081056208268), np.float64(183.4266359712447))"
3407,"((7, 12), (8, 16))","(np.float64(0.12700576452554402), np.float64(0.14828762851878202))","(np.float64(197.34557789400841), np.float64(245.67693114753797))"
3408,"((0, 13), (5, 17), (7, 18))","(np.float64(0.13992554858887257), np.float64(0.0850526136289614), np.float64(0.10980581333802907))","(np.float64(132.16382360622583), np.float64(245.79755564969653), np.float64(158.0076694489559))"
3409,"((7, 17), (16, 18), (7, 18))","(np.float64(0.1343036769254751), np.float64(0.13722859503257637), np.float64(0.14293577822505285))","(np.float64(77.02169564798162), np.float64(23.356716884611327), np.float64(297.94270944807533))"
3410,"((0, 1), (0, 3), (3, 4), (4, 15))","(np.float64(0.12419986176941952), np.float64(0.08384354209450673), np.float64(0.14345744609518482), np.float64(0.13082479759344512))","(np.float64(251.127707102237), np.float64(117.47242976877577), np.float64(158.8584161388154), np.float64(72.24060293449006))"
3411,"((1, 18),)","(np.float64(0.14710769763634773),)","(np.float64(273.61757025190394),)"
3412,"((6, 18),)","(np.float64(0.014628329966302483),)","(np.float64(219.43867571526002),)"
3414,"((9, 12), (12, 15), (10, 19), (11, 18))","(np.float64(0.11772481546336241), np.float64(0.10699701699660372), np.float64(0.11596831853995052), np.float64(0.14020388881489454))","(np.float64(124.997323960087), np.float64(102.1469182629432), np.float64(44.808109587376414), np.float64(25.09061403175983))"
3415,"((9, 16),)","(np.float64(0.11065857212678938),)","(np.float64(320.9632928102472),)"
3416,"((0, 10), (8, 18), (5, 18))","(np.float64(0.1479582933188618), np.float64(0.06630110590178738), np.float64(0.062128079267124346))","(np.float64(336.44912451178305), np.float64(205.46971555504854), np.float64(332.64854156196753))"
3417,"((3, 10),)","(np.float64(0.11054776788357898),)","(np.float64(89.40837443700761),)"
3418,"((4, 7), (6, 18), (13, 16), (2, 9))","(np.float64(0.13422281118156576), np.float64(0.1073620892547308), np.float64(0.096340780130956), np.float64(0.14978542988627944))","(np.float64(356.6490267419773), np.float64(11.226505185140176), np.float64(165.1638091396869), np.float64(358.82707990972153))"
3419,"((6, 15),)","(np.float64(0.11822977573071565),)","(np.float64(69.3418882992165),)"
3420,"((0, 14), (6, 11))","(np.float64(0.13728108129549907), np.float64(0.09397391042222099))","(np.float64(358.8798110448164), np.float64(359.15186970927977))"
3421,"((1, 10),)","(np.float64(0.1487752339799617),)","(np.float64(272.7575881958555),)"
3422,"((4, 7), (9, 15))","(np.float64(0.13567861685972063), np.float64(0.07354876051895935))","(np.float64(197.11729313990156), np.float64(203.0789989718931))"
3423,"((2, 4), (9, 15))","(np.float64(0.14342604462457073), np.float64(0.11773093238485778))","(np.float64(22.66366593040031), np.float64(73.06315764455864))"
3424,"((2, 3),)","(np.float64(0.1290807389298007),)","(np.float64(355.03973032434055),)"
3425,"((0, 15),)","(np.float64(0.13884124262727046),)","(np.float64(193.01774617474283),)"
3426,"((0, 17), (1, 2), (1, 7))","(np.float64(0.1472176049141419), np.float64(0.143422778887788), np.float64(0.0968349042552363))","(np.float64(288.1569609763673), np.float64(317.4964611194736), np.float64(177.428179914823))"
3427,"((2, 18), (0, 12))","(np.float64(0.04293536264851562), np.float64(0.14271004948764296))","(np.float64(238.0213038751021), np.float64(274.82600303578505))"
3428,"((2, 3), (10, 14), (18, 19), (6, 17), (1, 6), (2, 11), (3, 15))","(np.float64(0.14542415233361108), np.float64(0.05374772660860943), np.float64(0.1152873102103772), np.float64(0.11603142360636519), np.float64(0.12770597840914674), np.float64(0.11258995982814912), np.float64(0.14396856648948056))","(np.float64(126.43929308161769), np.float64(190.06017429959093), np.float64(143.9940682330238), np.float64(11.783285822567532), np.float64(188.41007174897055), np.float64(293.86849700900626), np.float64(225.267289262265))"
3429,"((1, 16),)","(np.float64(0.10630745397329086),)","(np.float64(61.259943716354925),)"
3430,"((0, 10),)","(np.float64(0.1428312476092425),)","(np.float64(159.73830169080776),)"
3431,"((7, 9),)","(np.float64(0.1413950957589453),)","(np.float64(38.18554109737298),)"
3432,"((6, 15), (10, 18))","(np.float64(0.13809552286380283), np.float64(0.1446921510261267))","(np.float64(12.539518219794438), np.float64(62.1468740683127))"
3433,"((1, 11), (2, 7))","(np.float64(0.048459340429475195), np.float64(0.1432891821307675))","(np.float64(161.75273833939133), np.float64(285.57154847148126))"
3434,"((2, 17), (7, 16), (9, 18))","(np.float64(0.10971579762922674), np.float64(0.11811293923598229), np.float64(0.14808738537763635))","(np.float64(217.2531127704688), np.float64(257.20098517419933), np.float64(57.19062663965007))"
3435,"((1, 13), (2, 8), (4, 9), (8, 19), (13, 18))","(np.float64(0.0067032347166312446), np.float64(0.11503433490475638), np.float64(0.14328722136944366), np.float64(0.13750370348855576), np.float64(0.13832193479531787))","(np.float64(149.3259203054091), np.float64(176.13989150811267), np.float64(98.10048046173613), np.float64(226.51446556507835), np.float64(180.8804572808527))"
3436,"((5, 16), (8, 12))","(np.float64(0.05167695389763541), np.float64(0.14423417426880636))","(np.float64(114.50876022979658), np.float64(199.98477977711863))"
3437,"((9, 16),)","(np.float64(0.0942329138582382),)","(np.float64(97.16093742835324),)"
3438,"((0, 10), (1, 18), (14, 17), (1, 17), (4, 16))","(np.float64(0.12224477990746249), np.float64(0.13648769597734117), np.float64(0.08811036581515304), np.float64(0.14793062578753877), np.float64(0.13954125607298967))","(np.float64(184.27448284708964), np.float64(256.4523599715336), np.float64(61.64276899570544), np.float64(301.70828073814835), np.float64(268.2199984866439))"
3439,"((16, 19), (1, 11))","(np.float64(0.13293756074953803), np.float64(0.08270477886101664))","(np.float64(337.0141163161644), np.float64(280.60528154192497))"
3440,"((6, 17),)","(np.float64(0.09415901161933804),)","(np.float64(282.5085112733607),)"
3441,"((4, 8), (17, 19))","(np.float64(0.10399608429287704), np.float64(0.059718973805323206))","(np.float64(34.19450844703542), np.float64(90.33182789096976))"
3442,"((0, 6), (7, 18), (10, 13))","(np.float64(0.13755977551834292), np.float64(0.10464147380900361), np.float64(0.11556709800854326))","(np.float64(167.88052675712512), np.float64(272.30378326176344), np.float64(291.240335592794))"
3443,"((0, 16), (11, 12), (12, 19))","(np.float64(0.1319905287867862), np.float64(0.13086508773219246), np.float64(0.05821800080847726))","(np.float64(326.2597291945368), np.float64(128.0411753581446), np.float64(169.4610300719687))"
3444,"((10, 13), (10, 18), (13, 18), (0, 10), (7, 18))","(np.float64(0.12279512920884375), np.float64(0.040079674654652314), np.float64(0.12262480707862808), np.float64(0.14000898393125163), np.float64(0.13946255146225453))","(np.float64(135.28674867441993), np.float64(54.92541637710453), np.float64(334.085146360938), np.float64(193.4004165474797), np.float64(122.03290365019456))"
3445,"((0, 19), (7, 15))","(np.float64(0.09543155452457774), np.float64(0.11160424430549781))","(np.float64(248.8959544594553), np.float64(99.27695571831848))"
3446,"((4, 14), (8, 18))","(np.float64(0.10850421018449376), np.float64(0.14123933915530737))","(np.float64(54.80505858695885), np.float64(37.48172386420418))"
3447,"((2, 10),)","(np.float64(0.1089787376568753),)","(np.float64(50.85491633165581),)"
3449,"((6, 14), (11, 16), (0, 9))","(np.float64(0.14945319920554465), np.float64(0.12871276408177226), np.float64(0.03488236091025991))","(np.float64(12.476110559662022), np.float64(111.3996367944657), np.float64(129.86205672431436))"
3450,"((3, 12),)","(np.float64(0.031101620133977555),)","(np.float64(46.561066178127604),)"
3451,"((5, 14), (8, 18))","(np.float64(0.14510604680559766), np.float64(0.10868250327368131))","(np.float64(210.67813497650948), np.float64(333.79305257345675))"
3452,"((15, 16), (5, 14), (5, 10), (2, 16))","(np.float64(0.11151013537554591), np.float64(0.14678359321739384), np.float64(0.0836049466695855), np.float64(0.14209798603236054))","(np.float64(324.7916645331828), np.float64(349.67745713573936), np.float64(294.57041854669416), np.float64(352.2656544225762))"
3454,"((6, 12), (0, 6))","(np.float64(0.11750288145872774), np.float64(0.11347653241766412))","(np.float64(301.87428724491116), np.float64(168.60186730504685))"
3455,"((7, 13), (13, 14), (16, 17), (0, 8))","(np.float64(0.12418163033935076), np.float64(0.13296653535268166), np.float64(0.1443967587449173), np.float64(0.14930468324185084))","(np.float64(212.64998958113065), np.float64(245.40163622461688), np.float64(187.96673681966496), np.float64(182.14087346298777))"
3456,"((0, 3), (9, 17))","(np.float64(0.08550714867399956), np.float64(0.14537085966651503))","(np.float64(323.13993863157395), np.float64(114.38477931362488))"
3457,"((2, 10),)","(np.float64(0.12613579619004814),)","(np.float64(191.26032977441156),)"
3458,"((6, 19),)","(np.float64(0.14857697498065978),)","(np.float64(6.391711024221952),)"
3459,"((10, 13), (9, 18))","(np.float64(0.11745362566035039), np.float64(0.1460432861375082))","(np.float64(67.24459977139097), np.float64(4.559594017759577))"
3460,"((9, 19),)","(np.float64(0.1282492398373969),)","(np.float64(336.37497862067363),)"
3462,"((7, 18), (1, 14))","(np.float64(0.12982908859943762), np.float64(0.13768346384359154))","(np.float64(12.676080445584663), np.float64(233.60444086314305))"
3464,"((1, 19), (4, 16))","(np.float64(0.13926953622986357), np.float64(0.1112766671762056))","(np.float64(344.49288298763446), np.float64(34.25208313593134))"
3465,"((7, 17), (1, 12))","(np.float64(0.14738452743577773), np.float64(0.13502745389648102))","(np.float64(111.10119373731344), np.float64(226.47123465047403))"
3466,"((3, 14),)","(np.float64(0.028879609393734556),)","(np.float64(33.38840700533063),)"
3467,"((0, 13), (10, 18), (7, 12))","(np.float64(0.1445729827644712), np.float64(0.14256766876875893), np.float64(0.14570047523597346))","(np.float64(58.75528687555493), np.float64(207.16793079153325), np.float64(191.8240225548609))"
3468,"((3, 19), (7, 14))","(np.float64(0.10511032430328106), np.float64(0.11283037239107431))","(np.float64(235.19292632179264), np.float64(199.7631282115405))"
3469,"((5, 9), (10, 15), (11, 18), (6, 18), (0, 12))","(np.float64(0.058567187654995086), np.float64(0.12666164978136513), np.float64(0.07739055890285701), np.float64(0.11587231951543131), np.float64(0.14832047267923057))","(np.float64(82.94161538432806), np.float64(83.56715880188864), np.float64(50.851317678654695), np.float64(302.1283647287525), np.float64(258.6541204169724))"
3470,"((2, 10),)","(np.float64(0.07476747543219703),)","(np.float64(115.82583220100953),)"
3471,"((3, 4), (4, 14), (8, 14), (0, 8), (0, 3), (0, 14))","(np.float64(0.09180361072814269), np.float64(0.12182531801164419), np.float64(0.10361663374174818), np.float64(0.12410843988681744), np.float64(0.14022582806780742), np.float64(0.1179357610447633))","(np.float64(191.9474698825692), np.float64(277.33446418768017), np.float64(132.8009617534062), np.float64(228.664826731648), np.float64(82.41185890387369), np.float64(153.04533647943748))"
3472,"((2, 14), (2, 17), (10, 19), (12, 17), (14, 17), (10, 12), (6, 15))","(np.float64(0.13534238972191875), np.float64(0.045038037287949605), np.float64(0.11451640823858147), np.float64(0.1493757307403931), np.float64(0.10666905777680769), np.float64(0.11486720167869598), np.float64(0.14428893125459974))","(np.float64(142.40257502855735), np.float64(104.71217018382896), np.float64(107.80932864956799), np.float64(104.06529789092652), np.float64(291.0001394347308), np.float64(178.43674709834903), np.float64(251.09414688173138))"
3473,"((0, 16), (12, 15), (13, 18))","(np.float64(0.13220128666708578), np.float64(0.09714276544101058), np.float64(0.11176927463789935))","(np.float64(342.27103618183503), np.float64(270.1651883040981), np.float64(229.08565701939366))"
3475,"((0, 16),)","(np.float64(0.12733104732259992),)","(np.float64(301.2878776708889),)"
3476,"((2, 6), (2, 14), (3, 9), (2, 7), (3, 11), (11, 17))","(np.float64(0.14589074000381902), np.float64(0.08690272397787703), np.float64(0.12407566712073517), np.float64(0.13491603396927623), np.float64(0.12721679079791864), np.float64(0.14810158835734263))","(np.float64(208.4935880915271), np.float64(36.87952348974157), np.float64(93.29375457441606), np.float64(20.300448289156463), np.float64(289.36070205780396), np.float64(102.9051515960478))"
3477,"((8, 9),)","(np.float64(0.08506553455305788),)","(np.float64(40.940304233710364),)"
3478,"((0, 5), (6, 18), (9, 17), (2, 7))","(np.float64(0.048340588570164406), np.float64(0.0764609834968651), np.float64(0.14571019058398013), np.float64(0.13250472522150844))","(np.float64(70.65411191612722), np.float64(232.14797692037115), np.float64(354.1625293521079), np.float64(346.91992970129576))"
3479,"((1, 19),)","(np.float64(0.10226121104611127),)","(np.float64(85.55476476111421),)"
3480,"((2, 3), (2, 6), (3, 6), (9, 15))","(np.float64(0.11609177193096334), np.float64(0.13667948664547105), np.float64(0.020590388368179648), np.float64(0.0682376387042502))","(np.float64(352.79073163942434), np.float64(352.9416311574632), np.float64(353.79243463936814), np.float64(211.38415204595574))"
3481,"((1, 7),)","(np.float64(0.008205364821761343),)","(np.float64(329.8524063053564),)"
3483,"((2, 15), (10, 18))","(np.float64(0.04380381014344936), np.float64(0.14049701772391937))","(np.float64(57.50963461602908), np.float64(236.99221615041523))"
3484,"((4, 10), (8, 17))","(np.float64(0.14893164730138686), np.float64(0.14291150081502946))","(np.float64(111.20724407765358), np.float64(232.46289903839033))"
3485,"((0, 10), (4, 9))","(np.float64(0.09601398486563892), np.float64(0.12111248672669746))","(np.float64(5.96288483638771), np.float64(350.55085314007755))"
3486,"((4, 14), (7, 19), (4, 13))","(np.float64(0.14801441536243062), np.float64(0.13784883821914767), np.float64(0.122113809506498))","(np.float64(12.144041370636529), np.float64(217.56057635037985), np.float64(192.5841457100956))"
3488,"((2, 9), (3, 19), (5, 19), (2, 10))","(np.float64(0.12683808843643193), np.float64(0.13025726519839798), np.float64(0.03341666640692642), np.float64(0.13597348105580068))","(np.float64(215.36768130986312), np.float64(130.015497240498), np.float64(287.4516565575633), np.float64(268.0032198323331))"
3489,"((0, 16), (0, 18))","(np.float64(0.09370639248756481), np.float64(0.13382105716910778))","(np.float64(185.7664236096247), np.float64(307.64578444258007))"
3490,"((10, 16), (10, 17))","(np.float64(0.12557066566538197), np.float64(0.052245068765901966))","(np.float64(158.64517756955414), np.float64(348.569096928008))"
3491,"((3, 13), (11, 17), (1, 11))","(np.float64(0.06649233788316279), np.float64(0.14972356980334525), np.float64(0.0298501471049975))","(np.float64(0.55692167715403), np.float64(49.72711293990988), np.float64(309.15080809114136))"
3492,"((2, 19),)","(np.float64(0.037170592612227445),)","(np.float64(224.88078137469248),)"
3493,"((3, 4), (4, 14), (7, 8), (0, 7), (0, 3))","(np.float64(0.10215915309136563), np.float64(0.08458515959864465), np.float64(0.11866706282806329), np.float64(0.04432059019642009), np.float64(0.13498272930253707))","(np.float64(130.64392374344257), np.float64(100.38338151972624), np.float64(163.02893188070328), np.float64(163.06456169957954), np.float64(259.166381257868))"
3494,"((6, 19),)","(np.float64(0.1493367324225811),)","(np.float64(50.32639818963545),)"
3495,"((6, 17),)","(np.float64(0.083585789894527),)","(np.float64(70.26846721219897),)"
3496,"((7, 17), (4, 14))","(np.float64(0.14502483274617398), np.float64(0.09456789951141908))","(np.float64(17.56077009544095), np.float64(73.61111567674799))"
3498,"((9, 13), (11, 15), (14, 16), (3, 14), (12, 18))","(np.float64(0.13542306135828094), np.float64(0.12478797575265473), np.float64(0.06931970644740311), np.float64(0.10554925516048662), np.float64(0.13277363925792354))","(np.float64(169.82534809545302), np.float64(283.4747636745401), np.float64(288.474802091264), np.float64(37.41663053370959), np.float64(175.97019358462086))"
3499,"((12, 16),)","(np.float64(0.13253262695388118),)","(np.float64(105.85075177744702),)"
3501,"((13, 19),)","(np.float64(0.14568417242909726),)","(np.float64(73.55784891858522),)"
3502,"((0, 8),)","(np.float64(0.1263346560077239),)","(np.float64(295.81553183573294),)"
3503,"((11, 19), (2, 8), (3, 16))","(np.float64(0.03075126499005333), np.float64(0.13622677751319007), np.float64(0.14602701641622817))","(np.float64(308.39039929854175), np.float64(290.7664667615678), np.float64(342.50012836990186))"
3504,"((5, 9),)","(np.float64(0.12915037624074707),)","(np.float64(257.4421055326346),)"
3505,"((14, 16),)","(np.float64(0.1394809882850581),)","(np.float64(121.38786171460944),)"
3506,"((14, 19), (11, 16), (1, 9), (9, 17))","(np.float64(0.1264810578548394), np.float64(0.10053540731920932), np.float64(0.14858327328672422), np.float64(0.13722936559934934))","(np.float64(296.6781579351194), np.float64(121.56193229203593), np.float64(294.4401989046752), np.float64(83.68679245509556))"
3509,"((3, 19), (14, 18))","(np.float64(0.1322176404578246), np.float64(0.09371299899789043))","(np.float64(136.7898045411045), np.float64(158.6062418318663))"
3510,"((12, 17), (13, 17))","(np.float64(0.12540313440199205), np.float64(0.036926643060716365))","(np.float64(112.54306229213317), np.float64(177.84107179661683))"
3511,"((1, 19),)","(np.float64(0.14016848917057104),)","(np.float64(292.88944031733564),)"
3512,"((10, 17), (1, 12))","(np.float64(0.12088507790521612), np.float64(0.14419438530140605))","(np.float64(107.73849104338386), np.float64(191.2828233028927))"
3513,"((5, 6),)","(np.float64(0.0678176185994157),)","(np.float64(149.31538908505107),)"
3514,"((11, 16),)","(np.float64(0.14089397193686368),)","(np.float64(42.77645592257686),)"
3515,"((0, 6),)","(np.float64(0.04444633633369034),)","(np.float64(166.36986323724364),)"
3516,"((4, 17), (6, 10), (6, 13), (10, 13))","(np.float64(0.06556685652552202), np.float64(0.11285418656159622), np.float64(0.14026405430996783), np.float64(0.11635340549067454))","(np.float64(259.6972381320137), np.float64(20.52633142315335), np.float64(73.93588925282184), np.float64(125.08346666787023))"
3517,"((9, 13), (17, 19), (10, 17))","(np.float64(0.09927021217932903), np.float64(0.13319316768728087), np.float64(0.14292485271058614))","(np.float64(291.3458600975909), np.float64(43.72940565571278), np.float64(123.67918843827289))"
3519,"((0, 18),)","(np.float64(0.13052044631458187),)","(np.float64(119.1017162926703),)"
3520,"((2, 14), (10, 12), (8, 19))","(np.float64(0.10765767377617477), np.float64(0.14616339975098458), np.float64(0.13628400943906988))","(np.float64(99.55756216317312), np.float64(14.144332531830516), np.float64(31.398428562031505))"
3521,"((0, 9), (0, 14), (9, 14), (13, 16))","(np.float64(0.06095159392969496), np.float64(0.012582255450849952), np.float64(0.057961991626978036), np.float64(0.12064815470400093))","(np.float64(261.48284156928105), np.float64(331.9113278082412), np.float64(69.68049268968691), np.float64(196.90493554927772))"
3522,"((9, 16),)","(np.float64(0.13630235934526),)","(np.float64(54.73786209683243),)"
3523,"((0, 5), (13, 15), (8, 15))","(np.float64(0.09925108659634821), np.float64(0.13451737801444408), np.float64(0.12936983774665473))","(np.float64(219.9392865576832), np.float64(248.92637770345289), np.float64(81.00642232625664))"
3524,"((1, 8), (0, 7))","(np.float64(0.12517923304661063), np.float64(0.14189948919654943))","(np.float64(278.5378452812806), np.float64(251.69838375214073))"
3525,"((2, 8),)","(np.float64(0.13852231428807452),)","(np.float64(271.9450518928038),)"
3526,"((5, 17), (6, 17), (9, 11), (6, 15))","(np.float64(0.1488145023073833), np.float64(0.10553851167545567), np.float64(0.1100936208819937), np.float64(0.11169405228372603))","(np.float64(295.97210811861146), np.float64(147.0017972194686), np.float64(138.87959225192645), np.float64(81.57412992117305))"
3527,"((0, 7), (0, 8), (5, 19), (7, 8))","(np.float64(0.04056035056894806), np.float64(0.10060906011485407), np.float64(0.07585387193467051), np.float64(0.14949249629231098))","(np.float64(301.90719012637595), np.float64(175.66142327844832), np.float64(179.53358099339127), np.float64(127.1574931267111))"
3528,"((7, 14), (3, 13))","(np.float64(0.14405626351738376), np.float64(0.12315765627665892))","(np.float64(339.89870000819934), np.float64(248.66358580447195))"
3529,"((1, 7), (7, 8), (9, 12), (12, 14), (2, 10))","(np.float64(0.05877561461749877), np.float64(0.12547984396048034), np.float64(0.12106994128950832), np.float64(0.148713734940013), np.float64(0.11939715301425179))","(np.float64(106.28801852082296), np.float64(154.8454683713613), np.float64(192.38583364960095), np.float64(210.91811676514234), np.float64(227.1677206378773))"
3530,"((3, 18), (5, 10), (11, 16), (0, 16))","(np.float64(0.14803532559443666), np.float64(0.13858024271342004), np.float64(0.11533951891366549), np.float64(0.14859678903113965))","(np.float64(29.366015286389864), np.float64(161.69110221679003), np.float64(22.809484028331003), np.float64(259.32257826163084))"
3533,"((2, 13), (8, 19), (1, 7))","(np.float64(0.1291758179317193), np.float64(0.14402157997461612), np.float64(0.14823129897475015))","(np.float64(207.19305813583492), np.float64(191.2151645468474), np.float64(221.69680984846843))"
3534,"((3, 15), (4, 11), (3, 8), (2, 11))","(np.float64(0.09753685417348786), np.float64(0.03652584142654462), np.float64(0.08955870672878107), np.float64(0.14867903692185877))","(np.float64(202.0083267040498), np.float64(2.2689169849590067), np.float64(317.0725818627641), np.float64(1.3938185384914275))"
3535,"((1, 11),)","(np.float64(0.12497421816438507),)","(np.float64(112.66986849946748),)"
3536,"((0, 11), (1, 16))","(np.float64(0.13476268735090227), np.float64(0.04271391312099395))","(np.float64(173.81466319190878), np.float64(251.48856876754195))"
3537,"((15, 17), (2, 12))","(np.float64(0.06536581366659892), np.float64(0.1373013557814603))","(np.float64(59.62360497308037), np.float64(239.96869052321193))"
3538,"((9, 15),)","(np.float64(0.03650184655381257),)","(np.float64(289.7949151518566),)"
3539,"((0, 12), (1, 13))","(np.float64(0.14028641305732625), np.float64(0.14719350376828377))","(np.float64(219.8711008118091), np.float64(335.74721199008735))"
3540,"((0, 16), (9, 19))","(np.float64(0.10623854056132011), np.float64(0.09190538017435995))","(np.float64(164.41808503426995), np.float64(319.22440473949746))"
3541,"((7, 10), (9, 14), (6, 13))","(np.float64(0.14340911569389442), np.float64(0.05452285640188352), np.float64(0.14257733720874155))","(np.float64(276.1287032681241), np.float64(8.091382836599106), np.float64(5.312945686425269))"
3542,"((2, 16), (11, 17), (13, 17))","(np.float64(0.10156973206064314), np.float64(0.04022687960296378), np.float64(0.09552779929538491))","(np.float64(226.68580643797046), np.float64(110.21518985485977), np.float64(98.68136381924256))"
3543,"((0, 3), (4, 16))","(np.float64(0.10211134531061111), np.float64(0.11031374077981136))","(np.float64(201.4873972037172), np.float64(41.344714633953174))"
3544,"((2, 15),)","(np.float64(0.13043899820865193),)","(np.float64(223.5287573054634),)"
3545,"((10, 18), (15, 16))","(np.float64(0.14010106926341634), np.float64(0.13506870211631575))","(np.float64(285.9087115508146), np.float64(160.68040129462636))"
3546,"((6, 15), (10, 15), (1, 14))","(np.float64(0.06995718631296993), np.float64(0.131734084916126), np.float64(0.13262711538989982))","(np.float64(217.20511904861374), np.float64(38.67336846435403), np.float64(208.55811748086893))"
3548,"((1, 2),)","(np.float64(0.11173322025607388),)","(np.float64(179.82900105234287),)"
3549,"((12, 15),)","(np.float64(0.020624324819067768),)","(np.float64(207.8119440005738),)"
3551,"((2, 4), (9, 13), (9, 18), (11, 17), (13, 18), (4, 6), (2, 6))","(np.float64(0.12799968801157977), np.float64(0.1361831942580888), np.float64(0.06581256460077078), np.float64(0.026909788743746058), np.float64(0.09561682421044815), np.float64(0.06604612134875812), np.float64(0.09282945626270939))","(np.float64(337.304463518207), np.float64(171.44047507515023), np.float64(211.42431454219823), np.float64(8.74135605256704), np.float64(325.19040891190514), np.float64(273.1413412228193), np.float64(347.6121589213648))"
3553,"((0, 18), (12, 14), (2, 13))","(np.float64(0.12055035493100864), np.float64(0.0870437720057423), np.float64(0.14706726702593775))","(np.float64(67.78689965184871), np.float64(283.02471042192565), np.float64(308.5581137609091))"
3556,"((1, 17), (5, 16), (6, 14))","(np.float64(0.030758903682755533), np.float64(0.12317152114968678), np.float64(0.14798450373961297))","(np.float64(250.50952055465837), np.float64(250.88539429066793), np.float64(10.072623117378317))"
3557,"((3, 19), (1, 19))","(np.float64(0.14388223020114146), np.float64(0.13886296094661268))","(np.float64(203.15695375616846), np.float64(265.62505402800286))"
3558,"((9, 13), (13, 17))","(np.float64(0.1498546935759902), np.float64(0.12157956736812428))","(np.float64(186.21666251951558), np.float64(39.51913050229272))"
3559,"((0, 17), (0, 12))","(np.float64(0.1323964459464261), np.float64(0.11589403319053501))","(np.float64(23.93832198524897), np.float64(272.67392260674023))"
3560,"((0, 19), (5, 16), (6, 11), (13, 17))","(np.float64(0.10601972676179791), np.float64(0.10310018459798938), np.float64(0.13003486276223847), np.float64(0.07261738284848722))","(np.float64(113.9107096587552), np.float64(114.66054312348163), np.float64(249.28725525914086), np.float64(228.49656484073424))"
3561,"((4, 9), (6, 17))","(np.float64(0.06307889209774242), np.float64(0.14712273477347124))","(np.float64(235.15016534462274), np.float64(51.137348130180676))"
3562,"((0, 5), (0, 13), (5, 13), (16, 18))","(np.float64(0.0773595926344305), np.float64(0.11828879249470318), np.float64(0.09998901314374825), np.float64(0.0570854583425166))","(np.float64(242.6006398459545), np.float64(299.5584343653648), np.float64(339.9904864103688), np.float64(282.90303879194965))"
3563,"((13, 16), (0, 11), (0, 9))","(np.float64(0.11474993933283113), np.float64(0.1383958750172246), np.float64(0.14636669006708902))","(np.float64(10.195689885817215), np.float64(308.4425804522016), np.float64(120.91600371103425))"
3564,"((7, 9),)","(np.float64(0.07881359601371717),)","(np.float64(107.50038470060407),)"
3565,"((2, 8),)","(np.float64(0.10803997613866421),)","(np.float64(31.94888250681163),)"
3566,"((4, 10), (4, 14), (4, 19), (6, 9), (10, 14), (10, 19), (0, 9), (6, 19), (2, 9), (2, 14), (8, 17))","(np.float64(0.0344134997045987), np.float64(0.13601183928217006), np.float64(0.1355657617332001), np.float64(0.02507210234471196), np.float64(0.1087767852880805), np.float64(0.1310297305188572), np.float64(0.06060521413923628), np.float64(0.13522231240307592), np.float64(0.11403454783043375), np.float64(0.12685902472475996), np.float64(0.11170664128632107))","(np.float64(84.53079216941745), np.float64(107.43909584270756), np.float64(324.4328666330364), np.float64(224.32402187561524), np.float64(170.9134847380835), np.float64(283.34544328013806), np.float64(61.74602085786215), np.float64(88.56557921952935), np.float64(302.82328994159246), np.float64(85.96639635332383), np.float64(125.71623138720024))"
3568,"((3, 11), (8, 9), (0, 9), (10, 18))","(np.float64(0.09272709530927745), np.float64(0.08516550783603345), np.float64(0.13642518935830047), np.float64(0.14614910579325585))","(np.float64(244.4040798955138), np.float64(266.07379818960385), np.float64(247.62765663918628), np.float64(184.64042771752705))"
3569,"((4, 17), (10, 15), (11, 15), (16, 18))","(np.float64(0.030145064262332377), np.float64(0.11738996685653837), np.float64(0.14746980677246538), np.float64(0.08855332401022073))","(np.float64(223.7021630640467), np.float64(219.38743328509324), np.float64(303.930865944933), np.float64(2.882974912355209))"
3570,"((10, 11), (13, 16), (16, 19))","(np.float64(0.13000653083465807), np.float64(0.0888601874361572), np.float64(0.1290124167097192))","(np.float64(256.618811346556), np.float64(178.59180338667298), np.float64(272.8365987840091))"
3571,"((1, 9),)","(np.float64(0.08137087145871336),)","(np.float64(320.4276123801287),)"
3573,"((1, 13),)","(np.float64(0.13487171506620452),)","(np.float64(264.3683740457643),)"
3574,"((8, 10),)","(np.float64(0.06791409186406447),)","(np.float64(326.19827144452404),)"
3575,"((4, 19), (7, 19))","(np.float64(0.03977864247341286), np.float64(0.14368738112886453))","(np.float64(245.05370078392434), np.float64(69.1827602730277))"
3576,"((1, 18), (7, 10), (7, 16), (10, 16), (3, 10))","(np.float64(0.09901922383360083), np.float64(0.040273177838722286), np.float64(0.11767086986816828), np.float64(0.14593328316165474), np.float64(0.1389630053522108))","(np.float64(101.18634936797945), np.float64(142.45111133334777), np.float64(270.395502295493), np.float64(282.96548516015804), np.float64(12.104329110197652))"
3577,"((4, 13), (7, 8), (4, 6))","(np.float64(0.048419866753102656), np.float64(0.12456894893576834), np.float64(0.01852596765713197))","(np.float64(18.01128002717474), np.float64(165.15455327526), np.float64(17.309768959622783))"
3579,"((3, 13), (6, 11))","(np.float64(0.1236328940551245), np.float64(0.11220362114369094))","(np.float64(188.75038936901788), np.float64(215.26620664353848))"
3580,"((15, 18),)","(np.float64(0.11517103130992042),)","(np.float64(212.32899625734515),)"
3581,"((0, 3), (8, 17), (9, 14))","(np.float64(0.020161246499344275), np.float64(0.03812081781679989), np.float64(0.14725624627855213))","(np.float64(298.8465058403072), np.float64(358.45417188390894), np.float64(71.85118752295135))"
3583,"((4, 7),)","(np.float64(0.11289979003365534),)","(np.float64(286.7492308720538),)"
3585,"((5, 13), (14, 16), (15, 16), (17, 19), (2, 11), (5, 17), (9, 15))","(np.float64(0.08207445984561043), np.float64(0.1361173901282966), np.float64(0.12640952510122788), np.float64(0.13068151501006356), np.float64(0.1280155134644388), np.float64(0.1463855279121395), np.float64(0.14105892150804392))","(np.float64(356.8098482379911), np.float64(222.9576136253494), np.float64(24.75745890340468), np.float64(6.610398528976504), np.float64(208.98127795978502), np.float64(347.2773581953714), np.float64(280.27048915314407))"
3586,"((0, 17), (0, 19), (17, 19), (10, 18))","(np.float64(0.13872559671694426), np.float64(0.10753349311250082), np.float64(0.12707132100728044), np.float64(0.14031457031431777))","(np.float64(244.3281902322401), np.float64(183.76221730116615), np.float64(111.8065302559507), np.float64(162.27551168765783))"
3587,"((7, 16), (15, 18), (1, 13))","(np.float64(0.12456724414623017), np.float64(0.08927342520361432), np.float64(0.14790210688106445))","(np.float64(128.88474093827156), np.float64(217.65409570218753), np.float64(0.7206813309465733))"
3590,"((0, 8), (2, 5), (3, 9), (11, 18))","(np.float64(0.141314447010528), np.float64(0.12342204677182703), np.float64(0.08862372486945268), np.float64(0.14750116064898944))","(np.float64(120.82469941649337), np.float64(293.0762786709477), np.float64(175.49206811677792), np.float64(337.81271603393))"
3591,"((5, 8), (15, 18))","(np.float64(0.14392110081568193), np.float64(0.11454550221859358))","(np.float64(183.04842341132985), np.float64(263.0831896753691))"
3592,"((4, 18), (5, 16))","(np.float64(0.04754860795764706), np.float64(0.06458630999133604))","(np.float64(225.67564587711476), np.float64(45.84553301975291))"
3593,"((2, 13), (14, 15))","(np.float64(0.10275907809677565), np.float64(0.06216478922368444))","(np.float64(291.86232277907794), np.float64(341.43260909637456))"
3594,"((11, 14),)","(np.float64(0.1200988259799817),)","(np.float64(68.70321436130249),)"
3595,"((11, 17), (12, 19))","(np.float64(0.11059473629452934), np.float64(0.14760455989403))","(np.float64(239.4595270476628), np.float64(69.3672488157765))"
3596,"((9, 19),)","(np.float64(0.12858954758509208),)","(np.float64(342.41839560236104),)"
3598,"((1, 12), (3, 7), (11, 12), (8, 19))","(np.float64(0.1398399734387341), np.float64(0.1001245633957553), np.float64(0.13749728816582796), np.float64(0.14652817067332122))","(np.float64(53.71206624934458), np.float64(77.649657244462), np.float64(178.69270162487217), np.float64(54.373804771794674))"
3599,"((4, 13),)","(np.float64(0.053289498211820614),)","(np.float64(24.033434051223637),)"
3600,"((0, 3), (5, 15), (17, 19))","(np.float64(0.1479107522356556), np.float64(0.03604544303074412), np.float64(0.09351060831658868))","(np.float64(319.8851056474899), np.float64(74.57133498898553), np.float64(314.1905281917401))"
3601,"((2, 17), (7, 19), (8, 12))","(np.float64(0.13397081080980391), np.float64(0.13025700301252752), np.float64(0.148003583755382))","(np.float64(58.371725999933886), np.float64(225.96919238973018), np.float64(201.69463118428817))"
3602,"((2, 4), (3, 14), (5, 10), (14, 19), (10, 19), (2, 6))","(np.float64(0.08014961527588135), np.float64(0.12943310548351475), np.float64(0.11141326007173126), np.float64(0.13792382630091174), np.float64(0.13952167014339628), np.float64(0.13654454326195112))","(np.float64(87.09039053469282), np.float64(109.60765605201023), np.float64(254.14312949544916), np.float64(136.19607192505347), np.float64(46.899825809915164), np.float64(279.73453996221707))"
3603,"((3, 15),)","(np.float64(0.12756822546054822),)","(np.float64(160.1443014032443),)"
3604,"((4, 6), (16, 17))","(np.float64(0.11886262666093488), np.float64(0.12328817645232892))","(np.float64(1.185283206923261), np.float64(229.02510596649955))"
3605,"((10, 19), (10, 17), (3, 17))","(np.float64(0.1250831213277345), np.float64(0.10049348674281579), np.float64(0.129704452196011))","(np.float64(332.77661198495554), np.float64(87.59697354212747), np.float64(83.8662521904757))"
3606,"((5, 7), (5, 13), (7, 13), (8, 12), (0, 10))","(np.float64(0.10733752930075607), np.float64(0.06973180476011476), np.float64(0.09532251854542334), np.float64(0.1392886014033778), np.float64(0.14910737825474746))","(np.float64(195.38560253953534), np.float64(111.39518408882817), np.float64(26.913791751636623), np.float64(92.834805509026), np.float64(315.765308465672))"
3608,"((10, 18), (2, 19))","(np.float64(0.1445788421346992), np.float64(0.08842395441851848))","(np.float64(10.866944849353297), np.float64(100.51749209722304))"
3609,"((1, 6),)","(np.float64(0.009173828715474291),)","(np.float64(219.16612900669097),)"
3610,"((2, 9),)","(np.float64(0.14091301375180101),)","(np.float64(310.8081746734413),)"
3611,"((5, 6),)","(np.float64(0.07239433036962908),)","(np.float64(268.1872747733078),)"
3612,"((4, 10), (4, 15), (6, 7), (7, 10))","(np.float64(0.10975696237261912), np.float64(0.11452343577018984), np.float64(0.10887805702655877), np.float64(0.08955043971547423))","(np.float64(93.36728959123366), np.float64(7.593935683857582), np.float64(332.3377609722587), np.float64(336.75690142476736))"
3613,"((9, 10),)","(np.float64(0.11663139442394602),)","(np.float64(58.15068649148315),)"
3614,"((4, 8),)","(np.float64(0.1200369268114299),)","(np.float64(159.7160168846522),)"
3615,"((8, 9), (6, 19))","(np.float64(0.00828848997178566), np.float64(0.1444349951671134))","(np.float64(315.88436314823866), np.float64(3.9134728064332003))"
3616,"((2, 16),)","(np.float64(0.133549124387059),)","(np.float64(284.3082897675155),)"
3617,"((6, 11), (2, 17))","(np.float64(0.0780634266216838), np.float64(0.11592923663057085))","(np.float64(153.66591081375716), np.float64(174.16947296655917))"
3619,"((5, 6),)","(np.float64(0.13530548685659602),)","(np.float64(234.99613637863416),)"
3620,"((1, 7), (1, 12), (5, 8), (7, 12), (9, 17), (7, 14))","(np.float64(0.10830597389133481), np.float64(0.0962497910323106), np.float64(0.0649472958833698), np.float64(0.014885884309036422), np.float64(0.10012460735623015), np.float64(0.1137992874068406))","(np.float64(88.14669275710725), np.float64(83.24521909042079), np.float64(50.03203429800131), np.float64(301.68248169184835), np.float64(171.5190777386615), np.float64(95.40736505347833))"
3621,"((7, 17), (11, 14), (13, 14))","(np.float64(0.12795683553931708), np.float64(0.1107391980824687), np.float64(0.1376514685417578))","(np.float64(116.87358245723917), np.float64(88.85836972682881), np.float64(282.316477830978))"
3622,"((0, 8), (10, 15), (14, 19))","(np.float64(0.07620550219739561), np.float64(0.07167293616199988), np.float64(0.0594397573842652))","(np.float64(121.52647625764354), np.float64(196.8015594070451), np.float64(326.88929428147355))"
3623,"((10, 16), (12, 16))","(np.float64(0.1357220169283195), np.float64(0.11836475416617452))","(np.float64(14.737674283610847), np.float64(67.02433355458116))"
3624,"((1, 4), (1, 8), (4, 8), (6, 16))","(np.float64(0.14795473887618701), np.float64(0.13921823319794768), np.float64(0.13030461864198772), np.float64(0.11999093775697998))","(np.float64(147.5311788723764), np.float64(93.66710354338714), np.float64(27.173405135798983), np.float64(103.03081430790579))"
3625,"((7, 16), (10, 12))","(np.float64(0.1434454291681976), np.float64(0.0996526280354882))","(np.float64(215.71115566609234), np.float64(207.5844044039631))"
3626,"((6, 14), (11, 17), (4, 18))","(np.float64(0.14287761922324851), np.float64(0.1404483144219699), np.float64(0.1414942778115322))","(np.float64(99.62687883771154), np.float64(168.7893258888693), np.float64(314.7551412102127))"
3627,"((5, 10), (10, 18), (1, 8), (1, 10))","(np.float64(0.10450637613750607), np.float64(0.14410285172899598), np.float64(0.1258194786372733), np.float64(0.11993097667176983))","(np.float64(155.03505441359485), np.float64(156.653624738047), np.float64(209.2852307972049), np.float64(321.7748286208261))"
3628,"((0, 18), (7, 17))","(np.float64(0.09971925400861877), np.float64(0.14886775264141178))","(np.float64(148.87917492973637), np.float64(217.87485278214976))"
3629,"((5, 18), (5, 12), (5, 13))","(np.float64(0.14251378291264308), np.float64(0.029203725221364666), np.float64(0.1446817304934769))","(np.float64(61.56099879227075), np.float64(83.02594289973852), np.float64(284.4747334375947))"
3630,"((3, 8), (5, 16), (7, 13), (0, 14))","(np.float64(0.1314434758753894), np.float64(0.13681399548998818), np.float64(0.0860989895864809), np.float64(0.13751274991333362))","(np.float64(346.85132860977797), np.float64(187.22960728917502), np.float64(43.694524362828794), np.float64(256.13195547741174))"
3631,"((9, 15),)","(np.float64(0.09206960245993145),)","(np.float64(38.94828934565499),)"
3632,"((6, 14), (12, 14), (3, 7), (4, 14))","(np.float64(0.045320455033530056), np.float64(0.14204106272577907), np.float64(0.1497190512077366), np.float64(0.09255588285253483))","(np.float64(269.5678743026405), np.float64(16.541998672242297), np.float64(212.58676051862636), np.float64(259.0325886828347))"
3633,"((1, 8), (3, 7))","(np.float64(0.1298884168298879), np.float64(0.09686377183625496))","(np.float64(147.15331674297983), np.float64(221.43218347448507))"
3634,"((4, 12), (8, 17), (6, 11), (8, 19), (13, 15))","(np.float64(0.11811719829742866), np.float64(0.14512653121180055), np.float64(0.11175570178850974), np.float64(0.14399816806229992), np.float64(0.1426414610433821))","(np.float64(156.75822605037155), np.float64(293.7782401694358), np.float64(224.27646880681166), np.float64(15.838728368364082), np.float64(80.57444070144932))"
3636,"((2, 11), (3, 15), (6, 18), (7, 12))","(np.float64(0.14669831854065035), np.float64(0.03125665414565302), np.float64(0.13778107934248393), np.float64(0.14931779894061994))","(np.float64(111.89476972486756), np.float64(76.2257413362221), np.float64(133.7350346788162), np.float64(99.12484631109156))"
3638,"((15, 17), (1, 17))","(np.float64(0.07986790953286367), np.float64(0.14012447548386514))","(np.float64(152.26200836347357), np.float64(348.77435264801704))"
3639,"((1, 12), (14, 18))","(np.float64(0.09475272687052176), np.float64(0.11159015899532587))","(np.float64(84.08655476496287), np.float64(98.33961262220619))"
3640,"((10, 15), (9, 15), (8, 15))","(np.float64(0.05488176118322941), np.float64(0.14892485591716723), np.float64(0.09144793144704552))","(np.float64(321.1020202651684), np.float64(350.28968521526156), np.float64(314.94366420242807))"
3641,"((7, 12), (7, 9))","(np.float64(0.13659177343679718), np.float64(0.14065101903543684))","(np.float64(95.27412865507202), np.float64(291.3984252450658))"
3642,"((7, 11),)","(np.float64(0.12754822559444542),)","(np.float64(149.66098924982617),)"
3643,"((1, 18), (3, 11))","(np.float64(0.11072846899414854), np.float64(0.1424772833204148))","(np.float64(242.0531105999127), np.float64(322.9131089727081))"
3644,"((0, 12), (4, 9))","(np.float64(0.129495250565255), np.float64(0.08708562401095593))","(np.float64(160.94470908201285), np.float64(191.96906400726252))"
3645,"((5, 11),)","(np.float64(0.13596884165251122),)","(np.float64(12.236673818144167),)"
3646,"((5, 15), (5, 9))","(np.float64(0.11658224195552012), np.float64(0.14991696902947843))","(np.float64(22.43351854774177), np.float64(316.1219099548423))"
3648,"((12, 16),)","(np.float64(0.08892456804716518),)","(np.float64(137.91978231840017),)"
3649,"((1, 18), (6, 9), (6, 10), (9, 10), (11, 15), (3, 9))","(np.float64(0.10595082562283199), np.float64(0.13446137425665783), np.float64(0.06684305758628112), np.float64(0.10609539100234723), np.float64(0.10064098372143826), np.float64(0.13573983798908773))","(np.float64(290.62896192656916), np.float64(119.70646332002912), np.float64(68.6206234452968), np.float64(329.0617157444081), np.float64(150.93990739869307), np.float64(325.30931657230747))"
3651,"((2, 16), (11, 15), (8, 14))","(np.float64(0.12744979013056187), np.float64(0.1169017516986614), np.float64(0.13845705535403058))","(np.float64(248.51605808377042), np.float64(49.40730392983282), np.float64(263.02178627731877))"
3653,"((8, 12), (8, 14), (10, 19), (11, 19))","(np.float64(0.14414712536267968), np.float64(0.05776752784075837), np.float64(0.10945970388669994), np.float64(0.044340795391399866))","(np.float64(307.5148216423549), np.float64(72.90634541366711), np.float64(150.8570915890686), np.float64(282.4360022015077))"
3654,"((6, 13), (2, 15))","(np.float64(0.011885695363415516), np.float64(0.11772278540144329))","(np.float64(314.71154964994435), np.float64(346.2972430642519))"
3655,"((0, 4), (2, 11), (15, 18), (3, 10))","(np.float64(0.08598263087791984), np.float64(0.14881204253410027), np.float64(0.12622007738988547), np.float64(0.13674651073426444))","(np.float64(193.88806208235758), np.float64(62.076315506627644), np.float64(198.61301411436983), np.float64(71.77717932717889))"
3657,"((1, 7), (2, 8))","(np.float64(0.14721027836710304), np.float64(0.12482881436880447))","(np.float64(1.3282663850774847), np.float64(244.59137958341245))"
3658,"((3, 19), (6, 15))","(np.float64(0.11175516470355135), np.float64(0.14671642949972183))","(np.float64(220.12851876658226), np.float64(75.73934001744755))"
3659,"((1, 16), (8, 11))","(np.float64(0.11044277963480076), np.float64(0.14653195737942967))","(np.float64(299.11101875126053), np.float64(56.95039225015117))"
3661,"((10, 11),)","(np.float64(0.026791074430319597),)","(np.float64(178.83824633448063),)"
3662,"((2, 3), (14, 16), (15, 17), (9, 14))","(np.float64(0.10526480447969754), np.float64(0.062092045410754255), np.float64(0.14532443861966193), np.float64(0.12865912784348663))","(np.float64(259.68407863043), np.float64(220.8057393563984), np.float64(331.8976900002716), np.float64(37.61492361120637))"
3663,"((1, 13), (10, 12))","(np.float64(0.13903375608315124), np.float64(0.1335054968571202))","(np.float64(348.12129130263054), np.float64(277.21719618371435))"
3664,"((8, 19),)","(np.float64(0.12337736934346052),)","(np.float64(312.20583949946706),)"
3665,"((2, 12), (9, 15), (15, 18), (16, 17))","(np.float64(0.07377525813167433), np.float64(0.14988681601011278), np.float64(0.1482338742743463), np.float64(0.07486815895719832))","(np.float64(318.2678970994895), np.float64(239.94480586978995), np.float64(240.34503816152676), np.float64(272.91895385856856))"
3667,"((1, 14), (6, 10), (6, 18), (4, 17), (3, 15))","(np.float64(0.14538552085748382), np.float64(0.13024143292926846), np.float64(0.14438213488474075), np.float64(0.14145740261984552), np.float64(0.04569768582562308))","(np.float64(84.1263876961943), np.float64(60.678628735380066), np.float64(344.9557929960052), np.float64(44.4549501954124), np.float64(70.40121883123466))"
3669,"((6, 9), (7, 10), (8, 14))","(np.float64(0.11568979111656168), np.float64(0.12873296324298758), np.float64(0.09853222069693078))","(np.float64(47.408528790809015), np.float64(342.93895455029286), np.float64(87.65949218914379))"
3670,"((0, 11), (3, 14))","(np.float64(0.08494512654922809), np.float64(0.14746602768102296))","(np.float64(323.1135031258129), np.float64(183.35539414972908))"
3671,"((2, 19), (13, 17))","(np.float64(0.11520642314470286), np.float64(0.11618416348661077))","(np.float64(312.29711014106874), np.float64(76.05631716093492))"
3672,"((2, 7), (6, 18), (8, 13))","(np.float64(0.10294980624495739), np.float64(0.11890545857969904), np.float64(0.07776571548249148))","(np.float64(336.41846084479363), np.float64(221.65812399632145), np.float64(73.13566124946267))"
3674,"((5, 6), (6, 10), (5, 10))","(np.float64(0.12267197834639124), np.float64(0.1413740766958985), np.float64(0.12005638277781891))","(np.float64(46.80663724184084), np.float64(302.2169600700043), np.float64(337.1650761352256))"
3675,"((1, 4), (1, 15), (8, 14), (10, 11), (17, 19))","(np.float64(0.05050435824813827), np.float64(0.14072427348578861), np.float64(0.09974048084028946), np.float64(0.14890423071594652), np.float64(0.12534691287876293))","(np.float64(223.60358955366968), np.float64(72.47271227867415), np.float64(136.12079465599035), np.float64(195.22382432100395), np.float64(19.989344789108202))"
3676,"((12, 18),)","(np.float64(0.09019161825795056),)","(np.float64(97.90457329200709),)"
3677,"((1, 19),)","(np.float64(0.13424073693933672),)","(np.float64(20.32489424125729),)"
3678,"((9, 16),)","(np.float64(0.13779202996708742),)","(np.float64(300.9493189382762),)"
3679,"((14, 19), (6, 18))","(np.float64(0.09293476125718746), np.float64(0.13696067886853444))","(np.float64(311.4748521161208), np.float64(72.97073274555203))"
3680,"((3, 11),)","(np.float64(0.12181801018080188),)","(np.float64(89.59519008197542),)"
3682,"((0, 8), (12, 15), (5, 12))","(np.float64(0.0748752266158789), np.float64(0.14988992783921995), np.float64(0.11766372339407258))","(np.float64(294.4144452658763), np.float64(311.8622018425684), np.float64(312.4254312642062))"
3683,"((0, 19),)","(np.float64(0.1398077491042398),)","(np.float64(339.08321798080595),)"
3684,"((13, 17), (9, 17), (1, 11))","(np.float64(0.12426581899976522), np.float64(0.13878544220695874), np.float64(0.14964570931876325))","(np.float64(198.6826050047977), np.float64(340.3892689094604), np.float64(149.78666489722016))"
3685,"((5, 13), (7, 9))","(np.float64(0.14086624583687743), np.float64(0.08283021882773865))","(np.float64(75.92192616125034), np.float64(132.5351382270875))"
3686,"((9, 19), (1, 17))","(np.float64(0.05369977302122195), np.float64(0.14164138459625275))","(np.float64(190.38316592656392), np.float64(336.6496190170468))"
3687,"((5, 11), (8, 9))","(np.float64(0.12540746652462073), np.float64(0.026052198315421052))","(np.float64(73.45574262774706), np.float64(241.7150911687012))"
3688,"((2, 16), (6, 18), (7, 14))","(np.float64(0.11413508557693333), np.float64(0.07420548232988633), np.float64(0.14034549896738926))","(np.float64(352.553150115165), np.float64(78.72739159080042), np.float64(245.06973953617776))"
3689,"((2, 11), (14, 18), (0, 18))","(np.float64(0.024891284863850286), np.float64(0.06538211692783748), np.float64(0.14963461430663946))","(np.float64(314.66688791082777), np.float64(45.30831545656109), np.float64(314.9698538455024))"
3690,"((1, 12), (11, 16))","(np.float64(0.1354764048961453), np.float64(0.1470468043928481))","(np.float64(137.62992154884213), np.float64(233.0412285865785))"
3691,"((7, 14), (8, 15))","(np.float64(0.03507375148465832), np.float64(0.04672723635086239))","(np.float64(169.49585044991215), np.float64(116.30208640024408))"
3693,"((7, 18),)","(np.float64(0.14899204732159727),)","(np.float64(17.210486219260055),)"
3694,"((10, 11),)","(np.float64(0.1445079284035308),)","(np.float64(190.0979405762697),)"
3695,"((6, 18),)","(np.float64(0.14755007421286775),)","(np.float64(54.36567299150476),)"
3696,"((12, 14),)","(np.float64(0.06723197342753698),)","(np.float64(60.92738766794073),)"
3697,"((0, 17), (3, 5), (5, 16), (9, 14))","(np.float64(0.07881145104000045), np.float64(0.13998327596426038), np.float64(0.1341910373161563), np.float64(0.09169179839519263))","(np.float64(61.98950579115438), np.float64(216.2844249068526), np.float64(13.068882757643252), np.float64(233.31088871692504))"
3698,"((3, 18), (11, 13), (12, 18))","(np.float64(0.10183098663043265), np.float64(0.12480865015467119), np.float64(0.12676932147794487))","(np.float64(163.72636891726782), np.float64(108.44277116678803), np.float64(35.29972447227346))"
3699,"((4, 17), (7, 15), (13, 14), (8, 13), (2, 13))","(np.float64(0.12341928141008549), np.float64(0.10882436026869356), np.float64(0.10489065756611045), np.float64(0.11437774926060576), np.float64(0.04675948701695317))","(np.float64(130.07078694618713), np.float64(235.74454897905355), np.float64(1.6868239770319229), np.float64(26.57399237197066), np.float64(9.79403407946768))"
3700,"((1, 11), (7, 13), (8, 19), (10, 16))","(np.float64(0.06068754222273447), np.float64(0.12378181326187551), np.float64(0.10741100263524299), np.float64(0.09247337132272364))","(np.float64(34.64405421495612), np.float64(193.56211020713937), np.float64(276.0408084956663), np.float64(146.14014681412908))"
3701,"((4, 9), (10, 17), (2, 4), (4, 19), (4, 12))","(np.float64(0.1328201460623083), np.float64(0.13052929243469347), np.float64(0.14615227411813136), np.float64(0.1312397150525206), np.float64(0.07795192180461431))","(np.float64(22.763814066374326), np.float64(191.86598239418336), np.float64(328.97176558323235), np.float64(322.77034507277347), np.float64(224.76407606521042))"
3702,"((3, 17), (6, 12), (9, 10), (15, 18))","(np.float64(0.1384743445872557), np.float64(0.1332202536498926), np.float64(0.09503758225702437), np.float64(0.054981165862149774))","(np.float64(39.31043476362756), np.float64(232.5870795545705), np.float64(200.0307328062054), np.float64(306.84411554726864))"
3703,"((5, 10), (10, 17), (11, 15), (5, 17), (3, 13))","(np.float64(0.14039745263862496), np.float64(0.02774046863122545), np.float64(0.07658199485324596), np.float64(0.1349902180443852), np.float64(0.13106574124317716))","(np.float64(340.8581630503659), np.float64(39.53717341210377), np.float64(125.33908367998546), np.float64(326.3792512034953), np.float64(347.0437439092666))"
3704,"((3, 19), (15, 18))","(np.float64(0.030508729646313477), np.float64(0.03760613903871465))","(np.float64(193.14563840350291), np.float64(30.79993597843572))"
3705,"((2, 3), (4, 7), (14, 16))","(np.float64(0.1044045958043633), np.float64(0.1283860241503566), np.float64(0.11858653622851674))","(np.float64(157.46857237041007), np.float64(246.7866540050884), np.float64(320.1599395001283))"
3706,"((15, 18),)","(np.float64(0.05038171798630536),)","(np.float64(167.17298456742023),)"
3707,"((2, 6), (10, 17), (13, 14))","(np.float64(0.09217638682337782), np.float64(0.10925577466403379), np.float64(0.05808349970446759))","(np.float64(236.85335710383197), np.float64(71.89299461692029), np.float64(225.69820398729692))"
3708,"((4, 13), (13, 18))","(np.float64(0.14851862573968536), np.float64(0.13027673030757247))","(np.float64(28.868896565960487), np.float64(69.70022555849845))"
3710,"((3, 6),)","(np.float64(0.11859075771563803),)","(np.float64(4.5080484388810165),)"
3711,"((0, 11), (4, 13))","(np.float64(0.07533257273670924), np.float64(0.07783318179477346))","(np.float64(166.4641858327662), np.float64(357.075542639599))"
3712,"((1, 11), (9, 10), (11, 15))","(np.float64(0.1384283886220641), np.float64(0.1451881663081889), np.float64(0.13438678501911597))","(np.float64(111.59588657663846), np.float64(184.67272526396815), np.float64(66.5540758382907))"
3713,"((9, 11),)","(np.float64(0.10139738549925226),)","(np.float64(47.07810796598921),)"
3714,"((1, 5), (1, 12), (1, 15))","(np.float64(0.10023869508728935), np.float64(0.12907026188520257), np.float64(0.1329993961086942))","(np.float64(95.60589958929975), np.float64(316.9699958975565), np.float64(328.3490015506027))"
3715,"((10, 19), (5, 12), (4, 12))","(np.float64(0.06075266049232537), np.float64(0.13913648556057692), np.float64(0.13422880153783823))","(np.float64(75.7043699860819), np.float64(263.4789060131668), np.float64(231.26234201009393))"
3716,"((11, 13),)","(np.float64(0.10474744665559019),)","(np.float64(246.40297963539146),)"
3718,"((0, 12), (8, 10), (5, 15))","(np.float64(0.12233497151659622), np.float64(0.05770053934927153), np.float64(0.12459765285946144))","(np.float64(297.4975653964118), np.float64(274.1595569711398), np.float64(271.66431990618435))"
3719,"((1, 10),)","(np.float64(0.1282571346571414),)","(np.float64(53.19793332259257),)"
3720,"((3, 17), (4, 16), (7, 15))","(np.float64(0.14957586756200503), np.float64(0.12714177925010714), np.float64(0.13492517559160092))","(np.float64(124.10717189565186), np.float64(41.30445117043702), np.float64(350.80502959522073))"
3722,"((15, 19),)","(np.float64(0.1462953098416054),)","(np.float64(137.90626335517877),)"
3723,"((14, 19), (0, 14))","(np.float64(0.13539629665894995), np.float64(0.14067780652160677))","(np.float64(44.91214572903808), np.float64(235.86900748932754))"
3724,"((5, 19),)","(np.float64(0.13514963455320275),)","(np.float64(100.75973765859432),)"
3725,"((9, 14), (1, 12))","(np.float64(0.12177146532812834), np.float64(0.1377193093441334))","(np.float64(215.2506711636415), np.float64(332.6668611390002))"
3727,"((8, 12),)","(np.float64(0.05280048064209709),)","(np.float64(61.789732925401616),)"
3728,"((8, 13),)","(np.float64(0.06166380862611265),)","(np.float64(82.20941800430522),)"
3729,"((4, 15),)","(np.float64(0.079285405036059),)","(np.float64(112.87288763129447),)"
3733,"((1, 3), (3, 18), (9, 13))","(np.float64(0.11542721744151492), np.float64(0.07011097670047693), np.float64(0.10099450478732708))","(np.float64(301.5980865673472), np.float64(206.23429070468964), np.float64(256.12633666931293))"
3734,"((0, 6), (11, 17))","(np.float64(0.12561740155092066), np.float64(0.08444077654158781))","(np.float64(150.4446227532869), np.float64(284.21588640783796))"
3735,"((0, 4), (12, 15), (14, 16), (18, 19), (4, 11))","(np.float64(0.11392070221206729), np.float64(0.12219851518269918), np.float64(0.06563814419249689), np.float64(0.14371563089127978), np.float64(0.14934109582796432))","(np.float64(178.42013129076417), np.float64(126.51407761006813), np.float64(241.86956769987697), np.float64(196.17159697935523), np.float64(238.58012271240176))"
3736,"((2, 13), (2, 17), (4, 16), (5, 10), (7, 16), (13, 17), (4, 7))","(np.float64(0.14920215209708382), np.float64(0.091758669519341), np.float64(0.07980267710837537), np.float64(0.13842358140195654), np.float64(0.12866687065905405), np.float64(0.07011218308825035), np.float64(0.1043104035832246))","(np.float64(6.664777928437964), np.float64(26.447787442947586), np.float64(185.62297882927774), np.float64(237.59730405325155), np.float64(89.89850567801372), np.float64(160.37298776666069), np.float64(199.74226560002492))"
3737,"((11, 19),)","(np.float64(0.13280525620857891),)","(np.float64(61.317031291010835),)"
3738,"((1, 2), (3, 14))","(np.float64(0.013944234024646028), np.float64(0.006176113541185541))","(np.float64(324.37270429907915), np.float64(125.01172946955839))"
3739,"((4, 9), (13, 18))","(np.float64(0.14041461234837188), np.float64(0.11043381943142905))","(np.float64(227.1971199552842), np.float64(182.57568539858542))"
3740,"((0, 5),)","(np.float64(0.10929041504142123),)","(np.float64(199.70642849170233),)"
3741,"((1, 12), (5, 19), (5, 18), (7, 19))","(np.float64(0.07192900235520165), np.float64(0.14080381829220479), np.float64(0.1478479863862118), np.float64(0.10848223903456461))","(np.float64(87.29718529392427), np.float64(340.97847515292943), np.float64(342.8582784621592), np.float64(18.314597429114926))"
3742,"((12, 13), (3, 15))","(np.float64(0.1494390358019131), np.float64(0.09954861204652285))","(np.float64(249.5630671715774), np.float64(197.17557449500097))"
3744,"((0, 18),)","(np.float64(0.1296525622359269),)","(np.float64(81.60309564613046),)"
3746,"((4, 13),)","(np.float64(0.1267831745269237),)","(np.float64(203.4081512834853),)"
3748,"((9, 11), (9, 15))","(np.float64(0.10854594734238093), np.float64(0.028463517093147216))","(np.float64(72.78270996550594), np.float64(122.61113689852878))"
3751,"((0, 5),)","(np.float64(0.10926885889165373),)","(np.float64(111.8853847999031),)"
3752,"((0, 10), (3, 17), (1, 10))","(np.float64(0.07171575584646987), np.float64(0.12738923330990115), np.float64(0.13516321624364575))","(np.float64(6.800687318710259), np.float64(348.7650471697731), np.float64(220.67234316190238))"
3753,"((0, 9), (1, 11), (6, 9), (6, 11))","(np.float64(0.0759513124520846), np.float64(0.10291558477276849), np.float64(0.06123592078041656), np.float64(0.09301629702065196))","(np.float64(183.28162328482637), np.float64(1.1823472362472995), np.float64(47.629284805201664), np.float64(174.469790961211))"
3755,"((0, 13), (2, 5), (2, 18), (5, 18), (6, 15), (12, 19), (12, 18), (2, 12), (13, 19))","(np.float64(0.13605399687729028), np.float64(0.020449448065351858), np.float64(0.12042003349318357), np.float64(0.11578895212733843), np.float64(0.10096495792062579), np.float64(0.12831859848131968), np.float64(0.059203202691535596), np.float64(0.12563587074058374), np.float64(0.13650663099814184))","(np.float64(294.20768671546205), np.float64(141.87338288307265), np.float64(213.99285622587527), np.float64(223.6691965595668), np.float64(63.041441298286635), np.float64(51.37483334963383), np.float64(329.6087212601866), np.float64(128.1730478301726), np.float64(87.57600350407974))"
3756,"((2, 8), (3, 12))","(np.float64(0.05286978777677322), np.float64(0.061208918758955407))","(np.float64(178.3546233320423), np.float64(11.795669047033723))"
3757,"((4, 10), (11, 18), (9, 18))","(np.float64(0.061136655485555275), np.float64(0.14666371015169247), np.float64(0.14512390782068207))","(np.float64(307.3488198064504), np.float64(78.74900460294853), np.float64(290.9978548870566))"
3758,"((1, 10),)","(np.float64(0.08921272574051778),)","(np.float64(126.14848902250232),)"
3759,"((2, 11), (10, 12))","(np.float64(0.14200848002156058), np.float64(0.1298964405826694))","(np.float64(334.21893374202995), np.float64(329.6465253748655))"
3760,"((6, 17),)","(np.float64(0.12213495543866253),)","(np.float64(174.42668051466515),)"
3762,"((14, 16),)","(np.float64(0.13246664702138386),)","(np.float64(123.88584822047271),)"
3763,"((15, 18),)","(np.float64(0.11873154165000109),)","(np.float64(118.04207280787752),)"
3764,"((7, 16),)","(np.float64(0.13980215115308942),)","(np.float64(312.35832926975183),)"
3766,"((4, 10), (4, 16), (9, 16), (10, 16))","(np.float64(0.1318463926858276), np.float64(0.10852756662402736), np.float64(0.12331588968338071), np.float64(0.03576481841861178))","(np.float64(142.11350513188705), np.float64(124.60943750444216), np.float64(231.8170052656391), np.float64(123.42481597682772))"
3767,"((1, 5), (6, 11), (8, 11), (9, 19))","(np.float64(0.0739402722542916), np.float64(0.14887994470052865), np.float64(0.04676848742782247), np.float64(0.09091649668679148))","(np.float64(308.5150493405329), np.float64(46.26062100028545), np.float64(194.85612625576962), np.float64(260.6722198054649))"
3768,"((5, 16),)","(np.float64(0.13750646721552343),)","(np.float64(239.98684508205537),)"
3769,"((1, 2), (8, 15))","(np.float64(0.14017018939508946), np.float64(0.1480669279606139))","(np.float64(78.72769990238211), np.float64(46.79241834347343))"
3770,"((4, 13),)","(np.float64(0.14837082744361746),)","(np.float64(352.0504464803797),)"
3771,"((4, 18), (5, 7), (15, 16), (3, 15), (2, 7), (5, 16))","(np.float64(0.14970999866914683), np.float64(0.14141154922859164), np.float64(0.06697586997814742), np.float64(0.10757587191206608), np.float64(0.12006962019747688), np.float64(0.14926459482864268))","(np.float64(73.83898526552007), np.float64(333.2543784558304), np.float64(2.968175526904975), np.float64(324.5423225195438), np.float64(218.46983306785887), np.float64(179.91546709880367))"
3772,"((0, 6),)","(np.float64(0.11470544268798202),)","(np.float64(280.3618279026732),)"
3773,"((1, 4), (1, 10))","(np.float64(0.14602212502953474), np.float64(0.1480361285316192))","(np.float64(340.84758810385176), np.float64(332.3004595986232))"
3774,"((4, 16), (7, 9))","(np.float64(0.09678082409191487), np.float64(0.14003872118678748))","(np.float64(177.3450416674102), np.float64(293.358996138811))"
3775,"((5, 6), (7, 9))","(np.float64(0.1411772447296809), np.float64(0.10075110987861585))","(np.float64(75.93096613648557), np.float64(54.6414171614431))"
3778,"((2, 4), (6, 14), (2, 10))","(np.float64(0.13697006510598914), np.float64(0.14738876989665822), np.float64(0.14217472557737207))","(np.float64(222.8126480865695), np.float64(160.04633751398222), np.float64(15.213736923426108))"
3780,"((17, 18), (10, 18))","(np.float64(0.12986944065753744), np.float64(0.13494815374609248))","(np.float64(351.08278941197926), np.float64(264.4154238303032))"
3781,"((5, 6), (8, 16), (15, 17))","(np.float64(0.1312177284293548), np.float64(0.10253515831933734), np.float64(0.1405483803319857))","(np.float64(233.34905053331073), np.float64(66.58955449091708), np.float64(51.15656027230537))"
3782,"((3, 7), (10, 18), (12, 17), (2, 15), (7, 9))","(np.float64(0.14812709471110955), np.float64(0.1438459221094667), np.float64(0.1050780048261229), np.float64(0.1434410605794917), np.float64(0.14596102190642424))","(np.float64(216.58618646611058), np.float64(146.83946741399606), np.float64(277.9929309943881), np.float64(310.6163851228481), np.float64(356.85485941115746))"
3783,"((0, 2), (0, 16), (2, 16), (2, 18), (4, 16))","(np.float64(0.11953404062229112), np.float64(0.09754764616629345), np.float64(0.02317461482534064), np.float64(0.06396325904427705), np.float64(0.14686854079847303))","(np.float64(32.72583730934434), np.float64(28.83804562791474), np.float64(229.30817343717334), np.float64(334.7445845356524), np.float64(327.09838767116656))"
3784,"((11, 18), (2, 4))","(np.float64(0.1380858784744646), np.float64(0.14966349432334947))","(np.float64(293.0666767478126), np.float64(252.48990444547331))"
3785,"((0, 19), (6, 17), (7, 19), (3, 17))","(np.float64(0.14010637590615133), np.float64(0.12479952768501053), np.float64(0.04034129517122626), np.float64(0.13692706372342925))","(np.float64(137.1223127620295), np.float64(90.8115509490091), np.float64(203.1570374934281), np.float64(277.4501020760817))"
3786,"((3, 8), (3, 11), (8, 11), (16, 17), (16, 18), (17, 18), (2, 12))","(np.float64(0.1114218136281239), np.float64(0.12225448510595474), np.float64(0.09886283006976732), np.float64(0.0932425561515838), np.float64(0.09105202254357563), np.float64(0.1418639487072023), np.float64(0.12136939602017852))","(np.float64(198.5699976692982), np.float64(248.3622580742969), np.float64(307.7612834974965), np.float64(176.8627424797507), np.float64(277.5210151450183), np.float64(317.7562054870661), np.float64(256.65511883477046))"
3787,"((4, 8), (12, 17))","(np.float64(0.11313312979231571), np.float64(0.11665437591054519))","(np.float64(6.151210114135454), np.float64(12.480094748315489))"
3789,"((4, 5), (15, 18), (4, 6))","(np.float64(0.1334332110903992), np.float64(0.125820030798576), np.float64(0.12117214217070621))","(np.float64(0.3879047783210903), np.float64(129.08278084280008), np.float64(221.8461392998646))"
3790,"((1, 8), (3, 6), (7, 14))","(np.float64(0.12100448529394962), np.float64(0.13109220235568214), np.float64(0.1351617384605559))","(np.float64(117.02118643028521), np.float64(40.59066916267681), np.float64(239.46940996544518))"
3791,"((2, 16), (9, 11), (3, 14))","(np.float64(0.07074822852560816), np.float64(0.14940489246509764), np.float64(0.1473746880765054))","(np.float64(310.1455559167717), np.float64(95.98106671743416), np.float64(318.19090441229986))"
3792,"((12, 16),)","(np.float64(0.11712328978412108),)","(np.float64(175.8953939182352),)"
3793,"((0, 5),)","(np.float64(0.11544605227716849),)","(np.float64(336.7051593969853),)"
3794,"((5, 18), (7, 16), (14, 15))","(np.float64(0.07411323749329661), np.float64(0.11145773473094828), np.float64(0.11817420302739101))","(np.float64(224.5788960598716), np.float64(334.07041213690474), np.float64(305.70114454515624))"
3795,"((0, 19), (1, 13), (2, 4), (13, 18))","(np.float64(0.10075480648136319), np.float64(0.0457673719424966), np.float64(0.09034246752331809), np.float64(0.125955744423209))","(np.float64(274.1046624903438), np.float64(222.72885439870385), np.float64(25.622419293551612), np.float64(153.5082822869818))"
3797,"((3, 16), (3, 11), (11, 16))","(np.float64(0.131491285557492), np.float64(0.11182712959694147), np.float64(0.14328158779046646))","(np.float64(23.64443274493708), np.float64(316.8859814067126), np.float64(22.738895500871624))"
3798,"((1, 6), (7, 8), (1, 5), (1, 13))","(np.float64(0.1298822398956733), np.float64(0.14758375686253788), np.float64(0.1010621648920074), np.float64(0.1295184167641913))","(np.float64(21.449250630076946), np.float64(135.5563728990409), np.float64(227.07566225353145), np.float64(30.657301194617762))"
3799,"((16, 18),)","(np.float64(0.12501118159703026),)","(np.float64(73.72647397649801),)"
3800,"((8, 10), (8, 18), (10, 18), (4, 16))","(np.float64(0.04778096762976629), np.float64(0.09429574204645987), np.float64(0.12852518332427879), np.float64(0.14131060368697285))","(np.float64(245.8202194038843), np.float64(119.44787737181315), np.float64(102.02996231703808), np.float64(274.87069772809616))"
3801,"((2, 4), (3, 18), (10, 18), (9, 19))","(np.float64(0.11631501872401286), np.float64(0.14332274380472568), np.float64(0.13200457429253182), np.float64(0.1462677666825912))","(np.float64(181.27747482121688), np.float64(211.95248240849014), np.float64(97.81045289198379), np.float64(199.31636313628945))"
3802,"((4, 18), (0, 14), (3, 13))","(np.float64(0.10400522233036093), np.float64(0.14047586132623963), np.float64(0.12734687000529793))","(np.float64(57.82341293327481), np.float64(302.6106500925422), np.float64(176.7606182736595))"
3803,"((3, 16), (9, 18), (4, 15), (6, 15))","(np.float64(0.14229739451229464), np.float64(0.1433292895557909), np.float64(0.13982481598508645), np.float64(0.1277752569881451))","(np.float64(250.30448242907192), np.float64(37.90503994375673), np.float64(68.09658149029971), np.float64(24.52288303701673))"
3804,"((0, 13), (2, 15))","(np.float64(0.1075765543314535), np.float64(0.13611143421895935))","(np.float64(25.11023197001307), np.float64(175.9963406601129))"
3805,"((1, 3), (10, 13), (16, 19))","(np.float64(0.10975664728882141), np.float64(0.11187807736977975), np.float64(0.138553973086713))","(np.float64(351.75773678337004), np.float64(352.46693007647644), np.float64(56.96533604693494))"
3806,"((15, 18), (10, 19))","(np.float64(0.1413175748818439), np.float64(0.1386784650942971))","(np.float64(101.1823329063993), np.float64(50.666859225487926))"
3807,"((2, 10),)","(np.float64(0.13032706180116263),)","(np.float64(31.874683935521002),)"
3809,"((2, 13), (2, 14), (8, 18), (3, 10))","(np.float64(0.059482014514188115), np.float64(0.10461302914542293), np.float64(0.12310254065784358), np.float64(0.13703093546645242))","(np.float64(169.57993480445353), np.float64(353.2265303352217), np.float64(31.754293392877322), np.float64(179.60977691223098))"
3811,"((0, 15), (2, 8), (7, 10))","(np.float64(0.13308210695685832), np.float64(0.1278234477764299), np.float64(0.13017791103116408))","(np.float64(314.77154798449874), np.float64(13.26283567502925), np.float64(284.71223413000564))"
3812,"((0, 10), (1, 9), (13, 16))","(np.float64(0.08179767421812995), np.float64(0.004407078982900083), np.float64(0.11172553151008502))","(np.float64(168.17237889414574), np.float64(356.0611265983298), np.float64(119.08253323938517))"
3813,"((2, 13), (4, 10))","(np.float64(0.09424707858499785), np.float64(0.13580633648349585))","(np.float64(271.74218518858873), np.float64(257.4205979595028))"
3814,"((11, 12), (14, 15), (9, 16))","(np.float64(0.11625434446476053), np.float64(0.14391584016824413), np.float64(0.1174748539045651))","(np.float64(295.86025407344755), np.float64(134.58697946960598), np.float64(358.9444500464032))"
3816,"((4, 18),)","(np.float64(0.13738172038297844),)","(np.float64(157.97503806753699),)"
3817,"((0, 19), (2, 12), (11, 17))","(np.float64(0.11638608286308322), np.float64(0.08817964382113275), np.float64(0.13524904240153746))","(np.float64(231.591311951557), np.float64(245.20163365444665), np.float64(126.92631661969921))"
3818,"((8, 16), (8, 14), (8, 13))","(np.float64(0.13402831676315413), np.float64(0.14367456100634732), np.float64(0.13704576623613074))","(np.float64(266.41585796845317), np.float64(327.98954809717935), np.float64(24.725559303864337))"
3819,"((3, 5), (3, 11), (4, 19))","(np.float64(0.0913837379791905), np.float64(0.10298028636791456), np.float64(0.14514097130964856))","(np.float64(11.50072001380258), np.float64(259.963269748464), np.float64(107.99228156764491))"
3820,"((1, 11), (0, 8))","(np.float64(0.09482467281850994), np.float64(0.144209401393313))","(np.float64(55.729443865039116), np.float64(279.6009703953832))"
3821,"((0, 4),)","(np.float64(0.12944172696247006),)","(np.float64(314.48052713102084),)"
3822,"((0, 5), (15, 18))","(np.float64(0.133533481868451), np.float64(0.1478110796542708))","(np.float64(301.3862171008085), np.float64(188.34742659808703))"
3823,"((0, 18), (4, 10))","(np.float64(0.14007945207732683), np.float64(0.08319604500427585))","(np.float64(5.004069690767222), np.float64(128.79339502399452))"
3824,"((3, 13),)","(np.float64(0.07141110977432115),)","(np.float64(59.741755688545645),)"
3826,"((4, 9),)","(np.float64(0.0974804777495249),)","(np.float64(271.7480450494927),)"
3827,"((1, 6), (6, 19), (11, 17))","(np.float64(0.11174633848193008), np.float64(0.12102782140473811), np.float64(0.14335541604779353))","(np.float64(16.125177918844518), np.float64(327.822163817127), np.float64(143.15215170709445))"
3828,"((5, 11), (6, 19), (7, 17), (12, 17), (12, 16))","(np.float64(0.11813324028696863), np.float64(0.05617324933768246), np.float64(0.0669194639841762), np.float64(0.14629162807853996), np.float64(0.13569179505752643))","(np.float64(350.24458925224656), np.float64(158.45784962445532), np.float64(297.49384240893426), np.float64(329.3623368460974), np.float64(76.28379536839684))"
3829,"((2, 5), (15, 17))","(np.float64(0.13416535134205876), np.float64(0.10545693629475128))","(np.float64(305.49735284313334), np.float64(66.40787693369181))"
3830,"((6, 17), (11, 17))","(np.float64(0.09052321974247728), np.float64(0.1445395557894245))","(np.float64(183.54284366062043), np.float64(60.5135453448636))"
3832,"((3, 15), (3, 18), (8, 9), (15, 18), (4, 13))","(np.float64(0.051004553462545524), np.float64(0.0697411523865517), np.float64(0.11714453351605578), np.float64(0.1368019846951881), np.float64(0.1494581524518256))","(np.float64(323.28124418340354), np.float64(149.40093011669995), np.float64(75.54096126720785), np.float64(119.38241775887474), np.float64(295.9884223758624))"
3833,"((1, 18), (5, 12), (9, 18), (5, 15), (5, 9), (4, 15))","(np.float64(0.08711613051109279), np.float64(0.12355349796751389), np.float64(0.11525343644637985), np.float64(0.14230977926696536), np.float64(0.14441181875952394), np.float64(0.14926690496175307))","(np.float64(143.7433629720354), np.float64(139.44672463475447), np.float64(24.865939159691116), np.float64(27.25645357902456), np.float64(347.62203997240744), np.float64(270.6275838399821))"
3834,"((15, 18),)","(np.float64(0.12799162878689924),)","(np.float64(114.13397371201911),)"
3836,"((7, 15),)","(np.float64(0.13966776579713314),)","(np.float64(23.127734897358483),)"
3837,"((6, 8),)","(np.float64(0.028622953387847493),)","(np.float64(94.51677889822757),)"
3839,"((0, 1), (7, 19), (13, 16))","(np.float64(0.11815981672711622), np.float64(0.11152063214118123), np.float64(0.14673485570614422))","(np.float64(241.59638322402145), np.float64(310.9158384352369), np.float64(46.111338727045606))"
3841,"((6, 7), (10, 16), (14, 16), (17, 18), (0, 19), (8, 15))","(np.float64(0.14188127231793848), np.float64(0.11462232015442061), np.float64(0.1252650538172899), np.float64(0.13514269890389408), np.float64(0.13569407209667575), np.float64(0.14085796812283416))","(np.float64(325.0170471875607), np.float64(119.11915841548701), np.float64(310.7815455088157), np.float64(187.089544334752), np.float64(56.52524649126783), np.float64(98.56062825988057))"
3843,"((12, 13), (6, 16), (3, 15), (13, 19))","(np.float64(0.13571788379669897), np.float64(0.147515376697145), np.float64(0.13875767982602216), np.float64(0.11818484598034071))","(np.float64(190.0013711274345), np.float64(139.35371123622343), np.float64(102.55547180512788), np.float64(137.89104880866427))"
3844,"((0, 10),)","(np.float64(0.1499969634864752),)","(np.float64(60.695436457979184),)"
3845,"((7, 18), (13, 14), (3, 7))","(np.float64(0.03968216292947743), np.float64(0.08511749400118032), np.float64(0.14126581854869813))","(np.float64(218.81305297796595), np.float64(292.6069879418417), np.float64(277.90737301487263))"
3847,"((16, 19),)","(np.float64(0.14682118954080553),)","(np.float64(332.0369228714048),)"
3848,"((17, 18), (0, 13))","(np.float64(0.07544343619308234), np.float64(0.13711803532050634))","(np.float64(188.52435646275907), np.float64(226.81897404459878))"
3849,"((6, 15), (7, 17), (11, 13), (8, 17), (13, 15))","(np.float64(0.06111802272965838), np.float64(0.14261035577274836), np.float64(0.0509269842490955), np.float64(0.10538406701411525), np.float64(0.13363489091161868))","(np.float64(213.21579997862935), np.float64(92.96604003852538), np.float64(82.41076768008371), np.float64(37.44665409088876), np.float64(316.1069730191824))"
3850,"((1, 10), (12, 15), (11, 12))","(np.float64(0.05340696557226078), np.float64(0.08381024930880676), np.float64(0.1374585696696016))","(np.float64(30.96780267124506), np.float64(33.00207409058379), np.float64(55.54219616977919))"
3851,"((2, 17), (3, 12), (4, 14))","(np.float64(0.0708401147278167), np.float64(0.1429507395223496), np.float64(0.146476816481541))","(np.float64(311.5707265369098), np.float64(65.00831959493536), np.float64(58.24539332761799))"
3852,"((6, 19),)","(np.float64(0.14913828945398824),)","(np.float64(270.52623055934214),)"
3853,"((6, 18),)","(np.float64(0.14369236371302058),)","(np.float64(293.8500519754622),)"
3854,"((3, 10), (7, 15))","(np.float64(0.07217631964996615), np.float64(0.13755353131089335))","(np.float64(305.97714433989074), np.float64(247.28228196792114))"
3855,"((3, 9), (11, 12), (13, 17), (6, 17))","(np.float64(0.09588265951739947), np.float64(0.10210847590628044), np.float64(0.08983580553558283), np.float64(0.14221260291762838))","(np.float64(320.9262831923114), np.float64(237.0089467710091), np.float64(59.645603444153835), np.float64(354.3325309306779))"
3856,"((11, 15),)","(np.float64(0.1339678026433263),)","(np.float64(153.61097304720536),)"
3857,"((3, 12), (7, 10), (8, 17))","(np.float64(0.1481750606874754), np.float64(0.05613501654032535), np.float64(0.11174300950562556))","(np.float64(22.16712162523127), np.float64(168.44857333494636), np.float64(329.9255002664049))"
3858,"((9, 10),)","(np.float64(0.14632439730959493),)","(np.float64(35.707701696490226),)"
3859,"((0, 3),)","(np.float64(0.067925058014331),)","(np.float64(238.279104737514),)"
3860,"((3, 13), (10, 13), (1, 15))","(np.float64(0.1099975412367952), np.float64(0.12377617235146962), np.float64(0.12754858073887523))","(np.float64(215.19807426357582), np.float64(308.08765890396535), np.float64(26.601086988155966))"
3861,"((0, 2),)","(np.float64(0.1425514255240454),)","(np.float64(129.35778105875772),)"
3862,"((2, 8), (3, 7), (3, 10))","(np.float64(0.08734639376876045), np.float64(0.1333200744986357), np.float64(0.07339271163809016))","(np.float64(146.06688236368933), np.float64(266.6493575079221), np.float64(10.225477085012752))"
3863,"((6, 16), (0, 3))","(np.float64(0.11907047204257343), np.float64(0.14534301280030007))","(np.float64(247.802897312273), np.float64(138.60932619029327))"
3864,"((4, 5), (11, 15))","(np.float64(0.12905688293092177), np.float64(0.11974405935648437))","(np.float64(302.73920595497185), np.float64(163.30790899864996))"
3865,"((9, 18),)","(np.float64(0.13791601030999281),)","(np.float64(84.86494373368082),)"
3868,"((6, 8),)","(np.float64(0.11536183913041521),)","(np.float64(95.5362132374998),)"
3869,"((7, 10), (2, 19))","(np.float64(0.09677830035234118), np.float64(0.1476868625711367))","(np.float64(87.96528218314491), np.float64(0.3541919511421163))"
3870,"((1, 17),)","(np.float64(0.14776256711302224),)","(np.float64(271.0902571903582),)"
3871,"((15, 16), (8, 13))","(np.float64(0.08470512817763003), np.float64(0.10794115259874128))","(np.float64(110.06464268683811), np.float64(336.61862052181624))"
3872,"((5, 18), (11, 16))","(np.float64(0.06317608569720679), np.float64(0.0816109604375909))","(np.float64(208.93100493425908), np.float64(175.8419142003384))"
3874,"((1, 3), (5, 18))","(np.float64(0.13398219074140852), np.float64(0.07886465729804361))","(np.float64(185.44589671196837), np.float64(234.8719473016925))"
3876,"((3, 12), (6, 8), (5, 14))","(np.float64(0.13448008449139598), np.float64(0.14154887986525969), np.float64(0.09156557061802634))","(np.float64(217.36634993560222), np.float64(54.24450703476037), np.float64(303.89596200393254))"
3877,"((9, 14),)","(np.float64(0.12607324871728795),)","(np.float64(21.655842791858376),)"
3878,"((4, 9),)","(np.float64(0.14488630097836389),)","(np.float64(273.1274289578315),)"
3879,"((5, 8), (9, 17))","(np.float64(0.1022154965263605), np.float64(0.05025467737883473))","(np.float64(238.3494840587411), np.float64(140.98519989807716))"
3880,"((2, 19), (6, 17), (9, 16))","(np.float64(0.11467146351614936), np.float64(0.14565016032302958), np.float64(0.06483012872355996))","(np.float64(125.00644048194063), np.float64(49.0066104954173), np.float64(23.312710278824337))"
3881,"((4, 11), (5, 14), (15, 19), (1, 7))","(np.float64(0.08314206834614504), np.float64(0.10843055137234651), np.float64(0.1334437323630465), np.float64(0.1395473893366538))","(np.float64(133.79209789924113), np.float64(67.27644372393414), np.float64(240.83916959866184), np.float64(309.06393426707973))"
3882,"((0, 15), (2, 19))","(np.float64(0.04060521538225867), np.float64(0.1437028197848969))","(np.float64(37.09960344996417), np.float64(114.94931641282577))"
3883,"((1, 18), (6, 11))","(np.float64(0.11146668421800836), np.float64(0.09222947721930416))","(np.float64(210.7147295612807), np.float64(337.3478381545765))"
3884,"((3, 16),)","(np.float64(0.07928629707723474),)","(np.float64(134.42073160393824),)"
3885,"((5, 18),)","(np.float64(0.09736865050107373),)","(np.float64(185.82737774006927),)"
3886,"((5, 14), (6, 18), (7, 17), (11, 15), (12, 18))","(np.float64(0.046856928272273585), np.float64(0.11542723972242787), np.float64(0.1016694356932053), np.float64(0.0814295006217735), np.float64(0.1385560985347321))","(np.float64(193.84665356643515), np.float64(265.7846587926813), np.float64(130.55667920922647), np.float64(96.9134723607455), np.float64(9.565888164279839))"
3888,"((2, 16), (7, 8), (9, 15))","(np.float64(0.04859980862847348), np.float64(0.10465960714437217), np.float64(0.11148769676042618))","(np.float64(147.4736517613098), np.float64(25.516469155839403), np.float64(204.0812181741531))"
3889,"((0, 8), (7, 12))","(np.float64(0.11674538954832146), np.float64(0.11436427490234524))","(np.float64(284.3698329989882), np.float64(241.01185517449292))"
3890,"((0, 19), (14, 19), (0, 8), (9, 19), (6, 18), (7, 17))","(np.float64(0.05435232018666874), np.float64(0.12538869985335463), np.float64(0.12202874768562183), np.float64(0.14423946540049404), np.float64(0.11885494246424229), np.float64(0.1452930590194922))","(np.float64(243.98318824281648), np.float64(85.97678540044134), np.float64(354.41565840154243), np.float64(158.72613655263666), np.float64(79.04348759193174), np.float64(184.69757833662518))"
3891,"((0, 15), (12, 16), (10, 15))","(np.float64(0.12168611401576447), np.float64(0.12509805839622687), np.float64(0.1303503328967094))","(np.float64(77.24731697368094), np.float64(270.29475701218394), np.float64(301.38902106259036))"
3892,"((6, 7), (12, 17))","(np.float64(0.07619915556689143), np.float64(0.035444956560903004))","(np.float64(193.24772920035923), np.float64(150.7303095948305))"
3893,"((2, 10), (6, 7))","(np.float64(0.1379150702286819), np.float64(0.07200719665106259))","(np.float64(50.08474236179004), np.float64(56.46343969103261))"
3894,"((0, 13),)","(np.float64(0.08559266630215384),)","(np.float64(338.2188215603027),)"
3896,"((3, 11),)","(np.float64(0.06342970608004844),)","(np.float64(167.77531447798262),)"
3897,"((6, 17), (9, 15))","(np.float64(0.06226563375659226), np.float64(0.0975412935000964))","(np.float64(215.6536902161266), np.float64(211.1594498638443))"
3899,"((6, 15),)","(np.float64(0.032600242760809965),)","(np.float64(48.8907212914292),)"
3900,"((10, 14), (6, 16))","(np.float64(0.07331791093135723), np.float64(0.14640828837983363))","(np.float64(3.494580201068208), np.float64(81.43781678645314))"
3901,"((1, 12), (3, 18), (12, 18))","(np.float64(0.11770987576424136), np.float64(0.14649451702841512), np.float64(0.14787961211214945))","(np.float64(85.14235728718249), np.float64(226.61914920470758), np.float64(249.23070167666444))"
3902,"((1, 5), (17, 19), (5, 19), (2, 6), (13, 19))","(np.float64(0.046829601273233115), np.float64(0.08423570742656324), np.float64(0.10463813756727826), np.float64(0.11467583450607646), np.float64(0.14518546298040083))","(np.float64(358.6346202714501), np.float64(17.529220521614768), np.float64(351.3914204216013), np.float64(316.0113736709947), np.float64(67.85380510073381))"
3904,"((0, 15),)","(np.float64(0.12893696267192858),)","(np.float64(231.39857960885377),)"
3905,"((6, 16),)","(np.float64(0.12184039004940132),)","(np.float64(199.52818942831564),)"
3906,"((1, 5),)","(np.float64(0.1385105434748368),)","(np.float64(43.81547448570367),)"
3908,"((6, 7),)","(np.float64(0.12134238430846661),)","(np.float64(225.10347824485694),)"
3909,"((0, 6), (3, 10), (3, 13), (14, 18), (6, 13))","(np.float64(0.11919631146867782), np.float64(0.08976748943573316), np.float64(0.12924071962373013), np.float64(0.054204361563560136), np.float64(0.13229108581220542))","(np.float64(63.14544413910308), np.float64(36.24362116961851), np.float64(194.71562100850946), np.float64(267.65008651836405), np.float64(327.4860018906707))"
3910,"((0, 13), (1, 11), (8, 19))","(np.float64(0.1381120878729936), np.float64(0.08180767944287567), np.float64(0.004023660639817489))","(np.float64(96.99037251495614), np.float64(82.30847304957166), np.float64(71.24217478637152))"
3911,"((2, 15), (5, 17), (12, 14))","(np.float64(0.11299168479594594), np.float64(0.07736285953671077), np.float64(0.11438359280233754))","(np.float64(23.946065392216756), np.float64(289.95054504923826), np.float64(37.464913047998294))"
3913,"((12, 13), (8, 19), (2, 8))","(np.float64(0.1495677843507282), np.float64(0.14185103667381987), np.float64(0.14614015522668156))","(np.float64(23.161125349162702), np.float64(342.95252496856784), np.float64(183.56266179787988))"
3914,"((1, 2), (4, 10), (2, 11))","(np.float64(0.11718708842558288), np.float64(0.08497778614078912), np.float64(0.14351922463031727))","(np.float64(264.61603374490153), np.float64(236.03388012111296), np.float64(250.05674202283814))"
3915,"((3, 9), (9, 19))","(np.float64(0.08234290262098852), np.float64(0.10052547743671399))","(np.float64(185.88820124394053), np.float64(190.0103247007462))"
3916,"((0, 7), (0, 8), (3, 5), (7, 8), (12, 14))","(np.float64(0.055937476604662945), np.float64(0.12988519667675613), np.float64(0.13893161236996152), np.float64(0.041159331442087464), np.float64(0.07059002478922077))","(np.float64(145.81158585854783), np.float64(205.71876799038384), np.float64(42.82642651657892), np.float64(157.65007964589776), np.float64(176.54475656566342))"
3917,"((1, 15),)","(np.float64(0.13994661645986134),)","(np.float64(308.81896310838243),)"
3918,"((15, 16),)","(np.float64(0.14081577782501856),)","(np.float64(353.9557390448392),)"
3919,"((3, 4), (3, 16))","(np.float64(0.1433409394777604), np.float64(0.09071905784831408))","(np.float64(334.57468977327784), np.float64(197.90932306138816))"
3920,"((0, 14), (3, 13), (4, 12), (11, 19), (5, 16))","(np.float64(0.10033038951846102), np.float64(0.007547865817839927), np.float64(0.14473624974696186), np.float64(0.13676073390977408), np.float64(0.12877109527740568))","(np.float64(36.99776566045814), np.float64(206.23829623016), np.float64(197.02817484218428), np.float64(19.8640493778761), np.float64(53.95373722137689))"
3922,"((0, 10), (0, 12), (9, 19), (5, 15))","(np.float64(0.020177279346168864), np.float64(0.09125125653437285), np.float64(0.14923453757150726), np.float64(0.144685658089705))","(np.float64(234.23208508620576), np.float64(140.8937675426531), np.float64(331.06080265461645), np.float64(322.8890341424029))"
3923,"((1, 3), (11, 17), (1, 9), (0, 11), (0, 8), (11, 16))","(np.float64(0.09117879897746578), np.float64(0.13282049836543028), np.float64(0.0939979788228098), np.float64(0.12893616039241734), np.float64(0.1356374647309948), np.float64(0.14870860422650475))","(np.float64(94.10281521966651), np.float64(227.17548804688383), np.float64(333.76664791268456), np.float64(272.5078050388354), np.float64(249.6068164427342), np.float64(73.09567207307535))"
3924,"((1, 11),)","(np.float64(0.13990472645793664),)","(np.float64(59.977201421893106),)"
3927,"((4, 11), (10, 19), (3, 11))","(np.float64(0.0724309745504566), np.float64(0.1379242838280038), np.float64(0.12460616303780664))","(np.float64(27.54915549187772), np.float64(31.781620681254797), np.float64(259.9415829999261))"
3928,"((0, 10),)","(np.float64(0.12312293519012095),)","(np.float64(134.5594241171055),)"
3929,"((4, 12),)","(np.float64(0.14678582515351773),)","(np.float64(287.89717763157853),)"
3930,"((1, 10), (2, 10))","(np.float64(0.10954814186429367), np.float64(0.09408849524527368))","(np.float64(274.5692711654532), np.float64(107.02168963430476))"
3931,"((0, 5), (0, 3))","(np.float64(0.0922851748398691), np.float64(0.13773904347057625))","(np.float64(30.398839792394728), np.float64(251.58327107465536))"
3932,"((4, 6),)","(np.float64(0.11786423721202709),)","(np.float64(108.31962297626934),)"
3934,"((4, 11), (6, 18), (8, 11), (9, 12), (9, 18), (10, 18), (8, 16))","(np.float64(0.14270940777635108), np.float64(0.11741765481418413), np.float64(0.09694264151789213), np.float64(0.12073097841752095), np.float64(0.06786311650591675), np.float64(0.13419962874456826), np.float64(0.1440251575255458))","(np.float64(236.5082683022734), np.float64(104.99538996802306), np.float64(346.7881821903422), np.float64(168.24901897826905), np.float64(13.168077046056759), np.float64(80.28008402506644), np.float64(220.59464189991934))"
3935,"((6, 16), (1, 10))","(np.float64(0.08584540475002857), np.float64(0.14417160071330754))","(np.float64(199.03176839758277), np.float64(207.31637665478613))"
3936,"((4, 8),)","(np.float64(0.11996222060137011),)","(np.float64(353.15463915804634),)"
3937,"((7, 14), (15, 19))","(np.float64(0.06762783682389424), np.float64(0.04002777944758455))","(np.float64(359.92844725914995), np.float64(5.610465261501199))"
3938,"((5, 12),)","(np.float64(0.08674715052600675),)","(np.float64(110.28276043375777),)"
3939,"((12, 18), (1, 9))","(np.float64(0.1434725235565303), np.float64(0.1384789397871481))","(np.float64(187.73118661198842), np.float64(183.05593210316755))"
3940,"((4, 16), (3, 18))","(np.float64(0.05106968512054379), np.float64(0.1276273362475533))","(np.float64(326.15983929109245), np.float64(39.30451611987366))"
3941,"((1, 8), (5, 14))","(np.float64(0.12292095431818556), np.float64(0.13545229635832043))","(np.float64(263.99730408088), np.float64(59.081933872366136))"
3942,"((9, 12), (10, 11), (12, 14))","(np.float64(0.07107485464055191), np.float64(0.13783321469923415), np.float64(0.1486537939610213))","(np.float64(127.7712901250147), np.float64(24.907208528926688), np.float64(51.80662198434414))"
3943,"((14, 15),)","(np.float64(0.019703116033775767),)","(np.float64(133.59968861262573),)"
3944,"((7, 10), (16, 19))","(np.float64(0.08908182794734555), np.float64(0.1492382452106497))","(np.float64(145.59469601632478), np.float64(242.21600931092388))"
3946,"((3, 11), (3, 17))","(np.float64(0.14461050195429728), np.float64(0.14229314010088986))","(np.float64(264.28489483622843), np.float64(73.35079260185559))"
3947,"((7, 16),)","(np.float64(0.07921727137755154),)","(np.float64(311.03406238834935),)"
3948,"((6, 15), (5, 8), (2, 14), (4, 14))","(np.float64(0.14486717118651324), np.float64(0.14029351154320133), np.float64(0.14514290853269426), np.float64(0.1398102111521307))","(np.float64(103.12095570898362), np.float64(212.94906841437847), np.float64(330.5157569524091), np.float64(285.90018699030736))"
3950,"((1, 3),)","(np.float64(0.13668675909740624),)","(np.float64(206.87572291105457),)"
3951,"((6, 14), (12, 14))","(np.float64(0.09687231037234018), np.float64(0.14939032992164358))","(np.float64(325.44783321030155), np.float64(139.2183289186947))"
3953,"((0, 16), (3, 16), (3, 18), (7, 17), (16, 18), (3, 11))","(np.float64(0.08975995528859075), np.float64(0.1030145666727117), np.float64(0.1411335300304508), np.float64(0.09033393616293889), np.float64(0.11462767395741802), np.float64(0.1405626631749462))","(np.float64(185.75369249716064), np.float64(315.18591522231026), np.float64(261.9187639990324), np.float64(163.60427922718205), np.float64(215.84437154827066), np.float64(325.7568449981347))"
3954,"((0, 12),)","(np.float64(0.12080927067576612),)","(np.float64(135.9648058386758),)"
3955,"((11, 16),)","(np.float64(0.11698475987641511),)","(np.float64(230.34803188404982),)"
3956,"((1, 11),)","(np.float64(0.10531465700840724),)","(np.float64(292.8943164347832),)"
3957,"((1, 9), (1, 15), (7, 18), (9, 15), (4, 18), (10, 18))","(np.float64(0.030714283182264587), np.float64(0.07377156797274836), np.float64(0.06759550293645021), np.float64(0.10370285782679613), np.float64(0.13422266983267075), np.float64(0.12676076213262832))","(np.float64(235.01893977942336), np.float64(70.43432922617693), np.float64(65.72431808992204), np.float64(65.91889488716593), np.float64(255.87601155602204), np.float64(17.518274286590465))"
3958,"((4, 6), (15, 18), (1, 12), (1, 7))","(np.float64(0.14372501238414054), np.float64(0.13424314177963736), np.float64(0.14886054146547234), np.float64(0.1498813694682999))","(np.float64(156.87704987059922), np.float64(25.303833927066588), np.float64(185.94399123029407), np.float64(340.53288943685664))"
3959,"((5, 19),)","(np.float64(0.1270714247389312),)","(np.float64(288.31324776816945),)"
3960,"((0, 8), (17, 19), (5, 17), (0, 16))","(np.float64(0.13407998948190356), np.float64(0.05867183287716037), np.float64(0.13870623832638132), np.float64(0.135753315416418))","(np.float64(33.60264808771989), np.float64(283.40412018153995), np.float64(244.26547761702506), np.float64(255.9863794617097))"
3961,"((7, 11), (17, 18), (9, 18), (9, 19))","(np.float64(0.12640839139913712), np.float64(0.111813830259254), np.float64(0.05991995642762968), np.float64(0.13091776496275478))","(np.float64(237.75196555051576), np.float64(252.16564404852326), np.float64(230.31401437414823), np.float64(214.2441726587712))"
3963,"((6, 14),)","(np.float64(0.13657956943905114),)","(np.float64(79.9870399672785),)"
3964,"((7, 17), (8, 12), (16, 17), (7, 18), (6, 18))","(np.float64(0.12422203004868064), np.float64(0.10240433549557483), np.float64(0.1064357761406969), np.float64(0.11196794077551225), np.float64(0.12745106093743505))","(np.float64(284.03634687950785), np.float64(183.3361231507067), np.float64(58.793624960052924), np.float64(96.19927970091085), np.float64(41.850785268403165))"
3965,"((9, 15),)","(np.float64(0.10816068629770642),)","(np.float64(249.55654464385913),)"
3967,"((1, 6), (11, 16))","(np.float64(0.13391019932094747), np.float64(0.1487591044249266))","(np.float64(318.21965352049), np.float64(142.08755999872608))"
3968,"((2, 12), (5, 18), (14, 19))","(np.float64(0.1367908185625352), np.float64(0.14934721445105875), np.float64(0.14556625899216524))","(np.float64(140.22528615357984), np.float64(163.8824626693145), np.float64(75.24115586292768))"
3970,"((6, 19),)","(np.float64(0.13607064137454886),)","(np.float64(57.24331232358965),)"
3971,"((4, 6),)","(np.float64(0.12669310678707177),)","(np.float64(299.8491177551715),)"
3974,"((2, 4),)","(np.float64(0.09781952749515915),)","(np.float64(288.03807641196516),)"
3975,"((2, 16), (6, 19))","(np.float64(0.1483616854549114), np.float64(0.14294785448418704))","(np.float64(89.02083443381488), np.float64(86.83701894360819))"
3976,"((4, 6), (7, 13), (14, 19))","(np.float64(0.0997116607380353), np.float64(0.10228950294504237), np.float64(0.14696998093272268))","(np.float64(201.9687771293834), np.float64(204.48126659260816), np.float64(111.73762543313853))"
3978,"((0, 17), (3, 6), (8, 9), (11, 14), (2, 11))","(np.float64(0.10908905641769935), np.float64(0.14438336025034063), np.float64(0.14462215673884635), np.float64(0.12920019963823703), np.float64(0.14685843158017994))","(np.float64(24.119285836267487), np.float64(311.69400116952033), np.float64(244.33584523999605), np.float64(189.69952369716793), np.float64(206.43908960746487))"
3979,"((2, 11), (7, 12))","(np.float64(0.06460529398857842), np.float64(0.09477080165226145))","(np.float64(51.45487680990978), np.float64(30.936476217572867))"
3980,"((0, 3),)","(np.float64(0.06286627994195872),)","(np.float64(343.4916174527789),)"
3981,"((3, 11), (4, 12), (13, 15))","(np.float64(0.11041952983485756), np.float64(0.10274626125721377), np.float64(0.13178284862037393))","(np.float64(324.666164086982), np.float64(66.29202557027685), np.float64(108.77539862559932))"
3982,"((5, 18), (7, 13), (10, 19))","(np.float64(0.1341852916221736), np.float64(0.13059516210367694), np.float64(0.10161980537733745))","(np.float64(347.67327402733173), np.float64(226.6944201082794), np.float64(141.2513462160653))"
3983,"((5, 11),)","(np.float64(0.09392993356463311),)","(np.float64(209.46407096046255),)"
3984,"((12, 13), (3, 16))","(np.float64(0.13735931848441799), np.float64(0.14601409642996263))","(np.float64(4.772214296809551), np.float64(300.1887911983097))"
3985,"((5, 10), (12, 17))","(np.float64(0.10821307602550947), np.float64(0.11867343412873882))","(np.float64(333.05348910700826), np.float64(323.35854579640403))"
3986,"((2, 5), (9, 12))","(np.float64(0.14447991421890147), np.float64(0.13335249654483772))","(np.float64(296.5442580428765), np.float64(207.69412571042315))"
3989,"((0, 13), (11, 17))","(np.float64(0.14949054619908853), np.float64(0.13318641171627735))","(np.float64(298.2471722268355), np.float64(31.313274277866984))"
3990,"((0, 3), (13, 17))","(np.float64(0.14173722899878047), np.float64(0.1462232208540086))","(np.float64(70.6271048140011), np.float64(276.39883998703544))"
3991,"((4, 7), (11, 16), (1, 11))","(np.float64(0.1495957813863175), np.float64(0.1454956426912538), np.float64(0.12016827166377363))","(np.float64(206.19426424582863), np.float64(274.4198377942821), np.float64(138.3843962193807))"
3992,"((0, 7), (5, 19), (6, 13), (11, 12), (3, 19), (12, 15), (14, 19))","(np.float64(0.14713998855268307), np.float64(0.10700539565869283), np.float64(0.1386449131089849), np.float64(0.14079130825415684), np.float64(0.12171863606141063), np.float64(0.13170424053681476), np.float64(0.12147057592260896))","(np.float64(18.067474364013215), np.float64(64.94173026247148), np.float64(97.88504287004383), np.float64(297.8475597819066), np.float64(244.5358864065364), np.float64(293.9942113180275), np.float64(65.72114420969736))"
3995,"((0, 17),)","(np.float64(0.08676081989943095),)","(np.float64(166.91840917063809),)"
3996,"((7, 12), (9, 13))","(np.float64(0.13134562512212664), np.float64(0.08678586838995996))","(np.float64(43.76855057268763), np.float64(336.9333934158798))"
3997,"((7, 16),)","(np.float64(0.1340650669723125),)","(np.float64(145.9437554185117),)"
3998,"((7, 8),)","(np.float64(0.13961929488947658),)","(np.float64(63.4253961733399),)"
3999,"((8, 19), (16, 18), (2, 12))","(np.float64(0.0843031914225122), np.float64(0.10339565730519425), np.float64(0.12814442197483195))","(np.float64(306.34909821804456), np.float64(171.29068303085546), np.float64(93.22342841733051))"
4000,"((0, 14), (8, 18))","(np.float64(0.14009809324066133), np.float64(0.1496803834856273))","(np.float64(340.46942780044924), np.float64(87.9291694404265))"
4001,"((5, 7), (5, 10), (7, 10), (8, 19), (9, 19))","(np.float64(0.14505861320676447), np.float64(0.08618026759957495), np.float64(0.10920573971652328), np.float64(0.10881730131236819), np.float64(0.13590749618450845))","(np.float64(287.2432628336068), np.float64(238.6707690775785), np.float64(143.52090511477257), np.float64(190.9223280651965), np.float64(89.35468243686428))"
4002,"((10, 15), (12, 13), (12, 17))","(np.float64(0.08990162441772541), np.float64(0.10789571979258836), np.float64(0.12231360908033134))","(np.float64(198.31491155560445), np.float64(327.45881391998375), np.float64(178.7269462698141))"
4003,"((6, 8), (2, 17))","(np.float64(0.11922450091141064), np.float64(0.11589950176924682))","(np.float64(57.28404789672687), np.float64(306.3483374712524))"
4004,"((1, 3),)","(np.float64(0.13663611690449512),)","(np.float64(295.5306892116131),)"
4005,"((10, 12), (16, 18))","(np.float64(0.10375775637575121), np.float64(0.054368767770134135))","(np.float64(320.76293488620126), np.float64(297.6610405449399))"
4006,"((6, 14),)","(np.float64(0.12136341610933954),)","(np.float64(49.573464769507694),)"
4007,"((1, 15),)","(np.float64(0.10112378953632081),)","(np.float64(195.96747648836157),)"
4008,"((5, 18), (2, 18), (5, 12))","(np.float64(0.12454813361867317), np.float64(0.14548104350133687), np.float64(0.0757001060655498))","(np.float64(151.9722465976306), np.float64(320.34983856625655), np.float64(136.3000146927204))"
4010,"((2, 17),)","(np.float64(0.1447023519716978),)","(np.float64(225.36412154451475),)"
4011,"((11, 18),)","(np.float64(0.04346521969966471),)","(np.float64(171.52082120655038),)"
4012,"((15, 19),)","(np.float64(0.09050122244301771),)","(np.float64(147.2570287845876),)"
4013,"((3, 7), (4, 15), (10, 11), (5, 18))","(np.float64(0.12367758009005812), np.float64(0.1283214937764817), np.float64(0.14210043031874575), np.float64(0.14690972473262445))","(np.float64(330.197772895594), np.float64(49.973661498555195), np.float64(177.38914496862998), np.float64(8.254800396826589))"
4014,"((0, 3), (6, 9), (9, 18), (10, 14), (11, 12), (11, 16))","(np.float64(0.09656033431487547), np.float64(0.14282992721156218), np.float64(0.1448188774175269), np.float64(0.1198024125179239), np.float64(0.13396646508611962), np.float64(0.12485033073121014))","(np.float64(124.48726662591305), np.float64(194.89814783230426), np.float64(294.7053494501717), np.float64(151.3451754054688), np.float64(2.923830412030868), np.float64(243.29243163352163))"
4015,"((3, 15), (2, 9))","(np.float64(0.07206632653675209), np.float64(0.14755809863152258))","(np.float64(74.55294749032466), np.float64(30.155319166504096))"
4016,"((2, 7), (6, 15), (14, 18))","(np.float64(0.059018906286562), np.float64(0.12551796654361572), np.float64(0.13939870862902998))","(np.float64(357.99808957091227), np.float64(197.2327667281992), np.float64(236.54003923230334))"
4017,"((0, 12), (8, 14))","(np.float64(0.04227606002229853), np.float64(0.14207565881732404))","(np.float64(49.79579888015462), np.float64(347.92182752230207))"
4019,"((9, 19),)","(np.float64(0.10640270595070028),)","(np.float64(208.3628012190267),)"
4020,"((1, 9), (6, 16), (9, 16))","(np.float64(0.12547092961706427), np.float64(0.12808369359289892), np.float64(0.1449378556596051))","(np.float64(204.69020566083614), np.float64(189.82750749740188), np.float64(42.843280564593115))"
4021,"((7, 10),)","(np.float64(0.06443518555939469),)","(np.float64(42.02366506664773),)"
4022,"((4, 10),)","(np.float64(0.039316470389764276),)","(np.float64(222.1218255665541),)"
4023,"((2, 11),)","(np.float64(0.12669692239070074),)","(np.float64(26.339846101038873),)"
4024,"((0, 2), (4, 10), (3, 10), (1, 11))","(np.float64(0.01358930083605305), np.float64(0.14664282992087535), np.float64(0.14019521921448805), np.float64(0.11435100847138047))","(np.float64(327.6247793875615), np.float64(260.8812245268859), np.float64(101.22842925050774), np.float64(146.9845204451991))"
4027,"((3, 19), (4, 8), (9, 10), (2, 12), (6, 13), (13, 19))","(np.float64(0.08471902880220425), np.float64(0.1391508493961463), np.float64(0.10171601096661297), np.float64(0.14576136065664388), np.float64(0.06149803147257218), np.float64(0.14447041687136375))","(np.float64(173.2772847973327), np.float64(17.888922312611328), np.float64(234.10657445293054), np.float64(254.56913808364993), np.float64(34.67383502761367), np.float64(110.09118113137136))"
4028,"((5, 18), (12, 17), (7, 18))","(np.float64(0.14759727985841414), np.float64(0.14381511445103065), np.float64(0.14897469324629567))","(np.float64(96.83496508554265), np.float64(264.36589927440485), np.float64(321.081239244502))"
4029,"((2, 17), (7, 9))","(np.float64(0.11925908913225369), np.float64(0.1466420817349542))","(np.float64(145.20308872593895), np.float64(197.6797862860771))"
4030,"((1, 15), (1, 18), (15, 18))","(np.float64(0.12513791353096543), np.float64(0.1290058202607354), np.float64(0.12835741452466742))","(np.float64(224.27667722173348), np.float64(284.9240443462016), np.float64(343.10873582887933))"
4031,"((1, 19), (14, 18), (6, 18), (4, 6))","(np.float64(0.11198859631254905), np.float64(0.08519003773008244), np.float64(0.10088217879446708), np.float64(0.14611822125576845))","(np.float64(66.32498649900714), np.float64(52.08270679381318), np.float64(106.71706526980874), np.float64(168.480013489272))"
4032,"((0, 15), (5, 6), (10, 14))","(np.float64(0.14293178671052573), np.float64(0.1396402375913761), np.float64(0.13857237256169772))","(np.float64(31.801672743751514), np.float64(91.04311810046973), np.float64(55.90027754945128))"
4033,"((3, 5), (5, 6), (10, 12), (10, 16))","(np.float64(0.10847703647913484), np.float64(0.10716075563020498), np.float64(0.1111747998436719), np.float64(0.14476897812298956))","(np.float64(275.11977205756097), np.float64(213.48487479947795), np.float64(306.31812727430815), np.float64(195.94415579294179))"
4034,"((3, 5), (0, 17))","(np.float64(0.02276719224760781), np.float64(0.06460105072268654))","(np.float64(301.79455142425815), np.float64(288.7069681599337))"
4035,"((2, 9), (11, 12))","(np.float64(0.13885425987491332), np.float64(0.08943418136957736))","(np.float64(122.25963330275164), np.float64(61.822267482720754))"
4037,"((2, 12), (3, 12), (5, 18), (10, 13))","(np.float64(0.0630955799431934), np.float64(0.14381820593062467), np.float64(0.07034283809002849), np.float64(0.13173873156106933))","(np.float64(308.61633045637683), np.float64(100.22971477963905), np.float64(14.15922412262295), np.float64(10.280565498008993))"
4038,"((3, 9), (0, 15))","(np.float64(0.14451741192989573), np.float64(0.1424217647051971))","(np.float64(321.3435169030239), np.float64(299.3227091437132))"
4039,"((15, 19), (8, 15))","(np.float64(0.14675316072465658), np.float64(0.14781356322256245))","(np.float64(181.05016781188257), np.float64(211.18544491933005))"
4040,"((7, 19),)","(np.float64(0.04060714772265118),)","(np.float64(131.3404503410787),)"
4041,"((0, 12), (7, 16), (1, 18), (15, 18))","(np.float64(0.02834700575053279), np.float64(0.0837560011643776), np.float64(0.13205703715745218), np.float64(0.13043753422777174))","(np.float64(275.0677076952384), np.float64(98.69806975902566), np.float64(112.9605204802683), np.float64(65.82557750721271))"
4042,"((0, 18), (10, 19), (16, 19), (2, 10))","(np.float64(0.10027186264706746), np.float64(0.1051280564969431), np.float64(0.10885805089540761), np.float64(0.1135152856044956))","(np.float64(246.34407680987428), np.float64(37.29298830309968), np.float64(188.8150847538108), np.float64(286.8628529705387))"
4044,"((0, 15), (6, 12))","(np.float64(0.14728438658972443), np.float64(0.07721154719379666))","(np.float64(275.1367702693696), np.float64(260.7150414970539))"
4045,"((9, 10), (7, 17), (7, 19), (2, 14))","(np.float64(0.11246656963166005), np.float64(0.14215091108879402), np.float64(0.07225200330422532), np.float64(0.141683088526963))","(np.float64(316.4393966856807), np.float64(347.3508964687571), np.float64(32.45982462204143), np.float64(270.6694017108129))"
4046,"((8, 15), (4, 15))","(np.float64(0.13487075359899847), np.float64(0.14643814312144404))","(np.float64(153.49809433806809), np.float64(37.216743725761646))"
4047,"((3, 18), (6, 17), (7, 16), (2, 8), (8, 13))","(np.float64(0.14437540047940134), np.float64(0.12976008586995152), np.float64(0.03030666457714328), np.float64(0.14080235318579423), np.float64(0.13690741853749766))","(np.float64(8.871943358531693), np.float64(132.10920389189414), np.float64(111.067334234033), np.float64(77.59402506185516), np.float64(27.18672904001463))"
4048,"((0, 8), (2, 7), (3, 14))","(np.float64(0.12494221670742181), np.float64(0.09121705438336472), np.float64(0.1434141134300708))","(np.float64(125.24219197476572), np.float64(350.5217020420222), np.float64(315.88963982824646))"
4049,"((1, 8), (1, 9), (8, 9), (13, 15))","(np.float64(0.07935203888267124), np.float64(0.02685948147463005), np.float64(0.13287295236239124), np.float64(0.111152271331082))","(np.float64(307.7316406177251), np.float64(186.22065062205627), np.float64(165.89863364788044), np.float64(272.239361996449))"
4050,"((4, 7), (4, 14))","(np.float64(0.0825680196678799), np.float64(0.14964277461912479))","(np.float64(336.0187647993434), np.float64(5.893824210276821))"
4051,"((0, 8), (1, 13), (1, 15))","(np.float64(0.1106358990259195), np.float64(0.1385907393009979), np.float64(0.14987834759553473))","(np.float64(72.57614601749898), np.float64(166.97494814175434), np.float64(155.56095911670053))"
4052,"((0, 19), (1, 6), (4, 7), (7, 14), (8, 9))","(np.float64(0.13019730712502486), np.float64(0.10911128068570927), np.float64(0.14262768355388925), np.float64(0.11096754125203286), np.float64(0.09312154532012182))","(np.float64(105.1644635270355), np.float64(61.86739411255564), np.float64(187.85180521426264), np.float64(231.5463824652359), np.float64(28.576250866973073))"
4053,"((2, 9), (10, 13))","(np.float64(0.07587681032184873), np.float64(0.1430009016814602))","(np.float64(334.88956043448405), np.float64(241.32111908185718))"
4054,"((2, 7), (3, 11), (6, 11))","(np.float64(0.11075190873753289), np.float64(0.0987024508554898), np.float64(0.06283768017559366))","(np.float64(110.15018878748486), np.float64(350.4868495655582), np.float64(141.47076103007024))"
4055,"((8, 16), (10, 12), (5, 10), (0, 16), (7, 10))","(np.float64(0.05594329375417712), np.float64(0.09622958005466156), np.float64(0.14802351932216806), np.float64(0.1424589283899038), np.float64(0.09936420669615958))","(np.float64(55.407964106743556), np.float64(358.30871721547027), np.float64(157.93228933963596), np.float64(270.49503680296596), np.float64(290.2476901120687))"
4056,"((2, 3), (11, 17), (0, 11), (1, 11))","(np.float64(0.09756609409670575), np.float64(0.07030413382909033), np.float64(0.1236598230919357), np.float64(0.1385581606337907))","(np.float64(282.22883637677876), np.float64(215.16178883226434), np.float64(19.664346123820504), np.float64(4.58945750500003))"
4057,"((9, 10),)","(np.float64(0.08058054482207119),)","(np.float64(42.42323745922401),)"
4059,"((1, 10), (0, 12))","(np.float64(0.06687871578917301), np.float64(0.1307485939418988))","(np.float64(118.10415541464579), np.float64(337.5423297507708))"
4060,"((2, 19),)","(np.float64(0.13793941870465087),)","(np.float64(42.390989517034846),)"
4061,"((0, 19), (1, 7), (4, 12), (5, 9), (5, 11), (7, 10), (7, 14), (8, 18), (9, 11), (10, 14), (9, 19))","(np.float64(0.09425823207446174), np.float64(0.04929157410728932), np.float64(0.135057883543525), np.float64(0.0490757043233175), np.float64(0.08593468092739187), np.float64(0.08637613435650304), np.float64(0.14140645039120345), np.float64(0.0935241220500684), np.float64(0.06564347333687072), np.float64(0.05859273319239238), np.float64(0.1386010394325509))","(np.float64(225.42496564501633), np.float64(58.70282029271755), np.float64(279.1109138794314), np.float64(1.2702379769231362), np.float64(50.714742185979475), np.float64(132.70303946317168), np.float64(143.14802167265637), np.float64(90.70629729408819), np.float64(85.32636189441763), np.float64(158.6493838416471), np.float64(321.0547988930284))"
4062,"((0, 17),)","(np.float64(0.11466586810201182),)","(np.float64(157.9459465119035),)"
4063,"((0, 5), (3, 19), (8, 19), (15, 18))","(np.float64(0.13627623494678187), np.float64(0.11791786747852108), np.float64(0.12486507387572357), np.float64(0.11997734643663599))","(np.float64(304.1008580508328), np.float64(321.251334821791), np.float64(222.6442456705565), np.float64(142.44929393690683))"
4064,"((2, 4), (13, 14), (16, 17))","(np.float64(0.148537870895692), np.float64(0.08922719177570002), np.float64(0.04258028804369259))","(np.float64(124.15715439593589), np.float64(232.66748753987122), np.float64(174.86539794791096))"
4065,"((12, 14),)","(np.float64(0.08051469985320141),)","(np.float64(331.25658252940036),)"
4067,"((2, 17), (12, 19))","(np.float64(0.09314843608821317), np.float64(0.12642267131111623))","(np.float64(171.37906476902683), np.float64(30.783463387645913))"
4068,"((1, 2), (4, 19), (6, 19), (11, 15))","(np.float64(0.13407304397787928), np.float64(0.11617426575495522), np.float64(0.06816513671863998), np.float64(0.11817233518647154))","(np.float64(51.96059105951317), np.float64(259.67519597995647), np.float64(104.16554739125428), np.float64(168.00396076410073))"
4069,"((6, 15), (17, 18))","(np.float64(0.13628850123035313), np.float64(0.12904385742308655))","(np.float64(134.0339681896442), np.float64(39.80073318413121))"
4070,"((2, 12), (16, 17))","(np.float64(0.13194558347331337), np.float64(0.14058204892823545))","(np.float64(6.592285874489586), np.float64(326.43963351952385))"
4071,"((5, 16), (2, 6), (13, 17))","(np.float64(0.09425373454031293), np.float64(0.10678068193263264), np.float64(0.1064105321902301))","(np.float64(148.34349547924927), np.float64(160.52445839905755), np.float64(123.88058974218914))"
4072,"((0, 5),)","(np.float64(0.06770066146720002),)","(np.float64(103.160454168275),)"
4073,"((8, 18),)","(np.float64(0.12980963950085198),)","(np.float64(144.95753446149823),)"
4074,"((1, 10), (11, 19))","(np.float64(0.12825844740981662), np.float64(0.1458860172644917))","(np.float64(174.26632439821432), np.float64(154.2073692929716))"
4075,"((0, 9), (0, 8), (14, 18), (16, 17))","(np.float64(0.12455381004584272), np.float64(0.1425327558781179), np.float64(0.13879056495515144), np.float64(0.13813601513675464))","(np.float64(334.0733348709563), np.float64(338.68730849984587), np.float64(32.268508881646476), np.float64(29.361734553453605))"
4076,"((5, 12), (10, 16), (14, 17), (4, 18))","(np.float64(0.12002960773700251), np.float64(0.11097246416669347), np.float64(0.12138099735321463), np.float64(0.14481280145833728))","(np.float64(174.1796254682535), np.float64(325.0928004040322), np.float64(37.410704450123795), np.float64(347.04765570203745))"
4077,"((1, 11), (1, 19), (5, 15), (11, 19), (5, 17), (1, 7), (7, 19))","(np.float64(0.06764205810438317), np.float64(0.0851889303604212), np.float64(0.10039312664396569), np.float64(0.08664334984004786), np.float64(0.12910405922347706), np.float64(0.13154187290567337), np.float64(0.07090271925744493))","(np.float64(355.51544370052954), np.float64(287.5591446414172), np.float64(114.04816668037395), np.float64(241.20486226877867), np.float64(299.0977124772711), np.float64(245.54168176169583), np.float64(316.0601772507874))"
4078,"((4, 19), (6, 13))","(np.float64(0.12341198317298181), np.float64(0.06082788325007754))","(np.float64(172.83390365932215), np.float64(309.0924506229542))"
4079,"((0, 6), (5, 6))","(np.float64(0.1249822432784792), np.float64(0.09268025626697105))","(np.float64(249.51297692310487), np.float64(357.85559473107566))"
4080,"((2, 16),)","(np.float64(0.13155300349981416),)","(np.float64(218.82400909096967),)"
4081,"((0, 13), (9, 13), (0, 9), (3, 7))","(np.float64(0.06258138859238259), np.float64(0.0980956401158871), np.float64(0.11456259297559189), np.float64(0.11843555215717337))","(np.float64(228.6729944808965), np.float64(86.93206272455188), np.float64(345.497300981402), np.float64(205.07777874008943))"
4082,"((3, 7), (15, 16), (2, 14))","(np.float64(0.14419247393272913), np.float64(0.11736646995207173), np.float64(0.11587617663955387))","(np.float64(238.65457768176586), np.float64(127.86117044088249), np.float64(91.83774501960637))"
4084,"((1, 12),)","(np.float64(0.09518980780392002),)","(np.float64(45.74127924953411),)"
4085,"((11, 19),)","(np.float64(0.1448481885751868),)","(np.float64(287.05352603193563),)"
4086,"((0, 7), (7, 18), (1, 6))","(np.float64(0.12729362703189592), np.float64(0.14398621165734823), np.float64(0.13400388319973477))","(np.float64(70.73502873946917), np.float64(295.173682065329), np.float64(130.13788819608598))"
4087,"((16, 19),)","(np.float64(0.12714847242534427),)","(np.float64(344.2504428917411),)"
4088,"((1, 7), (4, 18), (9, 13), (11, 18))","(np.float64(0.08541880786778308), np.float64(0.13790541903857811), np.float64(0.1181953169487861), np.float64(0.10207875098778886))","(np.float64(95.56372254659027), np.float64(121.35429808159765), np.float64(221.22636071161216), np.float64(301.310873356627))"
4089,"((12, 17), (0, 13), (5, 13), (13, 16), (4, 10))","(np.float64(0.10706403829358281), np.float64(0.1195452937738603), np.float64(0.1007719576139356), np.float64(0.12619812527984298), np.float64(0.14495420584962845))","(np.float64(159.48874475596483), np.float64(338.7997184612247), np.float64(327.0696472561875), np.float64(19.158986161757596), np.float64(307.8920675198193))"
4090,"((4, 8),)","(np.float64(0.12989466679511233),)","(np.float64(335.456696503499),)"
4091,"((5, 8), (17, 18))","(np.float64(0.14415786326036747), np.float64(0.12143414546713824))","(np.float64(259.55003699842666), np.float64(130.9455861644402))"
4093,"((10, 11),)","(np.float64(0.1323261319841613),)","(np.float64(275.17997175121764),)"
4094,"((1, 12), (3, 7))","(np.float64(0.1052851038959418), np.float64(0.1143289995007619))","(np.float64(277.45017576671154), np.float64(43.711392276960204))"
4095,"((2, 15),)","(np.float64(0.13192192658411972),)","(np.float64(266.071411733573),)"
4096,"((0, 9),)","(np.float64(0.1304045255012167),)","(np.float64(239.2058521531934),)"
4097,"((3, 15), (11, 18))","(np.float64(0.009789993682964872), np.float64(0.14187681787663958))","(np.float64(168.23927640266942), np.float64(89.4894486702808))"
4098,"((5, 6), (5, 10))","(np.float64(0.06388539897318316), np.float64(0.13445133883387084))","(np.float64(85.67599718195622), np.float64(208.76530838021603))"
4099,"((3, 17),)","(np.float64(0.1381907232130631),)","(np.float64(74.61639577186183),)"
4100,"((2, 13), (8, 18))","(np.float64(0.07843721091930131), np.float64(0.13020785112380054))","(np.float64(299.02570976972976), np.float64(80.28381782986877))"
4101,"((2, 11), (2, 16), (7, 11), (7, 16), (11, 16))","(np.float64(0.1364625008948575), np.float64(0.10630144909233084), np.float64(0.08117068268986569), np.float64(0.1283398864808072), np.float64(0.050462214204241365))","(np.float64(277.88893389527084), np.float64(247.41285637380722), np.float64(87.40201621573642), np.float64(97.48095438328336), np.float64(113.83093008449768))"
4102,"((3, 14), (18, 19))","(np.float64(0.14422459812097707), np.float64(0.1416229053440542))","(np.float64(173.6022646224166), np.float64(12.735852616322127))"
4103,"((11, 18),)","(np.float64(0.1352877709273566),)","(np.float64(284.27870930230483),)"
4104,"((0, 13), (11, 14), (14, 15))","(np.float64(0.11920908078012175), np.float64(0.13080356821617758), np.float64(0.12339105130898094))","(np.float64(72.77306605203685), np.float64(203.6410310250037), np.float64(105.1347879603927))"
4106,"((5, 19), (7, 8), (8, 18), (3, 13))","(np.float64(0.1365434221682279), np.float64(0.13352026283283533), np.float64(0.09261240873315325), np.float64(0.13942998895452563))","(np.float64(314.4210483417797), np.float64(335.9365993536747), np.float64(295.8326119015172), np.float64(2.917904144065106))"
4107,"((17, 19),)","(np.float64(0.11853936000231283),)","(np.float64(353.73261534123446),)"
4108,"((1, 5),)","(np.float64(0.06129186085490255),)","(np.float64(65.64108244513186),)"
4109,"((7, 17),)","(np.float64(0.1360039283016806),)","(np.float64(349.82309682694324),)"
4110,"((6, 11),)","(np.float64(0.016016541610097502),)","(np.float64(209.92686985031125),)"
4111,"((5, 10), (13, 18), (13, 19), (0, 13), (7, 18))","(np.float64(0.08958653682873441), np.float64(0.06279330392011079), np.float64(0.11747696732555525), np.float64(0.06608521158018402), np.float64(0.13033667056364565))","(np.float64(93.35979978382588), np.float64(164.94789403345138), np.float64(25.266687525348974), np.float64(230.4122389228887), np.float64(76.36180020483651))"
4112,"((4, 16),)","(np.float64(0.02334166344907094),)","(np.float64(340.45493782215505),)"
4113,"((14, 18), (2, 15))","(np.float64(0.1491889433936724), np.float64(0.14523164604874608))","(np.float64(74.50541898531682), np.float64(254.58363932165562))"
4114,"((0, 11), (1, 4), (8, 17), (10, 15), (17, 18))","(np.float64(0.14585099180261318), np.float64(0.12659413262870148), np.float64(0.09458295936325486), np.float64(0.08238367124356828), np.float64(0.13046351058093822))","(np.float64(122.59485800523014), np.float64(107.32598235498214), np.float64(145.0480863613839), np.float64(156.87271644116248), np.float64(189.34026144988087))"
4115,"((2, 19), (11, 15), (3, 17), (11, 19))","(np.float64(0.11145327780926227), np.float64(0.11878461913204422), np.float64(0.13231339886042445), np.float64(0.14954381799947153))","(np.float64(173.03761185818394), np.float64(224.47679279085347), np.float64(51.00821274125447), np.float64(351.30125322361613))"
4116,"((6, 18),)","(np.float64(0.12824352934716302),)","(np.float64(219.50875355713302),)"
4117,"((4, 6), (13, 15))","(np.float64(0.08255544685370944), np.float64(0.13620614190744995))","(np.float64(95.39542513061598), np.float64(157.19632231930933))"
4119,"((5, 10), (12, 16))","(np.float64(0.054376353517406134), np.float64(0.1420791039182679))","(np.float64(164.54923668715705), np.float64(349.6919260882453))"
4120,"((2, 18),)","(np.float64(0.10732580974119789),)","(np.float64(148.25591294832125),)"
4121,"((2, 12), (6, 7), (9, 12), (11, 16), (16, 19), (14, 17))","(np.float64(0.1482901765333537), np.float64(0.14880561348616933), np.float64(0.07079132325555813), np.float64(0.0475687714881142), np.float64(0.08924481776734207), np.float64(0.14604406309864065))","(np.float64(270.98225776360124), np.float64(304.3025738515555), np.float64(98.66557581497135), np.float64(219.5261792656336), np.float64(194.0240719061667), np.float64(95.27166447174362))"
4122,"((6, 17), (14, 19), (3, 12), (16, 18))","(np.float64(0.1357562111524575), np.float64(0.10920382434536206), np.float64(0.14752948427326848), np.float64(0.14493019985037067))","(np.float64(239.2104242777399), np.float64(52.423694029377806), np.float64(182.86413434482915), np.float64(46.54785282052861))"
4123,"((0, 6), (9, 18), (12, 18))","(np.float64(0.14108089370589252), np.float64(0.08770931064051483), np.float64(0.11394005218838128))","(np.float64(208.23694444219635), np.float64(171.20362228461383), np.float64(3.3592321156079916))"
4124,"((0, 6), (14, 16), (9, 16))","(np.float64(0.14147381421398833), np.float64(0.13182595415791246), np.float64(0.08186204204227643))","(np.float64(210.84975684273326), np.float64(107.68451032591011), np.float64(240.5289874577121))"
4125,"((0, 12), (3, 13), (9, 17))","(np.float64(0.12283224961794716), np.float64(0.07981996678851591), np.float64(0.13873835712606938))","(np.float64(128.16407568007313), np.float64(331.4637800694659), np.float64(98.55354160090597))"
4126,"((0, 2), (0, 17), (2, 4), (2, 17), (4, 17), (5, 11), (7, 8), (4, 11), (5, 13))","(np.float64(0.10400521629054271), np.float64(0.1026517422008978), np.float64(0.058121996439567745), np.float64(0.011123613574327843), np.float64(0.06661125378543185), np.float64(0.09137094756738563), np.float64(0.07830380837126523), np.float64(0.13831367807947767), np.float64(0.13016828809017542))","(np.float64(206.15254667456466), np.float64(200.0273835137721), np.float64(238.0034655607741), np.float64(106.11074003629301), np.float64(60.309806065912376), np.float64(96.17274654789226), np.float64(314.9099715778507), np.float64(254.13777483076723), np.float64(166.61946638109217))"
4127,"((0, 9), (8, 11), (0, 8))","(np.float64(0.07931499089236892), np.float64(0.14169614258995378), np.float64(0.13762563108188708))","(np.float64(107.38945578484916), np.float64(183.69616463174683), np.float64(197.2417565880602))"
4128,"((0, 9), (4, 17), (4, 9))","(np.float64(0.10713722294172244), np.float64(0.1256197369183465), np.float64(0.14610349539928896))","(np.float64(310.00228450624905), np.float64(325.8394664412698), np.float64(348.7797917454732))"
4129,"((5, 19),)","(np.float64(0.11092051027808147),)","(np.float64(54.117149465670124),)"
4130,"((5, 11),)","(np.float64(0.14366496008762344),)","(np.float64(3.8479079444326665),)"
4131,"((0, 2), (1, 13), (5, 18))","(np.float64(0.14224494312575428), np.float64(0.1119960870970053), np.float64(0.1365473338952969))","(np.float64(355.33597644116173), np.float64(45.4724184750426), np.float64(189.18214334085005))"
4133,"((2, 15), (3, 17), (4, 7), (6, 15), (6, 18), (16, 17), (2, 11), (12, 15))","(np.float64(0.12646682406620854), np.float64(0.1351248234972075), np.float64(0.07393068638134571), np.float64(0.14003038077429775), np.float64(0.1337293770297184), np.float64(0.124314428735486), np.float64(0.14008923792844113), np.float64(0.14171013081943504))","(np.float64(160.0364951742343), np.float64(263.4295324086834), np.float64(249.6555371572923), np.float64(304.39003540590267), np.float64(135.2394821091024), np.float64(87.69156734864842), np.float64(308.586547991445), np.float64(4.4624052950233155))"
4134,"((1, 18), (8, 13), (9, 19))","(np.float64(0.1294633423808741), np.float64(0.059337068154749116), np.float64(0.09725890657055829))","(np.float64(120.26754047716749), np.float64(316.69905678791366), np.float64(48.16753978950006))"
4135,"((1, 18),)","(np.float64(0.1216015400605409),)","(np.float64(127.25795017080137),)"
4137,"((7, 12),)","(np.float64(0.12052976928590194),)","(np.float64(262.9845729031166),)"
4139,"((2, 10),)","(np.float64(0.12495938291722286),)","(np.float64(171.34202788741385),)"
4140,"((2, 17), (10, 13), (14, 17))","(np.float64(0.1372634012122816), np.float64(0.015704373123805414), np.float64(0.14825435348420118))","(np.float64(225.520832550674), np.float64(355.298548073943), np.float64(213.27900528881875))"
4141,"((3, 7), (1, 8))","(np.float64(0.14739464245908226), np.float64(0.14883903987218897))","(np.float64(210.8450976963261), np.float64(83.91826431080463))"
4143,"((1, 4), (12, 16))","(np.float64(0.06346670080066825), np.float64(0.0874961400272647))","(np.float64(40.8760037028409), np.float64(141.2873391082463))"
4144,"((7, 11),)","(np.float64(0.118455625657934),)","(np.float64(67.28524400771286),)"
4145,"((0, 7), (7, 12))","(np.float64(0.13165439553043093), np.float64(0.1373073455124378))","(np.float64(324.1129437215965), np.float64(359.4685268687446))"
4146,"((6, 14),)","(np.float64(0.14489122366675744),)","(np.float64(129.14335065792932),)"
4147,"((0, 7), (2, 13), (6, 18), (11, 16), (1, 11))","(np.float64(0.0063338938676204175), np.float64(0.07049190093605272), np.float64(0.06518547081420194), np.float64(0.1085137600207069), np.float64(0.1334516341105046))","(np.float64(30.796483137196226), np.float64(304.0007534479493), np.float64(273.80337839866945), np.float64(261.97088492412877), np.float64(175.28272670660098))"
4148,"((2, 15),)","(np.float64(0.1282430867359106),)","(np.float64(148.55964426033992),)"
4149,"((13, 18), (16, 18), (11, 18), (6, 10), (1, 12))","(np.float64(0.14854025451923536), np.float64(0.14428803815813768), np.float64(0.1234896337262394), np.float64(0.14142150462174258), np.float64(0.10268977184880856))","(np.float64(148.12114544581993), np.float64(286.96304204166347), np.float64(45.703179035483394), np.float64(206.22032910124125), np.float64(321.0495132316171))"
4150,"((3, 4),)","(np.float64(0.14640555528982402),)","(np.float64(176.8797878133997),)"
4151,"((4, 12), (0, 15))","(np.float64(0.12370552029021266), np.float64(0.11902262154125481))","(np.float64(114.17462480532504), np.float64(328.4193215067436))"
4152,"((10, 16), (8, 19), (9, 19))","(np.float64(0.14906433422115614), np.float64(0.12274604784748414), np.float64(0.14712595027569061))","(np.float64(286.28867601556067), np.float64(302.2214755309448), np.float64(78.12661925175024))"
4153,"((0, 6), (0, 15), (6, 15))","(np.float64(0.12998661702337294), np.float64(0.0567580778285229), np.float64(0.05351439815829695))","(np.float64(286.85406165968976), np.float64(284.6218725847321), np.float64(145.11488670171858))"
4154,"((2, 11), (6, 14))","(np.float64(0.06897635625879023), np.float64(0.04768045717786406))","(np.float64(257.95090156947765), np.float64(290.5835465957649))"
4155,"((3, 16), (9, 17))","(np.float64(0.129290167285652), np.float64(0.13412361499282133))","(np.float64(281.6403604330574), np.float64(139.742400736076))"
4156,"((3, 18),)","(np.float64(0.13082849588363743),)","(np.float64(308.9286639744266),)"
4157,"((0, 11), (1, 8), (7, 18))","(np.float64(0.08390027954574056), np.float64(0.11972761960598205), np.float64(0.13912641395909087))","(np.float64(69.32501471340878), np.float64(75.0415015516431), np.float64(359.95480169475087))"
4158,"((3, 7), (10, 18))","(np.float64(0.10770774551611292), np.float64(0.07498726725154568))","(np.float64(80.16812606090348), np.float64(237.3209803828891))"
4159,"((3, 16), (6, 10), (7, 15))","(np.float64(0.047533411357965884), np.float64(0.11836922304953801), np.float64(0.0898658895374612))","(np.float64(203.3141372035678), np.float64(345.64405744270744), np.float64(321.58146549022956))"
4160,"((5, 19), (8, 14))","(np.float64(0.10160246913041855), np.float64(0.10066397245633787))","(np.float64(339.30547283874745), np.float64(116.7988477409435))"
4161,"((5, 13), (11, 14), (14, 15))","(np.float64(0.05274244687369578), np.float64(0.14116090452618957), np.float64(0.0667961315022688))","(np.float64(130.81266650424877), np.float64(330.6627606558904), np.float64(355.05992856499))"
4162,"((3, 10), (12, 15), (0, 10), (1, 11))","(np.float64(0.10134754698314588), np.float64(0.07697026366012093), np.float64(0.1430647288713007), np.float64(0.13681044827401406))","(np.float64(91.11611518696678), np.float64(295.32936899941797), np.float64(194.012397707957), np.float64(295.96184092969054))"
4163,"((2, 12), (4, 5), (9, 10), (17, 19))","(np.float64(0.12251581285483047), np.float64(0.10922532061874046), np.float64(0.1431335926213117), np.float64(0.09802640481648402))","(np.float64(300.23571905209434), np.float64(247.01776804461346), np.float64(272.8156997271444), np.float64(338.4635990422663))"
4165,"((7, 14), (8, 16))","(np.float64(0.06777890327556592), np.float64(0.10564301060662448))","(np.float64(273.91468637955967), np.float64(30.73839234572967))"
4166,"((6, 7), (9, 17))","(np.float64(0.11934055379111522), np.float64(0.11968176352677762))","(np.float64(67.31246087563017), np.float64(261.63379697895624))"
4167,"((7, 8), (7, 13), (11, 13), (8, 13))","(np.float64(0.08539343543675891), np.float64(0.12831889347812828), np.float64(0.12471075231978707), np.float64(0.13200027956741406))","(np.float64(231.107403769241), np.float64(320.1265523170635), np.float64(240.90938136999137), np.float64(336.61156224696686))"
4169,"((0, 7), (4, 12), (5, 14), (5, 12), (7, 12), (1, 14))","(np.float64(0.09347823843954044), np.float64(0.14925172050441216), np.float64(0.12244844580181638), np.float64(0.06944171463435894), np.float64(0.13801852197192288), np.float64(0.1421161891383866))","(np.float64(219.2822218521286), np.float64(338.4478578621047), np.float64(17.641317208227694), np.float64(149.14909396291532), np.float64(31.873150166738306), np.float64(262.8409185327397))"
4170,"((2, 19), (7, 19), (2, 8))","(np.float64(0.11811949344894083), np.float64(0.10215638549950454), np.float64(0.1108167095211694))","(np.float64(213.5973073537856), np.float64(315.7489311806365), np.float64(336.6086250619095))"
4171,"((4, 6), (0, 6))","(np.float64(0.06998252800737552), np.float64(0.1007248599300622))","(np.float64(210.89430403260548), np.float64(127.44995317850973))"
4172,"((0, 1), (2, 13), (14, 19), (11, 18))","(np.float64(0.12721516794465312), np.float64(0.10169781992117909), np.float64(0.14794197517034668), np.float64(0.13742241740635855))","(np.float64(335.78486403424364), np.float64(358.1320251740686), np.float64(121.82578262266105), np.float64(39.8011303897785))"
4173,"((0, 5),)","(np.float64(0.10301951264834659),)","(np.float64(125.9951100025797),)"
4174,"((5, 16), (6, 12), (8, 9))","(np.float64(0.07859762326090158), np.float64(0.038760056866612054), np.float64(0.11181609936548993))","(np.float64(58.74986317677907), np.float64(306.8487149141627), np.float64(246.42088765503058))"
4175,"((2, 13),)","(np.float64(0.13659530285373933),)","(np.float64(233.37298273292856),)"
4176,"((4, 9), (10, 15))","(np.float64(0.0912480520069467), np.float64(0.11074927902248952))","(np.float64(29.5612696974636), np.float64(258.03608622531226))"
4178,"((6, 7), (8, 12), (4, 14))","(np.float64(0.11497974016320892), np.float64(0.12387705285226157), np.float64(0.14919393828712113))","(np.float64(319.03884708296465), np.float64(208.6161715342776), np.float64(353.5155671581454))"
4180,"((1, 6), (2, 18))","(np.float64(0.09111629271287972), np.float64(0.09636339290343547))","(np.float64(323.4151947355577), np.float64(209.12290143222523))"
4181,"((0, 16), (16, 18))","(np.float64(0.14549851858448037), np.float64(0.12954905707958564))","(np.float64(194.5820719847311), np.float64(251.1859626209961))"
4182,"((0, 9),)","(np.float64(0.14722100311160682),)","(np.float64(145.78311295143368),)"
4183,"((6, 9), (13, 18))","(np.float64(0.10188335786623208), np.float64(0.031834529008709034))","(np.float64(336.09036626103455), np.float64(258.712357674139))"
4184,"((5, 10),)","(np.float64(0.13138645931351192),)","(np.float64(70.41611427203763),)"
4185,"((10, 12), (10, 19), (2, 7))","(np.float64(0.023789353171991795), np.float64(0.12095573820411243), np.float64(0.13227172057902636))","(np.float64(295.5163730391291), np.float64(71.12015991894887), np.float64(273.45016386622683))"
4187,"((5, 14),)","(np.float64(0.1272174668909339),)","(np.float64(235.4587556131925),)"
4188,"((3, 19), (6, 17), (11, 18))","(np.float64(0.13030178679924298), np.float64(0.08937294650410546), np.float64(0.14203648388575052))","(np.float64(107.05345308058376), np.float64(129.14357944360168), np.float64(65.99289463037944))"
4189,"((9, 12), (16, 18), (2, 4), (0, 7), (9, 18), (0, 9))","(np.float64(0.1091417105697434), np.float64(0.01291944055968444), np.float64(0.14006032205525445), np.float64(0.14905517390146225), np.float64(0.14053256507262157), np.float64(0.13098034166010247))","(np.float64(205.82334999591453), np.float64(175.0230022313024), np.float64(291.3558277978991), np.float64(250.9643505786644), np.float64(66.23066550692462), np.float64(246.681582307249))"
4190,"((2, 11),)","(np.float64(0.14882118685685242),)","(np.float64(264.65351388222405),)"
4191,"((14, 17),)","(np.float64(0.09580549408701772),)","(np.float64(164.17073321056617),)"
4192,"((3, 10),)","(np.float64(0.08719726440384933),)","(np.float64(123.7506717640964),)"
4194,"((7, 9), (8, 15), (7, 16), (7, 18), (9, 18))","(np.float64(0.07962540021299762), np.float64(0.13101737205171785), np.float64(0.05688273796462426), np.float64(0.14201060533560889), np.float64(0.13383927439526638))","(np.float64(5.880526651104444), np.float64(187.67613572080094), np.float64(241.07595490350127), np.float64(75.13348938626046), np.float64(133.39184782095813))"
4195,"((0, 19),)","(np.float64(0.1469733676692404),)","(np.float64(170.01268682578916),)"
4196,"((7, 13), (7, 19), (0, 5), (6, 16))","(np.float64(0.1389299937775404), np.float64(0.04653587739725274), np.float64(0.13577228547625994), np.float64(0.1406645279629534))","(np.float64(305.8500763617124), np.float64(126.07992379353671), np.float64(240.4693048877548), np.float64(309.3394624977063))"
4197,"((7, 19),)","(np.float64(0.12952912382030765),)","(np.float64(333.821864577892),)"
4198,"((0, 9),)","(np.float64(0.12457326761785252),)","(np.float64(211.3497533675854),)"
4199,"((0, 5), (3, 11))","(np.float64(0.09399675015904346), np.float64(0.0873330194942781))","(np.float64(358.21840729341636), np.float64(18.02108834919269))"
4200,"((5, 8), (1, 10), (0, 10))","(np.float64(0.11729785016495571), np.float64(0.1353745885477471), np.float64(0.13882452615544677))","(np.float64(258.98665437067496), np.float64(12.191357741183444), np.float64(9.60780819057586))"
4201,"((0, 4), (9, 12), (16, 18), (7, 18))","(np.float64(0.11888935182977732), np.float64(0.1347472036078469), np.float64(0.09814863463195014), np.float64(0.13612562878710233))","(np.float64(137.84766831776543), np.float64(219.0450968553815), np.float64(339.11884805471203), np.float64(189.56692791444237))"
4202,"((1, 18), (2, 6), (3, 14))","(np.float64(0.09112968741712978), np.float64(0.10198719666842261), np.float64(0.1053526598451234))","(np.float64(139.3548680231652), np.float64(148.1023508527179), np.float64(222.43510720255628))"
4204,"((12, 13),)","(np.float64(0.08717717624336356),)","(np.float64(293.00020251915436),)"
4207,"((6, 19), (13, 17))","(np.float64(0.14411288467324637), np.float64(0.14193818197550043))","(np.float64(342.949508950335), np.float64(137.43177214863698))"
4208,"((5, 7), (9, 11), (4, 14))","(np.float64(0.11138476406520609), np.float64(0.11949334304380883), np.float64(0.14450963767971164))","(np.float64(153.93032091256984), np.float64(329.4202345614986), np.float64(335.82788280283484))"
4209,"((2, 19), (7, 18), (4, 7))","(np.float64(0.14274481986540793), np.float64(0.14363703911415604), np.float64(0.10542146162136984))","(np.float64(218.1886518403573), np.float64(326.51394687731374), np.float64(301.6552929402207))"
4210,"((1, 6),)","(np.float64(0.11308297605610229),)","(np.float64(184.69530705002086),)"
4211,"((1, 16), (3, 18))","(np.float64(0.10152916834111704), np.float64(0.1325417042781186))","(np.float64(67.20388364610132), np.float64(327.35051637998447))"
4212,"((4, 9),)","(np.float64(0.09098819952308851),)","(np.float64(65.2107071326714),)"
4213,"((8, 19), (10, 16))","(np.float64(0.11715552020576218), np.float64(0.10308022169169422))","(np.float64(236.68726595138094), np.float64(183.53697744987383))"
4215,"((3, 18), (12, 19))","(np.float64(0.0912984668114345), np.float64(0.13568850185462344))","(np.float64(75.45134708028569), np.float64(350.6487507237288))"
4216,"((0, 3), (6, 9), (7, 12), (12, 17))","(np.float64(0.13248265588463998), np.float64(0.13131545677818057), np.float64(0.05989342624773555), np.float64(0.14552775325778822))","(np.float64(280.42251407692646), np.float64(29.696322197611448), np.float64(189.69089499284385), np.float64(61.272065700517324))"
4218,"((0, 2), (2, 10))","(np.float64(0.1457317923107234), np.float64(0.11298641473078462))","(np.float64(147.99594740454674), np.float64(60.83759748248381))"
4219,"((2, 19), (3, 9), (7, 15), (8, 12), (11, 13), (1, 16))","(np.float64(0.08616325327290261), np.float64(0.1405094552790657), np.float64(0.13486172048997191), np.float64(0.006847940257678597), np.float64(0.14076199315082938), np.float64(0.1334945122117629))","(np.float64(353.94441711801244), np.float64(321.9586715857647), np.float64(193.00453861608983), np.float64(116.86365668724837), np.float64(278.32445931226266), np.float64(334.92135468964557))"
4220,"((6, 18),)","(np.float64(0.046581590792173305),)","(np.float64(121.6251186424038),)"
4221,"((1, 2), (1, 14), (6, 13))","(np.float64(0.1043359864019894), np.float64(0.1261371952861793), np.float64(0.14780195626787576))","(np.float64(60.11743222524979), np.float64(216.9694718129149), np.float64(272.53946929445596))"
4222,"((15, 18), (17, 18))","(np.float64(0.07971898933428315), np.float64(0.10626149920542867))","(np.float64(125.64566661765026), np.float64(285.099504943322))"
4223,"((10, 17),)","(np.float64(0.07740251789551866),)","(np.float64(161.30591671913305),)"
4224,"((2, 5), (6, 19), (12, 16))","(np.float64(0.06980360357017083), np.float64(0.07721963873182426), np.float64(0.12282530722601127))","(np.float64(45.47151577638817), np.float64(160.74220805415624), np.float64(74.16194366889978))"
4225,"((6, 16),)","(np.float64(0.12418836644248213),)","(np.float64(255.51527005773812),)"
4226,"((1, 2), (5, 9), (6, 7), (10, 11), (13, 14), (2, 9))","(np.float64(0.1462966751132938), np.float64(0.11307802492998235), np.float64(0.1347014574846187), np.float64(0.0940033962796759), np.float64(0.12789110393171613), np.float64(0.13521774269193415))","(np.float64(59.84934824130737), np.float64(153.26044849900373), np.float64(269.8368982360547), np.float64(195.72405323359533), np.float64(219.13482050575567), np.float64(338.6101270460911))"
4227,"((1, 14), (9, 10))","(np.float64(0.08671984099267034), np.float64(0.146108217969106))","(np.float64(28.343545069455796), np.float64(64.65456282115781))"
4228,"((4, 18),)","(np.float64(0.13407247335103134),)","(np.float64(165.4966468901232),)"
4230,"((3, 14), (8, 13), (6, 15))","(np.float64(0.10677305832970507), np.float64(0.08900545116887391), np.float64(0.1422323931768269))","(np.float64(121.69060357420003), np.float64(85.05602795462144), np.float64(40.41954788007256))"
4231,"((6, 19), (10, 19), (9, 16), (0, 9))","(np.float64(0.11893688638039637), np.float64(0.13473168115482784), np.float64(0.1494399868021131), np.float64(0.14874931927349574))","(np.float64(177.94667147921876), np.float64(102.87011673690508), np.float64(14.581689995606938), np.float64(129.34097394506767))"
4232,"((4, 13), (6, 18), (9, 10), (15, 16))","(np.float64(0.13989370857625932), np.float64(0.1326104723236642), np.float64(0.12212357102310592), np.float64(0.138883693185677))","(np.float64(128.1342426171052), np.float64(177.17417504334531), np.float64(351.2179306935158), np.float64(51.49000246368129))"
4233,"((0, 2), (7, 19))","(np.float64(0.14719372424450702), np.float64(0.1343130824968886))","(np.float64(326.35469026517086), np.float64(19.47968947929234))"
4235,"((3, 18), (3, 19), (18, 19))","(np.float64(0.11111912340963183), np.float64(0.11028978799793689), np.float64(0.06182684215069166))","(np.float64(84.64813483542984), np.float64(117.07527232421091), np.float64(191.60082659009035))"
4236,"((6, 7), (9, 19))","(np.float64(0.07439303455489248), np.float64(0.1290251965631394))","(np.float64(85.94859829710636), np.float64(12.95793015556186))"
4237,"((3, 15), (5, 15), (11, 15), (11, 17))","(np.float64(0.04988476329102714), np.float64(0.12748981413298405), np.float64(0.10023923807230115), np.float64(0.13022439087051535))","(np.float64(355.9594267885671), np.float64(178.14303591796755), np.float64(154.06565003088775), np.float64(62.24079385454478))"
4238,"((0, 16), (10, 12), (4, 17))","(np.float64(0.05176211521218649), np.float64(0.14609170430199134), np.float64(0.14671276125728278))","(np.float64(57.390667741820245), np.float64(353.20327719442156), np.float64(42.54254737649431))"
4239,"((2, 16),)","(np.float64(0.10934755398304652),)","(np.float64(231.82810818197402),)"
4240,"((1, 12), (7, 19))","(np.float64(0.12475281640851874), np.float64(0.13518824019203401))","(np.float64(196.98511279731264), np.float64(160.92422596904458))"
4242,"((3, 4), (8, 19), (9, 18))","(np.float64(0.06492077976905113), np.float64(0.14135334172556857), np.float64(0.0663617878930639))","(np.float64(16.176996418323537), np.float64(219.05612847080698), np.float64(144.38055191121796))"
4243,"((2, 16), (4, 8), (11, 19), (1, 11))","(np.float64(0.11696163357744233), np.float64(0.11205674562239423), np.float64(0.11091619201691931), np.float64(0.14714057383765528))","(np.float64(124.86155420946798), np.float64(233.01115593489945), np.float64(174.76031256090062), np.float64(288.2801928690341))"
4244,"((12, 13),)","(np.float64(0.11310065876538143),)","(np.float64(104.52660786576303),)"
4245,"((8, 12),)","(np.float64(0.09537620039637743),)","(np.float64(262.0760506989752),)"
4246,"((12, 13),)","(np.float64(0.12565112140942392),)","(np.float64(254.4998914159455),)"
4247,"((5, 8), (6, 12))","(np.float64(0.020884487031721157), np.float64(0.12606462218711884))","(np.float64(246.41418451857692), np.float64(150.69939995993215))"
4248,"((5, 13), (14, 17))","(np.float64(0.11386785404324659), np.float64(0.1339072799584791))","(np.float64(49.000939494401045), np.float64(137.27491624094642))"
4249,"((5, 12), (5, 15))","(np.float64(0.13131962684444123), np.float64(0.1494610840837961))","(np.float64(29.830630027173537), np.float64(284.10174023939123))"
4250,"((0, 13),)","(np.float64(0.1407606129033065),)","(np.float64(271.8589159132766),)"
4251,"((2, 18), (1, 13))","(np.float64(0.038230221551132496), np.float64(0.13196163001942918))","(np.float64(320.27303413482474), np.float64(280.2103912045493))"
4253,"((5, 18),)","(np.float64(0.14539413795662318),)","(np.float64(40.98788638590864),)"
4255,"((6, 10),)","(np.float64(0.10737957729941851),)","(np.float64(174.48634800371178),)"
4258,"((1, 18), (1, 13))","(np.float64(0.13571963820959057), np.float64(0.1485164548495379))","(np.float64(343.4434865332154), np.float64(240.69803710235925))"
4259,"((4, 12),)","(np.float64(0.14283920579964662),)","(np.float64(234.74509047106412),)"
4260,"((1, 16), (10, 13), (13, 19))","(np.float64(0.1482236608790972), np.float64(0.11204316258437261), np.float64(0.13665170048691744))","(np.float64(92.09366173073929), np.float64(20.75782363009192), np.float64(95.3454315006529))"
4261,"((0, 14), (2, 17), (9, 18))","(np.float64(0.06455188669082086), np.float64(0.05182092720833715), np.float64(0.1409644749395246))","(np.float64(352.74259293870216), np.float64(214.1957275179866), np.float64(18.26221928975502))"
4262,"((5, 19), (7, 18), (5, 17))","(np.float64(0.12180979946637921), np.float64(0.1394922507709706), np.float64(0.14329217445458942))","(np.float64(293.8776699230143), np.float64(257.0402869172783), np.float64(6.823933970272485))"
4263,"((15, 18), (16, 18), (2, 12))","(np.float64(0.13473933262031124), np.float64(0.14181564498153915), np.float64(0.1468343343570138))","(np.float64(264.24391425746524), np.float64(116.71043432718022), np.float64(160.93288600238287))"
4265,"((0, 11), (6, 18))","(np.float64(0.04170616135275881), np.float64(0.0951601288690062))","(np.float64(343.394819475743), np.float64(51.86071014750883))"
4267,"((0, 14),)","(np.float64(0.1384108356414506),)","(np.float64(280.99221308209735),)"
4268,"((5, 12),)","(np.float64(0.11901032523403966),)","(np.float64(359.31902505203857),)"
4269,"((5, 6), (13, 16), (7, 13))","(np.float64(0.14166212622922947), np.float64(0.12779886939635132), np.float64(0.14617990759499191))","(np.float64(358.8147923611326), np.float64(301.30777156653886), np.float64(318.8855279387618))"
4271,"((1, 14), (6, 19), (4, 11), (13, 15))","(np.float64(0.141024962318886), np.float64(0.09933687742967356), np.float64(0.14970543375459391), np.float64(0.14227340719295345))","(np.float64(73.38786780385954), np.float64(278.4819583428124), np.float64(34.87751121823201), np.float64(94.20606203124063))"
4272,"((0, 12), (1, 9), (2, 11), (0, 10))","(np.float64(0.13512746516348942), np.float64(0.05651044853240399), np.float64(0.11756189005041665), np.float64(0.12952239511179278))","(np.float64(47.71374718861547), np.float64(22.040796943877293), np.float64(46.13688441402945), np.float64(226.4953733822687))"
4274,"((6, 11),)","(np.float64(0.14844059510996258),)","(np.float64(12.275624436060285),)"
4275,"((14, 19),)","(np.float64(0.13311257911231805),)","(np.float64(181.09995657606893),)"
4276,"((7, 17), (0, 5))","(np.float64(0.148034955062276), np.float64(0.14784467208396632))","(np.float64(319.8561948387455), np.float64(268.6707752141891))"
4277,"((16, 19),)","(np.float64(0.11621344051788574),)","(np.float64(348.74246008142836),)"
4278,"((8, 9), (8, 14), (9, 14))","(np.float64(0.1379251907808), np.float64(0.0496224012944002), np.float64(0.12653022948765696))","(np.float64(54.770113765574074), np.float64(121.1889100903717), np.float64(213.70530700839157))"
4279,"((0, 14), (0, 19), (11, 18), (7, 12))","(np.float64(0.143206742476265), np.float64(0.14446137806351766), np.float64(0.11965604862045018), np.float64(0.14840735392545915))","(np.float64(112.92365053007168), np.float64(212.95822642851851), np.float64(73.86263211258577), np.float64(12.123672942454494))"
4283,"((8, 10), (12, 14))","(np.float64(0.062290856093784215), np.float64(0.13774660010311354))","(np.float64(121.81035380886513), np.float64(70.66724763403334))"
4284,"((10, 15),)","(np.float64(0.09573716247597497),)","(np.float64(63.86885629005812),)"
4285,"((17, 19),)","(np.float64(0.06448582291324309),)","(np.float64(294.31517393154434),)"
4286,"((3, 15),)","(np.float64(0.10661764160251981),)","(np.float64(175.94250731811084),)"
4287,"((5, 10),)","(np.float64(0.08255512297906692),)","(np.float64(107.38500009944786),)"
4288,"((4, 13),)","(np.float64(0.1074042237920043),)","(np.float64(147.4744609088771),)"
4289,"((1, 13),)","(np.float64(0.10605985383296215),)","(np.float64(44.94208802676161),)"
4290,"((3, 8),)","(np.float64(0.12030533896686835),)","(np.float64(37.06088764955731),)"
4291,"((0, 2), (6, 8), (2, 12))","(np.float64(0.06569538915586624), np.float64(0.06293863953406884), np.float64(0.13243155531337947))","(np.float64(33.52962887031328), np.float64(257.7582982354079), np.float64(350.9479834185882))"
4292,"((4, 13), (4, 17), (5, 9), (11, 12), (13, 17))","(np.float64(0.05175483167113984), np.float64(0.041137003771261456), np.float64(0.13201459838512186), np.float64(0.12027645618329294), np.float64(0.0920817296461982))","(np.float64(319.0727929356758), np.float64(123.8281305331281), np.float64(306.4502653672753), np.float64(30.545421326119918), np.float64(132.3268699090397))"
4293,"((2, 15),)","(np.float64(0.1432753770393196),)","(np.float64(128.0704467774777),)"
4295,"((4, 11),)","(np.float64(0.03366226414217041),)","(np.float64(77.10735805191122),)"
4296,"((4, 17),)","(np.float64(0.06790323277209082),)","(np.float64(93.10286028008801),)"
4297,"((0, 1), (1, 2), (1, 3), (2, 3), (11, 13), (11, 19))","(np.float64(0.13923535307312507), np.float64(0.09306178698230001), np.float64(0.07238271234799847), np.float64(0.05050134455532406), np.float64(0.06877795750747924), np.float64(0.11996306164087893))","(np.float64(227.5836751699871), np.float64(298.4753361135507), np.float64(265.8733860270102), np.float64(169.03131394150316), np.float64(167.80156145819709), np.float64(122.5911418347623))"
4298,"((2, 9), (14, 19))","(np.float64(0.09833210458590376), np.float64(0.1232305942962207))","(np.float64(92.9468885594864), np.float64(178.52375919940303))"
4299,"((8, 13),)","(np.float64(0.14684909155204862),)","(np.float64(57.74293400819178),)"
4300,"((0, 16),)","(np.float64(0.08933328457289504),)","(np.float64(70.75834388218338),)"
4301,"((1, 12), (7, 9))","(np.float64(0.0892889387988423), np.float64(0.035341542059862))","(np.float64(249.8378822214678), np.float64(38.633892728552716))"
4302,"((4, 12), (13, 19))","(np.float64(0.13038717735591634), np.float64(0.12739797178307175))","(np.float64(284.2263873712575), np.float64(145.80844082735229))"
4303,"((3, 12), (6, 14), (9, 19))","(np.float64(0.1263493844206029), np.float64(0.055522325834836), np.float64(0.07840032422717881))","(np.float64(210.00731511794964), np.float64(95.02768422313909), np.float64(343.1336836153639))"
4304,"((1, 3), (4, 10))","(np.float64(0.14118834555306314), np.float64(0.13942997537849994))","(np.float64(65.70798945186584), np.float64(196.68381758394858))"
4305,"((0, 7), (13, 18))","(np.float64(0.12682789192693816), np.float64(0.13763236871296883))","(np.float64(70.66099910052533), np.float64(129.10286323882485))"
4306,"((0, 9), (3, 18))","(np.float64(0.12951613740936194), np.float64(0.06105860470699633))","(np.float64(17.487396277376472), np.float64(349.0316112206429))"
4308,"((8, 15), (4, 17), (2, 4))","(np.float64(0.1477821615794903), np.float64(0.13510800942437423), np.float64(0.1473137768976207))","(np.float64(78.44523977595313), np.float64(80.78530674606651), np.float64(251.9671166616921))"
4309,"((0, 3), (15, 18), (1, 16), (14, 17), (14, 19))","(np.float64(0.012822902648218098), np.float64(0.10648844764194168), np.float64(0.13897872084846982), np.float64(0.14191095221629213), np.float64(0.12665890400075824))","(np.float64(179.53641986094084), np.float64(358.8979042765613), np.float64(39.53223758197938), np.float64(71.06765468659265), np.float64(192.18273320571274))"
4310,"((2, 8), (7, 9), (6, 17))","(np.float64(0.03861164416814434), np.float64(0.052487626430561506), np.float64(0.14728885171706688))","(np.float64(163.7133712217077), np.float64(328.09943495294715), np.float64(135.9893337377484))"
4311,"((1, 4), (5, 18), (6, 16), (14, 17))","(np.float64(0.08746309494078973), np.float64(0.12882810954276167), np.float64(0.09117707268402579), np.float64(0.12075501938990243))","(np.float64(148.85283617005925), np.float64(350.3179862353856), np.float64(169.3281121536369), np.float64(102.97345522151194))"
4312,"((8, 19),)","(np.float64(0.061063946082795334),)","(np.float64(117.17686539572007),)"
4313,"((4, 8), (11, 16))","(np.float64(0.12513164293198947), np.float64(0.12090929846847924))","(np.float64(236.43969213705924), np.float64(20.12941989788766))"
4314,"((8, 15), (15, 18))","(np.float64(0.09764026287195395), np.float64(0.1171133149268792))","(np.float64(269.04757991072216), np.float64(282.0458525891486))"
4316,"((1, 11), (9, 12), (5, 13))","(np.float64(0.13098844112542551), np.float64(0.12325546206138513), np.float64(0.1430981169905599))","(np.float64(259.44813410686317), np.float64(348.9866319081953), np.float64(288.52638184480344))"
4317,"((6, 14),)","(np.float64(0.12290558568380934),)","(np.float64(247.16737016052375),)"
4318,"((13, 18), (12, 18))","(np.float64(0.04287587796443425), np.float64(0.1461861247513013))","(np.float64(167.24697512046734), np.float64(287.2211590018176))"
4319,"((12, 19), (13, 16))","(np.float64(0.14004190687704782), np.float64(0.14159695306145437))","(np.float64(175.41222928665033), np.float64(338.62989094446664))"
4320,"((0, 13), (14, 18))","(np.float64(0.041488521617904305), np.float64(0.014541899812918783))","(np.float64(167.90787550313806), np.float64(55.2005346239024))"
4321,"((5, 15), (7, 11))","(np.float64(0.11297688389361624), np.float64(0.07776933283689842))","(np.float64(24.647509477412136), np.float64(357.95165931524315))"
4323,"((3, 4),)","(np.float64(0.1471293656341935),)","(np.float64(89.09321012779459),)"
4324,"((2, 4),)","(np.float64(0.11222572772887142),)","(np.float64(187.5472135013869),)"
4325,"((5, 19), (3, 19), (7, 15))","(np.float64(0.11238154661451459), np.float64(0.14429752616915037), np.float64(0.12452604406948618))","(np.float64(131.03786459623623), np.float64(290.59036292474354), np.float64(339.9313604219575))"
4326,"((9, 12), (0, 15))","(np.float64(0.11416608505734684), np.float64(0.1209708553631633))","(np.float64(106.12593377467898), np.float64(213.2064106924627))"
4327,"((2, 10), (4, 16), (2, 6), (11, 18))","(np.float64(0.0664800690177416), np.float64(0.0731003503075925), np.float64(0.12463488707270888), np.float64(0.13638260614923595))","(np.float64(45.202717069000876), np.float64(150.6474562696655), np.float64(290.9921736288064), np.float64(98.50237963102607))"
4328,"((3, 8), (5, 18))","(np.float64(0.1287940160295206), np.float64(0.14748379496244074))","(np.float64(318.66165888200885), np.float64(71.51581441579044))"
4329,"((13, 16), (3, 10))","(np.float64(0.13891607330310957), np.float64(0.1430807084087447))","(np.float64(339.5994758340347), np.float64(336.50653035955395))"
4330,"((1, 19), (4, 16), (5, 13))","(np.float64(0.12239968443534191), np.float64(0.12117452856425054), np.float64(0.14668398359652768))","(np.float64(289.9151974660175), np.float64(290.97465847071237), np.float64(273.21859513379366))"
4331,"((2, 6), (3, 7))","(np.float64(0.07748914147292008), np.float64(0.1307454145249924))","(np.float64(42.35867691135862), np.float64(344.2054873806082))"
4332,"((8, 11), (12, 17), (0, 13))","(np.float64(0.14686210000303063), np.float64(0.12163736857424638), np.float64(0.1349408666103081))","(np.float64(314.05300045291), np.float64(133.81227931748555), np.float64(272.58493589331323))"
4333,"((6, 18), (4, 10), (5, 8), (1, 10))","(np.float64(0.10033732271931373), np.float64(0.1468440953862206), np.float64(0.11525821261828201), np.float64(0.13746775523435334))","(np.float64(247.8989229792234), np.float64(44.759398946214354), np.float64(41.08735192369946), np.float64(284.4746526485187))"
4334,"((4, 19), (9, 13))","(np.float64(0.09491096623842901), np.float64(0.10514127375144486))","(np.float64(232.24273658911432), np.float64(268.3285275215344))"
4335,"((8, 10), (15, 19), (0, 15))","(np.float64(0.09752449470600197), np.float64(0.06779745333841986), np.float64(0.13246245531831013))","(np.float64(140.89308947102), np.float64(28.629138388192096), np.float64(237.4812544848636))"
4336,"((0, 18), (2, 11))","(np.float64(0.08022091823345419), np.float64(0.14515846232478447))","(np.float64(121.52293937579726), np.float64(268.0603521470001))"
4337,"((7, 12), (9, 13), (10, 18), (2, 8))","(np.float64(0.09339957755556835), np.float64(0.12899808942872115), np.float64(0.11342630499680473), np.float64(0.1480350156236442))","(np.float64(310.19801932851885), np.float64(179.45638558194173), np.float64(307.4042769628919), np.float64(219.34792802884388))"
4338,"((8, 16),)","(np.float64(0.10451003260223543),)","(np.float64(117.02851114631258),)"
4340,"((0, 13), (7, 15))","(np.float64(0.13631260026220432), np.float64(0.07409902269222854))","(np.float64(109.90615626671041), np.float64(124.04200301952822))"
4341,"((6, 8), (8, 9), (6, 18), (8, 14), (8, 17))","(np.float64(0.11521559903471422), np.float64(0.14944893760463412), np.float64(0.0951152790440376), np.float64(0.132449840300707), np.float64(0.12143274441113447))","(np.float64(42.08651659310874), np.float64(20.616918254839497), np.float64(318.85949233263995), np.float64(37.34367053551576), np.float64(304.89663299732456))"
4342,"((4, 8), (12, 17), (18, 19), (0, 9), (14, 18))","(np.float64(0.13658804601779453), np.float64(0.10580263231874826), np.float64(0.14890534856527715), np.float64(0.0898802124339731), np.float64(0.1468570593226084))","(np.float64(202.71264952172834), np.float64(73.2395644738958), np.float64(19.89911656461594), np.float64(354.9392557698227), np.float64(201.7876161089399))"
4343,"((8, 14), (3, 6))","(np.float64(0.10958178639144853), np.float64(0.14059692417253838))","(np.float64(312.5732882116053), np.float64(209.23213605654607))"
4344,"((1, 16), (1, 18))","(np.float64(0.053652898707994646), np.float64(0.13471655760962695))","(np.float64(177.9445340749515), np.float64(31.031239073447498))"
4345,"((6, 10), (8, 19), (4, 17))","(np.float64(0.13183038274720318), np.float64(0.10205153349620324), np.float64(0.1314566805282437))","(np.float64(274.08961891830023), np.float64(279.2911028185799), np.float64(35.972103810806466))"
4346,"((0, 10), (7, 19), (3, 16))","(np.float64(0.08425669041610787), np.float64(0.08362997795876989), np.float64(0.14229184490376412))","(np.float64(158.88068380369714), np.float64(195.46604778900775), np.float64(338.4383201426315))"
4347,"((0, 11), (7, 12), (13, 15), (16, 18), (1, 11))","(np.float64(0.10177760361125168), np.float64(0.13844094162120837), np.float64(0.0634250602501686), np.float64(0.1217592374912756), np.float64(0.1462007050877799))","(np.float64(13.169834732021116), np.float64(100.37015006629477), np.float64(205.67896250984597), np.float64(216.1943390057126), np.float64(316.4177776734808))"
4349,"((2, 7), (6, 16), (7, 17))","(np.float64(0.11642296280385396), np.float64(0.14839527295503888), np.float64(0.14723900659135586))","(np.float64(38.3629242151388), np.float64(96.97561890789527), np.float64(27.12492135460535))"
4350,"((2, 12), (6, 8))","(np.float64(0.11106191907045557), np.float64(0.12816182399292786))","(np.float64(189.20101866413876), np.float64(60.25743412275086))"
4351,"((8, 13),)","(np.float64(0.14437794576846255),)","(np.float64(8.90760870743425),)"
4352,"((8, 9),)","(np.float64(0.11536295280476516),)","(np.float64(8.60585392317584),)"
4353,"((3, 14), (3, 19), (6, 18), (0, 8))","(np.float64(0.10334266282057773), np.float64(0.11020608691310457), np.float64(0.1314401681320114), np.float64(0.07974448337614459))","(np.float64(353.41555694754356), np.float64(105.33390871255547), np.float64(39.1013112526094), np.float64(117.55052217937788))"
4354,"((4, 19), (9, 14))","(np.float64(0.03622007812598117), np.float64(0.13336812537757753))","(np.float64(64.88168131227906), np.float64(218.32717197906638))"
4355,"((0, 9),)","(np.float64(0.11215324259370835),)","(np.float64(106.5147979675989),)"
4356,"((10, 18), (8, 16))","(np.float64(0.09701471858194047), np.float64(0.14066052326242878))","(np.float64(349.11936974333975), np.float64(86.86674714263641))"
4357,"((12, 18),)","(np.float64(0.11408060009818877),)","(np.float64(91.89612346185947),)"
4358,"((1, 14),)","(np.float64(0.06656173535921547),)","(np.float64(211.3126463694403),)"
4359,"((3, 9), (10, 19))","(np.float64(0.06655544064440994), np.float64(0.10528357050497765))","(np.float64(356.7238866444979), np.float64(116.04944456614476))"
4360,"((3, 16), (10, 19))","(np.float64(0.06543165085891509), np.float64(0.13994359634166573))","(np.float64(37.52088772835991), np.float64(61.49902530944168))"
4361,"((2, 18),)","(np.float64(0.052470705925747284),)","(np.float64(162.56149411296957),)"
4362,"((6, 7), (6, 15), (8, 19), (6, 14), (5, 14))","(np.float64(0.11439157741961058), np.float64(0.14244675104764637), np.float64(0.11391147240541408), np.float64(0.10216366371760029), np.float64(0.10632231900664442))","(np.float64(9.626192630343528), np.float64(91.446214091491), np.float64(224.16136584010525), np.float64(227.70889378296377), np.float64(348.42110518836927))"
4363,"((13, 14),)","(np.float64(0.06341647077700126),)","(np.float64(108.12968827656144),)"
4364,"((3, 10), (4, 9))","(np.float64(0.10690050855414801), np.float64(0.07743162558968592))","(np.float64(86.63324647626364), np.float64(0.8744898954589394))"
4366,"((3, 8),)","(np.float64(0.13153384002677485),)","(np.float64(343.93523512362134),)"
4367,"((6, 10),)","(np.float64(0.10583986260605475),)","(np.float64(211.17175792050247),)"
4368,"((0, 16),)","(np.float64(0.12765536036182024),)","(np.float64(330.2101296748698),)"
4369,"((13, 16),)","(np.float64(0.13239266712027795),)","(np.float64(135.32061874345004),)"
4370,"((9, 12), (15, 19))","(np.float64(0.12117954489702355), np.float64(0.11668376196013469))","(np.float64(167.88905091774757), np.float64(296.80527930097577))"
4372,"((5, 7), (0, 6))","(np.float64(0.12889064277691256), np.float64(0.11036422305159738))","(np.float64(175.8096740150516), np.float64(284.34072515632687))"
4373,"((5, 8),)","(np.float64(0.10652969418504182),)","(np.float64(100.8640553268667),)"
4374,"((1, 13),)","(np.float64(0.13769526281377187),)","(np.float64(347.12907871857544),)"
4375,"((7, 11),)","(np.float64(0.11704006371026295),)","(np.float64(352.9092460118817),)"
4376,"((3, 16), (8, 9), (8, 15), (9, 15), (9, 19))","(np.float64(0.12766848432685352), np.float64(0.09559425162406163), np.float64(0.1179853040603875), np.float64(0.10252885013352288), np.float64(0.13525730481653855))","(np.float64(226.32773787787352), np.float64(227.72520167432037), np.float64(111.62790915398227), np.float64(99.72707449148136), np.float64(118.65821116932604))"
4378,"((2, 9),)","(np.float64(0.1395353408288503),)","(np.float64(294.2380155680385),)"
4379,"((4, 13), (7, 9), (7, 10))","(np.float64(0.14507916121991504), np.float64(0.11517309983231827), np.float64(0.14879399507011903))","(np.float64(156.04896278868037), np.float64(29.69481597293866), np.float64(172.71976792716816))"
4380,"((0, 13), (2, 10))","(np.float64(0.04507398984737484), np.float64(0.043815348487494764))","(np.float64(335.67171069385756), np.float64(156.75078079929222))"
4381,"((1, 19), (4, 16), (10, 12))","(np.float64(0.058490733370301785), np.float64(0.07320444729180747), np.float64(0.12892266251780396))","(np.float64(257.43432535154346), np.float64(137.5605723717967), np.float64(155.01481613575834))"
4382,"((14, 18), (16, 17))","(np.float64(0.09965068192565311), np.float64(0.09044503133718489))","(np.float64(226.0642831080959), np.float64(82.38996764511188))"
4383,"((1, 13),)","(np.float64(0.11384593441783279),)","(np.float64(18.1920045526248),)"
4384,"((8, 9), (10, 15), (11, 19))","(np.float64(0.11434153959022594), np.float64(0.1206592723509806), np.float64(0.08076430827146358))","(np.float64(62.023161295831805), np.float64(233.73454560855816), np.float64(139.16755843348906))"
4385,"((4, 5),)","(np.float64(0.07691918440690566),)","(np.float64(285.89826746369033),)"
4386,"((0, 14), (3, 18), (6, 18), (12, 16))","(np.float64(0.09711981052606257), np.float64(0.04707777399459017), np.float64(0.123468145868462), np.float64(0.14586767376698215))","(np.float64(358.19426280570167), np.float64(0.5434101788871498), np.float64(230.18687537268244), np.float64(317.7336366741589))"
4391,"((3, 4), (10, 19), (6, 15))","(np.float64(0.06539660236605699), np.float64(0.08805469529196677), np.float64(0.13858974518378267))","(np.float64(226.39445074618573), np.float64(295.1218415726007), np.float64(303.3224045662889))"
4393,"((3, 19),)","(np.float64(0.09339781869992776),)","(np.float64(128.3300227212763),)"
4395,"((2, 4), (10, 15), (14, 16))","(np.float64(0.0786235809931864), np.float64(0.14149876809855141), np.float64(0.12166644222787952))","(np.float64(201.84048334039682), np.float64(197.96805517637907), np.float64(131.70380158445388))"
4396,"((7, 10),)","(np.float64(0.12061600081850075),)","(np.float64(30.75960840548062),)"
4397,"((15, 18),)","(np.float64(0.1453955982220363),)","(np.float64(233.37828144363397),)"
4398,"((4, 5),)","(np.float64(0.07111533005297137),)","(np.float64(217.21521318867252),)"
4399,"((4, 6), (6, 18))","(np.float64(0.12079203379539585), np.float64(0.14879577833014138))","(np.float64(143.29019313907796), np.float64(256.385896068419))"
4400,"((1, 18), (5, 9), (10, 19), (12, 15), (13, 14), (13, 17), (14, 17), (1, 19), (5, 13))","(np.float64(0.10113094263297083), np.float64(0.09242268423651089), np.float64(0.12519885123603128), np.float64(0.11794077183833382), np.float64(0.11397386617324087), np.float64(0.1057455606206943), np.float64(0.13607524294235904), np.float64(0.1426156226452674), np.float64(0.14196984826887005))","(np.float64(277.94460922135045), np.float64(43.5250631536848), np.float64(211.2516973538143), np.float64(151.51348444472242), np.float64(128.4695365603146), np.float64(204.89814014952842), np.float64(259.4072251201261), np.float64(1.2774044788594945), np.float64(199.23737337140886))"
4401,"((0, 4), (11, 17))","(np.float64(0.11597547024513753), np.float64(0.11969953449703152))","(np.float64(131.82045927929838), np.float64(324.86786907464875))"
4402,"((0, 16),)","(np.float64(0.14896877187400476),)","(np.float64(31.393923002082975),)"
4403,"((6, 19),)","(np.float64(0.12851287903880027),)","(np.float64(262.09420889287173),)"
4404,"((3, 11), (7, 16))","(np.float64(0.13473924477022572), np.float64(0.0909028010058043))","(np.float64(187.94433080680753), np.float64(204.25348725928177))"
4406,"((3, 11), (3, 10))","(np.float64(0.13160634361622225), np.float64(0.1498724897224687))","(np.float64(44.582874393798335), np.float64(353.88640691457897))"
4407,"((1, 6), (4, 18), (5, 7), (10, 19))","(np.float64(0.0962818255525038), np.float64(0.1376039898983913), np.float64(0.12105950565070944), np.float64(0.14145231498258723))","(np.float64(210.97225986764735), np.float64(125.9682328753216), np.float64(170.01315798996438), np.float64(44.706153454808515))"
4408,"((3, 17),)","(np.float64(0.1442222492181706),)","(np.float64(289.8589870771823),)"
4409,"((6, 17),)","(np.float64(0.13905364345206545),)","(np.float64(359.77185784174003),)"
4410,"((5, 18), (12, 16))","(np.float64(0.13022202640222597), np.float64(0.1439495611735668))","(np.float64(245.98929136354985), np.float64(26.62560799067177))"
4411,"((11, 18), (17, 19), (12, 18))","(np.float64(0.1018414291964003), np.float64(0.14991252340635752), np.float64(0.14429265274086042))","(np.float64(292.6827474674036), np.float64(243.18406162100698), np.float64(261.06767871893135))"
4412,"((1, 6),)","(np.float64(0.07460321943061364),)","(np.float64(342.7036584306239),)"
4414,"((6, 13), (6, 10))","(np.float64(0.14114742881082676), np.float64(0.144901064652843))","(np.float64(39.447272227911995), np.float64(236.35997919895448))"
4415,"((0, 10), (10, 15), (0, 8))","(np.float64(0.12138463669818644), np.float64(0.11656182245085005), np.float64(0.14409122478858688))","(np.float64(319.3343783036881), np.float64(346.0240129218873), np.float64(103.04486852236919))"
4416,"((0, 16), (8, 16))","(np.float64(0.03595139296745593), np.float64(0.13431503376315593))","(np.float64(299.220032341866), np.float64(106.00832925246748))"
4417,"((2, 19), (8, 17))","(np.float64(0.1481983027948097), np.float64(0.09505950015376999))","(np.float64(15.382913665373266), np.float64(45.333166910203005))"
4418,"((5, 13), (11, 18), (1, 5), (6, 17), (8, 11))","(np.float64(0.10705614657056138), np.float64(0.04259110774442314), np.float64(0.14107028067618482), np.float64(0.1310885915976604), np.float64(0.14191092391550228))","(np.float64(73.21218094262454), np.float64(275.3148492784304), np.float64(253.85827638119196), np.float64(329.6039616904918), np.float64(353.4510192699265))"
4419,"((6, 18), (8, 15), (6, 11))","(np.float64(0.08081536480447467), np.float64(0.026522881541677798), np.float64(0.1487715358729314))","(np.float64(180.8757665430115), np.float64(240.0458208441817), np.float64(37.620453610662096))"
4421,"((10, 18), (11, 12), (7, 12))","(np.float64(0.1324607703054617), np.float64(0.06475422313289884), np.float64(0.09577296130237664))","(np.float64(41.20488377724963), np.float64(165.81924321243835), np.float64(257.9946604270875))"
4422,"((1, 14),)","(np.float64(0.13986433202462842),)","(np.float64(292.3665615633027),)"
4423,"((7, 14), (10, 13), (13, 15))","(np.float64(0.11139230527930408), np.float64(0.14567705683792778), np.float64(0.06592013715050922))","(np.float64(259.81917490150664), np.float64(95.44675022654896), np.float64(59.00037351347903))"
4425,"((2, 9),)","(np.float64(0.13855835663867047),)","(np.float64(226.37581274778452),)"
4426,"((5, 8), (6, 12), (7, 12))","(np.float64(0.1414461570280772), np.float64(0.1469635386503218), np.float64(0.1397729052498014))","(np.float64(77.67976699872953), np.float64(139.0817334197493), np.float64(216.12064784690375))"
4427,"((1, 2), (3, 14), (4, 9), (5, 17), (6, 14), (4, 13), (5, 13), (4, 10))","(np.float64(0.12278522883262041), np.float64(0.13515621931179092), np.float64(0.14796361554315318), np.float64(0.11706950097144643), np.float64(0.027467207760299792), np.float64(0.13824036380612145), np.float64(0.12994043509296319), np.float64(0.13865588198933038))","(np.float64(345.2668710494642), np.float64(207.64649562909193), np.float64(18.117514505578168), np.float64(212.20935282996942), np.float64(150.62054606237703), np.float64(277.2350415510367), np.float64(357.0014913421924), np.float64(210.00080884719105))"
4428,"((1, 14),)","(np.float64(0.07394258967058615),)","(np.float64(3.441233444643176),)"
4429,"((4, 19), (3, 18))","(np.float64(0.1148740321057137), np.float64(0.13710391948914358))","(np.float64(350.45539692630365), np.float64(61.2807708723384))"
4431,"((4, 5), (13, 14), (10, 16))","(np.float64(0.10650182447018522), np.float64(0.09279579844347396), np.float64(0.1461027426231633))","(np.float64(98.27009135432206), np.float64(278.52488015348786), np.float64(88.29786718428647))"
4432,"((11, 17), (5, 17))","(np.float64(0.14107749670066858), np.float64(0.1494836275655584))","(np.float64(246.2195467299935), np.float64(317.1171543025491))"
4433,"((7, 12), (3, 18), (6, 17))","(np.float64(0.09619663309902311), np.float64(0.11595577543723855), np.float64(0.14419107959022137))","(np.float64(185.48040975311102), np.float64(206.28981342033384), np.float64(314.71180254125306))"
4434,"((5, 6), (1, 8))","(np.float64(0.12090332661219891), np.float64(0.1318924200446386))","(np.float64(125.22386083571402), np.float64(194.20414120268333))"
4435,"((9, 18),)","(np.float64(0.14583044232395073),)","(np.float64(202.58455517952166),)"
4436,"((2, 4), (10, 18), (12, 14), (12, 19))","(np.float64(0.0928760447118456), np.float64(0.10972394599106632), np.float64(0.048175075928702064), np.float64(0.12267774488049771))","(np.float64(278.75889656582024), np.float64(104.0515405402238), np.float64(301.4501266592544), np.float64(34.42555008570627))"
4437,"((4, 8),)","(np.float64(0.10410544889161284),)","(np.float64(352.05872064834756),)"
4438,"((6, 19), (17, 18), (12, 18))","(np.float64(0.14805228334200027), np.float64(0.14451050148029013), np.float64(0.140968498815279))","(np.float64(94.93039709383315), np.float64(356.95553025471844), np.float64(127.99641225817182))"
4440,"((0, 16),)","(np.float64(0.14430990639322275),)","(np.float64(175.0265353466284),)"
4441,"((12, 14), (10, 13), (4, 15))","(np.float64(0.14716569275655414), np.float64(0.13415114405990408), np.float64(0.14564156571453638))","(np.float64(236.5087445605893), np.float64(265.6080834483581), np.float64(291.2492275305461))"
4444,"((7, 14),)","(np.float64(0.09673494758291792),)","(np.float64(98.43984742569044),)"
4445,"((8, 19),)","(np.float64(0.14969042654725384),)","(np.float64(314.5266445420431),)"
4446,"((6, 15), (11, 13), (7, 18), (8, 11), (0, 9))","(np.float64(0.10343867855209507), np.float64(0.14387840331104076), np.float64(0.13930748897578604), np.float64(0.14535984581992317), np.float64(0.14882853201225424))","(np.float64(162.33210362267744), np.float64(46.21253954796274), np.float64(42.64593265076724), np.float64(343.5375307039182), np.float64(239.45768421454568))"
4447,"((0, 19), (2, 9))","(np.float64(0.1448461764321933), np.float64(0.12742039214221323))","(np.float64(109.03388400306133), np.float64(249.97088280906144))"
4448,"((5, 9), (9, 11))","(np.float64(0.12395348274389997), np.float64(0.06790846830585726))","(np.float64(342.4334079916238), np.float64(26.42024807283913))"
4449,"((18, 19),)","(np.float64(0.1306305944494898),)","(np.float64(52.62701034217192),)"
4451,"((2, 17),)","(np.float64(0.14235651173493455),)","(np.float64(267.27700696018894),)"
4452,"((8, 12), (0, 9), (7, 15))","(np.float64(0.0734467898361331), np.float64(0.1480131925356324), np.float64(0.14017222732587592))","(np.float64(237.5941035287488), np.float64(24.319744850984833), np.float64(262.4274723937433))"
4454,"((0, 18), (4, 11), (4, 17))","(np.float64(0.11523999570348697), np.float64(0.10297028401552967), np.float64(0.14443791114250856))","(np.float64(258.57953554705546), np.float64(166.93967879849177), np.float64(346.68188938154856))"
4455,"((4, 7), (1, 17), (3, 17))","(np.float64(0.12079365638519995), np.float64(0.12394778018976475), np.float64(0.12406499189496516))","(np.float64(242.0355815580669), np.float64(282.60623156045665), np.float64(263.11859557478465))"
4456,"((6, 13),)","(np.float64(0.14677588213344425),)","(np.float64(276.02247671130283),)"
4457,"((1, 3), (10, 15))","(np.float64(0.08475188702773968), np.float64(0.11939520218856745))","(np.float64(229.68315063048271), np.float64(311.80959521777737))"
4458,"((3, 16), (4, 14), (12, 15), (4, 16))","(np.float64(0.05111682261378281), np.float64(0.0883299099433271), np.float64(0.12402940089567667), np.float64(0.03886472329158382))","(np.float64(0.9760217937698249), np.float64(62.26404361220188), np.float64(210.9408889261704), np.float64(284.16740617681285))"
4460,"((7, 17),)","(np.float64(0.04113374354087709),)","(np.float64(90.70944833515705),)"
4461,"((1, 10), (2, 8), (5, 17))","(np.float64(0.08256633138898599), np.float64(0.04346520644189156), np.float64(0.1381301982505411))","(np.float64(98.07219831842039), np.float64(47.85908727335085), np.float64(281.0778684596082))"
4462,"((1, 12), (4, 17))","(np.float64(0.10045926860708426), np.float64(0.11358455838388946))","(np.float64(6.701607813927041), np.float64(188.63505978742762))"
4464,"((0, 13), (9, 16), (13, 14), (14, 19), (3, 14), (13, 16))","(np.float64(0.07887528365201732), np.float64(0.12001129549696454), np.float64(0.10637311699154667), np.float64(0.1479442159705429), np.float64(0.13660338843895548), np.float64(0.14660044773152245))","(np.float64(232.85080583281513), np.float64(270.72478742643864), np.float64(311.7982145113114), np.float64(207.0250815116583), np.float64(230.1308246219988), np.float64(74.66369438651219))"
4465,"((1, 11), (8, 13))","(np.float64(0.07077968292345442), np.float64(0.0514032814434177))","(np.float64(89.84365749828808), np.float64(199.49972987415413))"
4466,"((6, 8), (7, 19))","(np.float64(0.10072463293553835), np.float64(0.13625037439740095))","(np.float64(138.04964620229717), np.float64(337.5239395297232))"
4467,"((16, 19),)","(np.float64(0.1468225504033023),)","(np.float64(322.53949445753824),)"
4468,"((1, 8),)","(np.float64(0.11406377743231201),)","(np.float64(123.69606696014252),)"
4469,"((1, 11), (1, 13), (9, 17), (13, 16))","(np.float64(0.13904964739317602), np.float64(0.07936468134514758), np.float64(0.14446844913606596), np.float64(0.06249245781095973))","(np.float64(86.73393356302866), np.float64(179.27588978985867), np.float64(227.54036542957218), np.float64(236.355909829851))"
4470,"((0, 12), (5, 8))","(np.float64(0.14003539873388307), np.float64(0.06234493473214256))","(np.float64(294.8760342240301), np.float64(74.80187886841726))"
4471,"((1, 5), (7, 19))","(np.float64(0.11100938651774775), np.float64(0.1210704169733523))","(np.float64(89.80775925192127), np.float64(357.46773577641017))"
4472,"((4, 8), (5, 17))","(np.float64(0.14689773205155748), np.float64(0.14836345967783193))","(np.float64(251.47045832288518), np.float64(314.48456300100054))"
4473,"((3, 11), (4, 13))","(np.float64(0.1409619104354473), np.float64(0.14614294445602152))","(np.float64(296.4181450113497), np.float64(54.60925226466475))"
4475,"((0, 2), (10, 18))","(np.float64(0.14450594754101145), np.float64(0.06471675079756622))","(np.float64(348.00181011822457), np.float64(178.12360598651722))"
4476,"((1, 16), (3, 13))","(np.float64(0.10559589707989224), np.float64(0.06688625562079488))","(np.float64(169.6618458516036), np.float64(98.83562931320206))"
4477,"((1, 8), (1, 15), (2, 9), (3, 18), (13, 17))","(np.float64(0.124424472791416), np.float64(0.13849726989371855), np.float64(0.13014752910179403), np.float64(0.12403140119533757), np.float64(0.13565832012976464))","(np.float64(32.62864990419251), np.float64(212.59847113371495), np.float64(211.8830830718), np.float64(91.94267715862588), np.float64(50.631605981216325))"
4478,"((5, 13), (13, 17))","(np.float64(0.08321169656390767), np.float64(0.1379438662556534))","(np.float64(218.05221500420728), np.float64(52.81662497450423))"
4479,"((7, 16), (3, 11), (10, 18))","(np.float64(0.14490515664038092), np.float64(0.14668443505024462), np.float64(0.12541600341661718))","(np.float64(322.78985629018405), np.float64(55.799295278903486), np.float64(247.1428939630119))"
4480,"((16, 18), (2, 7))","(np.float64(0.13568983731552603), np.float64(0.1496059500947259))","(np.float64(79.36180916263723), np.float64(348.80402576417214))"
4481,"((3, 12),)","(np.float64(0.13655549030839553),)","(np.float64(19.36708129443356),)"
4482,"((1, 2),)","(np.float64(0.12410174999549395),)","(np.float64(57.51970733568099),)"
4483,"((3, 16), (6, 11))","(np.float64(0.1031847531027307), np.float64(0.14928372178625718))","(np.float64(326.9252932496291), np.float64(339.37814918047025))"
4485,"((8, 12), (13, 17))","(np.float64(0.12215055280006301), np.float64(0.1417448374644117))","(np.float64(299.0398067191123), np.float64(191.7580227904565))"
4488,"((2, 18), (14, 16), (4, 13))","(np.float64(0.13219628249311208), np.float64(0.11859980255094758), np.float64(0.1327835407893172))","(np.float64(179.39097525148608), np.float64(102.92605513125457), np.float64(199.61053808868303))"
4489,"((1, 15),)","(np.float64(0.13735734067117464),)","(np.float64(29.359424893151157),)"
4490,"((3, 19),)","(np.float64(0.14335993534817298),)","(np.float64(202.2041612506414),)"
4491,"((1, 14), (3, 5), (3, 8), (4, 19), (5, 8), (0, 1), (12, 18), (0, 13))","(np.float64(0.06931941006861231), np.float64(0.13359060683345572), np.float64(0.13381783114917375), np.float64(0.12566018798270226), np.float64(0.06516749161090778), np.float64(0.14420008073776083), np.float64(0.029702418618287655), np.float64(0.13849881642944176))","(np.float64(7.769574418199216), np.float64(348.1255615407915), np.float64(16.33615716832715), np.float64(67.3234876175273), np.float64(92.03715875306857), np.float64(28.626405379692052), np.float64(84.63170845598175), np.float64(314.7464467136099))"
4492,"((1, 3), (3, 13), (5, 19), (10, 15), (2, 5))","(np.float64(0.08364971082840997), np.float64(0.14980619783555388), np.float64(0.13403150116110665), np.float64(0.042064764996566466), np.float64(0.14670266994545905))","(np.float64(14.788711619725309), np.float64(96.10015460564108), np.float64(152.90711277355814), np.float64(315.5377376498383), np.float64(176.06225777609797))"
4493,"((0, 15),)","(np.float64(0.07587518771214678),)","(np.float64(39.5814116300649),)"
4494,"((2, 17),)","(np.float64(0.1439068858361771),)","(np.float64(358.8295230518653),)"
4495,"((6, 17), (7, 19), (12, 19))","(np.float64(0.11859142303182997), np.float64(0.11775200694873089), np.float64(0.08906619872810642))","(np.float64(287.47741515728745), np.float64(112.86545829463994), np.float64(234.5690339923926))"
4496,"((7, 14), (15, 17))","(np.float64(0.09697875699451619), np.float64(0.056739009339859064))","(np.float64(269.314243963378), np.float64(66.42472937892549))"
4497,"((2, 5),)","(np.float64(0.10888597097408866),)","(np.float64(27.898248933104448),)"
4498,"((9, 18),)","(np.float64(0.1456995228310442),)","(np.float64(259.5080494871257),)"
4499,"((3, 15), (1, 12))","(np.float64(0.13606827733704718), np.float64(0.11589954295810145))","(np.float64(165.53768802194364), np.float64(331.5472767590703))"
4500,"((3, 7), (8, 13))","(np.float64(0.1402106800531769), np.float64(0.01123290813606444))","(np.float64(298.3443609990485), np.float64(164.26236410129852))"
4501,"((3, 6), (6, 13), (16, 17), (3, 14), (2, 14))","(np.float64(0.07326350895151515), np.float64(0.14059420537382525), np.float64(0.14492224680920632), np.float64(0.12650134384861497), np.float64(0.129462857955243))","(np.float64(105.53216706062878), np.float64(89.41349689428434), np.float64(110.56627576719485), np.float64(319.84309405065494), np.float64(292.00204766624694))"
4502,"((5, 9),)","(np.float64(0.11017648750024996),)","(np.float64(280.3330728121182),)"
4503,"((1, 15), (2, 9))","(np.float64(0.056995103918374104), np.float64(0.14829011786076154))","(np.float64(242.83088946454424), np.float64(80.1486721716272))"
4504,"((1, 14), (7, 15), (11, 13))","(np.float64(0.11013909890083633), np.float64(0.10757294226222505), np.float64(0.012714005853234797))","(np.float64(42.61083457017745), np.float64(65.22521072231548), np.float64(178.56429882897015))"
4505,"((2, 10),)","(np.float64(0.12285624567758645),)","(np.float64(318.9055195979972),)"
4506,"((3, 8),)","(np.float64(0.11572992478358565),)","(np.float64(116.54804153928619),)"
4507,"((3, 9), (5, 19), (0, 12), (6, 14))","(np.float64(0.04448753748814062), np.float64(0.1489635063256131), np.float64(0.14865394704753868), np.float64(0.14590378993058167))","(np.float64(279.1962127901895), np.float64(17.414826813146647), np.float64(302.0170328252928), np.float64(141.91772318036152))"
4509,"((9, 14),)","(np.float64(0.10580841087150236),)","(np.float64(47.85261524630611),)"
4510,"((7, 10), (15, 18), (2, 17))","(np.float64(0.1326892330519719), np.float64(0.14842227712831302), np.float64(0.1436877436781024))","(np.float64(41.254658936931584), np.float64(132.91419559360767), np.float64(45.36547280453307))"
4511,"((1, 8), (1, 12))","(np.float64(0.13832137650027343), np.float64(0.07137114086266669))","(np.float64(148.964302803817), np.float64(63.090064413839954))"
4512,"((7, 11),)","(np.float64(0.03477144000999973),)","(np.float64(247.8492775769913),)"
4514,"((3, 13), (6, 8), (8, 19), (6, 19))","(np.float64(0.1129920594890872), np.float64(0.10458710779641067), np.float64(0.12053131226759062), np.float64(0.14250469686479156))","(np.float64(169.15603821621775), np.float64(15.767639391751398), np.float64(340.20227593573713), np.float64(24.657395019264666))"
4515,"((1, 6), (2, 13))","(np.float64(0.12969709509486693), np.float64(0.14681469208380965))","(np.float64(285.87967438516415), np.float64(241.22535654464605))"
4517,"((5, 8), (11, 19), (14, 18))","(np.float64(0.11786433294344871), np.float64(0.09396128836851728), np.float64(0.14174188368030005))","(np.float64(341.2560182959211), np.float64(113.21318836384646), np.float64(218.3490050102679))"
4518,"((0, 5), (0, 15), (3, 4))","(np.float64(0.11727962287347829), np.float64(0.1383474261408561), np.float64(0.09250685322108998))","(np.float64(289.21690832032573), np.float64(207.5972859571777), np.float64(99.11779453246062))"
4519,"((0, 6), (2, 6), (4, 9), (7, 16), (16, 18))","(np.float64(0.10009128464992896), np.float64(0.09275787001569312), np.float64(0.061888637656067794), np.float64(0.0818182863781918), np.float64(0.11782359696831506))","(np.float64(127.1359399952646), np.float64(335.1885721912836), np.float64(358.44122986574286), np.float64(45.729811022001726), np.float64(132.39111094117243))"
4521,"((2, 13), (3, 8), (3, 16), (3, 19), (16, 17), (16, 19), (17, 19), (11, 17))","(np.float64(0.10641190253140581), np.float64(0.11924081663329753), np.float64(0.1476484914578156), np.float64(0.1125217939756256), np.float64(0.11070881211391476), np.float64(0.036174861940255716), np.float64(0.14955684125833907), np.float64(0.13379965208042086))","(np.float64(120.96352285990933), np.float64(44.62623091832381), np.float64(255.3404058496734), np.float64(260.4157007909489), np.float64(243.65964162153534), np.float64(60.55122787140162), np.float64(52.267027212131666), np.float64(357.49129296359126))"
4522,"((8, 14), (14, 17))","(np.float64(0.06475927942694237), np.float64(0.1142692868663661))","(np.float64(43.86886921099617), np.float64(133.6480094856511))"
4523,"((3, 7),)","(np.float64(0.12601899456180243),)","(np.float64(291.6452938374236),)"
4524,"((1, 3), (1, 16), (1, 10))","(np.float64(0.09039705030377398), np.float64(0.1466679912247187), np.float64(0.14933963609055662))","(np.float64(312.8302934227279), np.float64(158.5924733054771), np.float64(40.84226620387062))"
4525,"((0, 5),)","(np.float64(0.06857283307760616),)","(np.float64(23.69386625575961),)"
4527,"((10, 17), (6, 16))","(np.float64(0.14797659261836246), np.float64(0.139151585635324))","(np.float64(193.5475963377588), np.float64(21.24252974124775))"
4529,"((11, 17), (14, 16))","(np.float64(0.068305557945185), np.float64(0.12541499454245256))","(np.float64(152.3436288969604), np.float64(301.03381818117185))"
4530,"((1, 4),)","(np.float64(0.10208443025312564),)","(np.float64(220.16005778127942),)"
4531,"((14, 17), (9, 16), (1, 15))","(np.float64(0.14633777591902772), np.float64(0.14790606779684431), np.float64(0.14762865393838295))","(np.float64(204.71057662330398), np.float64(192.95872648377562), np.float64(303.4037224443843))"
4532,"((0, 19), (2, 14), (3, 14))","(np.float64(0.019158137043127573), np.float64(0.10807321227962231), np.float64(0.02939436302085763))","(np.float64(233.25207116575712), np.float64(148.77710746472198), np.float64(327.209732659406))"
4533,"((6, 14), (12, 15), (6, 19), (4, 6), (0, 9))","(np.float64(0.13889097662974326), np.float64(0.13091003272670676), np.float64(0.1172334056495515), np.float64(0.14442645550335279), np.float64(0.14560839253777597))","(np.float64(352.66166755935865), np.float64(52.778012165089606), np.float64(41.27699966184398), np.float64(327.80690575794995), np.float64(2.002786117396749))"
4534,"((10, 12),)","(np.float64(0.13840733650848297),)","(np.float64(261.2071657398026),)"
4535,"((1, 8), (3, 4), (8, 11))","(np.float64(0.11773608816701969), np.float64(0.09448128547946116), np.float64(0.11000752867945778))","(np.float64(47.60220979803555), np.float64(240.7475300630054), np.float64(42.939423623020495))"
4536,"((3, 17), (14, 15))","(np.float64(0.09919249050155092), np.float64(0.11902407086712961))","(np.float64(323.2918563641629), np.float64(279.8113778045537))"
4537,"((8, 19), (5, 17), (12, 18))","(np.float64(0.1294832985508271), np.float64(0.14373931883464183), np.float64(0.1348503154521502))","(np.float64(277.3065760898588), np.float64(276.8199071754768), np.float64(69.224423288089))"
4538,"((0, 16), (6, 11), (9, 11), (0, 8), (2, 9))","(np.float64(0.14564991200512672), np.float64(0.10262838391147638), np.float64(0.1306031369884057), np.float64(0.11925423777321911), np.float64(0.1394838507238071))","(np.float64(262.98267186697404), np.float64(326.3479348164753), np.float64(141.8643530099262), np.float64(155.27385554052088), np.float64(264.2768612562388))"
4539,"((0, 14),)","(np.float64(0.14579499473948276),)","(np.float64(309.30328930330614),)"
4540,"((2, 6), (2, 17), (6, 17))","(np.float64(0.11032493237507182), np.float64(0.10664629517214551), np.float64(0.07160705970815977))","(np.float64(133.07743909263772), np.float64(94.58364122574699), np.float64(21.051535255400633))"
4543,"((1, 15), (5, 18))","(np.float64(0.08412437008517494), np.float64(0.14967540575974103))","(np.float64(116.3140145616231), np.float64(11.785699380434954))"
4544,"((2, 13), (13, 18), (11, 18))","(np.float64(0.11820217194404829), np.float64(0.0870749099286454), np.float64(0.14919801778947442))","(np.float64(352.2784631221238), np.float64(333.25535466031465), np.float64(88.91534744276301))"
4548,"((0, 8), (10, 18), (11, 17))","(np.float64(0.14288061746562297), np.float64(0.13471176546135497), np.float64(0.13635972694415985))","(np.float64(18.625050777641906), np.float64(93.57487461279399), np.float64(27.36021536617166))"
4549,"((9, 14), (16, 18))","(np.float64(0.1442578727530564), np.float64(0.12603955676702056))","(np.float64(213.3473782986465), np.float64(323.8149766483748))"
4550,"((6, 15),)","(np.float64(0.06875172457920187),)","(np.float64(37.10935366631456),)"
4551,"((17, 18),)","(np.float64(0.10304730997664402),)","(np.float64(51.16285036979878),)"
4552,"((2, 3),)","(np.float64(0.05430409977643522),)","(np.float64(46.04840628421741),)"
4553,"((3, 15),)","(np.float64(0.11842886669501049),)","(np.float64(89.80914979864204),)"
4554,"((11, 13),)","(np.float64(0.10973843300883793),)","(np.float64(285.53249695236684),)"
4555,"((1, 15), (9, 18), (11, 18))","(np.float64(0.12173949585413564), np.float64(0.12232888320328571), np.float64(0.13813094553961178))","(np.float64(319.8830328621058), np.float64(249.0084637456244), np.float64(90.39676806451041))"
4556,"((8, 19),)","(np.float64(0.07865432048008383),)","(np.float64(165.60488047031072),)"
4557,"((12, 19),)","(np.float64(0.14966655473533388),)","(np.float64(354.74386114096114),)"
4558,"((11, 13),)","(np.float64(0.09980826312190991),)","(np.float64(208.591468642436),)"
4559,"((4, 10), (6, 15), (10, 14), (11, 18))","(np.float64(0.10739194426172215), np.float64(0.11354116284833764), np.float64(0.14919827306043923), np.float64(0.14404543504918554))","(np.float64(191.1512628612239), np.float64(131.86049429699804), np.float64(242.64830599402342), np.float64(278.92309386022373))"
4561,"((2, 11), (5, 16), (7, 19))","(np.float64(0.0836785004886503), np.float64(0.14759807243641065), np.float64(0.14274193005804736))","(np.float64(331.2158828710422), np.float64(327.80894200411234), np.float64(314.84370871750065))"
4562,"((9, 11), (1, 9))","(np.float64(0.13807681047167647), np.float64(0.14867531143394203))","(np.float64(192.19773948304143), np.float64(220.4106291100519))"
4563,"((0, 6), (2, 15), (9, 11), (10, 19), (1, 10), (1, 6))","(np.float64(0.14135393556419534), np.float64(0.09120312220119015), np.float64(0.12550923765344502), np.float64(0.10992831187604704), np.float64(0.12346227213601965), np.float64(0.08971481652073306))","(np.float64(321.87196860570714), np.float64(41.118724442491285), np.float64(145.93281402316455), np.float64(299.3704309080335), np.float64(285.197418964576), np.float64(253.22092933852517))"
4564,"((0, 19), (7, 16), (1, 15))","(np.float64(0.14576566961287227), np.float64(0.14403430934750552), np.float64(0.13815617369543598))","(np.float64(102.0031233204064), np.float64(301.3099796410301), np.float64(159.37293879275248))"
4565,"((0, 4),)","(np.float64(0.13650912552718336),)","(np.float64(220.0067957687412),)"
4566,"((2, 15), (2, 16), (2, 19), (15, 19), (2, 13), (3, 12), (1, 15))","(np.float64(0.07373156935745855), np.float64(0.14307916425259246), np.float64(0.13651517376925337), np.float64(0.09494657594160126), np.float64(0.12060200817524806), np.float64(0.11367922602360082), np.float64(0.04535658639519511))","(np.float64(349.42174609465906), np.float64(133.13562405067634), np.float64(307.8378674055046), np.float64(276.8132645432407), np.float64(287.09078985069124), np.float64(305.64518184573177), np.float64(171.75773138572097))"
4567,"((0, 10), (0, 17), (10, 17))","(np.float64(0.04913954504941363), np.float64(0.07613802701823932), np.float64(0.051007018163959125))","(np.float64(319.73435755388516), np.float64(214.21210383528103), np.float64(61.44600114415065))"
4568,"((0, 13),)","(np.float64(0.11269637017225494),)","(np.float64(337.9160772321182),)"
4569,"((6, 13), (12, 15))","(np.float64(0.12004037991511042), np.float64(0.1150548573456158))","(np.float64(17.482379836480266), np.float64(16.24426031434316))"
4570,"((4, 12),)","(np.float64(0.13572486919031926),)","(np.float64(61.65967932841777),)"
4571,"((7, 17),)","(np.float64(0.048901559055436146),)","(np.float64(339.4191484107206),)"
4573,"((0, 15), (2, 7), (4, 10), (9, 18))","(np.float64(0.027986433680092293), np.float64(0.13539711051572942), np.float64(0.0775210098355555), np.float64(0.13286771345906695))","(np.float64(342.22952435750454), np.float64(151.80275892717978), np.float64(139.73106220564782), np.float64(54.727285483230766))"
4574,"((17, 18),)","(np.float64(0.11698690504996691),)","(np.float64(13.802692780956802),)"
4576,"((1, 15), (8, 15), (8, 17), (7, 16))","(np.float64(0.10867900233725321), np.float64(0.11074873138700406), np.float64(0.03296646423494317), np.float64(0.1265640894791089))","(np.float64(2.1547202979066054), np.float64(310.0520561962288), np.float64(13.160750024212694), np.float64(53.474463175049685))"
4577,"((1, 9), (3, 5), (4, 11), (6, 14), (5, 16), (1, 16), (10, 17))","(np.float64(0.1364709630237701), np.float64(0.09285709430102616), np.float64(0.0683908327430218), np.float64(0.11327948215431137), np.float64(0.14107247086892824), np.float64(0.14532121782575813), np.float64(0.14507881936981576))","(np.float64(109.98738264178968), np.float64(7.194671787490043), np.float64(178.64638028515185), np.float64(223.1736543775108), np.float64(339.19569656779504), np.float64(221.3928574599235), np.float64(354.280965571697))"
4578,"((10, 18),)","(np.float64(0.12042831806251131),)","(np.float64(44.49219625764259),)"
4579,"((0, 12), (4, 8), (10, 17))","(np.float64(0.11496562903789925), np.float64(0.10502995076641648), np.float64(0.13942038705681564))","(np.float64(80.02746417807484), np.float64(88.7521445421915), np.float64(177.54279322320812))"
4580,"((1, 14), (8, 18), (9, 17))","(np.float64(0.05454111657375648), np.float64(0.13679934510721875), np.float64(0.13251849425478593))","(np.float64(358.00806321161457), np.float64(336.3549078858266), np.float64(43.835959787934))"
4581,"((3, 19), (9, 10), (14, 18), (9, 13))","(np.float64(0.09822764018835327), np.float64(0.06664476968549493), np.float64(0.1469449143949884), np.float64(0.12272926344654675))","(np.float64(277.7324773777199), np.float64(67.28890908143148), np.float64(227.22690469315518), np.float64(309.59760837576243))"
4582,"((0, 17),)","(np.float64(0.13272157211749525),)","(np.float64(325.0875367838651),)"
4583,"((4, 14), (18, 19), (0, 15), (0, 9))","(np.float64(0.10256875268612603), np.float64(0.1364627906718614), np.float64(0.13661559241043375), np.float64(0.13543652138984094))","(np.float64(110.7882688601358), np.float64(201.79608206887605), np.float64(324.8707924380058), np.float64(352.8646953438296))"
4584,"((6, 8),)","(np.float64(0.1302022057194856),)","(np.float64(228.45548622142766),)"
4585,"((6, 14), (3, 9))","(np.float64(0.13294811486836103), np.float64(0.10740694358725332))","(np.float64(57.42234319308983), np.float64(217.5076371604826))"
4586,"((5, 7), (5, 10))","(np.float64(0.04011896365438278), np.float64(0.10691055886095703))","(np.float64(113.04191742297148), np.float64(194.82923950658875))"
4587,"((2, 17),)","(np.float64(0.08996656274923501),)","(np.float64(186.55873100439152),)"
4588,"((2, 14), (8, 18), (10, 18))","(np.float64(0.14795215807750178), np.float64(0.13482020655962035), np.float64(0.13860423379377504))","(np.float64(156.36941634608513), np.float64(212.99266134035466), np.float64(93.23345856360272))"
4589,"((5, 6), (13, 18))","(np.float64(0.07727783072041113), np.float64(0.011185595766348866))","(np.float64(348.076324032752), np.float64(8.88331431629988))"
4590,"((6, 8), (5, 18))","(np.float64(0.06095066421196375), np.float64(0.14803574193418695))","(np.float64(207.30560946235875), np.float64(280.6276325771412))"
4591,"((5, 19), (7, 13))","(np.float64(0.03345176992822453), np.float64(0.13951662304760964))","(np.float64(306.8449475815642), np.float64(352.89657968942424))"
4593,"((0, 1), (9, 12))","(np.float64(0.10314816648961503), np.float64(0.11734626355940625))","(np.float64(167.94658292953562), np.float64(233.98814875804783))"
4594,"((4, 10), (8, 16), (13, 17))","(np.float64(0.10506948304005434), np.float64(0.11436684095963089), np.float64(0.11568691994470326))","(np.float64(7.183690526643235), np.float64(221.20869470797422), np.float64(189.4079540736488))"
4595,"((0, 19), (14, 15))","(np.float64(0.1297543437774075), np.float64(0.09638747332822234))","(np.float64(86.08118409658202), np.float64(160.61278624712492))"
4597,"((8, 13),)","(np.float64(0.12636411762600133),)","(np.float64(121.81178038529585),)"
4598,"((13, 14), (13, 15))","(np.float64(0.1427443372290099), np.float64(0.08586163962316451))","(np.float64(13.482064738876941), np.float64(293.1987158258501))"
4599,"((7, 15),)","(np.float64(0.06781376151482593),)","(np.float64(268.246838885574),)"
4601,"((0, 16), (4, 13), (4, 17), (7, 10), (0, 11))","(np.float64(0.04947087787060333), np.float64(0.07582461165885311), np.float64(0.1361233897859337), np.float64(0.12323220734220675), np.float64(0.1426997895627033))","(np.float64(332.1615974287598), np.float64(172.76448957461167), np.float64(287.53979976848115), np.float64(88.65797277374149), np.float64(168.50946326831394))"
4602,"((1, 12),)","(np.float64(0.04660867352977183),)","(np.float64(358.44998731866553),)"
4603,"((3, 15), (13, 19))","(np.float64(0.06349964142811741), np.float64(0.14936006988533312))","(np.float64(263.77172067878075), np.float64(358.5030582582198))"
4604,"((3, 18), (9, 19), (14, 19), (3, 13), (9, 15))","(np.float64(0.07749486907719853), np.float64(0.14847612232428323), np.float64(0.14859376089151569), np.float64(0.14192342716124173), np.float64(0.1285718405464503))","(np.float64(253.399423337936), np.float64(28.552259153000648), np.float64(102.63587601812353), np.float64(63.4951687373153), np.float64(199.63465947096688))"
4605,"((0, 1), (2, 9))","(np.float64(0.10398096767247646), np.float64(0.07565987472097865))","(np.float64(136.40882915586357), np.float64(205.01394520053086))"
4606,"((16, 19),)","(np.float64(0.1354049586651047),)","(np.float64(263.29192937277446),)"
4607,"((0, 8), (0, 10))","(np.float64(0.14537235184961658), np.float64(0.12345228634295231))","(np.float64(112.58999858327813), np.float64(232.90067831732426))"
4608,"((3, 4), (3, 7), (3, 9), (4, 9), (7, 9), (16, 18), (4, 11))","(np.float64(0.10142392019935241), np.float64(0.10024684633425833), np.float64(0.09603596360252238), np.float64(0.1304993706320608), np.float64(0.12439371285262589), np.float64(0.11331780867543575), np.float64(0.12927608366816165))","(np.float64(350.9290576700742), np.float64(189.6197998874743), np.float64(268.24103410101975), np.float64(217.80817533956593), np.float64(320.43064098423645), np.float64(221.42360761385777), np.float64(230.62003286690666))"
4609,"((8, 13), (8, 18))","(np.float64(0.12148949340203133), np.float64(0.13573030614445064))","(np.float64(313.35199506491836), np.float64(83.17092824540123))"
4610,"((1, 17), (8, 16))","(np.float64(0.12065214080059897), np.float64(0.10418753474618798))","(np.float64(231.847187237623), np.float64(158.56085749849277))"
4612,"((9, 18), (11, 17), (11, 14), (16, 19))","(np.float64(0.0926287205943689), np.float64(0.1474788359623244), np.float64(0.14007979137339696), np.float64(0.1296323953600922))","(np.float64(351.92196603106896), np.float64(240.06123137093928), np.float64(46.837659436714354), np.float64(117.6489943051442))"
4613,"((2, 3),)","(np.float64(0.11605399149516003),)","(np.float64(353.31869821417837),)"
4614,"((7, 12),)","(np.float64(0.09568781734809353),)","(np.float64(128.66302552510533),)"
4615,"((5, 12), (9, 16), (1, 5))","(np.float64(0.1419541099487584), np.float64(0.05481061272391278), np.float64(0.14283638659748657))","(np.float64(182.38281430634558), np.float64(359.5499326216582), np.float64(133.34869452529662))"
4616,"((8, 14),)","(np.float64(0.13941671382087148),)","(np.float64(48.71205988273388),)"
4617,"((2, 5), (9, 18))","(np.float64(0.10491202717121352), np.float64(0.09625333808641492))","(np.float64(311.09985919978897), np.float64(159.64491339903427))"
4618,"((3, 6),)","(np.float64(0.09622604001779227),)","(np.float64(191.36483531514216),)"
4619,"((4, 18), (11, 15))","(np.float64(0.13667757969252403), np.float64(0.09089466245437605))","(np.float64(87.30356002908763), np.float64(172.69934203438024))"
4621,"((5, 16), (7, 10), (12, 13), (10, 19))","(np.float64(0.0560533237894643), np.float64(0.07968125616455492), np.float64(0.14609396541388822), np.float64(0.13755340105871242))","(np.float64(46.9397447315389), np.float64(95.42417454586314), np.float64(236.8415026253264), np.float64(1.4016724947922181))"
4622,"((0, 1), (0, 15), (4, 8))","(np.float64(0.10240914976620703), np.float64(0.10468395482279169), np.float64(0.1241808962923324))","(np.float64(85.29829712750808), np.float64(192.28686213497488), np.float64(152.77875536613413))"
4623,"((3, 10), (9, 11), (12, 18))","(np.float64(0.06982831834922164), np.float64(0.11748964017900636), np.float64(0.12504166258069938))","(np.float64(332.52629018271483), np.float64(161.0053430384833), np.float64(127.28647154773303))"
4624,"((5, 8),)","(np.float64(0.12455917052583852),)","(np.float64(319.63333246981466),)"
4625,"((4, 10),)","(np.float64(0.04491501116840893),)","(np.float64(115.80836468321527),)"
4626,"((3, 7), (3, 10), (5, 14), (8, 19))","(np.float64(0.0826239827327399), np.float64(0.10482014255162152), np.float64(0.14538665639884615), np.float64(0.13838463857630487))","(np.float64(277.6898465717891), np.float64(242.93248172447582), np.float64(192.82361910495547), np.float64(339.68363500149))"
4627,"((1, 5), (1, 19), (3, 11), (3, 15), (5, 8), (11, 15))","(np.float64(0.1175863525690073), np.float64(0.08680106099282668), np.float64(0.058350581038114906), np.float64(0.04486127079967397), np.float64(0.11317747242403978), np.float64(0.08358021406730948))","(np.float64(107.14924976726685), np.float64(329.0967459416332), np.float64(50.93082530228481), np.float64(303.4985012897663), np.float64(116.02063107414678), np.float64(261.73394864122884))"
4628,"((17, 19), (10, 19), (3, 19), (3, 10), (10, 18))","(np.float64(0.13340610584428642), np.float64(0.13050913768057934), np.float64(0.09654592397943533), np.float64(0.07752837886411096), np.float64(0.13067087042671427))","(np.float64(124.19035974010022), np.float64(73.16984782236531), np.float64(244.7340103019734), np.float64(344.1766634822184), np.float64(22.32079489983415))"
4629,"((1, 16), (13, 16), (7, 15))","(np.float64(0.10328557235380197), np.float64(0.13928379396783497), np.float64(0.12424121626460977))","(np.float64(331.6910981698886), np.float64(243.6537706115575), np.float64(61.427210438515345))"
4630,"((0, 7), (3, 12), (5, 7))","(np.float64(0.14400516168876226), np.float64(0.051180979068133715), np.float64(0.12310248504513768))","(np.float64(202.56837609374278), np.float64(346.5195905505544), np.float64(112.7404374153933))"
4632,"((5, 7), (6, 13), (6, 15), (13, 15))","(np.float64(0.1334768274581355), np.float64(0.11136357191766094), np.float64(0.033217265004414534), np.float64(0.1287584121085344))","(np.float64(272.783174509912), np.float64(26.008591060712984), np.float64(250.0377459383121), np.float64(225.12876367935462))"
4633,"((13, 18),)","(np.float64(0.07655449857547963),)","(np.float64(301.80475649862035),)"
4634,"((0, 12), (5, 16))","(np.float64(0.09637641274513702), np.float64(0.12934334351293586))","(np.float64(98.11189978886927), np.float64(329.05279049755484))"
4635,"((0, 2), (15, 19), (0, 10))","(np.float64(0.14213545762818203), np.float64(0.015084163620901541), np.float64(0.10560759167826492))","(np.float64(324.0559042977038), np.float64(27.153319758283903), np.float64(194.58449520033872))"
4636,"((1, 6), (8, 17), (2, 16))","(np.float64(0.12369835101083446), np.float64(0.12673774175168703), np.float64(0.06937397090068763))","(np.float64(21.659925197482977), np.float64(180.58443565474127), np.float64(326.0582622874688))"
4638,"((2, 15), (6, 11))","(np.float64(0.05710161776991711), np.float64(0.1490582238505586))","(np.float64(98.43048489225329), np.float64(55.39534852642078))"
4639,"((0, 9), (13, 15), (0, 8))","(np.float64(0.06324098776864373), np.float64(0.14139349836530896), np.float64(0.033014888669340055))","(np.float64(354.171811043397), np.float64(310.3615108822446), np.float64(169.5139651488862))"
4640,"((2, 14),)","(np.float64(0.08760599534094858),)","(np.float64(262.19418156852464),)"
4641,"((8, 18),)","(np.float64(0.11890876811290994),)","(np.float64(316.35500393238874),)"
4642,"((0, 15), (16, 19))","(np.float64(0.09190597877184335), np.float64(0.08885987892748176))","(np.float64(202.65476825007508), np.float64(89.17766193018554))"
4643,"((0, 7), (1, 18), (5, 19), (6, 13), (7, 17), (8, 11), (14, 18), (14, 19), (10, 12))","(np.float64(0.0654515949088566), np.float64(0.050122317078753365), np.float64(0.08057512121962132), np.float64(0.1412668122232864), np.float64(0.09655770494535797), np.float64(0.13250055816752218), np.float64(0.11163906673957938), np.float64(0.13937885647402593), np.float64(0.11630838392068744))","(np.float64(87.64828417715539), np.float64(139.5664281779033), np.float64(209.96649643867917), np.float64(264.71780222612927), np.float64(90.64165121003927), np.float64(309.7874369996529), np.float64(275.4595728578073), np.float64(43.29037988197434), np.float64(235.13053529092034))"
4644,"((0, 1), (3, 18), (9, 10))","(np.float64(0.058815574357666156), np.float64(0.054149666339388156), np.float64(0.11840085011559863))","(np.float64(45.70437369774984), np.float64(178.70891731513086), np.float64(328.2413222916836))"
4645,"((2, 10), (5, 18))","(np.float64(0.11486225039245941), np.float64(0.07801218605606056))","(np.float64(254.0306455501592), np.float64(53.93526093531196))"
4648,"((6, 7), (8, 11), (14, 19), (6, 12), (1, 13))","(np.float64(0.1471468357170304), np.float64(0.04367244926832747), np.float64(0.10911287677096117), np.float64(0.135043242372911), np.float64(0.14994493127449907))","(np.float64(148.50270612811892), np.float64(89.18515266402713), np.float64(137.31445099441416), np.float64(166.90054313864684), np.float64(302.015381822227))"
4649,"((5, 17), (12, 15), (3, 15))","(np.float64(0.12882043688915967), np.float64(0.1049435113419374), np.float64(0.1420844143559832))","(np.float64(311.54319616204236), np.float64(173.23694618558636), np.float64(182.58460531815322))"
4650,"((4, 8), (6, 19), (3, 12))","(np.float64(0.11913219733669848), np.float64(0.10352301980114931), np.float64(0.14771579360681403))","(np.float64(348.4100139658209), np.float64(283.447479417713), np.float64(153.17442778173532))"
4651,"((11, 19),)","(np.float64(0.1465854509156464),)","(np.float64(133.2933657036079),)"
4652,"((4, 19), (13, 18), (14, 16))","(np.float64(0.11239464955982363), np.float64(0.1356322982991659), np.float64(0.14040979868068534))","(np.float64(29.316634408443957), np.float64(180.47105695036583), np.float64(56.758613255727305))"
4654,"((0, 17), (8, 11), (4, 14))","(np.float64(0.09367017831356464), np.float64(0.14765947801910728), np.float64(0.14837436421981867))","(np.float64(230.7195607101435), np.float64(54.72726648351827), np.float64(80.85309813026154))"
4656,"((5, 7),)","(np.float64(0.06452675896436093),)","(np.float64(104.92636215029965),)"
4657,"((3, 5), (3, 15), (5, 15), (11, 14), (12, 19), (3, 8))","(np.float64(0.14477167814785583), np.float64(0.05251842300735475), np.float64(0.14594582169285938), np.float64(0.1112891772707293), np.float64(0.14781981954259277), np.float64(0.1354401375691099))","(np.float64(331.63323576043877), np.float64(52.48925997713178), np.float64(130.8234004851009), np.float64(292.7585264910216), np.float64(158.83295005046062), np.float64(218.84123506941125))"
4658,"((0, 1), (5, 6), (0, 12))","(np.float64(0.12113544662579465), np.float64(0.12355839824931453), np.float64(0.11714753363055629))","(np.float64(81.07535654711405), np.float64(319.51834356077654), np.float64(13.96184984601277))"
4659,"((8, 11), (15, 16))","(np.float64(0.1222723935795281), np.float64(0.1007746285339353))","(np.float64(182.68923462069182), np.float64(112.82786321860434))"
4660,"((2, 9), (13, 15), (7, 18), (1, 14))","(np.float64(0.11957185382317302), np.float64(0.13826552450441804), np.float64(0.14966574741099817), np.float64(0.09255359695310177))","(np.float64(258.71254142117493), np.float64(99.7688776754527), np.float64(87.57532314756199), np.float64(187.3365163995037))"
4661,"((2, 11), (5, 6), (10, 19))","(np.float64(0.11012511148482146), np.float64(0.08845616969176037), np.float64(0.10057208308114218))","(np.float64(83.41727501775212), np.float64(51.520037346582534), np.float64(184.32689685832995))"
4662,"((8, 11),)","(np.float64(0.12729087034886774),)","(np.float64(191.45099863352695),)"
4663,"((6, 8), (7, 17), (6, 13))","(np.float64(0.11812265875561682), np.float64(0.1386439861771953), np.float64(0.14990952446063885))","(np.float64(279.0067239842641), np.float64(153.98185382977138), np.float64(0.36706764783106727))"
4664,"((5, 16),)","(np.float64(0.1207466336381501),)","(np.float64(89.78679229537805),)"
4665,"((2, 11),)","(np.float64(0.13055294916048701),)","(np.float64(214.6868446008483),)"
4666,"((0, 8),)","(np.float64(0.13951725610871796),)","(np.float64(306.66934076126904),)"
4667,"((1, 16), (1, 8))","(np.float64(0.13835156397631268), np.float64(0.12204111658162829))","(np.float64(197.08909729477654), np.float64(176.47708838426283))"
4668,"((7, 13), (8, 12))","(np.float64(0.056491726221202514), np.float64(0.13221375538501837))","(np.float64(331.2894881415493), np.float64(330.3807198390277))"
4669,"((0, 1), (6, 11))","(np.float64(0.1416792548721585), np.float64(0.08772796834297535))","(np.float64(173.54696477409837), np.float64(317.11696944807113))"
4670,"((2, 17), (13, 18))","(np.float64(0.10399907099050788), np.float64(0.042986723080157094))","(np.float64(218.41711410683635), np.float64(158.95494847211884))"
4672,"((13, 16), (8, 18))","(np.float64(0.14637343506680783), np.float64(0.14711714893859196))","(np.float64(158.63417451560983), np.float64(52.767589267091196))"
4673,"((8, 11), (5, 18))","(np.float64(0.13485961958294285), np.float64(0.14235616306936852))","(np.float64(255.74509094389327), np.float64(29.17097303989879))"
4674,"((1, 8), (5, 18), (6, 18), (7, 11))","(np.float64(0.11926109731630083), np.float64(0.1277783997839749), np.float64(0.11574604685737915), np.float64(0.13286285350506138))","(np.float64(343.31060157017134), np.float64(329.391094570647), np.float64(64.52223551454843), np.float64(349.26158503286825))"
4675,"((1, 3), (4, 9))","(np.float64(0.10533257598699286), np.float64(0.13943376281960282))","(np.float64(347.86851327628864), np.float64(107.38725619664102))"
4676,"((0, 5), (17, 19), (7, 18))","(np.float64(0.05576591656511737), np.float64(0.1446460564053047), np.float64(0.14947029037809426))","(np.float64(314.47315185225295), np.float64(339.36418796006535), np.float64(297.3161902170034))"
4677,"((11, 16),)","(np.float64(0.08381195606060378),)","(np.float64(90.94623636584666),)"
4679,"((4, 6), (10, 11))","(np.float64(0.1437851585627861), np.float64(0.14317171341196677))","(np.float64(130.4385473732022), np.float64(258.3865354726661))"
4680,"((6, 8), (9, 10), (14, 16), (2, 12))","(np.float64(0.11943319669212281), np.float64(0.010536809706637916), np.float64(0.12534312718259882), np.float64(0.11177741873748813))","(np.float64(213.56738801908753), np.float64(312.6213041592298), np.float64(328.1282013357701), np.float64(264.5304291122013))"
4681,"((10, 19),)","(np.float64(0.1461707673928854),)","(np.float64(114.0061132987884),)"
4682,"((6, 12), (0, 14))","(np.float64(0.0688219479436738), np.float64(0.13934037495342033))","(np.float64(2.39231727573873), np.float64(172.32923281658472))"
4683,"((0, 10), (2, 7), (2, 11), (7, 11), (14, 17))","(np.float64(0.1365168454176621), np.float64(0.09417436547173068), np.float64(0.08442734064461506), np.float64(0.07123602426784749), np.float64(0.06754251273139672))","(np.float64(327.1744293522632), np.float64(158.99029981690683), np.float64(112.37242455451745), np.float64(38.46309968944259), np.float64(156.81732499267875))"
4684,"((14, 17), (5, 14), (9, 18), (0, 9))","(np.float64(0.018072303985125677), np.float64(0.12105665937147839), np.float64(0.115841716807356), np.float64(0.135393975532036))","(np.float64(273.8237278383182), np.float64(324.6681687013895), np.float64(57.68765593908381), np.float64(330.63295781551636))"
4686,"((2, 10),)","(np.float64(0.13395503862361743),)","(np.float64(279.96964419295955),)"
4687,"((2, 16), (16, 17), (13, 16))","(np.float64(0.11621740497526578), np.float64(0.14278583163199202), np.float64(0.146523931647632))","(np.float64(132.40374955556538), np.float64(173.15120258129411), np.float64(249.2905704637975))"
4688,"((0, 19), (7, 14), (13, 19))","(np.float64(0.13395679006249164), np.float64(0.09879149329350977), np.float64(0.11420393055691619))","(np.float64(220.63962785835142), np.float64(102.34935326947011), np.float64(176.79432009783253))"
4689,"((6, 8), (13, 17), (1, 7))","(np.float64(0.09458946686805703), np.float64(0.13378033313851093), np.float64(0.14000512066677342))","(np.float64(351.2080285300955), np.float64(269.7837697612315), np.float64(167.77260195720967))"
4690,"((4, 18), (6, 17), (11, 14), (11, 17), (14, 17), (6, 14), (6, 18), (9, 19))","(np.float64(0.14949971037771256), np.float64(0.09036271024130926), np.float64(0.13752910979257194), np.float64(0.12585270152536132), np.float64(0.062495509844392026), np.float64(0.11413482062618079), np.float64(0.14804827763101874), np.float64(0.12621189271853323))","(np.float64(214.25402386791885), np.float64(289.86153117785784), np.float64(217.9641802367206), np.float64(228.88404970558113), np.float64(130.03694774608894), np.float64(295.4298059868164), np.float64(107.20430424118048), np.float64(65.13088655388613))"
4691,"((5, 12), (10, 18), (8, 16))","(np.float64(0.11742262144896655), np.float64(0.14502136173945118), np.float64(0.09871192181578602))","(np.float64(117.34285754119459), np.float64(321.22068727084417), np.float64(27.4345182226422))"
4692,"((12, 17),)","(np.float64(0.1286251504731916),)","(np.float64(71.26157543765669),)"
4694,"((1, 2), (6, 14), (6, 18), (14, 18))","(np.float64(0.12733479258559946), np.float64(0.1064209576744273), np.float64(0.02568526577405654), np.float64(0.08085214092122148))","(np.float64(128.73718458086051), np.float64(99.69790966042562), np.float64(94.94191802079474), np.float64(281.2072474680301))"
4695,"((10, 18),)","(np.float64(0.09284962742642175),)","(np.float64(88.60478110025252),)"
4696,"((1, 12), (0, 10))","(np.float64(0.07079997078894645), np.float64(0.11517803064092547))","(np.float64(229.13860172482876), np.float64(359.54590581046347))"
4697,"((1, 2), (12, 19), (4, 9))","(np.float64(0.144540500536319), np.float64(0.14140175779095618), np.float64(0.14009278442805936))","(np.float64(51.335139068683965), np.float64(170.47755521285015), np.float64(312.0427753686629))"
4698,"((1, 8), (9, 11), (10, 12), (17, 18))","(np.float64(0.13586490410477592), np.float64(0.10698138013168788), np.float64(0.12200161042261555), np.float64(0.07558219929489611))","(np.float64(83.51743142924033), np.float64(340.3427204651021), np.float64(56.503564532589046), np.float64(264.2867226167927))"
4699,"((0, 5),)","(np.float64(0.14106254977979146),)","(np.float64(344.51201632526454),)"
4700,"((0, 2), (6, 13), (14, 16))","(np.float64(0.020465547061385952), np.float64(0.11807929454827562), np.float64(0.09273282634956242))","(np.float64(31.103696092909896), np.float64(295.8109298336218), np.float64(184.110541982238))"
4701,"((3, 15), (5, 15), (9, 19))","(np.float64(0.1281241926338172), np.float64(0.10992949486718914), np.float64(0.13141286801684893))","(np.float64(206.6290573665844), np.float64(53.547329517962304), np.float64(67.90706920895174))"
4703,"((3, 17),)","(np.float64(0.10610191274127256),)","(np.float64(84.87187954413152),)"
4704,"((18, 19), (1, 11), (1, 10))","(np.float64(0.11918709096227048), np.float64(0.13587836580080362), np.float64(0.10944665073129463))","(np.float64(113.4307237742595), np.float64(286.5622162086878), np.float64(191.34063561230147))"
4705,"((3, 16), (12, 17))","(np.float64(0.12220998044536933), np.float64(0.12463423646596594))","(np.float64(267.73504913438467), np.float64(110.39330825191111))"
4706,"((6, 14), (10, 18))","(np.float64(0.1383636923554185), np.float64(0.1490737281467171))","(np.float64(43.46345983253706), np.float64(328.00351512889995))"
4707,"((8, 13),)","(np.float64(0.11868617109276752),)","(np.float64(181.3363226441896),)"
4708,"((0, 2), (2, 17), (0, 4))","(np.float64(0.11100063701663322), np.float64(0.14296444383978923), np.float64(0.12099024340315744))","(np.float64(111.74884996732551), np.float64(259.85884050183995), np.float64(210.29605626913136))"
4709,"((3, 10),)","(np.float64(0.09819783808939644),)","(np.float64(124.36726579657872),)"
4710,"((1, 14), (2, 7), (5, 16))","(np.float64(0.12810569288332319), np.float64(0.13246302027366555), np.float64(0.12493640360809269))","(np.float64(254.03236833022117), np.float64(206.59109069042137), np.float64(359.2314666328604))"
4711,"((5, 18), (12, 13))","(np.float64(0.07838917587901871), np.float64(0.12301262035610644))","(np.float64(343.2972009820495), np.float64(216.71112825364614))"
4712,"((0, 16), (9, 17))","(np.float64(0.13162160173911822), np.float64(0.03971295347225601))","(np.float64(145.47992098423555), np.float64(334.14174478378413))"
4713,"((4, 16),)","(np.float64(0.09646120260095528),)","(np.float64(27.46727224797818),)"
4714,"((10, 16), (11, 18), (0, 15))","(np.float64(0.09696434458415537), np.float64(0.13955869358328862), np.float64(0.13919242592440034))","(np.float64(65.92035168569345), np.float64(39.2013274867056), np.float64(288.0629207972976))"
4715,"((2, 9), (7, 16), (4, 13))","(np.float64(0.1005154229858964), np.float64(0.14851728725004715), np.float64(0.14249577972463104))","(np.float64(220.41956791743158), np.float64(66.01035443883877), np.float64(356.5281392580452))"
4716,"((7, 12),)","(np.float64(0.06652974345278938),)","(np.float64(208.55623446853056),)"
4717,"((7, 18),)","(np.float64(0.13887064807728222),)","(np.float64(331.52559138977807),)"
4718,"((5, 12), (9, 15))","(np.float64(0.12624456836364084), np.float64(0.14626470796925703))","(np.float64(43.280054789844264), np.float64(12.80859664182887))"
4719,"((0, 17), (3, 18))","(np.float64(0.1128995431162666), np.float64(0.1215641256386317))","(np.float64(144.83533845840333), np.float64(112.26406492903226))"
4720,"((1, 12), (5, 15), (16, 18))","(np.float64(0.073060471038401), np.float64(0.13298635882764367), np.float64(0.12436175133274038))","(np.float64(19.587034164857904), np.float64(275.34893765724007), np.float64(315.8252473409198))"
4721,"((13, 19), (16, 17))","(np.float64(0.136332902893684), np.float64(0.08596196996921589))","(np.float64(300.4985204835322), np.float64(281.76706502131856))"
4722,"((5, 8), (10, 19))","(np.float64(0.13916829568205422), np.float64(0.06552166062565122))","(np.float64(24.76125301251899), np.float64(82.44403386972853))"
4724,"((4, 8), (4, 12), (14, 18))","(np.float64(0.10479738105611834), np.float64(0.055723375947165275), np.float64(0.05742078111456214))","(np.float64(257.0849212987819), np.float64(101.54052888730004), np.float64(24.938640010233275))"
4725,"((8, 15), (8, 9))","(np.float64(0.10755322792971085), np.float64(0.1211142122276149))","(np.float64(222.86790677730164), np.float64(64.29513741181712))"
4726,"((1, 7), (10, 11), (13, 17), (6, 17), (7, 13))","(np.float64(0.06662135552521307), np.float64(0.1425377031587086), np.float64(0.136903073881025), np.float64(0.1377198056604702), np.float64(0.10768903285481872))","(np.float64(271.11886263198676), np.float64(58.52775131677581), np.float64(57.752103803599866), np.float64(56.03862772374283), np.float64(296.23974207836807))"
4727,"((6, 14), (7, 16))","(np.float64(0.11008329580972886), np.float64(0.13012784610427708))","(np.float64(59.398776766453125), np.float64(59.12930167371394))"
4728,"((11, 18),)","(np.float64(0.1316614057778632),)","(np.float64(23.71592184503612),)"
4729,"((4, 19),)","(np.float64(0.022696899391020032),)","(np.float64(145.2406051102106),)"
4730,"((1, 4), (5, 13), (6, 19), (7, 14), (14, 17))","(np.float64(0.10203718181869674), np.float64(0.05333640770248025), np.float64(0.10554543703481112), np.float64(0.11844184134207537), np.float64(0.09511425231519509))","(np.float64(40.194173515560365), np.float64(5.544314128814373), np.float64(325.917871514825), np.float64(135.07935223378428), np.float64(62.17302786510377))"
4731,"((3, 10), (4, 10))","(np.float64(0.11071732717889171), np.float64(0.09991585596313102))","(np.float64(210.328706022664), np.float64(353.3117531894237))"
4733,"((1, 9), (0, 13), (6, 17), (9, 17), (9, 19))","(np.float64(0.12027404441780769), np.float64(0.1284944230243194), np.float64(0.1329723482926605), np.float64(0.13879386232391666), np.float64(0.14742681388320586))","(np.float64(154.30173342827783), np.float64(7.09394111189045), np.float64(156.5298950680135), np.float64(165.58704642194667), np.float64(111.76186879648864))"
4734,"((2, 5), (11, 17))","(np.float64(0.0794589075452454), np.float64(0.14369045957212478))","(np.float64(66.48582160973938), np.float64(26.22437841678315))"
4735,"((1, 8), (4, 7), (4, 16))","(np.float64(0.1044007579778415), np.float64(0.08005748564955487), np.float64(0.13064777845187997))","(np.float64(14.319490053141577), np.float64(313.4524303963333), np.float64(316.3192885009017))"
4736,"((5, 9), (6, 13), (11, 13), (11, 16), (13, 16), (4, 11))","(np.float64(0.05239166955004641), np.float64(0.12700542924163505), np.float64(0.120911376854296), np.float64(0.14591815617787104), np.float64(0.13396356696186806), np.float64(0.1421146357459531))","(np.float64(154.43679409581253), np.float64(229.80899047916714), np.float64(4.188050107433717), np.float64(311.15063973291916), np.float64(256.4443520777153), np.float64(296.9904515893137))"
4737,"((2, 4), (2, 13), (4, 9), (4, 17), (16, 19))","(np.float64(0.08597492355130835), np.float64(0.11476355309833736), np.float64(0.11837556942765916), np.float64(0.10240941300866035), np.float64(0.06911943427652431))","(np.float64(237.45298884786772), np.float64(107.96549859746348), np.float64(178.37541005349024), np.float64(289.82451086054914), np.float64(141.95105216038553))"
4738,"((8, 17), (9, 13), (8, 16))","(np.float64(0.06924048686743837), np.float64(0.11456950921887493), np.float64(0.1451439520143434))","(np.float64(150.81303140199316), np.float64(62.397650470241544), np.float64(294.9230136098288))"
4739,"((2, 4), (7, 9), (7, 13))","(np.float64(0.1242152247046308), np.float64(0.05806304558303866), np.float64(0.11643633707453592))","(np.float64(110.51517287473091), np.float64(203.96238071906785), np.float64(14.674628670850861))"
4740,"((3, 5), (4, 9), (4, 19), (7, 17), (9, 19), (1, 11))","(np.float64(0.14106669199830296), np.float64(0.14335251642574448), np.float64(0.05118690231425255), np.float64(0.117473543985743), np.float64(0.0949187243922784), np.float64(0.14888546811573958))","(np.float64(79.75374496040051), np.float64(344.5222923820148), np.float64(72.68050473715842), np.float64(300.08185424434413), np.float64(146.59913689478012), np.float64(203.05639134926196))"
4742,"((0, 19), (10, 15), (0, 10), (1, 10))","(np.float64(0.12627028441653076), np.float64(0.1409742324715755), np.float64(0.11644216845667685), np.float64(0.12627636426868588))","(np.float64(34.60898727203733), np.float64(99.71951293503594), np.float64(259.3488848906295), np.float64(187.19088779660814))"
4743,"((2, 9), (3, 16), (4, 10), (4, 18), (15, 16), (2, 12), (0, 15), (0, 12))","(np.float64(0.12156506754491049), np.float64(0.09917197548057075), np.float64(0.10339181581499089), np.float64(0.11262446850045885), np.float64(0.12344420851172723), np.float64(0.12504128362364575), np.float64(0.14670192995252224), np.float64(0.09916795844006696))","(np.float64(188.41404088566887), np.float64(285.9621591557256), np.float64(82.67128266746839), np.float64(188.81462967357515), np.float64(26.012894247897012), np.float64(322.4665938636243), np.float64(117.01016465603162), np.float64(247.65857798288823))"
4744,"((6, 13), (12, 18), (5, 19))","(np.float64(0.10501526923295731), np.float64(0.14987361533112098), np.float64(0.1495476119509881))","(np.float64(210.32281835437107), np.float64(226.17303237499934), np.float64(105.1169642579749))"
4745,"((17, 18),)","(np.float64(0.05429853565809649),)","(np.float64(338.821792265795),)"
4746,"((15, 18), (3, 16), (5, 11), (8, 11))","(np.float64(0.10246947843221152), np.float64(0.1478852562604789), np.float64(0.12678408115025172), np.float64(0.14122912685285052))","(np.float64(213.88946294111426), np.float64(230.77519470180368), np.float64(0.8368099904252468), np.float64(308.03381341014966))"
4747,"((9, 18), (10, 11))","(np.float64(0.11422101035963288), np.float64(0.1347512306452388))","(np.float64(278.31684502601365), np.float64(249.2845019811926))"
4748,"((8, 14),)","(np.float64(0.08369142299154259),)","(np.float64(235.53190306857968),)"
4749,"((11, 15), (11, 16))","(np.float64(0.07178031071082987), np.float64(0.11988116536781927))","(np.float64(212.78418177653992), np.float64(292.11547615503815))"
4751,"((7, 15), (7, 18), (8, 18), (18, 19))","(np.float64(0.11242995486962906), np.float64(0.14887663589429956), np.float64(0.14065895555217242), np.float64(0.07186254656036949))","(np.float64(100.0831017481041), np.float64(218.93830978332028), np.float64(351.8741579341547), np.float64(294.9652846438905))"
4752,"((1, 11),)","(np.float64(0.13698044312849328),)","(np.float64(325.6406352772836),)"
4753,"((4, 8), (12, 15))","(np.float64(0.12005347920135806), np.float64(0.14546881610799822))","(np.float64(305.82625698509804), np.float64(80.20239091933631))"
4756,"((6, 8), (1, 3), (4, 8))","(np.float64(0.10933804823849622), np.float64(0.10669860640780657), np.float64(0.1380977132158935))","(np.float64(337.9366461819815), np.float64(293.30460673775553), np.float64(327.32724525574037))"
4758,"((10, 11), (18, 19), (6, 18), (12, 18), (0, 5), (10, 18), (5, 18))","(np.float64(0.08577069882571328), np.float64(0.12037199073065818), np.float64(0.13945601642102184), np.float64(0.10631361395632168), np.float64(0.09566248296894822), np.float64(0.13562815030690503), np.float64(0.03015510146378912))","(np.float64(172.4066705288422), np.float64(106.05552214095361), np.float64(197.49488657470764), np.float64(161.86589728322502), np.float64(5.7668609891996745), np.float64(181.5404518633042), np.float64(187.0722335085557))"
4759,"((5, 13), (6, 9))","(np.float64(0.07020927198300098), np.float64(0.09194993848320207))","(np.float64(174.1952794780725), np.float64(229.9416964272637))"
4760,"((2, 6),)","(np.float64(0.11795273616439952),)","(np.float64(142.7503102852539),)"
4761,"((4, 15), (7, 17), (0, 15), (0, 14), (12, 14), (0, 4))","(np.float64(0.06474678603463525), np.float64(0.13807491537172942), np.float64(0.10454444716268882), np.float64(0.09654180219966073), np.float64(0.09731648568487482), np.float64(0.13176456201356954))","(np.float64(242.8210730483256), np.float64(166.85757951643797), np.float64(99.77686623805597), np.float64(230.12830621167862), np.float64(113.6856402284255), np.float64(207.74938370388702))"
4762,"((0, 1), (4, 9), (7, 14), (9, 14), (4, 14))","(np.float64(0.14160597816994067), np.float64(0.13126816155709095), np.float64(0.11879942391642881), np.float64(0.035692355287721446), np.float64(0.1022054884647777))","(np.float64(356.6883033456366), np.float64(218.0878041950313), np.float64(313.93374175908264), np.float64(174.12362743609506), np.float64(176.64314987377023))"
4763,"((5, 14), (8, 14), (8, 17))","(np.float64(0.11203749890374173), np.float64(0.13502277400695314), np.float64(0.14514262506693837))","(np.float64(5.16909241215966), np.float64(157.57874502679138), np.float64(94.5278695085501))"
4764,"((5, 19), (4, 11))","(np.float64(0.1377966223285936), np.float64(0.1269181742386932))","(np.float64(267.8897766573021), np.float64(222.93737887888378))"
4765,"((0, 10), (4, 16), (8, 9))","(np.float64(0.1274750395260425), np.float64(0.07998962639561251), np.float64(0.06839968968148323))","(np.float64(222.14558311157913), np.float64(333.8132980643851), np.float64(266.09473638310055))"
4766,"((2, 15), (8, 17), (9, 11), (9, 18), (11, 18))","(np.float64(0.09708613770149874), np.float64(0.1282809170219969), np.float64(0.13002859168069925), np.float64(0.08481138426380612), np.float64(0.13616069499284686))","(np.float64(321.843749983753), np.float64(61.902183979074685), np.float64(208.7133891435604), np.float64(134.75133612137031), np.float64(65.83543881685715))"
4768,"((1, 4), (3, 5))","(np.float64(0.12453215920453341), np.float64(0.12141318505073614))","(np.float64(279.4659380658993), np.float64(312.9164508445945))"
4770,"((6, 12), (11, 14))","(np.float64(0.12455578211920905), np.float64(0.12627397074218472))","(np.float64(282.18143591428145), np.float64(29.73495410569184))"
4771,"((2, 8), (10, 17), (6, 10), (0, 7))","(np.float64(0.08223937908571634), np.float64(0.12389879211807271), np.float64(0.11911034125511438), np.float64(0.14460986409009188))","(np.float64(296.3520021433404), np.float64(303.70181817257065), np.float64(211.22208833843078), np.float64(141.09112181470888))"
4772,"((10, 12), (17, 18))","(np.float64(0.13692501184769343), np.float64(0.0776812616764816))","(np.float64(240.3226641034259), np.float64(269.9316195617271))"
4773,"((0, 7),)","(np.float64(0.1459899482664657),)","(np.float64(287.6013975173016),)"
4774,"((10, 13), (12, 17))","(np.float64(0.1349865263798533), np.float64(0.0834049880999164))","(np.float64(238.16549694022024), np.float64(84.38198671737044))"
4776,"((1, 13),)","(np.float64(0.1402220162542196),)","(np.float64(268.29134232787874),)"
4777,"((2, 17), (7, 18))","(np.float64(0.11257138041579798), np.float64(0.1383677156161698))","(np.float64(4.331936949719953), np.float64(295.6261885839527))"
4779,"((8, 14),)","(np.float64(0.1401956949620485),)","(np.float64(12.594770800742747),)"
4780,"((2, 14), (4, 13), (8, 19), (9, 16), (12, 13))","(np.float64(0.10295654560895723), np.float64(0.14057001018854445), np.float64(0.07484226123207005), np.float64(0.12456365374494743), np.float64(0.06137850948476831))","(np.float64(286.3189035879433), np.float64(168.13595665431478), np.float64(217.5390930004403), np.float64(273.3950265659264), np.float64(278.5280853989864))"
4781,"((0, 19), (5, 7))","(np.float64(0.13261002446321693), np.float64(0.14867489197034683))","(np.float64(64.17924304544424), np.float64(42.07214075880538))"
4782,"((1, 4), (7, 19), (12, 15), (12, 19))","(np.float64(0.13039154627978344), np.float64(0.13636395235412963), np.float64(0.14664367914075416), np.float64(0.14774603440398906))","(np.float64(217.91139265166302), np.float64(33.523985326658), np.float64(293.5460724046814), np.float64(142.73758769617436))"
4783,"((9, 11),)","(np.float64(0.12275837646342223),)","(np.float64(8.192738130454892),)"
4784,"((4, 10), (16, 19), (1, 11))","(np.float64(0.13709076910989504), np.float64(0.14425646676238923), np.float64(0.13288427081817225))","(np.float64(77.11720523935216), np.float64(208.52289645538465), np.float64(11.621481810313322))"
4785,"((3, 13), (15, 18), (8, 12))","(np.float64(0.13400470224567632), np.float64(0.05542140471239146), np.float64(0.1443115481018019))","(np.float64(153.72980555285565), np.float64(97.05004751992668), np.float64(302.1797679679062))"
4787,"((3, 14), (0, 16), (6, 18))","(np.float64(0.14969124535560097), np.float64(0.14599695038424174), np.float64(0.13740899302526544))","(np.float64(212.22805865223637), np.float64(328.19338594567245), np.float64(305.6848502591629))"
4788,"((16, 19), (9, 17))","(np.float64(0.08184104276629171), np.float64(0.1024966643407746))","(np.float64(12.912098857849285), np.float64(285.7267732192523))"
4789,"((1, 10),)","(np.float64(0.09264613564325268),)","(np.float64(319.4603466266184),)"
4790,"((0, 11), (0, 14), (11, 14), (2, 7), (2, 15), (7, 15), (2, 8))","(np.float64(0.11381779374304352), np.float64(0.0763464823188516), np.float64(0.037917894057762566), np.float64(0.13253264211125557), np.float64(0.14456527482977025), np.float64(0.13911868207956815), np.float64(0.11370158416978056))","(np.float64(152.50181382309142), np.float64(156.0685474074886), np.float64(325.3059086440805), np.float64(275.43364335178865), np.float64(322.9398915437485), np.float64(94.15225057293662), np.float64(246.5627439893201))"
4791,"((0, 2), (8, 10))","(np.float64(0.12476588576677172), np.float64(0.12074813228193067))","(np.float64(292.5309351131826), np.float64(174.3806837497896))"
4792,"((0, 2),)","(np.float64(0.14798188047272942),)","(np.float64(98.29057265820919),)"
4793,"((6, 8), (7, 14), (8, 18))","(np.float64(0.126257233758913), np.float64(0.13976058839006314), np.float64(0.14413732646298755))","(np.float64(75.06241115001973), np.float64(287.9167308909846), np.float64(116.12403782284007))"
4794,"((1, 14), (4, 18), (14, 17), (6, 19))","(np.float64(0.09556944408847122), np.float64(0.12191758822240872), np.float64(0.10077111504339006), np.float64(0.12455995375993874))","(np.float64(204.63557611805072), np.float64(205.2811145706315), np.float64(85.38684033097876), np.float64(37.012905972981486))"
4795,"((4, 9), (12, 15), (12, 17), (9, 14))","(np.float64(0.052676656345950985), np.float64(0.07552434145058898), np.float64(0.050212177391611684), np.float64(0.10079853535873333))","(np.float64(76.91015093349449), np.float64(270.33386179798623), np.float64(135.24007757986845), np.float64(67.20060774282894))"
4797,"((6, 7), (0, 12))","(np.float64(0.145287379817731), np.float64(0.12849513494939022))","(np.float64(357.5454811274149), np.float64(257.0084329427354))"
4800,"((12, 19), (8, 16))","(np.float64(0.14142553199722271), np.float64(0.14797706980020517))","(np.float64(172.90589334319824), np.float64(242.20762069633844))"
4801,"((1, 3), (2, 13))","(np.float64(0.0920468326293258), np.float64(0.12561118107423097))","(np.float64(200.69326482789407), np.float64(304.68290514132985))"
4802,"((5, 8),)","(np.float64(0.14845824344887398),)","(np.float64(267.6424215431484),)"
4803,"((2, 19),)","(np.float64(0.12253911285730318),)","(np.float64(339.0379951261504),)"
4804,"((3, 4), (5, 11), (5, 14), (15, 19), (0, 5), (10, 11))","(np.float64(0.034115101467064035), np.float64(0.09486372547563927), np.float64(0.1310234954806879), np.float64(0.14033688455752666), np.float64(0.123801543006312), np.float64(0.07048883650421651))","(np.float64(212.89335323372413), np.float64(196.62636184095675), np.float64(288.76819739932273), np.float64(210.14571177375097), np.float64(242.06484929578193), np.float64(29.79997762127189))"
4805,"((0, 14), (9, 19), (4, 16), (0, 8))","(np.float64(0.14121854968467343), np.float64(0.1322944213301263), np.float64(0.13547539503637457), np.float64(0.12027039530197445))","(np.float64(228.70372827259047), np.float64(16.57914215374378), np.float64(307.9336777632973), np.float64(196.79701412864458))"
4806,"((0, 15),)","(np.float64(0.12695217524002594),)","(np.float64(298.82031167611893),)"
4807,"((5, 13), (12, 19))","(np.float64(0.12302196329316233), np.float64(0.14668155207244885))","(np.float64(30.42427174916686), np.float64(114.52277522650513))"
4808,"((7, 10),)","(np.float64(0.1039601210344285),)","(np.float64(217.1689606460081),)"
4810,"((4, 9), (5, 17))","(np.float64(0.12935779039017684), np.float64(0.04471599300682204))","(np.float64(340.96500940849165), np.float64(167.5128071563514))"
4813,"((1, 19), (2, 5), (4, 5))","(np.float64(0.13748100288419077), np.float64(0.1365531363424849), np.float64(0.14153091192386272))","(np.float64(330.30447603344123), np.float64(52.83581319745043), np.float64(208.2735221459017))"
4814,"((4, 14), (7, 9), (15, 17), (12, 19), (4, 12))","(np.float64(0.13126312681847732), np.float64(0.08845994083230864), np.float64(0.10228320182550837), np.float64(0.1398430575425232), np.float64(0.14502582798266941))","(np.float64(201.1967772584653), np.float64(338.605948459327), np.float64(0.48038770936782516), np.float64(97.42681924621658), np.float64(338.86169713099434))"
4815,"((0, 1), (0, 14), (10, 18), (7, 18))","(np.float64(0.1305651198002804), np.float64(0.11155781327727925), np.float64(0.036609196234634434), np.float64(0.13722350597734975))","(np.float64(357.3521264521639), np.float64(277.41256355458825), np.float64(170.9928218570614), np.float64(70.63409192485756))"
4817,"((5, 14),)","(np.float64(0.039276938483460866),)","(np.float64(208.7589889663318),)"
4818,"((13, 16),)","(np.float64(0.10752186850737128),)","(np.float64(163.79237819860325),)"
4819,"((3, 10), (7, 14))","(np.float64(0.08988788735017073), np.float64(0.09598175275780509))","(np.float64(310.1694678335579), np.float64(132.99077777730173))"
4820,"((1, 18), (5, 6), (12, 17))","(np.float64(0.1327826977907807), np.float64(0.1430294486781918), np.float64(0.12459694895983378))","(np.float64(38.7238085466764), np.float64(310.2978922294469), np.float64(174.0877228285631))"
4821,"((5, 10), (8, 17), (16, 18))","(np.float64(0.11321722147732102), np.float64(0.11485934398887243), np.float64(0.11541159956807176))","(np.float64(324.495720158026), np.float64(94.32735927083249), np.float64(146.255258390794))"
4823,"((10, 12), (3, 12))","(np.float64(0.10502150931582643), np.float64(0.09077300847898404))","(np.float64(353.9009099000421), np.float64(275.39101864792815))"
4824,"((5, 9),)","(np.float64(0.11927072952818626),)","(np.float64(128.56693196221116),)"
4825,"((0, 8), (0, 12), (9, 10), (14, 19))","(np.float64(0.06061582914770971), np.float64(0.11959727204590476), np.float64(0.09846131166658616), np.float64(0.09216652638758549))","(np.float64(74.8351546614876), np.float64(312.7196066937249), np.float64(215.68757075881803), np.float64(257.2733081128803))"
4826,"((9, 14), (9, 16))","(np.float64(0.04298398475617226), np.float64(0.10426566436380828))","(np.float64(63.291757103320634), np.float64(261.7953517020471))"
4827,"((4, 15), (5, 12), (5, 14), (9, 19))","(np.float64(0.07232857610397667), np.float64(0.12237500017763259), np.float64(0.11051694146800849), np.float64(0.10334572601599201))","(np.float64(75.34037024045084), np.float64(190.56977791850426), np.float64(280.6521559798356), np.float64(150.06736410883477))"
4830,"((2, 10), (2, 17), (10, 17), (11, 12))","(np.float64(0.10342445660915567), np.float64(0.07090006398626947), np.float64(0.1287763446572552), np.float64(0.14895860835491662))","(np.float64(162.40784802762798), np.float64(69.04678481908218), np.float64(15.749514556247876), np.float64(160.8787359954553))"
4831,"((10, 12),)","(np.float64(0.14361366235783773),)","(np.float64(45.38056165648658),)"
4832,"((2, 4),)","(np.float64(0.11874276284377264),)","(np.float64(113.61240072404141),)"
4834,"((9, 17),)","(np.float64(0.09112799398070442),)","(np.float64(202.44514888891842),)"
4835,"((0, 13),)","(np.float64(0.10181886024197956),)","(np.float64(17.19966068639496),)"
4836,"((5, 7),)","(np.float64(0.09000888624312245),)","(np.float64(184.12561089656853),)"
4837,"((5, 12), (8, 9), (10, 12), (1, 13), (2, 15))","(np.float64(0.14814886552003587), np.float64(0.05043388371216744), np.float64(0.06640061497221734), np.float64(0.13370863517003806), np.float64(0.13597688999184565))","(np.float64(192.2510653553845), np.float64(60.313385359395554), np.float64(338.6044573975221), np.float64(325.97458497696596), np.float64(57.77915171929713))"
4838,"((11, 19), (3, 15))","(np.float64(0.10225619471702145), np.float64(0.14766446530653451))","(np.float64(42.50238790968199), np.float64(152.8199772778038))"
4839,"((1, 8), (4, 14), (14, 18))","(np.float64(0.11253089261990648), np.float64(0.03781244606527336), np.float64(0.06669851746520472))","(np.float64(236.43238215932826), np.float64(176.64975908505798), np.float64(49.65333304693253))"
4840,"((0, 4), (0, 8), (0, 14), (4, 14), (10, 15))","(np.float64(0.10076863346781317), np.float64(0.1279375702054577), np.float64(0.12403733797728672), np.float64(0.12094405195902398), np.float64(0.14063880259661937))","(np.float64(240.83175354832454), np.float64(102.93533816231155), np.float64(176.71462626488704), np.float64(128.15689162024208), np.float64(39.98361090418632))"
4841,"((10, 14),)","(np.float64(0.13781709724810104),)","(np.float64(325.04037911949115),)"
4842,"((0, 12), (2, 3), (15, 19), (17, 18), (0, 16), (1, 3))","(np.float64(0.13017360601626823), np.float64(0.08270672511014576), np.float64(0.04881407148324148), np.float64(0.13623834540295485), np.float64(0.12064579896780792), np.float64(0.12214508655471094))","(np.float64(12.63387957281952), np.float64(115.52408043077271), np.float64(200.03256702117932), np.float64(264.6487936673276), np.float64(261.2482640092126), np.float64(211.50517071249809))"
4843,"((0, 3), (0, 5), (0, 19), (3, 10), (3, 19), (10, 19), (3, 12))","(np.float64(0.10650067427120177), np.float64(0.1065501892755359), np.float64(0.06872790218422217), np.float64(0.10538346663188321), np.float64(0.027115015076202145), np.float64(0.13546361500408644), np.float64(0.07417114230310702))","(np.float64(149.66441034580154), np.float64(312.2637767661733), np.float64(152.07209426214555), np.float64(101.84350030802996), np.float64(39.307045002127815), np.float64(292.9513450194306), np.float64(209.3397515665422))"
4844,"((8, 18), (14, 15))","(np.float64(0.12226968538431361), np.float64(0.13919060947384645))","(np.float64(348.63747254259044), np.float64(186.4165380111997))"
4845,"((0, 13), (2, 5), (3, 13))","(np.float64(0.11480771609225535), np.float64(0.09628807160586064), np.float64(0.14429269952154464))","(np.float64(180.39318204899752), np.float64(131.9719136807279), np.float64(30.47269325448754))"
4846,"((10, 19), (17, 18))","(np.float64(0.08139281842014334), np.float64(0.14475452951294682))","(np.float64(176.39705385101686), np.float64(151.803953060372))"
4847,"((5, 7), (1, 11))","(np.float64(0.11483182848968797), np.float64(0.14965442338719157))","(np.float64(62.72726306826919), np.float64(275.92318189302244))"
4851,"((4, 7), (5, 17))","(np.float64(0.1228015383064224), np.float64(0.023286479571328747))","(np.float64(306.8023544846714), np.float64(236.20931853849714))"
4852,"((8, 9), (12, 19))","(np.float64(0.14533625200054962), np.float64(0.11947897019653156))","(np.float64(16.04566836235851), np.float64(29.933893449057123))"
4853,"((15, 17), (4, 13), (1, 13), (0, 15))","(np.float64(0.06199436791749555), np.float64(0.13523186209946333), np.float64(0.143910304293095), np.float64(0.1438196961464218))","(np.float64(339.5774461299865), np.float64(7.840345590902945), np.float64(36.68986446802924), np.float64(43.12315780043019))"
4854,"((11, 16), (12, 16))","(np.float64(0.08634292239154427), np.float64(0.14536789262049066))","(np.float64(8.018695781099957), np.float64(114.76786151398159))"
4855,"((1, 4),)","(np.float64(0.11610046071697092),)","(np.float64(117.067000627303),)"
4856,"((6, 15),)","(np.float64(0.08762596491450528),)","(np.float64(236.23269304730184),)"
4857,"((1, 6), (4, 7), (5, 11), (3, 8), (0, 9))","(np.float64(0.0724398171277112), np.float64(0.13856111002805196), np.float64(0.08327604666730049), np.float64(0.12690241901004615), np.float64(0.14702749889657984))","(np.float64(146.6615783089333), np.float64(206.3072780439477), np.float64(274.6620391848735), np.float64(26.266788753631893), np.float64(265.7335665850876))"
4858,"((0, 16), (13, 15))","(np.float64(0.11591341813793939), np.float64(0.1309041963183891))","(np.float64(136.92915867044698), np.float64(91.0990376909413))"
4859,"((1, 15),)","(np.float64(0.14628390069826097),)","(np.float64(70.30258021630524),)"
4860,"((3, 5),)","(np.float64(0.09829098603581707),)","(np.float64(325.37139828807244),)"
4861,"((6, 7), (8, 19), (10, 19))","(np.float64(0.1186796896630935), np.float64(0.08677343337188294), np.float64(0.14795113658704923))","(np.float64(70.07689238009895), np.float64(118.08873064700354), np.float64(338.57802984703994))"
4862,"((4, 12),)","(np.float64(0.09992755464373079),)","(np.float64(50.87421936665206),)"
4863,"((2, 7), (8, 17), (8, 14))","(np.float64(0.08379264373809175), np.float64(0.14221464689906388), np.float64(0.14684496654868906))","(np.float64(100.94141557229487), np.float64(109.42921624166388), np.float64(62.53399934998968))"
4864,"((2, 11), (5, 17))","(np.float64(0.06088045897536203), np.float64(0.10202402294687074))","(np.float64(103.08614321028634), np.float64(60.58234935048871))"
4865,"((6, 16),)","(np.float64(0.05928452887771865),)","(np.float64(214.1998589417603),)"
4866,"((2, 15),)","(np.float64(0.06837239948881442),)","(np.float64(17.41382862688477),)"
4867,"((1, 7), (6, 19), (7, 15))","(np.float64(0.10478841628276486), np.float64(0.13611666809386364), np.float64(0.12677379118947857))","(np.float64(26.05080736733092), np.float64(97.64286134349645), np.float64(283.3921312234223))"
4868,"((1, 7),)","(np.float64(0.14112069010313583),)","(np.float64(78.88729340579343),)"
4869,"((2, 8), (5, 14), (8, 17), (13, 18))","(np.float64(0.10498864643017876), np.float64(0.14930627885647654), np.float64(0.011413352309420055), np.float64(0.12543381668080997))","(np.float64(329.8064260805605), np.float64(200.64958275033948), np.float64(152.23755319676894), np.float64(326.1093866454256))"
4870,"((1, 14), (4, 11), (6, 19))","(np.float64(0.09298230758402505), np.float64(0.10842580290201634), np.float64(0.1253372501527433))","(np.float64(70.84973716107864), np.float64(259.9438388824794), np.float64(36.1766668591625))"
4871,"((7, 15),)","(np.float64(0.14947391700704662),)","(np.float64(338.3494855482957),)"
4872,"((12, 19),)","(np.float64(0.12235096419666511),)","(np.float64(339.54793432113917),)"
4874,"((7, 16), (10, 13))","(np.float64(0.14242109541875367), np.float64(0.11397235057202935))","(np.float64(88.4641849790303), np.float64(200.56809082631585))"
4875,"((3, 4),)","(np.float64(0.12770363524324435),)","(np.float64(127.77521855054505),)"
4877,"((0, 3), (11, 13), (11, 17), (13, 17))","(np.float64(0.08608888843704175), np.float64(0.11118527135915329), np.float64(0.14623832797249986), np.float64(0.09492917789582876))","(np.float64(178.16778534641682), np.float64(276.18332139951826), np.float64(316.6602301541909), np.float64(6.14985705366165))"
4878,"((14, 18), (6, 14))","(np.float64(0.12645251177370642), np.float64(0.11716726510751033))","(np.float64(292.84789983583903), np.float64(310.4133255471481))"
4879,"((9, 17),)","(np.float64(0.13748575444202216),)","(np.float64(53.66428028015344),)"
4880,"((3, 7),)","(np.float64(0.1044804059537917),)","(np.float64(139.25432610733705),)"
4881,"((6, 18), (3, 5), (0, 16))","(np.float64(0.1292084154832133), np.float64(0.14302986621256744), np.float64(0.14594725924303778))","(np.float64(261.89731315820154), np.float64(280.1982450840667), np.float64(359.7512060294632))"
4882,"((0, 2), (6, 15), (14, 17))","(np.float64(0.13966118801801028), np.float64(0.05960615862509013), np.float64(0.13435931951349803))","(np.float64(34.055704169602755), np.float64(100.39208926704552), np.float64(356.9832628974582))"
4883,"((0, 1), (7, 19), (8, 9), (4, 9))","(np.float64(0.1414425134102679), np.float64(0.10322242137276272), np.float64(0.12272997284267399), np.float64(0.13810254822890713))","(np.float64(257.73700190479775), np.float64(131.8957274708676), np.float64(250.80458617085938), np.float64(340.0737668641797))"
4884,"((1, 4), (1, 18), (4, 18))","(np.float64(0.07449531920482544), np.float64(0.03729450351357999), np.float64(0.0400027787564205))","(np.float64(2.565989623627634), np.float64(18.60609747393485), np.float64(167.63829805606665))"
4885,"((17, 19),)","(np.float64(0.1225040682923513),)","(np.float64(110.50060751848851),)"
4887,"((3, 9),)","(np.float64(0.14071255138418662),)","(np.float64(311.97961508971036),)"
4888,"((5, 6), (3, 19), (0, 8))","(np.float64(0.09363545826626814), np.float64(0.14891462704764177), np.float64(0.1437700304074597))","(np.float64(46.13196331731152), np.float64(95.39206859616958), np.float64(181.79246526806742))"
4889,"((3, 7),)","(np.float64(0.13650946758445287),)","(np.float64(335.0869169804851),)"
4891,"((5, 10), (0, 8), (5, 8))","(np.float64(0.13136990732224066), np.float64(0.14812108142056649), np.float64(0.14170668808183348))","(np.float64(28.020686179183077), np.float64(326.7736719165209), np.float64(342.1655321200863))"
4893,"((1, 2),)","(np.float64(0.10408030150596498),)","(np.float64(8.683525669219062),)"
4894,"((10, 19),)","(np.float64(0.13607492183999914),)","(np.float64(36.25717222211446),)"
4895,"((5, 10), (5, 13), (5, 14), (8, 9), (10, 13))","(np.float64(0.048543786746415206), np.float64(0.14439716954578563), np.float64(0.14860032374106427), np.float64(0.1341386801790806), np.float64(0.09244181383800121))","(np.float64(320.65987336413724), np.float64(297.04658123728325), np.float64(165.76818528174084), np.float64(277.0563020607773), np.float64(283.2096126894653))"
4896,"((13, 18),)","(np.float64(0.06441739382951003),)","(np.float64(110.61666787671518),)"
4897,"((2, 3), (3, 15), (2, 15))","(np.float64(0.1431958086412058), np.float64(0.02458170237157143), np.float64(0.08457479761537938))","(np.float64(256.793507166851), np.float64(358.83867698895784), np.float64(313.4298316987264))"
4898,"((4, 9),)","(np.float64(0.11775232557765912),)","(np.float64(252.42102768259352),)"
4899,"((4, 14), (11, 17))","(np.float64(0.10158816777027754), np.float64(0.13056983501284256))","(np.float64(228.3444396963172), np.float64(102.5911980711957))"
4900,"((6, 19), (7, 14))","(np.float64(0.14124706516330657), np.float64(0.11908089645276684))","(np.float64(122.92457215343181), np.float64(230.00718030381435))"
4901,"((5, 8), (5, 19), (8, 19))","(np.float64(0.07628371473861317), np.float64(0.06456867930715866), np.float64(0.09714537232190441))","(np.float64(191.87662896152048), np.float64(242.30670647588553), np.float64(44.42986835768589))"
4902,"((5, 13), (13, 17))","(np.float64(0.1463184556545804), np.float64(0.09323186139400494))","(np.float64(358.1748260103418), np.float64(307.95817535760006))"
4903,"((11, 17), (4, 12), (12, 16), (16, 17))","(np.float64(0.07178581193936505), np.float64(0.10696214551060927), np.float64(0.14221875057147074), np.float64(0.12204587228200554))","(np.float64(140.7709033281587), np.float64(9.34545721313344), np.float64(337.88569904003566), np.float64(41.621273235129856))"
4904,"((5, 9), (14, 18), (3, 8))","(np.float64(0.1488864222975411), np.float64(0.09883365677170522), np.float64(0.14962942615400107))","(np.float64(159.92569507466206), np.float64(260.110599487293), np.float64(356.61733253724174))"
4905,"((3, 16), (4, 8))","(np.float64(0.02144643726617314), np.float64(0.11981095192549127))","(np.float64(236.4234701894913), np.float64(314.6570808563813))"
4906,"((5, 7),)","(np.float64(0.11638870265415413),)","(np.float64(150.9257581900719),)"
4909,"((8, 17),)","(np.float64(0.13341628022290816),)","(np.float64(334.5504055804216),)"
4910,"((0, 9), (0, 15), (9, 15), (1, 9))","(np.float64(0.1473950524899758), np.float64(0.1479881678048145), np.float64(0.006208434344325063), np.float64(0.10321334997517867))","(np.float64(106.28879329853726), np.float64(108.68645569088818), np.float64(192.00828619839493), np.float64(245.85841100317379))"
4911,"((6, 9), (6, 16))","(np.float64(0.13138378597077943), np.float64(0.13242223779659493))","(np.float64(136.85454304232613), np.float64(39.60827968521494))"
4912,"((2, 19), (9, 11), (10, 16))","(np.float64(0.085688584103555), np.float64(0.08258467791736317), np.float64(0.060665286359212936))","(np.float64(225.3574294529905), np.float64(262.72755585729965), np.float64(202.2092199976702))"
4913,"((0, 8),)","(np.float64(0.11142549815471804),)","(np.float64(88.284851891835),)"
4914,"((2, 17), (8, 13), (3, 8), (8, 9), (8, 15), (11, 13))","(np.float64(0.12277705056724789), np.float64(0.06738313242395717), np.float64(0.13932725455377232), np.float64(0.13156200657721717), np.float64(0.13335081597848006), np.float64(0.10418289962259775))","(np.float64(207.0946528762093), np.float64(65.68033787189816), np.float64(235.88378304570824), np.float64(294.7154586628699), np.float64(59.59414516035877), np.float64(4.3070148413954294))"
4915,"((18, 19),)","(np.float64(0.11512934316859258),)","(np.float64(18.656952942330285),)"
4916,"((12, 16),)","(np.float64(0.12943230780256787),)","(np.float64(230.21240097249967),)"
4917,"((15, 19),)","(np.float64(0.10880409686345713),)","(np.float64(329.81450957410425),)"
4918,"((1, 2),)","(np.float64(0.10404510909798602),)","(np.float64(197.0091943242919),)"
4920,"((0, 8), (11, 14), (12, 18))","(np.float64(0.1482136888323293), np.float64(0.08922485307836531), np.float64(0.11085187012146529))","(np.float64(276.17442779496207), np.float64(277.1333528872991), np.float64(347.397556331166))"
4921,"((6, 12), (12, 16))","(np.float64(0.13605704764079082), np.float64(0.1046343032305715))","(np.float64(266.1931317472049), np.float64(249.17783949713538))"
4922,"((17, 18),)","(np.float64(0.14283102663664177),)","(np.float64(292.7381784965304),)"
4924,"((1, 15), (4, 14), (15, 16), (1, 7))","(np.float64(0.11043261044897895), np.float64(0.09073023232581248), np.float64(0.13263909333818463), np.float64(0.11907883395820013))","(np.float64(217.60349250821872), np.float64(70.09344832590169), np.float64(115.50608821969034), np.float64(286.37665682049334))"
4925,"((4, 8), (2, 18))","(np.float64(0.12671710585140178), np.float64(0.13593239496919637))","(np.float64(35.02889359771672), np.float64(321.3445702522518))"
4927,"((1, 19), (0, 11))","(np.float64(0.1283999504657127), np.float64(0.14358339402559725))","(np.float64(107.98956546768763), np.float64(325.02247372548163))"
4929,"((6, 16),)","(np.float64(0.05379543723599208),)","(np.float64(173.26037442019285),)"
4930,"((0, 10), (3, 6), (6, 19), (11, 15), (11, 18))","(np.float64(0.13388041639212747), np.float64(0.08482753705753214), np.float64(0.12235687503177653), np.float64(0.11245607856431691), np.float64(0.13094337099733352))","(np.float64(173.55913450957445), np.float64(303.9397567961033), np.float64(232.13179314881148), np.float64(4.128937359846041), np.float64(274.40494122586716))"
4931,"((2, 5), (3, 14), (4, 15), (13, 14), (13, 16), (2, 4))","(np.float64(0.14433404702802316), np.float64(0.10992285392901939), np.float64(0.10521970658241353), np.float64(0.09032392940443097), np.float64(0.12808678583811856), np.float64(0.14597433955094177))","(np.float64(249.08292799017624), np.float64(221.81420792907372), np.float64(63.07656610999563), np.float64(3.342220497351432), np.float64(230.35906181368756), np.float64(102.28706247770975))"
4932,"((2, 3), (9, 12), (4, 19))","(np.float64(0.056507629558801405), np.float64(0.11054716612954799), np.float64(0.13973354270744706))","(np.float64(3.84683761216333), np.float64(333.09730925186255), np.float64(120.74456606726899))"
4933,"((6, 17), (7, 19), (8, 12))","(np.float64(0.09966840560175229), np.float64(0.008045541098443888), np.float64(0.07804724518378567))","(np.float64(337.566465775458), np.float64(338.6006452172515), np.float64(68.45931145208965))"
4934,"((3, 14), (3, 15))","(np.float64(0.0919627596579146), np.float64(0.14445480233685085))","(np.float64(244.07579016482043), np.float64(37.465843307581515))"
4936,"((7, 10), (8, 11), (8, 18), (11, 18), (0, 11))","(np.float64(0.1192606695203401), np.float64(0.14444185179004737), np.float64(0.1208382399109913), np.float64(0.045082142589372716), np.float64(0.14623231765154043))","(np.float64(49.98286040505639), np.float64(135.05824337815423), np.float64(86.61391197684836), np.float64(348.85729492762306), np.float64(132.4400759891678))"
4937,"((9, 13),)","(np.float64(0.0950607714830213),)","(np.float64(156.65678405358696),)"
4939,"((3, 4), (14, 16), (16, 19), (12, 16))","(np.float64(0.12804919682177165), np.float64(0.10782066834167572), np.float64(0.11465887235164242), np.float64(0.07118763633253361))","(np.float64(168.21157585229594), np.float64(252.0185447460105), np.float64(276.61262666004416), np.float64(52.76355942734501))"
4940,"((12, 14), (14, 15))","(np.float64(0.08168203611192874), np.float64(0.14879869509646082))","(np.float64(97.4551516544962), np.float64(120.37639173590786))"
4941,"((0, 10), (0, 11), (5, 14), (10, 11))","(np.float64(0.04882451418285949), np.float64(0.09585550059761772), np.float64(0.1322461698743348), np.float64(0.07472384858073042))","(np.float64(340.95368197203373), np.float64(290.72823462474514), np.float64(257.22496719650917), np.float64(260.5840013137954))"
4942,"((8, 11),)","(np.float64(0.0796342434696534),)","(np.float64(31.47153600806307),)"
4943,"((5, 10), (10, 17))","(np.float64(0.13179914569167864), np.float64(0.14809158984523899))","(np.float64(308.57522902099396), np.float64(311.635247551633))"
4944,"((6, 16), (10, 17))","(np.float64(0.04476858908892882), np.float64(0.13969732656454156))","(np.float64(313.51390788559763), np.float64(83.12098773490584))"
4945,"((5, 11), (10, 19))","(np.float64(0.09127826469548844), np.float64(0.07642384557941971))","(np.float64(238.3776133838749), np.float64(306.6783473930442))"
4946,"((12, 16),)","(np.float64(0.14027542635832804),)","(np.float64(343.330793211027),)"
4947,"((2, 13),)","(np.float64(0.06875957504061152),)","(np.float64(184.63218292196154),)"
4948,"((11, 18),)","(np.float64(0.11117770684891999),)","(np.float64(92.52398439521004),)"
4949,"((7, 17), (12, 16), (6, 19))","(np.float64(0.10059056851709476), np.float64(0.11427134758711617), np.float64(0.1375290961212422))","(np.float64(185.26797482769365), np.float64(289.70436398276644), np.float64(96.7558220397675))"
4950,"((10, 12), (7, 17))","(np.float64(0.13198771964190342), np.float64(0.14190538807957773))","(np.float64(101.75829787319569), np.float64(89.5850074372763))"
4951,"((1, 15),)","(np.float64(0.13347979418989753),)","(np.float64(99.92459425962322),)"
4952,"((6, 17), (17, 19))","(np.float64(0.12183723078294728), np.float64(0.1453284068194531))","(np.float64(136.4064390466373), np.float64(0.5893496499320482))"
4953,"((1, 15), (9, 13), (2, 13), (5, 19))","(np.float64(0.09843815573188959), np.float64(0.12356330497874116), np.float64(0.13932569122050215), np.float64(0.14550207423840578))","(np.float64(244.60928044940442), np.float64(158.71697218738325), np.float64(76.49039156144627), np.float64(178.52044819347225))"
4954,"((4, 5), (2, 10))","(np.float64(0.13986662819357187), np.float64(0.09815747523418375))","(np.float64(165.70658849096182), np.float64(217.09359173009136))"
4955,"((0, 9), (0, 6))","(np.float64(0.10572447840689701), np.float64(0.13499544619692963))","(np.float64(329.17047710319724), np.float64(262.4922609115447))"
4956,"((0, 3), (0, 16))","(np.float64(0.1497189109499424), np.float64(0.12975960509318638))","(np.float64(280.7710797931821), np.float64(289.55200390119853))"
4957,"((12, 19), (7, 19))","(np.float64(0.14810884715301623), np.float64(0.14196939324304061))","(np.float64(59.50703648265712), np.float64(99.40573186928438))"
4958,"((8, 16), (9, 10), (12, 13))","(np.float64(0.14824335789173437), np.float64(0.1164544504991433), np.float64(0.11022332735156619))","(np.float64(20.79534484524028), np.float64(90.42767183879904), np.float64(134.39098622158804))"
4959,"((10, 17), (10, 16))","(np.float64(0.14826577552720424), np.float64(0.12897396825129212))","(np.float64(82.17112498490141), np.float64(85.32143273551608))"
4960,"((2, 14), (12, 16))","(np.float64(0.1336870516841866), np.float64(0.07292033505828824))","(np.float64(173.58201745010606), np.float64(180.34858673999267))"
4961,"((7, 14),)","(np.float64(0.07404555052202169),)","(np.float64(333.5668127544154),)"
4962,"((3, 10),)","(np.float64(0.14339313287705654),)","(np.float64(223.30332312014295),)"
4963,"((15, 18),)","(np.float64(0.10600565250812617),)","(np.float64(168.64664490008155),)"
4964,"((10, 14), (4, 6), (2, 4), (1, 14))","(np.float64(0.10867016716424764), np.float64(0.12325922853812496), np.float64(0.14746670876161577), np.float64(0.1471392989873235))","(np.float64(322.865300056737), np.float64(228.79150427720066), np.float64(260.4587401881307), np.float64(175.89480832610727))"
4966,"((0, 1), (0, 11), (6, 11), (2, 6), (9, 16))","(np.float64(0.11690085473227108), np.float64(0.1182585752618562), np.float64(0.1014870815675906), np.float64(0.12282079723115816), np.float64(0.1069262763788339))","(np.float64(192.67432799250514), np.float64(308.57319782662165), np.float64(86.34210217630412), np.float64(113.98154024383534), np.float64(334.80255597088524))"
4967,"((3, 7), (4, 14), (7, 10), (8, 14))","(np.float64(0.13771933550863427), np.float64(0.11514804418413659), np.float64(0.010889634944111583), np.float64(0.0825527421239994))","(np.float64(354.29136060303074), np.float64(246.24240449104582), np.float64(8.03850249396786), np.float64(61.69358961314574))"
4968,"((11, 14), (17, 18))","(np.float64(0.12145390373236738), np.float64(0.02161438051322429))","(np.float64(356.75507828945496), np.float64(272.53719482927403))"
4969,"((0, 16), (1, 11), (4, 8), (5, 7), (5, 14), (5, 19), (14, 19), (6, 16))","(np.float64(0.13156124544057085), np.float64(0.11476780607094307), np.float64(0.14679654819339177), np.float64(0.13981779608174094), np.float64(0.03120862782923276), np.float64(0.12234323176222134), np.float64(0.12680379707246614), np.float64(0.14708922094483098))","(np.float64(211.8887709414369), np.float64(90.1055294290691), np.float64(42.65456976715089), np.float64(72.90641864123975), np.float64(316.98807067702563), np.float64(330.4717488026343), np.float64(3.611277501451183), np.float64(105.65509404396704))"
4972,"((8, 10), (4, 10), (10, 15))","(np.float64(0.140832237775912), np.float64(0.08185387073732868), np.float64(0.12291139340357543))","(np.float64(337.4668144333761), np.float64(306.5627484636035), np.float64(35.106437806144605))"
4973,"((11, 13),)","(np.float64(0.1120526899902707),)","(np.float64(54.053559864872355),)"
4974,"((15, 18),)","(np.float64(0.14023199038533016),)","(np.float64(115.6730441968254),)"
4975,"((12, 17), (15, 19), (10, 19))","(np.float64(0.08939490611060187), np.float64(0.11553397590711029), np.float64(0.14193590610225787))","(np.float64(241.8650868989198), np.float64(210.07589906486882), np.float64(278.23374872669507))"
4976,"((5, 18), (9, 17), (10, 11), (4, 13), (0, 9), (4, 17))","(np.float64(0.11804663990171455), np.float64(0.11396572154493481), np.float64(0.05500037734316137), np.float64(0.14553122370150987), np.float64(0.11807460452720282), np.float64(0.12289951753609547))","(np.float64(36.60647679698973), np.float64(232.30879877048864), np.float64(115.43436576870046), np.float64(12.472634440537286), np.float64(308.60605656328903), np.float64(39.45272160666912))"
4977,"((0, 1),)","(np.float64(0.14182036264059097),)","(np.float64(330.35367495520245),)"
4978,"((1, 13), (2, 5), (2, 17), (5, 17), (13, 19), (2, 14))","(np.float64(0.07878628006904088), np.float64(0.13008575437744604), np.float64(0.1375429349382613), np.float64(0.08330904403734467), np.float64(0.14442950731392615), np.float64(0.13525755281025167))","(np.float64(264.5177146157071), np.float64(297.0435795271636), np.float64(260.90601098062854), np.float64(193.85511406460208), np.float64(248.78224859473448), np.float64(256.2746678823179))"
4979,"((5, 18),)","(np.float64(0.10470637454735718),)","(np.float64(293.82325036800324),)"
4980,"((2, 5), (2, 14), (5, 14), (9, 10))","(np.float64(0.06816231005477955), np.float64(0.05596076220826051), np.float64(0.11165194322817859), np.float64(0.13592573206338968))","(np.float64(291.38203284396), np.float64(107.32072335687918), np.float64(61.715609193115476), np.float64(229.24154515204506))"
4981,"((0, 9),)","(np.float64(0.13114791448218352),)","(np.float64(109.32934879075536),)"
4982,"((2, 6), (5, 8), (10, 14))","(np.float64(0.06908312822158995), np.float64(0.1114720621782826), np.float64(0.11812010549069016))","(np.float64(189.2237303426221), np.float64(211.6988895503346), np.float64(103.49006891101892))"
4983,"((0, 8), (4, 10), (15, 18), (0, 15), (7, 17))","(np.float64(0.1479163537469658), np.float64(0.12200610215416684), np.float64(0.10041887945084273), np.float64(0.10906572880508478), np.float64(0.12482783422686844))","(np.float64(122.43461186400268), np.float64(193.87205598967734), np.float64(227.37018055962002), np.float64(144.86185807380556), np.float64(26.62283327348762))"
4984,"((2, 7), (2, 6))","(np.float64(0.13927729718614743), np.float64(0.14372340513336215))","(np.float64(20.950004352448577), np.float64(140.24093488584677))"
4985,"((2, 15), (6, 13), (6, 15), (11, 15), (2, 11), (12, 15), (3, 15), (3, 14), (12, 19), (2, 19), (14, 19), (6, 12))","(np.float64(0.07477363334806202), np.float64(0.11274943934045305), np.float64(0.1360392576653019), np.float64(0.051371579103366975), np.float64(0.0907397375272407), np.float64(0.14464723606060814), np.float64(0.08195607459820833), np.float64(0.12920561711743817), np.float64(0.07246692447964785), np.float64(0.10114780247347183), np.float64(0.12999114690235908), np.float64(0.1440355684967492))","(np.float64(41.46079392464753), np.float64(36.61676356830169), np.float64(246.2857072197155), np.float64(42.52294748040149), np.float64(315.5278001862432), np.float64(229.31618049876363), np.float64(87.78309405614431), np.float64(261.3219188884875), np.float64(169.41621338830242), np.float64(125.13998943861102), np.float64(182.8758236658075), np.float64(308.4455974737088))"
4986,"((11, 14), (11, 17), (13, 15), (2, 15), (15, 18))","(np.float64(0.07436030175813947), np.float64(0.1154710561357967), np.float64(0.1118076323506833), np.float64(0.028948981008176184), np.float64(0.11518970664448126))","(np.float64(248.35565789839313), np.float64(135.44245025765844), np.float64(339.7341090881416), np.float64(326.1333268798316), np.float64(43.89495136418908))"
4987,"((5, 10), (9, 18), (8, 17))","(np.float64(0.09816243027220786), np.float64(0.12314077337644193), np.float64(0.12989843316756985))","(np.float64(72.54931389390987), np.float64(61.259058879331015), np.float64(303.63076485137015))"
4988,"((8, 16), (9, 11), (10, 17), (14, 19))","(np.float64(0.133156175214235), np.float64(0.10287473251129875), np.float64(0.09688430753511702), np.float64(0.14211926533056932))","(np.float64(132.09769296697658), np.float64(355.4491062756951), np.float64(139.68552551893958), np.float64(326.1755110494952))"
4989,"((2, 9), (4, 11))","(np.float64(0.11015027306102684), np.float64(0.10274735382017215))","(np.float64(132.46217357965122), np.float64(31.487525012092817))"
4991,"((0, 9), (4, 16))","(np.float64(0.13806782848848004), np.float64(0.11144538458845116))","(np.float64(353.64417112457073), np.float64(87.30864869415768))"
4992,"((2, 13),)","(np.float64(0.13638346396115822),)","(np.float64(311.0518527840298),)"
4993,"((3, 16), (4, 12))","(np.float64(0.03651694367864645), np.float64(0.11880451474551))","(np.float64(101.98030128082343), np.float64(187.21092301786535))"
4994,"((11, 19),)","(np.float64(0.12160396083873189),)","(np.float64(236.67113747050522),)"
4995,"((3, 9),)","(np.float64(0.13490218892969208),)","(np.float64(338.31536547552207),)"
4996,"((7, 18), (9, 19), (10, 11), (12, 15), (10, 19))","(np.float64(0.0501676973281116), np.float64(0.044990823333474456), np.float64(0.11919948832132882), np.float64(0.1410060364531203), np.float64(0.14470991611306383))","(np.float64(125.27685942292543), np.float64(179.6554155773866), np.float64(268.60445666816247), np.float64(314.452606582272), np.float64(37.26292000133216))"
4998,"((1, 9), (2, 15), (16, 18))","(np.float64(0.13952339222339116), np.float64(0.10988918779920323), np.float64(0.07962695255038364))","(np.float64(248.69839198864975), np.float64(136.26071739033958), np.float64(193.06366054889543))"
4999,"((4, 14), (6, 17), (6, 12))","(np.float64(0.1404230981401033), np.float64(0.09125447408508075), np.float64(0.10288287577528865))","(np.float64(34.881594465349075), np.float64(57.38123016097083), np.float64(9.728953665026033))"
